candidate_id	file	accepted_K20	candidate_truth	exact_edge_count	approximate_edge_count	edge_sets_identical	exact_only_edges	approximate_only_edges	exact_instance_ids	approximate_instance_ids
2023-05-25_0109:semantic:T030:A016:C00001	2023-05-25_0109	1	ambiguous_or_background	0	0	1	0	0		
2023-05-25_0109:semantic:T030:A016:C00002	2023-05-25_0109	1	ambiguous_or_background	0	1	0	0	1		2023-05-25_0109:instance:20
2023-05-25_0109:semantic:T030:A016:C00003	2023-05-25_0109	1	ambiguous_or_background	0	0	1	0	0		
2023-05-25_0109:semantic:T030:A016:C00004	2023-05-25_0109	0	ambiguous_or_background	0	0	1	0	0		
2023-05-25_0109:semantic:T030:A016:C00005	2023-05-25_0109	1	ambiguous_or_background	0	1	0	0	1		2023-05-25_0109:instance:15
2023-05-25_0109:semantic:T030:A016:C00006	2023-05-25_0109	1	ambiguous_or_background	0	1	0	0	1		2023-05-25_0109:instance:17
2023-05-25_0109:semantic:T030:A016:C00007	2023-05-25_0109	1	ambiguous_or_background	0	1	0	0	1		2023-05-25_0109:instance:19
2023-05-25_0109:semantic:T030:A016:C00008	2023-05-25_0109	0	crop	0	0	1	0	0		
2023-05-25_0109:semantic:T030:A016:C00009	2023-05-25_0109	1	ambiguous_or_background	0	0	1	0	0		
2023-05-25_0109:semantic:T030:A016:C00010	2023-05-25_0109	1	ambiguous_or_background	0	0	1	0	0		
2023-05-25_0109:semantic:T030:A016:C00011	2023-05-25_0109	1	ambiguous_or_background	0	1	0	0	1		2023-05-25_0109:instance:14
2023-05-25_0109:semantic:T030:A016:C00012	2023-05-25_0109	1	ambiguous_or_background	0	0	1	0	0		
2023-05-25_0109:semantic:T030:A016:C00013	2023-05-25_0109	1	ambiguous_or_background	0	0	1	0	0		
2023-05-25_0109:semantic:T030:A016:C00014	2023-05-25_0109	1	ambiguous_or_background	0	0	1	0	0		
2023-05-25_0109:semantic:T030:A016:C00015	2023-05-25_0109	1	ambiguous_or_background	0	0	1	0	0		
2023-05-25_0109:semantic:T030:A016:C00018	2023-05-25_0109	1	ambiguous_or_background	0	0	1	0	0		
2023-05-25_0109:semantic:T030:A016:C00019	2023-05-25_0109	1	ambiguous_or_background	0	0	1	0	0		
2023-05-25_0109:semantic:T030:A016:C00020	2023-05-25_0109	1	ambiguous_or_background	0	0	1	0	0		
2023-05-25_0109:semantic:T030:A016:C00021	2023-05-25_0109	0	ambiguous_or_background	0	0	1	0	0		
2023-05-25_0109:semantic:T030:A016:C00022	2023-05-25_0109	1	ambiguous_or_background	0	0	1	0	0		
2023-05-25_0109:semantic:T030:A016:C00024	2023-05-25_0109	1	ambiguous_or_background	0	0	1	0	0		
2023-05-25_0109:semantic:T030:A016:C00025	2023-05-25_0109	0	crop	0	0	1	0	0		
2023-05-25_0109:semantic:T030:A016:C00026	2023-05-25_0109	1	crop	0	0	1	0	0		
2023-05-25_0109:semantic:T030:A016:C00027	2023-05-25_0109	1	crop	0	0	1	0	0		
2023-05-25_0114:semantic:T030:A016:C00001	2023-05-25_0114	1	ambiguous_or_background	0	0	1	0	0		
2023-05-25_0114:semantic:T030:A016:C00002	2023-05-25_0114	1	ambiguous_or_background	0	0	1	0	0		
2023-05-25_0114:semantic:T030:A016:C00003	2023-05-25_0114	1	ambiguous_or_background	0	0	1	0	0		
2023-05-25_0114:semantic:T030:A016:C00004	2023-05-25_0114	0	crop	0	0	1	0	0		
2023-05-25_0114:semantic:T030:A016:C00005	2023-05-25_0114	1	weed	1	1	1	0	0	2023-05-25_0114:instance:26	2023-05-25_0114:instance:26
2023-05-25_0114:semantic:T030:A016:C00006	2023-05-25_0114	0	crop	0	0	1	0	0		
2023-05-25_0114:semantic:T030:A016:C00007	2023-05-25_0114	1	weed	1	1	1	0	0	2023-05-25_0114:instance:25	2023-05-25_0114:instance:25
2023-05-25_0114:semantic:T030:A016:C00008	2023-05-25_0114	0	crop	0	0	1	0	0		
2023-05-25_0114:semantic:T030:A016:C00009	2023-05-25_0114	1	ambiguous_or_background	0	0	1	0	0		
2023-05-25_0114:semantic:T030:A016:C00010	2023-05-25_0114	1	ambiguous_or_background	0	0	1	0	0		
2023-05-25_0114:semantic:T030:A016:C00011	2023-05-25_0114	1	crop	0	0	1	0	0		
2023-05-25_0114:semantic:T030:A016:C00012	2023-05-25_0114	0	crop	0	0	1	0	0		
2023-05-25_0114:semantic:T030:A016:C00013	2023-05-25_0114	1	ambiguous_or_background	0	0	1	0	0		
2023-05-25_0114:semantic:T030:A016:C00014	2023-05-25_0114	1	weed	1	1	1	0	0	2023-05-25_0114:instance:20	2023-05-25_0114:instance:20
2023-05-25_0114:semantic:T030:A016:C00015	2023-05-25_0114	1	weed	1	1	1	0	0	2023-05-25_0114:instance:23	2023-05-25_0114:instance:23
2023-05-25_0114:semantic:T030:A016:C00016	2023-05-25_0114	1	ambiguous_or_background	0	0	1	0	0		
2023-05-25_0114:semantic:T030:A016:C00017	2023-05-25_0114	1	weed	1	1	1	0	0	2023-05-25_0114:instance:22	2023-05-25_0114:instance:22
2023-05-25_0114:semantic:T030:A016:C00022	2023-05-25_0114	1	ambiguous_or_background	0	0	1	0	0		
2023-05-25_0114:semantic:T030:A016:C00023	2023-05-25_0114	0	crop	0	0	1	0	0		
2023-05-25_0114:semantic:T030:A016:C00024	2023-05-25_0114	0	crop	0	0	1	0	0		
2023-05-25_0114:semantic:T030:A016:C00025	2023-05-25_0114	0	crop	0	0	1	0	0		
2023-05-25_0114:semantic:T030:A016:C00026	2023-05-25_0114	0	crop	0	0	1	0	0		
2023-05-25_0114:semantic:T030:A016:C00027	2023-05-25_0114	0	crop	0	0	1	0	0		
2023-05-25_0114:semantic:T030:A016:C00028	2023-05-25_0114	0	crop	0	0	1	0	0		
2023-05-25_0114:semantic:T030:A016:C00031	2023-05-25_0114	1	ambiguous_or_background	0	0	1	0	0		
2023-05-25_0114:semantic:T030:A016:C00033	2023-05-25_0114	1	ambiguous_or_background	0	0	1	0	0		
2023-05-25_0114:semantic:T030:A016:C00035	2023-05-25_0114	1	ambiguous_or_background	0	0	1	0	0		
2023-05-25_0114:semantic:T030:A016:C00038	2023-05-25_0114	1	ambiguous_or_background	0	0	1	0	0		
2023-05-25_0114:semantic:T030:A016:C00039	2023-05-25_0114	1	ambiguous_or_background	0	0	1	0	0		
2023-05-25_0114:semantic:T030:A016:C00040	2023-05-25_0114	1	weed	1	1	1	0	0	2023-05-25_0114:instance:24	2023-05-25_0114:instance:24
2023-05-25_0114:semantic:T030:A016:C00041	2023-05-25_0114	0	weed	1	1	1	0	0	2023-05-25_0114:instance:13	2023-05-25_0114:instance:13
2023-05-25_0170:semantic:T030:A016:C00002	2023-05-25_0170	1	ambiguous_or_background	0	0	1	0	0		
2023-05-25_0170:semantic:T030:A016:C00004	2023-05-25_0170	1	ambiguous_or_background	0	0	1	0	0		
2023-05-25_0170:semantic:T030:A016:C00008	2023-05-25_0170	1	ambiguous_or_background	0	0	1	0	0		
2023-05-25_0170:semantic:T030:A016:C00009	2023-05-25_0170	1	ambiguous_or_background	0	0	1	0	0		
2023-05-25_0170:semantic:T030:A016:C00011	2023-05-25_0170	1	ambiguous_or_background	0	1	0	0	1		2023-05-25_0170:instance:9
2023-05-25_0170:semantic:T030:A016:C00012	2023-05-25_0170	1	ambiguous_or_background	0	0	1	0	0		
2023-05-25_0170:semantic:T030:A016:C00014	2023-05-25_0170	1	ambiguous_or_background	0	1	0	0	1		2023-05-25_0170:instance:7
2023-05-25_0170:semantic:T030:A016:C00015	2023-05-25_0170	1	ambiguous_or_background	0	0	1	0	0		
2023-05-25_0170:semantic:T030:A016:C00017	2023-05-25_0170	0	crop	0	0	1	0	0		
2023-05-25_0170:semantic:T030:A016:C00018	2023-05-25_0170	1	crop	0	0	1	0	0		
2023-05-25_0170:semantic:T030:A016:C00019	2023-05-25_0170	0	crop	0	0	1	0	0		
2023-05-25_0170:semantic:T030:A016:C00020	2023-05-25_0170	0	crop	0	0	1	0	0		
2023-05-25_0170:semantic:T030:A016:C00021	2023-05-25_0170	1	weed	1	1	1	0	0	2023-05-25_0170:instance:22	2023-05-25_0170:instance:22
2023-05-25_0170:semantic:T030:A016:C00022	2023-05-25_0170	1	ambiguous_or_background	0	0	1	0	0		
2023-05-25_0170:semantic:T030:A016:C00023	2023-05-25_0170	1	ambiguous_or_background	0	1	0	0	1		2023-05-25_0170:instance:20
2023-05-25_0170:semantic:T030:A016:C00024	2023-05-25_0170	1	ambiguous_or_background	0	0	1	0	0		
2023-05-25_0170:semantic:T030:A016:C00025	2023-05-25_0170	1	ambiguous_or_background	0	0	1	0	0		
2023-05-25_0170:semantic:T030:A016:C00026	2023-05-25_0170	1	ambiguous_or_background	0	0	1	0	0		
2023-05-25_0170:semantic:T030:A016:C00027	2023-05-25_0170	1	ambiguous_or_background	0	0	1	0	0		
2023-05-25_0170:semantic:T030:A016:C00028	2023-05-25_0170	1	ambiguous_or_background	0	0	1	0	0		
2023-05-25_0170:semantic:T030:A016:C00032	2023-05-25_0170	1	ambiguous_or_background	0	0	1	0	0		
2023-05-25_0170:semantic:T030:A016:C00033	2023-05-25_0170	1	ambiguous_or_background	0	0	1	0	0		
2023-05-25_0170:semantic:T030:A016:C00036	2023-05-25_0170	0	crop	0	0	1	0	0		
2023-05-25_0170:semantic:T030:A016:C00037	2023-05-25_0170	0	crop	0	0	1	0	0		
2023-05-25_0170:semantic:T030:A016:C00041	2023-05-25_0170	0	crop	0	0	1	0	0		
2023-05-25_0170:semantic:T030:A016:C00042	2023-05-25_0170	1	crop	0	0	1	0	0		
2023-05-25_0170:semantic:T030:A016:C00043	2023-05-25_0170	0	crop	0	0	1	0	0		
2023-05-25_0183:semantic:T030:A016:C00001	2023-05-25_0183	1	ambiguous_or_background	0	1	0	0	1		2023-05-25_0183:instance:17
2023-05-25_0183:semantic:T030:A016:C00003	2023-05-25_0183	1	crop	0	0	1	0	0		
2023-05-25_0183:semantic:T030:A016:C00004	2023-05-25_0183	1	crop	0	0	1	0	0		
2023-05-25_0183:semantic:T030:A016:C00005	2023-05-25_0183	1	weed	1	1	1	0	0	2023-05-25_0183:instance:14	2023-05-25_0183:instance:14
2023-05-25_0183:semantic:T030:A016:C00006	2023-05-25_0183	1	crop	0	0	1	0	0		
2023-05-25_0183:semantic:T030:A016:C00009	2023-05-25_0183	1	ambiguous_or_background	0	0	1	0	0		
2023-05-25_0183:semantic:T030:A016:C00010	2023-05-25_0183	1	crop	0	0	1	0	0		
2023-05-25_0183:semantic:T030:A016:C00011	2023-05-25_0183	1	crop	0	0	1	0	0		
2023-05-25_0183:semantic:T030:A016:C00012	2023-05-25_0183	1	crop	0	0	1	0	0		
2023-05-25_0183:semantic:T030:A016:C00013	2023-05-25_0183	1	crop	0	0	1	0	0		
2023-05-25_0183:semantic:T030:A016:C00014	2023-05-25_0183	1	crop	0	0	1	0	0		
2023-05-25_0183:semantic:T030:A016:C00015	2023-05-25_0183	1	crop	0	0	1	0	0		
2023-05-25_0183:semantic:T030:A016:C00016	2023-05-25_0183	1	crop	0	0	1	0	0		
2023-05-25_0183:semantic:T030:A016:C00017	2023-05-25_0183	1	weed	1	1	1	0	0	2023-05-25_0183:instance:11	2023-05-25_0183:instance:11
2023-05-25_0183:semantic:T030:A016:C00023	2023-05-25_0183	1	ambiguous_or_background	0	0	1	0	0		
2023-05-25_0183:semantic:T030:A016:C00024	2023-05-25_0183	1	ambiguous_or_background	0	0	1	0	0		
2023-05-25_0183:semantic:T030:A016:C00025	2023-05-25_0183	1	ambiguous_or_background	0	0	1	0	0		
2023-05-25_0183:semantic:T030:A016:C00026	2023-05-25_0183	1	ambiguous_or_background	0	0	1	0	0		
2023-05-25_0681:semantic:T030:A016:C00001	2023-05-25_0681	1	weed	1	1	1	0	0	2023-05-25_0681:instance:25	2023-05-25_0681:instance:25
2023-05-25_0681:semantic:T030:A016:C00002	2023-05-25_0681	0	crop	0	0	1	0	0		
2023-05-25_0681:semantic:T030:A016:C00003	2023-05-25_0681	0	crop	0	0	1	0	0		
2023-05-25_0681:semantic:T030:A016:C00004	2023-05-25_0681	0	crop	0	0	1	0	0		
2023-05-25_0681:semantic:T030:A016:C00005	2023-05-25_0681	0	crop	0	0	1	0	0		
2023-05-25_0681:semantic:T030:A016:C00006	2023-05-25_0681	1	weed	0	0	1	0	0		
2023-05-25_0681:semantic:T030:A016:C00008	2023-05-25_0681	0	crop	0	0	1	0	0		
2023-05-25_0681:semantic:T030:A016:C00009	2023-05-25_0681	0	crop	0	2	0	0	2		2023-05-25_0681:instance:44;2023-05-25_0681:instance:45
2023-05-25_0681:semantic:T030:A016:C00011	2023-05-25_0681	0	crop	0	0	1	0	0		
2023-05-25_0681:semantic:T030:A016:C00012	2023-05-25_0681	0	crop	0	0	1	0	0		
2023-05-25_0681:semantic:T030:A016:C00013	2023-05-25_0681	1	ambiguous_or_background	0	0	1	0	0		
2023-05-25_0681:semantic:T030:A016:C00014	2023-05-25_0681	1	weed	1	2	0	0	1	2023-05-25_0681:instance:30	2023-05-25_0681:instance:29;2023-05-25_0681:instance:30
2023-05-25_0681:semantic:T030:A016:C00015	2023-05-25_0681	1	weed	1	1	1	0	0	2023-05-25_0681:instance:39	2023-05-25_0681:instance:39
2023-05-25_0681:semantic:T030:A016:C00016	2023-05-25_0681	1	weed	1	1	1	0	0	2023-05-25_0681:instance:27	2023-05-25_0681:instance:27
2023-05-25_0681:semantic:T030:A016:C00020	2023-05-25_0681	0	crop	0	0	1	0	0		
2023-05-25_0681:semantic:T030:A016:C00021	2023-05-25_0681	0	crop	0	0	1	0	0		
2023-05-25_0681:semantic:T030:A016:C00022	2023-05-25_0681	0	crop	0	0	1	0	0		
2023-05-25_0681:semantic:T030:A016:C00023	2023-05-25_0681	0	ambiguous_or_background	0	0	1	0	0		
2023-05-25_0681:semantic:T030:A016:C00024	2023-05-25_0681	0	crop	0	0	1	0	0		
2023-05-25_0681:semantic:T030:A016:C00025	2023-05-25_0681	0	crop	0	0	1	0	0		
2023-05-25_0681:semantic:T030:A016:C00026	2023-05-25_0681	1	weed	1	1	1	0	0	2023-05-25_0681:instance:21	2023-05-25_0681:instance:21
2023-05-25_0681:semantic:T030:A016:C00027	2023-05-25_0681	1	weed	0	0	1	0	0		
2023-05-25_0681:semantic:T030:A016:C00028	2023-05-25_0681	1	ambiguous_or_background	0	0	1	0	0		
2023-05-25_0681:semantic:T030:A016:C00029	2023-05-25_0681	1	weed	1	1	1	0	0	2023-05-25_0681:instance:59	2023-05-25_0681:instance:59
2023-05-25_0681:semantic:T030:A016:C00030	2023-05-25_0681	1	weed	1	1	1	0	0	2023-05-25_0681:instance:70	2023-05-25_0681:instance:70
2023-05-25_0681:semantic:T030:A016:C00031	2023-05-25_0681	1	weed	1	1	1	0	0	2023-05-25_0681:instance:63	2023-05-25_0681:instance:63
2023-05-25_0681:semantic:T030:A016:C00032	2023-05-25_0681	1	weed	1	1	1	0	0	2023-05-25_0681:instance:92	2023-05-25_0681:instance:92
2023-05-25_0681:semantic:T030:A016:C00033	2023-05-25_0681	1	weed	1	1	1	0	0	2023-05-25_0681:instance:69	2023-05-25_0681:instance:69
2023-05-25_0681:semantic:T030:A016:C00035	2023-05-25_0681	1	weed	1	1	1	0	0	2023-05-25_0681:instance:91	2023-05-25_0681:instance:91
2023-05-25_0681:semantic:T030:A016:C00036	2023-05-25_0681	0	crop	0	0	1	0	0		
2023-05-25_0681:semantic:T030:A016:C00037	2023-05-25_0681	0	crop	0	0	1	0	0		
2023-05-25_0681:semantic:T030:A016:C00038	2023-05-25_0681	0	crop	0	0	1	0	0		
2023-05-25_0681:semantic:T030:A016:C00039	2023-05-25_0681	0	crop	0	0	1	0	0		
2023-05-25_0681:semantic:T030:A016:C00040	2023-05-25_0681	0	crop	0	0	1	0	0		
2023-05-25_0681:semantic:T030:A016:C00041	2023-05-25_0681	0	crop	0	0	1	0	0		
2023-05-25_0681:semantic:T030:A016:C00042	2023-05-25_0681	0	crop	0	0	1	0	0		
2023-05-25_0681:semantic:T030:A016:C00043	2023-05-25_0681	0	crop	0	0	1	0	0		
2023-05-25_0681:semantic:T030:A016:C00044	2023-05-25_0681	0	crop	0	0	1	0	0		
2023-05-25_0681:semantic:T030:A016:C00045	2023-05-25_0681	0	crop	0	0	1	0	0		
2023-05-25_0681:semantic:T030:A016:C00046	2023-05-25_0681	0	crop	0	0	1	0	0		
2023-05-25_0681:semantic:T030:A016:C00047	2023-05-25_0681	0	crop	0	0	1	0	0		
2023-05-25_0681:semantic:T030:A016:C00048	2023-05-25_0681	1	weed	1	1	1	0	0	2023-05-25_0681:instance:86	2023-05-25_0681:instance:86
2023-05-25_0681:semantic:T030:A016:C00049	2023-05-25_0681	1	weed	2	2	1	0	0	2023-05-25_0681:instance:87;2023-05-25_0681:instance:88	2023-05-25_0681:instance:87;2023-05-25_0681:instance:88
2023-05-25_0681:semantic:T030:A016:C00050	2023-05-25_0681	1	weed	1	1	1	0	0	2023-05-25_0681:instance:78	2023-05-25_0681:instance:78
2023-05-25_0681:semantic:T030:A016:C00051	2023-05-25_0681	1	weed	1	1	1	0	0	2023-05-25_0681:instance:85	2023-05-25_0681:instance:85
2023-05-25_0681:semantic:T030:A016:C00052	2023-05-25_0681	1	ambiguous_or_background	0	1	0	0	1		2023-05-25_0681:instance:89
2023-05-25_0685:semantic:T030:A016:C00001	2023-05-25_0685	0	weed	1	1	1	0	0	2023-05-25_0685:instance:17	2023-05-25_0685:instance:17
2023-05-25_0685:semantic:T030:A016:C00004	2023-05-25_0685	0	ambiguous_or_background	0	0	1	0	0		
2023-05-25_0685:semantic:T030:A016:C00005	2023-05-25_0685	0	ambiguous_or_background	0	0	1	0	0		
2023-05-25_0685:semantic:T030:A016:C00007	2023-05-25_0685	1	weed	1	1	1	0	0	2023-05-25_0685:instance:5	2023-05-25_0685:instance:5
2023-05-25_0685:semantic:T030:A016:C00008	2023-05-25_0685	0	weed	1	1	1	0	0	2023-05-25_0685:instance:10	2023-05-25_0685:instance:10
2023-05-25_0685:semantic:T030:A016:C00010	2023-05-25_0685	0	crop	0	0	1	0	0		
2023-05-25_0685:semantic:T030:A016:C00011	2023-05-25_0685	1	weed	1	1	1	0	0	2023-05-25_0685:instance:22	2023-05-25_0685:instance:22
2023-05-25_0685:semantic:T030:A016:C00012	2023-05-25_0685	0	crop	0	0	1	0	0		
2023-05-25_0685:semantic:T030:A016:C00013	2023-05-25_0685	0	crop	0	0	1	0	0		
2023-05-25_0685:semantic:T030:A016:C00014	2023-05-25_0685	0	crop	0	0	1	0	0		
2023-05-25_0685:semantic:T030:A016:C00015	2023-05-25_0685	0	weed	1	1	1	0	0	2023-05-25_0685:instance:13	2023-05-25_0685:instance:13
2023-05-25_0685:semantic:T030:A016:C00017	2023-05-25_0685	0	crop	0	0	1	0	0		
2023-05-25_0685:semantic:T030:A016:C00018	2023-05-25_0685	0	crop	0	0	1	0	0		
2023-05-25_0685:semantic:T030:A016:C00019	2023-05-25_0685	1	ambiguous_or_background	0	0	1	0	0		
2023-05-25_0685:semantic:T030:A016:C00020	2023-05-25_0685	0	crop	0	0	1	0	0		
2023-05-25_0685:semantic:T030:A016:C00021	2023-05-25_0685	0	ambiguous_or_background	0	0	1	0	0		
2023-05-25_0685:semantic:T030:A016:C00022	2023-05-25_0685	1	weed	2	2	1	0	0	2023-05-25_0685:instance:134;2023-05-25_0685:instance:135	2023-05-25_0685:instance:134;2023-05-25_0685:instance:135
2023-05-25_0685:semantic:T030:A016:C00023	2023-05-25_0685	1	ambiguous_or_background	0	0	1	0	0		
2023-05-25_0685:semantic:T030:A016:C00024	2023-05-25_0685	0	ambiguous_or_background	0	0	1	0	0		
2023-05-25_0685:semantic:T030:A016:C00026	2023-05-25_0685	0	weed	1	1	1	0	0	2023-05-25_0685:instance:35	2023-05-25_0685:instance:35
2023-05-25_0685:semantic:T030:A016:C00027	2023-05-25_0685	1	weed	2	2	1	0	0	2023-05-25_0685:instance:37;2023-05-25_0685:instance:38	2023-05-25_0685:instance:37;2023-05-25_0685:instance:38
2023-05-25_0685:semantic:T030:A016:C00029	2023-05-25_0685	1	ambiguous_or_background	0	1	0	0	1		2023-05-25_0685:instance:34
2023-05-25_0685:semantic:T030:A016:C00030	2023-05-25_0685	0	ambiguous_or_background	0	1	0	0	1		2023-05-25_0685:instance:121
2023-05-25_0685:semantic:T030:A016:C00031	2023-05-25_0685	0	ambiguous_or_background	0	1	0	0	1		2023-05-25_0685:instance:125
2023-05-25_0685:semantic:T030:A016:C00032	2023-05-25_0685	1	ambiguous_or_background	0	1	0	0	1		2023-05-25_0685:instance:33
2023-05-25_0685:semantic:T030:A016:C00033	2023-05-25_0685	0	crop	0	0	1	0	0		
2023-05-25_0685:semantic:T030:A016:C00034	2023-05-25_0685	0	crop	0	0	1	0	0		
2023-05-25_0685:semantic:T030:A016:C00036	2023-05-25_0685	0	crop	0	0	1	0	0		
2023-05-25_0685:semantic:T030:A016:C00037	2023-05-25_0685	0	ambiguous_or_background	0	0	1	0	0		
2023-05-25_0685:semantic:T030:A016:C00038	2023-05-25_0685	0	crop	0	0	1	0	0		
2023-05-25_0685:semantic:T030:A016:C00039	2023-05-25_0685	0	crop	0	0	1	0	0		
2023-05-25_0685:semantic:T030:A016:C00041	2023-05-25_0685	0	crop	0	0	1	0	0		
2023-05-25_0685:semantic:T030:A016:C00042	2023-05-25_0685	0	crop	0	0	1	0	0		
2023-05-25_0685:semantic:T030:A016:C00043	2023-05-25_0685	0	weed	1	1	1	0	0	2023-05-25_0685:instance:31	2023-05-25_0685:instance:31
2023-05-25_0685:semantic:T030:A016:C00044	2023-05-25_0685	0	weed	1	1	1	0	0	2023-05-25_0685:instance:46	2023-05-25_0685:instance:46
2023-05-25_0685:semantic:T030:A016:C00047	2023-05-25_0685	1	weed	1	1	1	0	0	2023-05-25_0685:instance:66	2023-05-25_0685:instance:66
2023-05-25_0685:semantic:T030:A016:C00048	2023-05-25_0685	0	weed	1	1	1	0	0	2023-05-25_0685:instance:67	2023-05-25_0685:instance:67
2023-05-25_0685:semantic:T030:A016:C00049	2023-05-25_0685	1	weed	1	1	1	0	0	2023-05-25_0685:instance:91	2023-05-25_0685:instance:91
2023-05-25_0685:semantic:T030:A016:C00050	2023-05-25_0685	0	weed	1	1	1	0	0	2023-05-25_0685:instance:65	2023-05-25_0685:instance:65
2023-05-25_0685:semantic:T030:A016:C00051	2023-05-25_0685	0	weed	1	2	0	0	1	2023-05-25_0685:instance:85	2023-05-25_0685:instance:85;2023-05-25_0685:instance:86
2023-05-25_0685:semantic:T030:A016:C00052	2023-05-25_0685	0	weed	1	1	1	0	0	2023-05-25_0685:instance:103	2023-05-25_0685:instance:103
2023-05-25_0685:semantic:T030:A016:C00053	2023-05-25_0685	1	weed	1	1	1	0	0	2023-05-25_0685:instance:64	2023-05-25_0685:instance:64
2023-05-25_0685:semantic:T030:A016:C00054	2023-05-25_0685	0	weed	1	1	1	0	0	2023-05-25_0685:instance:102	2023-05-25_0685:instance:102
2023-05-25_0685:semantic:T030:A016:C00055	2023-05-25_0685	0	weed	1	1	1	0	0	2023-05-25_0685:instance:93	2023-05-25_0685:instance:93
2023-05-25_0685:semantic:T030:A016:C00057	2023-05-25_0685	1	weed	1	1	1	0	0	2023-05-25_0685:instance:63	2023-05-25_0685:instance:63
2023-05-25_0685:semantic:T030:A016:C00058	2023-05-25_0685	0	weed	1	1	1	0	0	2023-05-25_0685:instance:73	2023-05-25_0685:instance:73
2023-05-25_0685:semantic:T030:A016:C00061	2023-05-25_0685	1	weed	1	1	1	0	0	2023-05-25_0685:instance:69	2023-05-25_0685:instance:69
2023-05-25_0685:semantic:T030:A016:C00062	2023-05-25_0685	1	weed	1	1	1	0	0	2023-05-25_0685:instance:89	2023-05-25_0685:instance:89
2023-05-25_0685:semantic:T030:A016:C00063	2023-05-25_0685	1	weed	2	2	1	0	0	2023-05-25_0685:instance:136;2023-05-25_0685:instance:137	2023-05-25_0685:instance:136;2023-05-25_0685:instance:137
2023-05-25_0685:semantic:T030:A016:C00064	2023-05-25_0685	0	weed	1	1	1	0	0	2023-05-25_0685:instance:101	2023-05-25_0685:instance:101
2023-05-25_0685:semantic:T030:A016:C00065	2023-05-25_0685	1	weed	1	1	1	0	0	2023-05-25_0685:instance:75	2023-05-25_0685:instance:75
2023-05-25_0685:semantic:T030:A016:C00066	2023-05-25_0685	1	weed	1	1	1	0	0	2023-05-25_0685:instance:76	2023-05-25_0685:instance:76
2023-05-25_0685:semantic:T030:A016:C00067	2023-05-25_0685	1	weed	1	1	1	0	0	2023-05-25_0685:instance:113	2023-05-25_0685:instance:113
2023-05-25_0685:semantic:T030:A016:C00068	2023-05-25_0685	0	weed	1	1	1	0	0	2023-05-25_0685:instance:104	2023-05-25_0685:instance:104
2023-05-25_0685:semantic:T030:A016:C00070	2023-05-25_0685	1	weed	1	1	1	0	0	2023-05-25_0685:instance:78	2023-05-25_0685:instance:78
2023-05-25_0685:semantic:T030:A016:C00071	2023-05-25_0685	0	crop	0	0	1	0	0		
2023-05-25_0685:semantic:T030:A016:C00072	2023-05-25_0685	0	crop	0	0	1	0	0		
2023-05-25_0685:semantic:T030:A016:C00073	2023-05-25_0685	0	weed	1	1	1	0	0	2023-05-25_0685:instance:128	2023-05-25_0685:instance:128
2023-05-25_0685:semantic:T030:A016:C00074	2023-05-25_0685	0	crop	0	0	1	0	0		
2023-05-25_0685:semantic:T030:A016:C00075	2023-05-25_0685	0	ambiguous_or_background	0	0	1	0	0		
2023-05-25_0685:semantic:T030:A016:C00076	2023-05-25_0685	0	crop	0	0	1	0	0		
2023-05-25_0685:semantic:T030:A016:C00077	2023-05-25_0685	0	crop	0	0	1	0	0		
2023-05-25_0685:semantic:T030:A016:C00078	2023-05-25_0685	0	ambiguous_or_background	0	0	1	0	0		
2023-05-25_0685:semantic:T030:A016:C00079	2023-05-25_0685	0	crop	0	0	1	0	0		
2023-05-25_0685:semantic:T030:A016:C00080	2023-05-25_0685	0	crop	0	0	1	0	0		
2023-05-25_0685:semantic:T030:A016:C00081	2023-05-25_0685	0	crop	0	0	1	0	0		
2023-05-25_0685:semantic:T030:A016:C00083	2023-05-25_0685	0	weed	1	1	1	0	0	2023-05-25_0685:instance:54	2023-05-25_0685:instance:54
2023-05-25_0685:semantic:T030:A016:C00084	2023-05-25_0685	1	weed	1	1	1	0	0	2023-05-25_0685:instance:60	2023-05-25_0685:instance:60
2023-05-25_0685:semantic:T030:A016:C00087	2023-05-25_0685	0	ambiguous_or_background	0	0	1	0	0		
2023-05-25_0750:semantic:T030:A016:C00001	2023-05-25_0750	1	weed	1	1	1	0	0	2023-05-25_0750:instance:63	2023-05-25_0750:instance:63
2023-05-25_0750:semantic:T030:A016:C00002	2023-05-25_0750	1	weed	1	1	1	0	0	2023-05-25_0750:instance:65	2023-05-25_0750:instance:65
2023-05-25_0750:semantic:T030:A016:C00003	2023-05-25_0750	1	weed	1	1	1	0	0	2023-05-25_0750:instance:58	2023-05-25_0750:instance:58
2023-05-25_0750:semantic:T030:A016:C00004	2023-05-25_0750	1	weed	1	1	1	0	0	2023-05-25_0750:instance:68	2023-05-25_0750:instance:68
2023-05-25_0750:semantic:T030:A016:C00005	2023-05-25_0750	1	crop	0	0	1	0	0		
2023-05-25_0750:semantic:T030:A016:C00006	2023-05-25_0750	1	weed	1	1	1	0	0	2023-05-25_0750:instance:79	2023-05-25_0750:instance:79
2023-05-25_0750:semantic:T030:A016:C00007	2023-05-25_0750	0	crop	0	0	1	0	0		
2023-05-25_0750:semantic:T030:A016:C00008	2023-05-25_0750	0	crop	0	0	1	0	0		
2023-05-25_0750:semantic:T030:A016:C00009	2023-05-25_0750	0	crop	0	0	1	0	0		
2023-05-25_0750:semantic:T030:A016:C00010	2023-05-25_0750	1	ambiguous_or_background	0	0	1	0	0		
2023-05-25_0750:semantic:T030:A016:C00011	2023-05-25_0750	0	crop	0	0	1	0	0		
2023-05-25_0750:semantic:T030:A016:C00012	2023-05-25_0750	1	weed	0	0	1	0	0		
2023-05-25_0750:semantic:T030:A016:C00013	2023-05-25_0750	1	ambiguous_or_background	0	1	0	0	1		2023-05-25_0750:instance:72
2023-05-25_0750:semantic:T030:A016:C00018	2023-05-25_0750	0	crop	0	0	1	0	0		
2023-05-25_0750:semantic:T030:A016:C00019	2023-05-25_0750	0	ambiguous_or_background	0	1	0	0	1		2023-05-25_0750:instance:10
2023-05-25_0750:semantic:T030:A016:C00021	2023-05-25_0750	0	crop	0	0	1	0	0		
2023-05-25_0750:semantic:T030:A016:C00022	2023-05-25_0750	0	crop	0	0	1	0	0		
2023-05-25_0750:semantic:T030:A016:C00023	2023-05-25_0750	1	weed	1	1	1	0	0	2023-05-25_0750:instance:1	2023-05-25_0750:instance:1
2023-05-25_0750:semantic:T030:A016:C00024	2023-05-25_0750	0	crop	0	0	1	0	0		
2023-05-25_0750:semantic:T030:A016:C00026	2023-05-25_0750	0	crop	0	0	1	0	0		
2023-05-25_0750:semantic:T030:A016:C00027	2023-05-25_0750	0	crop	0	0	1	0	0		
2023-05-25_0750:semantic:T030:A016:C00029	2023-05-25_0750	1	weed	1	1	1	0	0	2023-05-25_0750:instance:40	2023-05-25_0750:instance:40
2023-05-25_0750:semantic:T030:A016:C00030	2023-05-25_0750	1	weed	2	2	1	0	0	2023-05-25_0750:instance:38;2023-05-25_0750:instance:39	2023-05-25_0750:instance:38;2023-05-25_0750:instance:39
2023-05-25_0750:semantic:T030:A016:C00031	2023-05-25_0750	1	weed	1	1	1	0	0	2023-05-25_0750:instance:41	2023-05-25_0750:instance:41
2023-05-25_0750:semantic:T030:A016:C00032	2023-05-25_0750	1	ambiguous_or_background	0	1	0	0	1		2023-05-25_0750:instance:19
2023-05-25_0750:semantic:T030:A016:C00033	2023-05-25_0750	1	weed	0	0	1	0	0		
2023-05-25_0750:semantic:T030:A016:C00034	2023-05-25_0750	1	ambiguous_or_background	0	0	1	0	0		
2023-05-25_0750:semantic:T030:A016:C00036	2023-05-25_0750	1	ambiguous_or_background	0	0	1	0	0		
2023-05-25_0750:semantic:T030:A016:C00039	2023-05-25_0750	1	ambiguous_or_background	0	1	0	0	1		2023-05-25_0750:instance:17
2023-05-25_0750:semantic:T030:A016:C00040	2023-05-25_0750	1	weed	0	0	1	0	0		
2023-05-25_0750:semantic:T030:A016:C00041	2023-05-25_0750	1	weed	1	1	1	0	0	2023-05-25_0750:instance:16	2023-05-25_0750:instance:16
2023-05-25_0786:semantic:T030:A016:C00001	2023-05-25_0786	0	crop	0	0	1	0	0		
2023-05-25_0786:semantic:T030:A016:C00002	2023-05-25_0786	0	crop	0	0	1	0	0		
2023-05-25_0786:semantic:T030:A016:C00003	2023-05-25_0786	0	crop	0	0	1	0	0		
2023-05-25_0786:semantic:T030:A016:C00004	2023-05-25_0786	0	weed	1	1	1	0	0	2023-05-25_0786:instance:78	2023-05-25_0786:instance:78
2023-05-25_0786:semantic:T030:A016:C00005	2023-05-25_0786	0	crop	0	0	1	0	0		
2023-05-25_0786:semantic:T030:A016:C00006	2023-05-25_0786	0	crop	0	0	1	0	0		
2023-05-25_0786:semantic:T030:A016:C00007	2023-05-25_0786	0	crop	0	0	1	0	0		
2023-05-25_0786:semantic:T030:A016:C00008	2023-05-25_0786	0	crop	0	0	1	0	0		
2023-05-25_0786:semantic:T030:A016:C00009	2023-05-25_0786	0	crop	0	0	1	0	0		
2023-05-25_0786:semantic:T030:A016:C00012	2023-05-25_0786	1	weed	1	1	1	0	0	2023-05-25_0786:instance:74	2023-05-25_0786:instance:74
2023-05-25_0786:semantic:T030:A016:C00013	2023-05-25_0786	0	ambiguous_or_background	0	1	0	0	1		2023-05-25_0786:instance:73
2023-05-25_0786:semantic:T030:A016:C00014	2023-05-25_0786	1	weed	1	1	1	0	0	2023-05-25_0786:instance:81	2023-05-25_0786:instance:81
2023-05-25_0786:semantic:T030:A016:C00015	2023-05-25_0786	0	weed	1	1	1	0	0	2023-05-25_0786:instance:67	2023-05-25_0786:instance:67
2023-05-25_0786:semantic:T030:A016:C00016	2023-05-25_0786	1	weed	1	1	1	0	0	2023-05-25_0786:instance:66	2023-05-25_0786:instance:66
2023-05-25_0786:semantic:T030:A016:C00017	2023-05-25_0786	1	weed	1	1	1	0	0	2023-05-25_0786:instance:68	2023-05-25_0786:instance:68
2023-05-25_0786:semantic:T030:A016:C00018	2023-05-25_0786	0	weed	1	1	1	0	0	2023-05-25_0786:instance:69	2023-05-25_0786:instance:69
2023-05-25_0786:semantic:T030:A016:C00019	2023-05-25_0786	1	weed	1	1	1	0	0	2023-05-25_0786:instance:65	2023-05-25_0786:instance:65
2023-05-25_0786:semantic:T030:A016:C00020	2023-05-25_0786	0	weed	1	1	1	0	0	2023-05-25_0786:instance:71	2023-05-25_0786:instance:71
2023-05-25_0786:semantic:T030:A016:C00021	2023-05-25_0786	1	weed	1	1	1	0	0	2023-05-25_0786:instance:94	2023-05-25_0786:instance:94
2023-05-25_0786:semantic:T030:A016:C00022	2023-05-25_0786	0	ambiguous_or_background	0	0	1	0	0		
2023-05-25_0786:semantic:T030:A016:C00023	2023-05-25_0786	0	ambiguous_or_background	0	0	1	0	0		
2023-05-25_0786:semantic:T030:A016:C00024	2023-05-25_0786	1	weed	1	1	1	0	0	2023-05-25_0786:instance:64	2023-05-25_0786:instance:64
2023-05-25_0786:semantic:T030:A016:C00026	2023-05-25_0786	1	ambiguous_or_background	0	1	0	0	1		2023-05-25_0786:instance:60
2023-05-25_0786:semantic:T030:A016:C00028	2023-05-25_0786	1	weed	1	1	1	0	0	2023-05-25_0786:instance:57	2023-05-25_0786:instance:57
2023-05-25_0786:semantic:T030:A016:C00029	2023-05-25_0786	1	ambiguous_or_background	0	1	0	0	1		2023-05-25_0786:instance:62
2023-05-25_0786:semantic:T030:A016:C00030	2023-05-25_0786	1	weed	0	0	1	0	0		
2023-05-25_0786:semantic:T030:A016:C00032	2023-05-25_0786	0	crop	0	0	1	0	0		
2023-05-25_0786:semantic:T030:A016:C00033	2023-05-25_0786	0	ambiguous_or_background	0	2	0	0	2		2023-05-25_0786:instance:36;2023-05-25_0786:instance:37
2023-05-25_0786:semantic:T030:A016:C00034	2023-05-25_0786	0	crop	0	0	1	0	0		
2023-05-25_0786:semantic:T030:A016:C00035	2023-05-25_0786	1	weed	1	1	1	0	0	2023-05-25_0786:instance:40	2023-05-25_0786:instance:40
2023-05-25_0786:semantic:T030:A016:C00036	2023-05-25_0786	0	ambiguous_or_background	0	1	0	0	1		2023-05-25_0786:instance:36
2023-05-25_0786:semantic:T030:A016:C00037	2023-05-25_0786	0	crop	0	0	1	0	0		
2023-05-25_0786:semantic:T030:A016:C00038	2023-05-25_0786	0	crop	0	0	1	0	0		
2023-05-25_0786:semantic:T030:A016:C00039	2023-05-25_0786	1	ambiguous_or_background	0	1	0	0	1		2023-05-25_0786:instance:54
2023-05-25_0786:semantic:T030:A016:C00040	2023-05-25_0786	0	crop	0	0	1	0	0		
2023-05-25_0786:semantic:T030:A016:C00041	2023-05-25_0786	0	crop	0	0	1	0	0		
2023-05-25_0786:semantic:T030:A016:C00042	2023-05-25_0786	1	weed	0	0	1	0	0		
2023-05-25_0786:semantic:T030:A016:C00043	2023-05-25_0786	0	crop	0	0	1	0	0		
2023-05-25_0786:semantic:T030:A016:C00044	2023-05-25_0786	1	ambiguous_or_background	0	1	0	0	1		2023-05-25_0786:instance:101
2023-05-25_0786:semantic:T030:A016:C00045	2023-05-25_0786	0	weed	1	1	1	0	0	2023-05-25_0786:instance:52	2023-05-25_0786:instance:52
2023-05-25_0786:semantic:T030:A016:C00046	2023-05-25_0786	0	crop	0	0	1	0	0		
2023-05-25_0786:semantic:T030:A016:C00048	2023-05-25_0786	0	weed	1	1	1	0	0	2023-05-25_0786:instance:53	2023-05-25_0786:instance:53
2023-05-25_0786:semantic:T030:A016:C00050	2023-05-25_0786	0	ambiguous_or_background	0	0	1	0	0		
2023-05-25_0786:semantic:T030:A016:C00051	2023-05-25_0786	1	ambiguous_or_background	0	1	0	0	1		2023-05-25_0786:instance:26
2023-05-25_0786:semantic:T030:A016:C00053	2023-05-25_0786	1	weed	1	1	1	0	0	2023-05-25_0786:instance:14	2023-05-25_0786:instance:14
2023-05-25_0786:semantic:T030:A016:C00054	2023-05-25_0786	0	weed	1	1	1	0	0	2023-05-25_0786:instance:27	2023-05-25_0786:instance:27
2023-05-25_0786:semantic:T030:A016:C00056	2023-05-25_0786	1	weed	1	1	1	0	0	2023-05-25_0786:instance:21	2023-05-25_0786:instance:21
2023-05-25_0786:semantic:T030:A016:C00057	2023-05-25_0786	1	weed	1	1	1	0	0	2023-05-25_0786:instance:20	2023-05-25_0786:instance:20
2023-05-25_0786:semantic:T030:A016:C00058	2023-05-25_0786	0	ambiguous_or_background	0	0	1	0	0		
2023-05-25_0786:semantic:T030:A016:C00059	2023-05-25_0786	0	crop	0	0	1	0	0		
2023-05-25_0786:semantic:T030:A016:C00060	2023-05-25_0786	0	crop	0	0	1	0	0		
2023-05-25_0786:semantic:T030:A016:C00061	2023-05-25_0786	0	crop	0	0	1	0	0		
2023-05-25_0786:semantic:T030:A016:C00062	2023-05-25_0786	0	weed	1	1	1	0	0	2023-05-25_0786:instance:46	2023-05-25_0786:instance:46
2023-05-25_0786:semantic:T030:A016:C00063	2023-05-25_0786	0	ambiguous_or_background	0	2	0	0	2		2023-05-25_0786:instance:6;2023-05-25_0786:instance:8
2023-05-25_0786:semantic:T030:A016:C00064	2023-05-25_0786	0	crop	0	0	1	0	0		
2023-05-25_0786:semantic:T030:A016:C00065	2023-05-25_0786	0	crop	0	0	1	0	0		
2023-05-25_0786:semantic:T030:A016:C00066	2023-05-25_0786	0	weed	1	1	1	0	0	2023-05-25_0786:instance:12	2023-05-25_0786:instance:12
2023-05-25_0786:semantic:T030:A016:C00067	2023-05-25_0786	1	weed	1	1	1	0	0	2023-05-25_0786:instance:5	2023-05-25_0786:instance:5
2023-05-30_0039:semantic:T030:A016:C00001	2023-05-30_0039	1	ambiguous_or_background	0	1	0	0	1		2023-05-30_0039:instance:37
2023-05-30_0039:semantic:T030:A016:C00004	2023-05-30_0039	0	ambiguous_or_background	0	0	1	0	0		
2023-05-30_0039:semantic:T030:A016:C00007	2023-05-30_0039	0	ambiguous_or_background	0	0	1	0	0		
2023-05-30_0039:semantic:T030:A016:C00008	2023-05-30_0039	0	weed	2	2	1	0	0	2023-05-30_0039:instance:40;2023-05-30_0039:instance:41	2023-05-30_0039:instance:40;2023-05-30_0039:instance:41
2023-05-30_0039:semantic:T030:A016:C00009	2023-05-30_0039	1	ambiguous_or_background	0	1	0	0	1		2023-05-30_0039:instance:35
2023-05-30_0039:semantic:T030:A016:C00013	2023-05-30_0039	1	weed	1	1	1	0	0	2023-05-30_0039:instance:13	2023-05-30_0039:instance:13
2023-05-30_0039:semantic:T030:A016:C00014	2023-05-30_0039	0	ambiguous_or_background	0	0	1	0	0		
2023-05-30_0039:semantic:T030:A016:C00016	2023-05-30_0039	0	ambiguous_or_background	0	0	1	0	0		
2023-05-30_0039:semantic:T030:A016:C00017	2023-05-30_0039	1	weed	1	1	1	0	0	2023-05-30_0039:instance:11	2023-05-30_0039:instance:11
2023-05-30_0039:semantic:T030:A016:C00018	2023-05-30_0039	1	ambiguous_or_background	0	1	0	0	1		2023-05-30_0039:instance:12
2023-05-30_0039:semantic:T030:A016:C00019	2023-05-30_0039	1	weed	1	1	1	0	0	2023-05-30_0039:instance:24	2023-05-30_0039:instance:24
2023-05-30_0039:semantic:T030:A016:C00020	2023-05-30_0039	1	ambiguous_or_background	0	5	0	0	5		2023-05-30_0039:instance:15;2023-05-30_0039:instance:19;2023-05-30_0039:instance:20;2023-05-30_0039:instance:21;2023-05-30_0039:instance:22
2023-05-30_0039:semantic:T030:A016:C00021	2023-05-30_0039	0	ambiguous_or_background	0	0	1	0	0		
2023-05-30_0039:semantic:T030:A016:C00022	2023-05-30_0039	1	ambiguous_or_background	0	1	0	0	1		2023-05-30_0039:instance:23
2023-05-30_0039:semantic:T030:A016:C00023	2023-05-30_0039	1	ambiguous_or_background	0	3	0	0	3		2023-05-30_0039:instance:14;2023-05-30_0039:instance:17;2023-05-30_0039:instance:18
2023-05-30_0039:semantic:T030:A016:C00024	2023-05-30_0039	1	ambiguous_or_background	0	0	1	0	0		
2023-05-30_0039:semantic:T030:A016:C00025	2023-05-30_0039	1	ambiguous_or_background	0	1	0	0	1		2023-05-30_0039:instance:16
2023-05-30_0039:semantic:T030:A016:C00026	2023-05-30_0039	0	ambiguous_or_background	0	0	1	0	0		
2023-05-30_0039:semantic:T030:A016:C00027	2023-05-30_0039	1	ambiguous_or_background	0	1	0	0	1		2023-05-30_0039:instance:26
2023-05-30_0039:semantic:T030:A016:C00029	2023-05-30_0039	0	ambiguous_or_background	0	0	1	0	0		
2023-05-30_0039:semantic:T030:A016:C00030	2023-05-30_0039	0	ambiguous_or_background	0	0	1	0	0		
2023-05-30_0039:semantic:T030:A016:C00032	2023-05-30_0039	0	ambiguous_or_background	0	0	1	0	0		
2023-05-30_0039:semantic:T030:A016:C00036	2023-05-30_0039	1	ambiguous_or_background	0	1	0	0	1		2023-05-30_0039:instance:7
2023-05-30_0039:semantic:T030:A016:C00037	2023-05-30_0039	0	ambiguous_or_background	0	0	1	0	0		
2023-05-30_0039:semantic:T030:A016:C00038	2023-05-30_0039	0	ambiguous_or_background	0	0	1	0	0		
2023-05-30_0039:semantic:T030:A016:C00040	2023-05-30_0039	0	ambiguous_or_background	0	3	0	0	3		2023-05-30_0039:instance:29;2023-05-30_0039:instance:31;2023-05-30_0039:instance:32
2023-05-30_0039:semantic:T030:A016:C00041	2023-05-30_0039	0	ambiguous_or_background	0	0	1	0	0		
2023-05-30_0039:semantic:T030:A016:C00043	2023-05-30_0039	1	ambiguous_or_background	0	1	0	0	1		2023-05-30_0039:instance:33
2023-05-30_0039:semantic:T030:A016:C00044	2023-05-30_0039	1	weed	1	1	1	0	0	2023-05-30_0039:instance:8	2023-05-30_0039:instance:8
2023-05-30_0039:semantic:T030:A016:C00046	2023-05-30_0039	0	ambiguous_or_background	0	0	1	0	0		
2023-05-30_0039:semantic:T030:A016:C00047	2023-05-30_0039	1	weed	1	1	1	0	0	2023-05-30_0039:instance:1	2023-05-30_0039:instance:1
2023-05-30_0039:semantic:T030:A016:C00048	2023-05-30_0039	0	ambiguous_or_background	0	1	0	0	1		2023-05-30_0039:instance:5
2023-05-30_0039:semantic:T030:A016:C00050	2023-05-30_0039	1	ambiguous_or_background	0	1	0	0	1		2023-05-30_0039:instance:4
2023-05-30_0039:semantic:T030:A016:C00051	2023-05-30_0039	0	ambiguous_or_background	0	1	0	0	1		2023-05-30_0039:instance:3
2023-05-30_0039:semantic:T030:A016:C00052	2023-05-30_0039	1	ambiguous_or_background	0	0	1	0	0		
2023-05-30_0039:semantic:T030:A016:C00056	2023-05-30_0039	1	weed	1	1	1	0	0	2023-05-30_0039:instance:2	2023-05-30_0039:instance:2
2023-05-30_0039:semantic:T030:A016:C00058	2023-05-30_0039	1	ambiguous_or_background	0	1	0	0	1		2023-05-30_0039:instance:34
2023-05-30_0039:semantic:T030:A016:C00059	2023-05-30_0039	0	ambiguous_or_background	0	0	1	0	0		
2023-05-30_0044:semantic:T030:A016:C00001	2023-05-30_0044	0	weed	1	1	1	0	0	2023-05-30_0044:instance:57	2023-05-30_0044:instance:57
2023-05-30_0044:semantic:T030:A016:C00003	2023-05-30_0044	1	weed	1	1	1	0	0	2023-05-30_0044:instance:37	2023-05-30_0044:instance:37
2023-05-30_0044:semantic:T030:A016:C00004	2023-05-30_0044	0	weed	1	1	1	0	0	2023-05-30_0044:instance:38	2023-05-30_0044:instance:38
2023-05-30_0044:semantic:T030:A016:C00005	2023-05-30_0044	1	weed	1	1	1	0	0	2023-05-30_0044:instance:39	2023-05-30_0044:instance:39
2023-05-30_0044:semantic:T030:A016:C00006	2023-05-30_0044	1	weed	1	1	1	0	0	2023-05-30_0044:instance:54	2023-05-30_0044:instance:54
2023-05-30_0044:semantic:T030:A016:C00007	2023-05-30_0044	1	weed	1	1	1	0	0	2023-05-30_0044:instance:36	2023-05-30_0044:instance:36
2023-05-30_0044:semantic:T030:A016:C00008	2023-05-30_0044	0	weed	1	1	1	0	0	2023-05-30_0044:instance:40	2023-05-30_0044:instance:40
2023-05-30_0044:semantic:T030:A016:C00009	2023-05-30_0044	1	ambiguous_or_background	0	1	0	0	1		2023-05-30_0044:instance:34
2023-05-30_0044:semantic:T030:A016:C00010	2023-05-30_0044	0	crop	0	1	0	0	1		2023-05-30_0044:instance:52
2023-05-30_0044:semantic:T030:A016:C00011	2023-05-30_0044	0	weed	1	1	1	0	0	2023-05-30_0044:instance:33	2023-05-30_0044:instance:33
2023-05-30_0044:semantic:T030:A016:C00012	2023-05-30_0044	0	crop	0	0	1	0	0		
2023-05-30_0044:semantic:T030:A016:C00013	2023-05-30_0044	0	weed	1	1	1	0	0	2023-05-30_0044:instance:43	2023-05-30_0044:instance:43
2023-05-30_0044:semantic:T030:A016:C00014	2023-05-30_0044	0	crop	0	0	1	0	0		
2023-05-30_0044:semantic:T030:A016:C00015	2023-05-30_0044	0	crop	0	0	1	0	0		
2023-05-30_0044:semantic:T030:A016:C00016	2023-05-30_0044	0	weed	1	1	1	0	0	2023-05-30_0044:instance:44	2023-05-30_0044:instance:44
2023-05-30_0044:semantic:T030:A016:C00017	2023-05-30_0044	0	weed	1	1	1	0	0	2023-05-30_0044:instance:42	2023-05-30_0044:instance:42
2023-05-30_0044:semantic:T030:A016:C00018	2023-05-30_0044	0	weed	1	1	1	0	0	2023-05-30_0044:instance:32	2023-05-30_0044:instance:32
2023-05-30_0044:semantic:T030:A016:C00019	2023-05-30_0044	1	weed	1	1	1	0	0	2023-05-30_0044:instance:30	2023-05-30_0044:instance:30
2023-05-30_0044:semantic:T030:A016:C00020	2023-05-30_0044	1	weed	1	1	1	0	0	2023-05-30_0044:instance:53	2023-05-30_0044:instance:53
2023-05-30_0044:semantic:T030:A016:C00021	2023-05-30_0044	0	ambiguous_or_background	0	0	1	0	0		
2023-05-30_0044:semantic:T030:A016:C00022	2023-05-30_0044	0	ambiguous_or_background	0	1	0	0	1		2023-05-30_0044:instance:55
2023-05-30_0044:semantic:T030:A016:C00023	2023-05-30_0044	0	weed	0	0	1	0	0		
2023-05-30_0044:semantic:T030:A016:C00025	2023-05-30_0044	0	ambiguous_or_background	0	0	1	0	0		
2023-05-30_0044:semantic:T030:A016:C00026	2023-05-30_0044	1	weed	1	1	1	0	0	2023-05-30_0044:instance:23	2023-05-30_0044:instance:23
2023-05-30_0044:semantic:T030:A016:C00027	2023-05-30_0044	0	ambiguous_or_background	0	0	1	0	0		
2023-05-30_0044:semantic:T030:A016:C00028	2023-05-30_0044	0	ambiguous_or_background	0	0	1	0	0		
2023-05-30_0044:semantic:T030:A016:C00029	2023-05-30_0044	1	weed	1	1	1	0	0	2023-05-30_0044:instance:12	2023-05-30_0044:instance:12
2023-05-30_0044:semantic:T030:A016:C00030	2023-05-30_0044	0	weed	1	1	1	0	0	2023-05-30_0044:instance:25	2023-05-30_0044:instance:25
2023-05-30_0044:semantic:T030:A016:C00031	2023-05-30_0044	1	weed	1	1	1	0	0	2023-05-30_0044:instance:22	2023-05-30_0044:instance:22
2023-05-30_0044:semantic:T030:A016:C00032	2023-05-30_0044	0	ambiguous_or_background	0	1	0	0	1		2023-05-30_0044:instance:26
2023-05-30_0044:semantic:T030:A016:C00033	2023-05-30_0044	1	weed	1	1	1	0	0	2023-05-30_0044:instance:21	2023-05-30_0044:instance:21
2023-05-30_0044:semantic:T030:A016:C00034	2023-05-30_0044	1	ambiguous_or_background	0	1	0	0	1		2023-05-30_0044:instance:47
2023-05-30_0044:semantic:T030:A016:C00035	2023-05-30_0044	0	ambiguous_or_background	0	0	1	0	0		
2023-05-30_0044:semantic:T030:A016:C00036	2023-05-30_0044	0	crop	0	0	1	0	0		
2023-05-30_0044:semantic:T030:A016:C00037	2023-05-30_0044	0	ambiguous_or_background	0	1	0	0	1		2023-05-30_0044:instance:46
2023-05-30_0044:semantic:T030:A016:C00038	2023-05-30_0044	0	crop	0	0	1	0	0		
2023-05-30_0044:semantic:T030:A016:C00039	2023-05-30_0044	0	crop	0	0	1	0	0		
2023-05-30_0044:semantic:T030:A016:C00041	2023-05-30_0044	0	crop	0	0	1	0	0		
2023-05-30_0044:semantic:T030:A016:C00042	2023-05-30_0044	0	crop	0	0	1	0	0		
2023-05-30_0044:semantic:T030:A016:C00043	2023-05-30_0044	0	weed	1	1	1	0	0	2023-05-30_0044:instance:45	2023-05-30_0044:instance:45
2023-05-30_0044:semantic:T030:A016:C00044	2023-05-30_0044	0	crop	0	0	1	0	0		
2023-05-30_0044:semantic:T030:A016:C00045	2023-05-30_0044	0	weed	1	1	1	0	0	2023-05-30_0044:instance:20	2023-05-30_0044:instance:20
2023-05-30_0044:semantic:T030:A016:C00046	2023-05-30_0044	0	weed	1	1	1	0	0	2023-05-30_0044:instance:27	2023-05-30_0044:instance:27
2023-05-30_0044:semantic:T030:A016:C00047	2023-05-30_0044	1	ambiguous_or_background	0	1	0	0	1		2023-05-30_0044:instance:29
2023-05-30_0044:semantic:T030:A016:C00048	2023-05-30_0044	0	weed	1	1	1	0	0	2023-05-30_0044:instance:28	2023-05-30_0044:instance:28
2023-05-30_0044:semantic:T030:A016:C00049	2023-05-30_0044	1	weed	1	1	1	0	0	2023-05-30_0044:instance:17	2023-05-30_0044:instance:17
2023-05-30_0044:semantic:T030:A016:C00050	2023-05-30_0044	1	ambiguous_or_background	0	1	0	0	1		2023-05-30_0044:instance:49
2023-05-30_0044:semantic:T030:A016:C00052	2023-05-30_0044	1	weed	1	1	1	0	0	2023-05-30_0044:instance:16	2023-05-30_0044:instance:16
2023-05-30_0044:semantic:T030:A016:C00053	2023-05-30_0044	0	weed	1	1	1	0	0	2023-05-30_0044:instance:15	2023-05-30_0044:instance:15
2023-05-30_0044:semantic:T030:A016:C00054	2023-05-30_0044	1	weed	1	1	1	0	0	2023-05-30_0044:instance:48	2023-05-30_0044:instance:48
2023-05-30_0044:semantic:T030:A016:C00055	2023-05-30_0044	1	ambiguous_or_background	0	0	1	0	0		
2023-05-30_0044:semantic:T030:A016:C00056	2023-05-30_0044	1	weed	1	1	1	0	0	2023-05-30_0044:instance:11	2023-05-30_0044:instance:11
2023-05-30_0044:semantic:T030:A016:C00057	2023-05-30_0044	1	weed	1	1	1	0	0	2023-05-30_0044:instance:19	2023-05-30_0044:instance:19
2023-05-30_0044:semantic:T030:A016:C00058	2023-05-30_0044	0	ambiguous_or_background	0	0	1	0	0		
2023-05-30_0044:semantic:T030:A016:C00059	2023-05-30_0044	0	weed	1	1	1	0	0	2023-05-30_0044:instance:50	2023-05-30_0044:instance:50
2023-05-30_0099:semantic:T030:A016:C00001	2023-05-30_0099	0	weed	1	1	1	0	0	2023-05-30_0099:instance:38	2023-05-30_0099:instance:38
2023-05-30_0099:semantic:T030:A016:C00002	2023-05-30_0099	1	weed	1	1	1	0	0	2023-05-30_0099:instance:1	2023-05-30_0099:instance:1
2023-05-30_0099:semantic:T030:A016:C00003	2023-05-30_0099	0	ambiguous_or_background	0	0	1	0	0		
2023-05-30_0099:semantic:T030:A016:C00004	2023-05-30_0099	0	ambiguous_or_background	0	0	1	0	0		
2023-05-30_0099:semantic:T030:A016:C00005	2023-05-30_0099	1	weed	1	1	1	0	0	2023-05-30_0099:instance:39	2023-05-30_0099:instance:39
2023-05-30_0099:semantic:T030:A016:C00006	2023-05-30_0099	0	ambiguous_or_background	0	0	1	0	0		
2023-05-30_0099:semantic:T030:A016:C00007	2023-05-30_0099	1	weed	1	1	1	0	0	2023-05-30_0099:instance:22	2023-05-30_0099:instance:22
2023-05-30_0099:semantic:T030:A016:C00008	2023-05-30_0099	0	ambiguous_or_background	0	0	1	0	0		
2023-05-30_0099:semantic:T030:A016:C00009	2023-05-30_0099	1	ambiguous_or_background	0	1	0	0	1		2023-05-30_0099:instance:28
2023-05-30_0099:semantic:T030:A016:C00012	2023-05-30_0099	0	ambiguous_or_background	0	0	1	0	0		
2023-05-30_0099:semantic:T030:A016:C00013	2023-05-30_0099	0	weed	0	0	1	0	0		
2023-05-30_0099:semantic:T030:A016:C00014	2023-05-30_0099	0	weed	1	2	0	0	1	2023-05-30_0099:instance:36	2023-05-30_0099:instance:36;2023-05-30_0099:instance:37
2023-05-30_0099:semantic:T030:A016:C00015	2023-05-30_0099	1	ambiguous_or_background	0	0	1	0	0		
2023-05-30_0099:semantic:T030:A016:C00016	2023-05-30_0099	0	weed	1	1	1	0	0	2023-05-30_0099:instance:51	2023-05-30_0099:instance:51
2023-05-30_0099:semantic:T030:A016:C00017	2023-05-30_0099	0	ambiguous_or_background	0	1	0	0	1		2023-05-30_0099:instance:34
2023-05-30_0099:semantic:T030:A016:C00018	2023-05-30_0099	0	ambiguous_or_background	0	1	0	0	1		2023-05-30_0099:instance:29
2023-05-30_0099:semantic:T030:A016:C00020	2023-05-30_0099	1	weed	1	1	1	0	0	2023-05-30_0099:instance:24	2023-05-30_0099:instance:24
2023-05-30_0099:semantic:T030:A016:C00021	2023-05-30_0099	1	ambiguous_or_background	0	1	0	0	1		2023-05-30_0099:instance:25
2023-05-30_0099:semantic:T030:A016:C00023	2023-05-30_0099	0	weed	1	1	1	0	0	2023-05-30_0099:instance:27	2023-05-30_0099:instance:27
2023-05-30_0099:semantic:T030:A016:C00024	2023-05-30_0099	1	weed	1	1	1	0	0	2023-05-30_0099:instance:23	2023-05-30_0099:instance:23
2023-05-30_0099:semantic:T030:A016:C00025	2023-05-30_0099	0	ambiguous_or_background	0	1	0	0	1		2023-05-30_0099:instance:26
2023-05-30_0099:semantic:T030:A016:C00026	2023-05-30_0099	0	weed	1	1	1	0	0	2023-05-30_0099:instance:33	2023-05-30_0099:instance:33
2023-05-30_0099:semantic:T030:A016:C00027	2023-05-30_0099	0	weed	1	1	1	0	0	2023-05-30_0099:instance:32	2023-05-30_0099:instance:32
2023-05-30_0099:semantic:T030:A016:C00028	2023-05-30_0099	0	weed	0	0	1	0	0		
2023-05-30_0099:semantic:T030:A016:C00029	2023-05-30_0099	1	weed	1	1	1	0	0	2023-05-30_0099:instance:21	2023-05-30_0099:instance:21
2023-05-30_0099:semantic:T030:A016:C00030	2023-05-30_0099	1	weed	1	1	1	0	0	2023-05-30_0099:instance:2	2023-05-30_0099:instance:2
2023-05-30_0099:semantic:T030:A016:C00031	2023-05-30_0099	0	ambiguous_or_background	0	0	1	0	0		
2023-05-30_0099:semantic:T030:A016:C00032	2023-05-30_0099	1	ambiguous_or_background	0	1	0	0	1		2023-05-30_0099:instance:19
2023-05-30_0099:semantic:T030:A016:C00033	2023-05-30_0099	0	weed	1	1	1	0	0	2023-05-30_0099:instance:20	2023-05-30_0099:instance:20
2023-05-30_0099:semantic:T030:A016:C00034	2023-05-30_0099	0	ambiguous_or_background	0	0	1	0	0		
2023-05-30_0099:semantic:T030:A016:C00036	2023-05-30_0099	0	weed	1	1	1	0	0	2023-05-30_0099:instance:9	2023-05-30_0099:instance:9
2023-05-30_0099:semantic:T030:A016:C00037	2023-05-30_0099	0	weed	1	1	1	0	0	2023-05-30_0099:instance:50	2023-05-30_0099:instance:50
2023-05-30_0099:semantic:T030:A016:C00038	2023-05-30_0099	0	weed	1	1	1	0	0	2023-05-30_0099:instance:42	2023-05-30_0099:instance:42
2023-05-30_0099:semantic:T030:A016:C00039	2023-05-30_0099	1	weed	1	1	1	0	0	2023-05-30_0099:instance:3	2023-05-30_0099:instance:3
2023-05-30_0099:semantic:T030:A016:C00040	2023-05-30_0099	0	ambiguous_or_background	0	0	1	0	0		
2023-05-30_0099:semantic:T030:A016:C00041	2023-05-30_0099	0	weed	0	0	1	0	0		
2023-05-30_0099:semantic:T030:A016:C00045	2023-05-30_0099	0	ambiguous_or_background	0	0	1	0	0		
2023-05-30_0099:semantic:T030:A016:C00046	2023-05-30_0099	1	weed	1	1	1	0	0	2023-05-30_0099:instance:31	2023-05-30_0099:instance:31
2023-05-30_0099:semantic:T030:A016:C00047	2023-05-30_0099	1	weed	1	1	1	0	0	2023-05-30_0099:instance:8	2023-05-30_0099:instance:8
2023-05-30_0099:semantic:T030:A016:C00048	2023-05-30_0099	0	ambiguous_or_background	0	0	1	0	0		
2023-05-30_0099:semantic:T030:A016:C00050	2023-05-30_0099	0	ambiguous_or_background	0	0	1	0	0		
2023-05-30_0099:semantic:T030:A016:C00051	2023-05-30_0099	0	weed	0	0	1	0	0		
2023-05-30_0099:semantic:T030:A016:C00053	2023-05-30_0099	1	weed	1	1	1	0	0	2023-05-30_0099:instance:6	2023-05-30_0099:instance:6
2023-05-30_0099:semantic:T030:A016:C00055	2023-05-30_0099	1	weed	1	1	1	0	0	2023-05-30_0099:instance:11	2023-05-30_0099:instance:11
2023-05-30_0099:semantic:T030:A016:C00056	2023-05-30_0099	1	weed	1	1	1	0	0	2023-05-30_0099:instance:4	2023-05-30_0099:instance:4
2023-05-30_0099:semantic:T030:A016:C00057	2023-05-30_0099	1	weed	1	1	1	0	0	2023-05-30_0099:instance:10	2023-05-30_0099:instance:10
2023-05-30_0099:semantic:T030:A016:C00059	2023-05-30_0099	0	weed	1	1	1	0	0	2023-05-30_0099:instance:12	2023-05-30_0099:instance:12
2023-05-30_0099:semantic:T030:A016:C00060	2023-05-30_0099	1	ambiguous_or_background	0	1	0	0	1		2023-05-30_0099:instance:18
2023-05-30_0099:semantic:T030:A016:C00061	2023-05-30_0099	0	weed	1	1	1	0	0	2023-05-30_0099:instance:17	2023-05-30_0099:instance:17
2023-05-30_0099:semantic:T030:A016:C00062	2023-05-30_0099	0	weed	1	1	1	0	0	2023-05-30_0099:instance:48	2023-05-30_0099:instance:48
2023-05-30_0099:semantic:T030:A016:C00063	2023-05-30_0099	1	weed	1	1	1	0	0	2023-05-30_0099:instance:5	2023-05-30_0099:instance:5
2023-05-30_0099:semantic:T030:A016:C00065	2023-05-30_0099	0	weed	1	1	1	0	0	2023-05-30_0099:instance:14	2023-05-30_0099:instance:14
2023-05-30_0114:semantic:T030:A016:C00001	2023-05-30_0114	0	ambiguous_or_background	0	0	1	0	0		
2023-05-30_0114:semantic:T030:A016:C00002	2023-05-30_0114	0	crop	0	0	1	0	0		
2023-05-30_0114:semantic:T030:A016:C00003	2023-05-30_0114	0	crop	0	0	1	0	0		
2023-05-30_0114:semantic:T030:A016:C00004	2023-05-30_0114	1	ambiguous_or_background	0	1	0	0	1		2023-05-30_0114:instance:20
2023-05-30_0114:semantic:T030:A016:C00005	2023-05-30_0114	1	ambiguous_or_background	0	1	0	0	1		2023-05-30_0114:instance:18
2023-05-30_0114:semantic:T030:A016:C00007	2023-05-30_0114	1	weed	1	1	1	0	0	2023-05-30_0114:instance:19	2023-05-30_0114:instance:19
2023-05-30_0114:semantic:T030:A016:C00008	2023-05-30_0114	1	ambiguous_or_background	0	0	1	0	0		
2023-05-30_0114:semantic:T030:A016:C00009	2023-05-30_0114	0	weed	0	0	1	0	0		
2023-05-30_0114:semantic:T030:A016:C00010	2023-05-30_0114	1	ambiguous_or_background	0	1	0	0	1		2023-05-30_0114:instance:25
2023-05-30_0114:semantic:T030:A016:C00011	2023-05-30_0114	0	ambiguous_or_background	0	0	1	0	0		
2023-05-30_0114:semantic:T030:A016:C00013	2023-05-30_0114	0	weed	1	1	1	0	0	2023-05-30_0114:instance:38	2023-05-30_0114:instance:38
2023-05-30_0114:semantic:T030:A016:C00014	2023-05-30_0114	1	weed	2	2	1	0	0	2023-05-30_0114:instance:26;2023-05-30_0114:instance:27	2023-05-30_0114:instance:26;2023-05-30_0114:instance:27
2023-05-30_0114:semantic:T030:A016:C00016	2023-05-30_0114	1	weed	1	1	1	0	0	2023-05-30_0114:instance:24	2023-05-30_0114:instance:24
2023-05-30_0114:semantic:T030:A016:C00017	2023-05-30_0114	1	weed	1	1	1	0	0	2023-05-30_0114:instance:15	2023-05-30_0114:instance:15
2023-05-30_0114:semantic:T030:A016:C00018	2023-05-30_0114	0	ambiguous_or_background	0	1	0	0	1		2023-05-30_0114:instance:40
2023-05-30_0114:semantic:T030:A016:C00019	2023-05-30_0114	1	ambiguous_or_background	0	0	1	0	0		
2023-05-30_0114:semantic:T030:A016:C00020	2023-05-30_0114	1	ambiguous_or_background	0	1	0	0	1		2023-05-30_0114:instance:22
2023-05-30_0114:semantic:T030:A016:C00021	2023-05-30_0114	1	ambiguous_or_background	0	0	1	0	0		
2023-05-30_0114:semantic:T030:A016:C00022	2023-05-30_0114	0	weed	0	0	1	0	0		
2023-05-30_0114:semantic:T030:A016:C00023	2023-05-30_0114	0	weed	0	0	1	0	0		
2023-05-30_0114:semantic:T030:A016:C00024	2023-05-30_0114	1	ambiguous_or_background	0	1	0	0	1		2023-05-30_0114:instance:28
2023-05-30_0114:semantic:T030:A016:C00025	2023-05-30_0114	1	ambiguous_or_background	0	0	1	0	0		
2023-05-30_0114:semantic:T030:A016:C00027	2023-05-30_0114	0	weed	1	1	1	0	0	2023-05-30_0114:instance:12	2023-05-30_0114:instance:12
2023-05-30_0114:semantic:T030:A016:C00028	2023-05-30_0114	0	ambiguous_or_background	0	1	0	0	1		2023-05-30_0114:instance:11
2023-05-30_0114:semantic:T030:A016:C00029	2023-05-30_0114	1	weed	1	1	1	0	0	2023-05-30_0114:instance:1	2023-05-30_0114:instance:1
2023-05-30_0114:semantic:T030:A016:C00030	2023-05-30_0114	0	crop	0	0	1	0	0		
2023-05-30_0114:semantic:T030:A016:C00031	2023-05-30_0114	0	ambiguous_or_background	0	0	1	0	0		
2023-05-30_0114:semantic:T030:A016:C00032	2023-05-30_0114	0	crop	0	0	1	0	0		
2023-05-30_0114:semantic:T030:A016:C00033	2023-05-30_0114	1	weed	1	1	1	0	0	2023-05-30_0114:instance:14	2023-05-30_0114:instance:14
2023-05-30_0114:semantic:T030:A016:C00034	2023-05-30_0114	0	crop	0	0	1	0	0		
2023-05-30_0114:semantic:T030:A016:C00035	2023-05-30_0114	1	weed	1	1	1	0	0	2023-05-30_0114:instance:13	2023-05-30_0114:instance:13
2023-05-30_0114:semantic:T030:A016:C00036	2023-05-30_0114	0	weed	0	0	1	0	0		
2023-05-30_0114:semantic:T030:A016:C00037	2023-05-30_0114	0	weed	0	0	1	0	0		
2023-05-30_0114:semantic:T030:A016:C00038	2023-05-30_0114	1	weed	1	1	1	0	0	2023-05-30_0114:instance:2	2023-05-30_0114:instance:2
2023-05-30_0114:semantic:T030:A016:C00041	2023-05-30_0114	1	ambiguous_or_background	0	0	1	0	0		
2023-05-30_0114:semantic:T030:A016:C00042	2023-05-30_0114	1	weed	1	1	1	0	0	2023-05-30_0114:instance:7	2023-05-30_0114:instance:7
2023-05-30_0114:semantic:T030:A016:C00043	2023-05-30_0114	0	weed	1	1	1	0	0	2023-05-30_0114:instance:8	2023-05-30_0114:instance:8
2023-05-30_0114:semantic:T030:A016:C00044	2023-05-30_0114	1	weed	1	1	1	0	0	2023-05-30_0114:instance:33	2023-05-30_0114:instance:33
2023-05-30_0114:semantic:T030:A016:C00045	2023-05-30_0114	0	weed	1	1	1	0	0	2023-05-30_0114:instance:6	2023-05-30_0114:instance:6
2023-05-30_0114:semantic:T030:A016:C00046	2023-05-30_0114	0	weed	1	1	1	0	0	2023-05-30_0114:instance:5	2023-05-30_0114:instance:5
2023-05-30_0649:semantic:T030:A016:C00001	2023-05-30_0649	0	ambiguous_or_background	0	1	0	0	1		2023-05-30_0649:instance:98
2023-05-30_0649:semantic:T030:A016:C00003	2023-05-30_0649	0	crop	0	0	1	0	0		
2023-05-30_0649:semantic:T030:A016:C00004	2023-05-30_0649	0	weed	0	0	1	0	0		
2023-05-30_0649:semantic:T030:A016:C00005	2023-05-30_0649	0	crop	0	0	1	0	0		
2023-05-30_0649:semantic:T030:A016:C00007	2023-05-30_0649	0	weed	1	1	1	0	0	2023-05-30_0649:instance:61	2023-05-30_0649:instance:61
2023-05-30_0649:semantic:T030:A016:C00008	2023-05-30_0649	1	weed	1	1	1	0	0	2023-05-30_0649:instance:60	2023-05-30_0649:instance:60
2023-05-30_0649:semantic:T030:A016:C00009	2023-05-30_0649	1	weed	1	1	1	0	0	2023-05-30_0649:instance:59	2023-05-30_0649:instance:59
2023-05-30_0649:semantic:T030:A016:C00010	2023-05-30_0649	0	weed	1	1	1	0	0	2023-05-30_0649:instance:62	2023-05-30_0649:instance:62
2023-05-30_0649:semantic:T030:A016:C00011	2023-05-30_0649	1	weed	1	1	1	0	0	2023-05-30_0649:instance:51	2023-05-30_0649:instance:51
2023-05-30_0649:semantic:T030:A016:C00012	2023-05-30_0649	0	weed	1	1	1	0	0	2023-05-30_0649:instance:67	2023-05-30_0649:instance:67
2023-05-30_0649:semantic:T030:A016:C00013	2023-05-30_0649	0	weed	1	1	1	0	0	2023-05-30_0649:instance:68	2023-05-30_0649:instance:68
2023-05-30_0649:semantic:T030:A016:C00014	2023-05-30_0649	1	weed	2	2	1	0	0	2023-05-30_0649:instance:65;2023-05-30_0649:instance:66	2023-05-30_0649:instance:65;2023-05-30_0649:instance:66
2023-05-30_0649:semantic:T030:A016:C00015	2023-05-30_0649	1	weed	2	2	1	0	0	2023-05-30_0649:instance:54;2023-05-30_0649:instance:55	2023-05-30_0649:instance:54;2023-05-30_0649:instance:55
2023-05-30_0649:semantic:T030:A016:C00016	2023-05-30_0649	0	weed	1	1	1	0	0	2023-05-30_0649:instance:52	2023-05-30_0649:instance:52
2023-05-30_0649:semantic:T030:A016:C00017	2023-05-30_0649	0	weed	1	1	1	0	0	2023-05-30_0649:instance:53	2023-05-30_0649:instance:53
2023-05-30_0649:semantic:T030:A016:C00018	2023-05-30_0649	1	weed	2	2	1	0	0	2023-05-30_0649:instance:71;2023-05-30_0649:instance:72	2023-05-30_0649:instance:71;2023-05-30_0649:instance:72
2023-05-30_0649:semantic:T030:A016:C00019	2023-05-30_0649	0	ambiguous_or_background	0	0	1	0	0		
2023-05-30_0649:semantic:T030:A016:C00020	2023-05-30_0649	0	weed	1	1	1	0	0	2023-05-30_0649:instance:75	2023-05-30_0649:instance:75
2023-05-30_0649:semantic:T030:A016:C00021	2023-05-30_0649	0	weed	1	1	1	0	0	2023-05-30_0649:instance:74	2023-05-30_0649:instance:74
2023-05-30_0649:semantic:T030:A016:C00022	2023-05-30_0649	0	ambiguous_or_background	0	1	0	0	1		2023-05-30_0649:instance:97
2023-05-30_0649:semantic:T030:A016:C00023	2023-05-30_0649	0	weed	1	1	1	0	0	2023-05-30_0649:instance:57	2023-05-30_0649:instance:57
2023-05-30_0649:semantic:T030:A016:C00024	2023-05-30_0649	1	weed	1	1	1	0	0	2023-05-30_0649:instance:70	2023-05-30_0649:instance:70
2023-05-30_0649:semantic:T030:A016:C00025	2023-05-30_0649	1	weed	1	1	1	0	0	2023-05-30_0649:instance:56	2023-05-30_0649:instance:56
2023-05-30_0649:semantic:T030:A016:C00026	2023-05-30_0649	1	weed	1	1	1	0	0	2023-05-30_0649:instance:58	2023-05-30_0649:instance:58
2023-05-30_0649:semantic:T030:A016:C00027	2023-05-30_0649	0	ambiguous_or_background	0	0	1	0	0		
2023-05-30_0649:semantic:T030:A016:C00028	2023-05-30_0649	0	weed	1	1	1	0	0	2023-05-30_0649:instance:73	2023-05-30_0649:instance:73
2023-05-30_0649:semantic:T030:A016:C00029	2023-05-30_0649	0	weed	1	1	1	0	0	2023-05-30_0649:instance:76	2023-05-30_0649:instance:76
2023-05-30_0649:semantic:T030:A016:C00030	2023-05-30_0649	0	weed	1	1	1	0	0	2023-05-30_0649:instance:46	2023-05-30_0649:instance:46
2023-05-30_0649:semantic:T030:A016:C00031	2023-05-30_0649	0	crop	0	2	0	0	2		2023-05-30_0649:instance:45;2023-05-30_0649:instance:49
2023-05-30_0649:semantic:T030:A016:C00032	2023-05-30_0649	0	weed	1	1	1	0	0	2023-05-30_0649:instance:45	2023-05-30_0649:instance:45
2023-05-30_0649:semantic:T030:A016:C00033	2023-05-30_0649	0	crop	0	0	1	0	0		
2023-05-30_0649:semantic:T030:A016:C00034	2023-05-30_0649	0	crop	0	0	1	0	0		
2023-05-30_0649:semantic:T030:A016:C00035	2023-05-30_0649	0	ambiguous_or_background	0	0	1	0	0		
2023-05-30_0649:semantic:T030:A016:C00036	2023-05-30_0649	0	crop	0	0	1	0	0		
2023-05-30_0649:semantic:T030:A016:C00037	2023-05-30_0649	0	ambiguous_or_background	0	0	1	0	0		
2023-05-30_0649:semantic:T030:A016:C00038	2023-05-30_0649	0	weed	1	1	1	0	0	2023-05-30_0649:instance:77	2023-05-30_0649:instance:77
2023-05-30_0649:semantic:T030:A016:C00039	2023-05-30_0649	0	weed	2	2	1	0	0	2023-05-30_0649:instance:79;2023-05-30_0649:instance:80	2023-05-30_0649:instance:79;2023-05-30_0649:instance:80
2023-05-30_0649:semantic:T030:A016:C00040	2023-05-30_0649	0	weed	1	1	1	0	0	2023-05-30_0649:instance:81	2023-05-30_0649:instance:81
2023-05-30_0649:semantic:T030:A016:C00041	2023-05-30_0649	0	ambiguous_or_background	0	0	1	0	0		
2023-05-30_0649:semantic:T030:A016:C00042	2023-05-30_0649	0	weed	0	0	1	0	0		
2023-05-30_0649:semantic:T030:A016:C00043	2023-05-30_0649	0	weed	1	1	1	0	0	2023-05-30_0649:instance:43	2023-05-30_0649:instance:43
2023-05-30_0649:semantic:T030:A016:C00044	2023-05-30_0649	0	ambiguous_or_background	0	0	1	0	0		
2023-05-30_0649:semantic:T030:A016:C00045	2023-05-30_0649	0	weed	1	1	1	0	0	2023-05-30_0649:instance:1	2023-05-30_0649:instance:1
2023-05-30_0649:semantic:T030:A016:C00046	2023-05-30_0649	0	ambiguous_or_background	0	1	0	0	1		2023-05-30_0649:instance:27
2023-05-30_0649:semantic:T030:A016:C00047	2023-05-30_0649	0	weed	1	1	1	0	0	2023-05-30_0649:instance:2	2023-05-30_0649:instance:2
2023-05-30_0649:semantic:T030:A016:C00048	2023-05-30_0649	1	weed	3	3	1	0	0	2023-05-30_0649:instance:38;2023-05-30_0649:instance:39;2023-05-30_0649:instance:40	2023-05-30_0649:instance:38;2023-05-30_0649:instance:39;2023-05-30_0649:instance:40
2023-05-30_0649:semantic:T030:A016:C00049	2023-05-30_0649	1	weed	2	2	1	0	0	2023-05-30_0649:instance:30;2023-05-30_0649:instance:31	2023-05-30_0649:instance:30;2023-05-30_0649:instance:31
2023-05-30_0649:semantic:T030:A016:C00050	2023-05-30_0649	1	weed	1	1	1	0	0	2023-05-30_0649:instance:28	2023-05-30_0649:instance:28
2023-05-30_0649:semantic:T030:A016:C00051	2023-05-30_0649	0	weed	1	1	1	0	0	2023-05-30_0649:instance:29	2023-05-30_0649:instance:29
2023-05-30_0649:semantic:T030:A016:C00052	2023-05-30_0649	0	weed	1	1	1	0	0	2023-05-30_0649:instance:25	2023-05-30_0649:instance:25
2023-05-30_0649:semantic:T030:A016:C00053	2023-05-30_0649	0	weed	1	1	1	0	0	2023-05-30_0649:instance:26	2023-05-30_0649:instance:26
2023-05-30_0649:semantic:T030:A016:C00054	2023-05-30_0649	0	weed	1	1	1	0	0	2023-05-30_0649:instance:32	2023-05-30_0649:instance:32
2023-05-30_0649:semantic:T030:A016:C00055	2023-05-30_0649	0	ambiguous_or_background	0	0	1	0	0		
2023-05-30_0649:semantic:T030:A016:C00056	2023-05-30_0649	0	weed	1	1	1	0	0	2023-05-30_0649:instance:3	2023-05-30_0649:instance:3
2023-05-30_0649:semantic:T030:A016:C00057	2023-05-30_0649	0	weed	1	1	1	0	0	2023-05-30_0649:instance:5	2023-05-30_0649:instance:5
2023-05-30_0649:semantic:T030:A016:C00058	2023-05-30_0649	0	ambiguous_or_background	0	1	0	0	1		2023-05-30_0649:instance:7
2023-05-30_0649:semantic:T030:A016:C00059	2023-05-30_0649	0	weed	1	1	1	0	0	2023-05-30_0649:instance:6	2023-05-30_0649:instance:6
2023-05-30_0649:semantic:T030:A016:C00060	2023-05-30_0649	0	weed	1	1	1	0	0	2023-05-30_0649:instance:34	2023-05-30_0649:instance:34
2023-05-30_0649:semantic:T030:A016:C00062	2023-05-30_0649	0	weed	2	2	1	0	0	2023-05-30_0649:instance:10;2023-05-30_0649:instance:9	2023-05-30_0649:instance:10;2023-05-30_0649:instance:9
2023-05-30_0649:semantic:T030:A016:C00063	2023-05-30_0649	1	weed	1	1	1	0	0	2023-05-30_0649:instance:82	2023-05-30_0649:instance:82
2023-05-30_0649:semantic:T030:A016:C00064	2023-05-30_0649	0	weed	1	1	1	0	0	2023-05-30_0649:instance:4	2023-05-30_0649:instance:4
2023-05-30_0649:semantic:T030:A016:C00067	2023-05-30_0649	0	weed	1	1	1	0	0	2023-05-30_0649:instance:11	2023-05-30_0649:instance:11
2023-05-30_0649:semantic:T030:A016:C00068	2023-05-30_0649	1	weed	1	1	1	0	0	2023-05-30_0649:instance:84	2023-05-30_0649:instance:84
2023-05-30_0649:semantic:T030:A016:C00069	2023-05-30_0649	0	weed	1	1	1	0	0	2023-05-30_0649:instance:33	2023-05-30_0649:instance:33
2023-05-30_0649:semantic:T030:A016:C00070	2023-05-30_0649	0	weed	1	1	1	0	0	2023-05-30_0649:instance:35	2023-05-30_0649:instance:35
2023-05-30_0649:semantic:T030:A016:C00071	2023-05-30_0649	0	weed	1	1	1	0	0	2023-05-30_0649:instance:12	2023-05-30_0649:instance:12
2023-05-30_0649:semantic:T030:A016:C00072	2023-05-30_0649	1	weed	1	1	1	0	0	2023-05-30_0649:instance:8	2023-05-30_0649:instance:8
2023-05-30_0649:semantic:T030:A016:C00073	2023-05-30_0649	1	weed	2	2	1	0	0	2023-05-30_0649:instance:92;2023-05-30_0649:instance:93	2023-05-30_0649:instance:92;2023-05-30_0649:instance:93
2023-05-30_0649:semantic:T030:A016:C00074	2023-05-30_0649	0	weed	2	2	1	0	0	2023-05-30_0649:instance:88;2023-05-30_0649:instance:89	2023-05-30_0649:instance:88;2023-05-30_0649:instance:89
2023-05-30_0649:semantic:T030:A016:C00075	2023-05-30_0649	0	weed	1	2	0	0	1	2023-05-30_0649:instance:95	2023-05-30_0649:instance:36;2023-05-30_0649:instance:95
2023-05-30_0649:semantic:T030:A016:C00076	2023-05-30_0649	0	weed	1	1	1	0	0	2023-05-30_0649:instance:86	2023-05-30_0649:instance:86
2023-05-30_0649:semantic:T030:A016:C00077	2023-05-30_0649	1	weed	3	3	1	0	0	2023-05-30_0649:instance:22;2023-05-30_0649:instance:23;2023-05-30_0649:instance:24	2023-05-30_0649:instance:22;2023-05-30_0649:instance:23;2023-05-30_0649:instance:24
2023-05-30_0649:semantic:T030:A016:C00078	2023-05-30_0649	1	weed	1	1	1	0	0	2023-05-30_0649:instance:85	2023-05-30_0649:instance:85
2023-05-30_0649:semantic:T030:A016:C00080	2023-05-30_0649	0	weed	1	1	1	0	0	2023-05-30_0649:instance:13	2023-05-30_0649:instance:13
2023-05-30_0649:semantic:T030:A016:C00081	2023-05-30_0649	1	weed	1	1	1	0	0	2023-05-30_0649:instance:87	2023-05-30_0649:instance:87
2023-05-30_0649:semantic:T030:A016:C00082	2023-05-30_0649	0	weed	1	1	1	0	0	2023-05-30_0649:instance:96	2023-05-30_0649:instance:96
2023-05-30_0649:semantic:T030:A016:C00083	2023-05-30_0649	0	weed	1	1	1	0	0	2023-05-30_0649:instance:37	2023-05-30_0649:instance:37
2023-05-30_0649:semantic:T030:A016:C00084	2023-05-30_0649	0	weed	1	1	1	0	0	2023-05-30_0649:instance:19	2023-05-30_0649:instance:19
2023-05-30_0649:semantic:T030:A016:C00085	2023-05-30_0649	0	ambiguous_or_background	0	0	1	0	0		
2023-05-30_0649:semantic:T030:A016:C00086	2023-05-30_0649	0	weed	2	2	1	0	0	2023-05-30_0649:instance:15;2023-05-30_0649:instance:16	2023-05-30_0649:instance:15;2023-05-30_0649:instance:16
2023-05-30_0649:semantic:T030:A016:C00087	2023-05-30_0649	1	weed	1	1	1	0	0	2023-05-30_0649:instance:14	2023-05-30_0649:instance:14
2023-05-30_0649:semantic:T030:A016:C00088	2023-05-30_0649	0	weed	1	1	1	0	0	2023-05-30_0649:instance:94	2023-05-30_0649:instance:94
2023-05-30_0649:semantic:T030:A016:C00089	2023-05-30_0649	0	weed	2	2	1	0	0	2023-05-30_0649:instance:90;2023-05-30_0649:instance:91	2023-05-30_0649:instance:90;2023-05-30_0649:instance:91
2023-05-30_0652:semantic:T030:A016:C00001	2023-05-30_0652	0	weed	3	3	1	0	0	2023-05-30_0652:instance:38;2023-05-30_0652:instance:39;2023-05-30_0652:instance:40	2023-05-30_0652:instance:38;2023-05-30_0652:instance:39;2023-05-30_0652:instance:40
2023-05-30_0652:semantic:T030:A016:C00002	2023-05-30_0652	0	weed	1	1	1	0	0	2023-05-30_0652:instance:41	2023-05-30_0652:instance:41
2023-05-30_0652:semantic:T030:A016:C00003	2023-05-30_0652	1	weed	1	1	1	0	0	2023-05-30_0652:instance:37	2023-05-30_0652:instance:37
2023-05-30_0652:semantic:T030:A016:C00004	2023-05-30_0652	1	weed	1	1	1	0	0	2023-05-30_0652:instance:34	2023-05-30_0652:instance:34
2023-05-30_0652:semantic:T030:A016:C00005	2023-05-30_0652	0	ambiguous_or_background	0	0	1	0	0		
2023-05-30_0652:semantic:T030:A016:C00006	2023-05-30_0652	0	ambiguous_or_background	0	0	1	0	0		
2023-05-30_0652:semantic:T030:A016:C00007	2023-05-30_0652	0	weed	1	1	1	0	0	2023-05-30_0652:instance:33	2023-05-30_0652:instance:33
2023-05-30_0652:semantic:T030:A016:C00008	2023-05-30_0652	0	weed	1	1	1	0	0	2023-05-30_0652:instance:32	2023-05-30_0652:instance:32
2023-05-30_0652:semantic:T030:A016:C00009	2023-05-30_0652	1	weed	1	1	1	0	0	2023-05-30_0652:instance:42	2023-05-30_0652:instance:42
2023-05-30_0652:semantic:T030:A016:C00010	2023-05-30_0652	0	ambiguous_or_background	0	0	1	0	0		
2023-05-30_0652:semantic:T030:A016:C00011	2023-05-30_0652	1	weed	1	1	1	0	0	2023-05-30_0652:instance:22	2023-05-30_0652:instance:22
2023-05-30_0652:semantic:T030:A016:C00012	2023-05-30_0652	1	weed	1	1	1	0	0	2023-05-30_0652:instance:21	2023-05-30_0652:instance:21
2023-05-30_0652:semantic:T030:A016:C00013	2023-05-30_0652	1	weed	1	1	1	0	0	2023-05-30_0652:instance:23	2023-05-30_0652:instance:23
2023-05-30_0652:semantic:T030:A016:C00014	2023-05-30_0652	1	weed	2	2	1	0	0	2023-05-30_0652:instance:18;2023-05-30_0652:instance:19	2023-05-30_0652:instance:18;2023-05-30_0652:instance:19
2023-05-30_0652:semantic:T030:A016:C00015	2023-05-30_0652	1	weed	1	1	1	0	0	2023-05-30_0652:instance:25	2023-05-30_0652:instance:25
2023-05-30_0652:semantic:T030:A016:C00016	2023-05-30_0652	0	weed	1	1	1	0	0	2023-05-30_0652:instance:20	2023-05-30_0652:instance:20
2023-05-30_0652:semantic:T030:A016:C00017	2023-05-30_0652	0	weed	1	1	1	0	0	2023-05-30_0652:instance:43	2023-05-30_0652:instance:43
2023-05-30_0652:semantic:T030:A016:C00018	2023-05-30_0652	0	weed	1	1	1	0	0	2023-05-30_0652:instance:24	2023-05-30_0652:instance:24
2023-05-30_0652:semantic:T030:A016:C00019	2023-05-30_0652	0	weed	0	0	1	0	0		
2023-05-30_0652:semantic:T030:A016:C00020	2023-05-30_0652	1	weed	1	1	1	0	0	2023-05-30_0652:instance:8	2023-05-30_0652:instance:8
2023-05-30_0652:semantic:T030:A016:C00021	2023-05-30_0652	0	weed	1	1	1	0	0	2023-05-30_0652:instance:9	2023-05-30_0652:instance:9
2023-05-30_0652:semantic:T030:A016:C00022	2023-05-30_0652	0	ambiguous_or_background	0	1	0	0	1		2023-05-30_0652:instance:29
2023-05-30_0652:semantic:T030:A016:C00023	2023-05-30_0652	0	crop	0	0	1	0	0		
2023-05-30_0652:semantic:T030:A016:C00024	2023-05-30_0652	0	crop	0	0	1	0	0		
2023-05-30_0652:semantic:T030:A016:C00025	2023-05-30_0652	0	crop	0	0	1	0	0		
2023-05-30_0652:semantic:T030:A016:C00026	2023-05-30_0652	0	weed	1	1	1	0	0	2023-05-30_0652:instance:5	2023-05-30_0652:instance:5
2023-05-30_0652:semantic:T030:A016:C00027	2023-05-30_0652	0	crop	0	0	1	0	0		
2023-05-30_0652:semantic:T030:A016:C00028	2023-05-30_0652	1	weed	1	1	1	0	0	2023-05-30_0652:instance:4	2023-05-30_0652:instance:4
2023-05-30_0652:semantic:T030:A016:C00029	2023-05-30_0652	0	crop	0	0	1	0	0		
2023-05-30_0652:semantic:T030:A016:C00030	2023-05-30_0652	1	weed	1	1	1	0	0	2023-05-30_0652:instance:10	2023-05-30_0652:instance:10
2023-05-30_0652:semantic:T030:A016:C00031	2023-05-30_0652	0	crop	0	1	0	0	1		2023-05-30_0652:instance:15
2023-05-30_0652:semantic:T030:A016:C00032	2023-05-30_0652	0	weed	1	1	1	0	0	2023-05-30_0652:instance:14	2023-05-30_0652:instance:14
2023-05-30_0652:semantic:T030:A016:C00033	2023-05-30_0652	1	weed	1	1	1	0	0	2023-05-30_0652:instance:3	2023-05-30_0652:instance:3
2023-05-30_0652:semantic:T030:A016:C00034	2023-05-30_0652	1	weed	1	1	1	0	0	2023-05-30_0652:instance:2	2023-05-30_0652:instance:2
2023-05-30_0652:semantic:T030:A016:C00035	2023-05-30_0652	0	weed	1	1	1	0	0	2023-05-30_0652:instance:11	2023-05-30_0652:instance:11
2023-05-30_0652:semantic:T030:A016:C00037	2023-05-30_0652	0	ambiguous_or_background	0	0	1	0	0		
2023-05-30_0652:semantic:T030:A016:C00038	2023-05-30_0652	0	ambiguous_or_background	0	0	1	0	0		
2023-05-30_0652:semantic:T030:A016:C00039	2023-05-30_0652	1	ambiguous_or_background	0	0	1	0	0		
2023-05-30_0652:semantic:T030:A016:C00040	2023-05-30_0652	0	weed	1	1	1	0	0	2023-05-30_0652:instance:57	2023-05-30_0652:instance:57
2023-05-30_0652:semantic:T030:A016:C00041	2023-05-30_0652	1	weed	1	1	1	0	0	2023-05-30_0652:instance:7	2023-05-30_0652:instance:7
2023-05-30_0652:semantic:T030:A016:C00042	2023-05-30_0652	1	weed	1	1	1	0	0	2023-05-30_0652:instance:44	2023-05-30_0652:instance:44
2023-05-30_0652:semantic:T030:A016:C00043	2023-05-30_0652	1	weed	1	1	1	0	0	2023-05-30_0652:instance:46	2023-05-30_0652:instance:46
2023-05-30_0652:semantic:T030:A016:C00045	2023-05-30_0652	0	weed	1	1	1	0	0	2023-05-30_0652:instance:60	2023-05-30_0652:instance:60
2023-05-30_0652:semantic:T030:A016:C00046	2023-05-30_0652	0	weed	3	3	1	0	0	2023-05-30_0652:instance:54;2023-05-30_0652:instance:55;2023-05-30_0652:instance:56	2023-05-30_0652:instance:54;2023-05-30_0652:instance:55;2023-05-30_0652:instance:56
2023-05-30_0652:semantic:T030:A016:C00047	2023-05-30_0652	1	weed	1	1	1	0	0	2023-05-30_0652:instance:45	2023-05-30_0652:instance:45
2023-05-30_0652:semantic:T030:A016:C00048	2023-05-30_0652	0	weed	0	0	1	0	0		
2023-05-30_0652:semantic:T030:A016:C00049	2023-05-30_0652	0	weed	1	1	1	0	0	2023-05-30_0652:instance:47	2023-05-30_0652:instance:47
2023-05-30_0652:semantic:T030:A016:C00050	2023-05-30_0652	1	weed	2	2	1	0	0	2023-05-30_0652:instance:52;2023-05-30_0652:instance:53	2023-05-30_0652:instance:52;2023-05-30_0652:instance:53
2023-05-30_0652:semantic:T030:A016:C00051	2023-05-30_0652	0	weed	1	1	1	0	0	2023-05-30_0652:instance:49	2023-05-30_0652:instance:49
2023-05-30_0652:semantic:T030:A016:C00052	2023-05-30_0652	1	weed	1	1	1	0	0	2023-05-30_0652:instance:48	2023-05-30_0652:instance:48
2023-05-30_0652:semantic:T030:A016:C00053	2023-05-30_0652	0	weed	1	1	1	0	0	2023-05-30_0652:instance:51	2023-05-30_0652:instance:51
2023-05-30_0720:semantic:T030:A016:C00001	2023-05-30_0720	0	weed	1	1	1	0	0	2023-05-30_0720:instance:53	2023-05-30_0720:instance:53
2023-05-30_0720:semantic:T030:A016:C00002	2023-05-30_0720	1	weed	1	1	1	0	0	2023-05-30_0720:instance:51	2023-05-30_0720:instance:51
2023-05-30_0720:semantic:T030:A016:C00003	2023-05-30_0720	1	weed	1	1	1	0	0	2023-05-30_0720:instance:10	2023-05-30_0720:instance:10
2023-05-30_0720:semantic:T030:A016:C00004	2023-05-30_0720	0	weed	1	1	1	0	0	2023-05-30_0720:instance:49	2023-05-30_0720:instance:49
2023-05-30_0720:semantic:T030:A016:C00005	2023-05-30_0720	0	weed	1	1	1	0	0	2023-05-30_0720:instance:9	2023-05-30_0720:instance:9
2023-05-30_0720:semantic:T030:A016:C00006	2023-05-30_0720	0	weed	1	1	1	0	0	2023-05-30_0720:instance:52	2023-05-30_0720:instance:52
2023-05-30_0720:semantic:T030:A016:C00008	2023-05-30_0720	0	crop	0	0	1	0	0		
2023-05-30_0720:semantic:T030:A016:C00009	2023-05-30_0720	0	crop	0	0	1	0	0		
2023-05-30_0720:semantic:T030:A016:C00010	2023-05-30_0720	0	weed	1	1	1	0	0	2023-05-30_0720:instance:5	2023-05-30_0720:instance:5
2023-05-30_0720:semantic:T030:A016:C00011	2023-05-30_0720	0	crop	0	0	1	0	0		
2023-05-30_0720:semantic:T030:A016:C00012	2023-05-30_0720	0	crop	0	0	1	0	0		
2023-05-30_0720:semantic:T030:A016:C00013	2023-05-30_0720	0	crop	0	0	1	0	0		
2023-05-30_0720:semantic:T030:A016:C00014	2023-05-30_0720	0	ambiguous_or_background	0	0	1	0	0		
2023-05-30_0720:semantic:T030:A016:C00016	2023-05-30_0720	0	weed	1	1	1	0	0	2023-05-30_0720:instance:50	2023-05-30_0720:instance:50
2023-05-30_0720:semantic:T030:A016:C00017	2023-05-30_0720	0	ambiguous_or_background	0	0	1	0	0		
2023-05-30_0720:semantic:T030:A016:C00019	2023-05-30_0720	1	weed	1	1	1	0	0	2023-05-30_0720:instance:6	2023-05-30_0720:instance:6
2023-05-30_0720:semantic:T030:A016:C00020	2023-05-30_0720	0	ambiguous_or_background	0	0	1	0	0		
2023-05-30_0720:semantic:T030:A016:C00021	2023-05-30_0720	1	ambiguous_or_background	0	1	0	0	1		2023-05-30_0720:instance:7
2023-05-30_0720:semantic:T030:A016:C00022	2023-05-30_0720	0	ambiguous_or_background	0	1	0	0	1		2023-05-30_0720:instance:60
2023-05-30_0720:semantic:T030:A016:C00023	2023-05-30_0720	0	ambiguous_or_background	0	0	1	0	0		
2023-05-30_0720:semantic:T030:A016:C00024	2023-05-30_0720	1	weed	1	1	1	0	0	2023-05-30_0720:instance:18	2023-05-30_0720:instance:18
2023-05-30_0720:semantic:T030:A016:C00025	2023-05-30_0720	1	weed	1	1	1	0	0	2023-05-30_0720:instance:17	2023-05-30_0720:instance:17
2023-05-30_0720:semantic:T030:A016:C00026	2023-05-30_0720	0	weed	1	1	1	0	0	2023-05-30_0720:instance:19	2023-05-30_0720:instance:19
2023-05-30_0720:semantic:T030:A016:C00027	2023-05-30_0720	1	weed	1	1	1	0	0	2023-05-30_0720:instance:22	2023-05-30_0720:instance:22
2023-05-30_0720:semantic:T030:A016:C00028	2023-05-30_0720	0	crop	0	0	1	0	0		
2023-05-30_0720:semantic:T030:A016:C00029	2023-05-30_0720	0	crop	0	0	1	0	0		
2023-05-30_0720:semantic:T030:A016:C00030	2023-05-30_0720	0	crop	0	0	1	0	0		
2023-05-30_0720:semantic:T030:A016:C00031	2023-05-30_0720	0	ambiguous_or_background	0	0	1	0	0		
2023-05-30_0720:semantic:T030:A016:C00032	2023-05-30_0720	0	crop	0	0	1	0	0		
2023-05-30_0720:semantic:T030:A016:C00033	2023-05-30_0720	0	weed	1	1	1	0	0	2023-05-30_0720:instance:25	2023-05-30_0720:instance:25
2023-05-30_0720:semantic:T030:A016:C00034	2023-05-30_0720	1	weed	1	1	1	0	0	2023-05-30_0720:instance:13	2023-05-30_0720:instance:13
2023-05-30_0720:semantic:T030:A016:C00035	2023-05-30_0720	0	crop	0	0	1	0	0		
2023-05-30_0720:semantic:T030:A016:C00036	2023-05-30_0720	0	weed	1	1	1	0	0	2023-05-30_0720:instance:23	2023-05-30_0720:instance:23
2023-05-30_0720:semantic:T030:A016:C00037	2023-05-30_0720	0	crop	0	0	1	0	0		
2023-05-30_0720:semantic:T030:A016:C00038	2023-05-30_0720	0	crop	0	0	1	0	0		
2023-05-30_0720:semantic:T030:A016:C00039	2023-05-30_0720	0	weed	1	1	1	0	0	2023-05-30_0720:instance:26	2023-05-30_0720:instance:26
2023-05-30_0720:semantic:T030:A016:C00040	2023-05-30_0720	0	weed	1	1	1	0	0	2023-05-30_0720:instance:12	2023-05-30_0720:instance:12
2023-05-30_0720:semantic:T030:A016:C00041	2023-05-30_0720	0	crop	0	0	1	0	0		
2023-05-30_0720:semantic:T030:A016:C00042	2023-05-30_0720	1	weed	1	1	1	0	0	2023-05-30_0720:instance:33	2023-05-30_0720:instance:33
2023-05-30_0720:semantic:T030:A016:C00043	2023-05-30_0720	0	weed	1	1	1	0	0	2023-05-30_0720:instance:31	2023-05-30_0720:instance:31
2023-05-30_0720:semantic:T030:A016:C00044	2023-05-30_0720	1	weed	1	1	1	0	0	2023-05-30_0720:instance:32	2023-05-30_0720:instance:32
2023-05-30_0720:semantic:T030:A016:C00045	2023-05-30_0720	0	weed	1	1	1	0	0	2023-05-30_0720:instance:14	2023-05-30_0720:instance:14
2023-05-30_0720:semantic:T030:A016:C00046	2023-05-30_0720	1	weed	3	3	1	0	0	2023-05-30_0720:instance:45;2023-05-30_0720:instance:46;2023-05-30_0720:instance:47	2023-05-30_0720:instance:45;2023-05-30_0720:instance:46;2023-05-30_0720:instance:47
2023-05-30_0720:semantic:T030:A016:C00047	2023-05-30_0720	1	weed	1	1	1	0	0	2023-05-30_0720:instance:36	2023-05-30_0720:instance:36
2023-05-30_0720:semantic:T030:A016:C00048	2023-05-30_0720	1	weed	2	2	1	0	0	2023-05-30_0720:instance:39;2023-05-30_0720:instance:58	2023-05-30_0720:instance:39;2023-05-30_0720:instance:58
2023-05-30_0720:semantic:T030:A016:C00049	2023-05-30_0720	1	weed	3	3	1	0	0	2023-05-30_0720:instance:40;2023-05-30_0720:instance:41;2023-05-30_0720:instance:42	2023-05-30_0720:instance:40;2023-05-30_0720:instance:41;2023-05-30_0720:instance:42
2023-05-30_0720:semantic:T030:A016:C00050	2023-05-30_0720	1	weed	1	1	1	0	0	2023-05-30_0720:instance:30	2023-05-30_0720:instance:30
2023-05-30_0720:semantic:T030:A016:C00051	2023-05-30_0720	1	weed	1	2	0	0	1	2023-05-30_0720:instance:35	2023-05-30_0720:instance:35;2023-05-30_0720:instance:56
2023-05-30_0720:semantic:T030:A016:C00052	2023-05-30_0720	1	weed	1	1	1	0	0	2023-05-30_0720:instance:37	2023-05-30_0720:instance:37
2023-05-30_0720:semantic:T030:A016:C00053	2023-05-30_0720	1	weed	1	1	1	0	0	2023-05-30_0720:instance:54	2023-05-30_0720:instance:54
2023-05-30_0720:semantic:T030:A016:C00054	2023-05-30_0720	0	weed	1	1	1	0	0	2023-05-30_0720:instance:34	2023-05-30_0720:instance:34
2023-05-30_0720:semantic:T030:A016:C00055	2023-05-30_0720	1	weed	1	1	1	0	0	2023-05-30_0720:instance:38	2023-05-30_0720:instance:38
2023-05-30_0720:semantic:T030:A016:C00056	2023-05-30_0720	1	weed	1	1	1	0	0	2023-05-30_0720:instance:43	2023-05-30_0720:instance:43
2023-05-30_0720:semantic:T030:A016:C00057	2023-05-30_0720	0	weed	1	1	1	0	0	2023-05-30_0720:instance:55	2023-05-30_0720:instance:55
2023-05-30_0720:semantic:T030:A016:C00058	2023-05-30_0720	0	weed	1	1	1	0	0	2023-05-30_0720:instance:48	2023-05-30_0720:instance:48
2023-05-30_0720:semantic:T030:A016:C00059	2023-05-30_0720	0	weed	1	1	1	0	0	2023-05-30_0720:instance:44	2023-05-30_0720:instance:44
2023-05-30_0720:semantic:T030:A016:C00060	2023-05-30_0720	0	weed	1	1	1	0	0	2023-05-30_0720:instance:59	2023-05-30_0720:instance:59
2023-05-30_0750:semantic:T030:A016:C00001	2023-05-30_0750	1	weed	2	2	1	0	0	2023-05-30_0750:instance:70;2023-05-30_0750:instance:71	2023-05-30_0750:instance:70;2023-05-30_0750:instance:71
2023-05-30_0750:semantic:T030:A016:C00002	2023-05-30_0750	0	weed	1	1	1	0	0	2023-05-30_0750:instance:75	2023-05-30_0750:instance:75
2023-05-30_0750:semantic:T030:A016:C00003	2023-05-30_0750	0	weed	1	1	1	0	0	2023-05-30_0750:instance:78	2023-05-30_0750:instance:78
2023-05-30_0750:semantic:T030:A016:C00004	2023-05-30_0750	1	weed	1	1	1	0	0	2023-05-30_0750:instance:69	2023-05-30_0750:instance:69
2023-05-30_0750:semantic:T030:A016:C00005	2023-05-30_0750	0	ambiguous_or_background	0	0	1	0	0		
2023-05-30_0750:semantic:T030:A016:C00006	2023-05-30_0750	0	ambiguous_or_background	0	1	0	0	1		2023-05-30_0750:instance:76
2023-05-30_0750:semantic:T030:A016:C00007	2023-05-30_0750	0	weed	2	2	1	0	0	2023-05-30_0750:instance:73;2023-05-30_0750:instance:74	2023-05-30_0750:instance:73;2023-05-30_0750:instance:74
2023-05-30_0750:semantic:T030:A016:C00008	2023-05-30_0750	1	weed	1	1	1	0	0	2023-05-30_0750:instance:72	2023-05-30_0750:instance:72
2023-05-30_0750:semantic:T030:A016:C00009	2023-05-30_0750	1	weed	1	1	1	0	0	2023-05-30_0750:instance:77	2023-05-30_0750:instance:77
2023-05-30_0750:semantic:T030:A016:C00010	2023-05-30_0750	1	weed	1	1	1	0	0	2023-05-30_0750:instance:58	2023-05-30_0750:instance:58
2023-05-30_0750:semantic:T030:A016:C00011	2023-05-30_0750	0	weed	1	1	1	0	0	2023-05-30_0750:instance:68	2023-05-30_0750:instance:68
2023-05-30_0750:semantic:T030:A016:C00012	2023-05-30_0750	0	weed	1	1	1	0	0	2023-05-30_0750:instance:79	2023-05-30_0750:instance:79
2023-05-30_0750:semantic:T030:A016:C00013	2023-05-30_0750	0	ambiguous_or_background	0	0	1	0	0		
2023-05-30_0750:semantic:T030:A016:C00014	2023-05-30_0750	0	ambiguous_or_background	0	0	1	0	0		
2023-05-30_0750:semantic:T030:A016:C00015	2023-05-30_0750	1	weed	1	1	1	0	0	2023-05-30_0750:instance:67	2023-05-30_0750:instance:67
2023-05-30_0750:semantic:T030:A016:C00016	2023-05-30_0750	0	ambiguous_or_background	0	2	0	0	2		2023-05-30_0750:instance:62;2023-05-30_0750:instance:63
2023-05-30_0750:semantic:T030:A016:C00017	2023-05-30_0750	0	weed	1	1	1	0	0	2023-05-30_0750:instance:57	2023-05-30_0750:instance:57
2023-05-30_0750:semantic:T030:A016:C00018	2023-05-30_0750	0	crop	0	0	1	0	0		
2023-05-30_0750:semantic:T030:A016:C00019	2023-05-30_0750	0	crop	0	0	1	0	0		
2023-05-30_0750:semantic:T030:A016:C00020	2023-05-30_0750	0	weed	1	1	1	0	0	2023-05-30_0750:instance:56	2023-05-30_0750:instance:56
2023-05-30_0750:semantic:T030:A016:C00021	2023-05-30_0750	0	weed	1	1	1	0	0	2023-05-30_0750:instance:59	2023-05-30_0750:instance:59
2023-05-30_0750:semantic:T030:A016:C00022	2023-05-30_0750	0	crop	0	1	0	0	1		2023-05-30_0750:instance:54
2023-05-30_0750:semantic:T030:A016:C00023	2023-05-30_0750	0	weed	0	0	1	0	0		
2023-05-30_0750:semantic:T030:A016:C00024	2023-05-30_0750	0	weed	1	1	1	0	0	2023-05-30_0750:instance:55	2023-05-30_0750:instance:55
2023-05-30_0750:semantic:T030:A016:C00025	2023-05-30_0750	0	weed	1	1	1	0	0	2023-05-30_0750:instance:65	2023-05-30_0750:instance:65
2023-05-30_0750:semantic:T030:A016:C00026	2023-05-30_0750	0	crop	0	0	1	0	0		
2023-05-30_0750:semantic:T030:A016:C00027	2023-05-30_0750	0	crop	0	0	1	0	0		
2023-05-30_0750:semantic:T030:A016:C00028	2023-05-30_0750	1	weed	1	1	1	0	0	2023-05-30_0750:instance:61	2023-05-30_0750:instance:61
2023-05-30_0750:semantic:T030:A016:C00029	2023-05-30_0750	1	weed	1	1	1	0	0	2023-05-30_0750:instance:52	2023-05-30_0750:instance:52
2023-05-30_0750:semantic:T030:A016:C00030	2023-05-30_0750	0	weed	1	1	1	0	0	2023-05-30_0750:instance:51	2023-05-30_0750:instance:51
2023-05-30_0750:semantic:T030:A016:C00032	2023-05-30_0750	0	crop	0	0	1	0	0		
2023-05-30_0750:semantic:T030:A016:C00033	2023-05-30_0750	0	weed	1	1	1	0	0	2023-05-30_0750:instance:53	2023-05-30_0750:instance:53
2023-05-30_0750:semantic:T030:A016:C00034	2023-05-30_0750	0	weed	1	1	1	0	0	2023-05-30_0750:instance:50	2023-05-30_0750:instance:50
2023-05-30_0750:semantic:T030:A016:C00035	2023-05-30_0750	0	weed	1	1	1	0	0	2023-05-30_0750:instance:48	2023-05-30_0750:instance:48
2023-05-30_0750:semantic:T030:A016:C00036	2023-05-30_0750	0	ambiguous_or_background	0	0	1	0	0		
2023-05-30_0750:semantic:T030:A016:C00037	2023-05-30_0750	1	weed	2	2	1	0	0	2023-05-30_0750:instance:46;2023-05-30_0750:instance:47	2023-05-30_0750:instance:46;2023-05-30_0750:instance:47
2023-05-30_0750:semantic:T030:A016:C00038	2023-05-30_0750	1	weed	1	1	1	0	0	2023-05-30_0750:instance:49	2023-05-30_0750:instance:49
2023-05-30_0750:semantic:T030:A016:C00039	2023-05-30_0750	1	weed	1	1	1	0	0	2023-05-30_0750:instance:44	2023-05-30_0750:instance:44
2023-05-30_0750:semantic:T030:A016:C00040	2023-05-30_0750	0	weed	1	1	1	0	0	2023-05-30_0750:instance:80	2023-05-30_0750:instance:80
2023-05-30_0750:semantic:T030:A016:C00041	2023-05-30_0750	0	weed	1	1	1	0	0	2023-05-30_0750:instance:45	2023-05-30_0750:instance:45
2023-05-30_0750:semantic:T030:A016:C00042	2023-05-30_0750	1	weed	1	1	1	0	0	2023-05-30_0750:instance:35	2023-05-30_0750:instance:35
2023-05-30_0750:semantic:T030:A016:C00043	2023-05-30_0750	1	weed	1	1	1	0	0	2023-05-30_0750:instance:31	2023-05-30_0750:instance:31
2023-05-30_0750:semantic:T030:A016:C00044	2023-05-30_0750	1	weed	1	1	1	0	0	2023-05-30_0750:instance:42	2023-05-30_0750:instance:42
2023-05-30_0750:semantic:T030:A016:C00045	2023-05-30_0750	0	weed	1	1	1	0	0	2023-05-30_0750:instance:43	2023-05-30_0750:instance:43
2023-05-30_0750:semantic:T030:A016:C00047	2023-05-30_0750	1	weed	2	2	1	0	0	2023-05-30_0750:instance:32;2023-05-30_0750:instance:33	2023-05-30_0750:instance:32;2023-05-30_0750:instance:33
2023-05-30_0750:semantic:T030:A016:C00048	2023-05-30_0750	1	weed	1	1	1	0	0	2023-05-30_0750:instance:38	2023-05-30_0750:instance:38
2023-05-30_0750:semantic:T030:A016:C00049	2023-05-30_0750	1	weed	1	1	1	0	0	2023-05-30_0750:instance:34	2023-05-30_0750:instance:34
2023-05-30_0750:semantic:T030:A016:C00050	2023-05-30_0750	0	weed	1	1	1	0	0	2023-05-30_0750:instance:41	2023-05-30_0750:instance:41
2023-05-30_0750:semantic:T030:A016:C00051	2023-05-30_0750	0	weed	1	1	1	0	0	2023-05-30_0750:instance:39	2023-05-30_0750:instance:39
2023-05-30_0750:semantic:T030:A016:C00052	2023-05-30_0750	0	weed	1	1	1	0	0	2023-05-30_0750:instance:40	2023-05-30_0750:instance:40
2023-05-30_0750:semantic:T030:A016:C00053	2023-05-30_0750	1	weed	1	1	1	0	0	2023-05-30_0750:instance:19	2023-05-30_0750:instance:19
2023-05-30_0750:semantic:T030:A016:C00054	2023-05-30_0750	0	weed	2	2	1	0	0	2023-05-30_0750:instance:36;2023-05-30_0750:instance:37	2023-05-30_0750:instance:36;2023-05-30_0750:instance:37
2023-05-30_0750:semantic:T030:A016:C00056	2023-05-30_0750	0	crop	0	0	1	0	0		
2023-05-30_0750:semantic:T030:A016:C00057	2023-05-30_0750	0	weed	1	1	1	0	0	2023-05-30_0750:instance:20	2023-05-30_0750:instance:20
2023-05-30_0750:semantic:T030:A016:C00058	2023-05-30_0750	0	weed	1	1	1	0	0	2023-05-30_0750:instance:18	2023-05-30_0750:instance:18
2023-05-30_0750:semantic:T030:A016:C00059	2023-05-30_0750	0	crop	0	0	1	0	0		
2023-05-30_0750:semantic:T030:A016:C00060	2023-05-30_0750	0	ambiguous_or_background	0	0	1	0	0		
2023-05-30_0750:semantic:T030:A016:C00061	2023-05-30_0750	0	crop	0	1	0	0	1		2023-05-30_0750:instance:21
2023-05-30_0750:semantic:T030:A016:C00062	2023-05-30_0750	1	weed	1	1	1	0	0	2023-05-30_0750:instance:23	2023-05-30_0750:instance:23
2023-05-30_0750:semantic:T030:A016:C00063	2023-05-30_0750	0	crop	0	0	1	0	0		
2023-05-30_0750:semantic:T030:A016:C00064	2023-05-30_0750	0	weed	1	1	1	0	0	2023-05-30_0750:instance:28	2023-05-30_0750:instance:28
2023-05-30_0750:semantic:T030:A016:C00065	2023-05-30_0750	0	weed	1	1	1	0	0	2023-05-30_0750:instance:17	2023-05-30_0750:instance:17
2023-05-30_0750:semantic:T030:A016:C00066	2023-05-30_0750	0	ambiguous_or_background	0	0	1	0	0		
2023-05-30_0750:semantic:T030:A016:C00067	2023-05-30_0750	0	ambiguous_or_background	0	0	1	0	0		
2023-05-30_0750:semantic:T030:A016:C00068	2023-05-30_0750	0	weed	2	2	1	0	0	2023-05-30_0750:instance:26;2023-05-30_0750:instance:27	2023-05-30_0750:instance:26;2023-05-30_0750:instance:27
2023-05-30_0750:semantic:T030:A016:C00069	2023-05-30_0750	1	weed	1	1	1	0	0	2023-05-30_0750:instance:30	2023-05-30_0750:instance:30
2023-05-30_0750:semantic:T030:A016:C00070	2023-05-30_0750	0	weed	1	1	1	0	0	2023-05-30_0750:instance:16	2023-05-30_0750:instance:16
2023-05-30_0750:semantic:T030:A016:C00071	2023-05-30_0750	0	weed	0	0	1	0	0		
2023-05-30_0750:semantic:T030:A016:C00072	2023-05-30_0750	0	weed	2	2	1	0	0	2023-05-30_0750:instance:24;2023-05-30_0750:instance:25	2023-05-30_0750:instance:24;2023-05-30_0750:instance:25
2023-05-30_0750:semantic:T030:A016:C00073	2023-05-30_0750	0	weed	1	1	1	0	0	2023-05-30_0750:instance:13	2023-05-30_0750:instance:13
2023-06-06_0161:semantic:T030:A016:C00001	2023-06-06_0161	1	weed	1	1	1	0	0	2023-06-06_0161:instance:12	2023-06-06_0161:instance:12
2023-06-06_0161:semantic:T030:A016:C00002	2023-06-06_0161	0	weed	1	1	1	0	0	2023-06-06_0161:instance:16	2023-06-06_0161:instance:16
2023-06-06_0161:semantic:T030:A016:C00003	2023-06-06_0161	0	weed	1	1	1	0	0	2023-06-06_0161:instance:17	2023-06-06_0161:instance:17
2023-06-06_0161:semantic:T030:A016:C00004	2023-06-06_0161	1	weed	1	1	1	0	0	2023-06-06_0161:instance:106	2023-06-06_0161:instance:106
2023-06-06_0161:semantic:T030:A016:C00005	2023-06-06_0161	0	weed	2	2	1	0	0	2023-06-06_0161:instance:13;2023-06-06_0161:instance:14	2023-06-06_0161:instance:13;2023-06-06_0161:instance:14
2023-06-06_0161:semantic:T030:A016:C00006	2023-06-06_0161	1	weed	1	1	1	0	0	2023-06-06_0161:instance:15	2023-06-06_0161:instance:15
2023-06-06_0161:semantic:T030:A016:C00007	2023-06-06_0161	0	weed	1	1	1	0	0	2023-06-06_0161:instance:18	2023-06-06_0161:instance:18
2023-06-06_0161:semantic:T030:A016:C00008	2023-06-06_0161	0	crop	0	0	1	0	0		
2023-06-06_0161:semantic:T030:A016:C00009	2023-06-06_0161	0	ambiguous_or_background	0	2	0	0	2		2023-06-06_0161:instance:19;2023-06-06_0161:instance:21
2023-06-06_0161:semantic:T030:A016:C00010	2023-06-06_0161	0	ambiguous_or_background	0	0	1	0	0		
2023-06-06_0161:semantic:T030:A016:C00011	2023-06-06_0161	0	crop	0	2	0	0	2		2023-06-06_0161:instance:103;2023-06-06_0161:instance:104
2023-06-06_0161:semantic:T030:A016:C00012	2023-06-06_0161	0	crop	0	0	1	0	0		
2023-06-06_0161:semantic:T030:A016:C00014	2023-06-06_0161	0	weed	1	1	1	0	0	2023-06-06_0161:instance:4	2023-06-06_0161:instance:4
2023-06-06_0161:semantic:T030:A016:C00015	2023-06-06_0161	0	crop	0	0	1	0	0		
2023-06-06_0161:semantic:T030:A016:C00016	2023-06-06_0161	1	weed	1	1	1	0	0	2023-06-06_0161:instance:20	2023-06-06_0161:instance:20
2023-06-06_0161:semantic:T030:A016:C00017	2023-06-06_0161	1	weed	2	2	1	0	0	2023-06-06_0161:instance:10;2023-06-06_0161:instance:11	2023-06-06_0161:instance:10;2023-06-06_0161:instance:11
2023-06-06_0161:semantic:T030:A016:C00018	2023-06-06_0161	0	weed	2	2	1	0	0	2023-06-06_0161:instance:25;2023-06-06_0161:instance:26	2023-06-06_0161:instance:25;2023-06-06_0161:instance:26
2023-06-06_0161:semantic:T030:A016:C00019	2023-06-06_0161	0	weed	1	1	1	0	0	2023-06-06_0161:instance:29	2023-06-06_0161:instance:29
2023-06-06_0161:semantic:T030:A016:C00020	2023-06-06_0161	1	weed	2	2	1	0	0	2023-06-06_0161:instance:5;2023-06-06_0161:instance:6	2023-06-06_0161:instance:5;2023-06-06_0161:instance:6
2023-06-06_0161:semantic:T030:A016:C00021	2023-06-06_0161	1	weed	1	1	1	0	0	2023-06-06_0161:instance:24	2023-06-06_0161:instance:24
2023-06-06_0161:semantic:T030:A016:C00022	2023-06-06_0161	1	weed	1	1	1	0	0	2023-06-06_0161:instance:28	2023-06-06_0161:instance:28
2023-06-06_0161:semantic:T030:A016:C00023	2023-06-06_0161	0	weed	1	1	1	0	0	2023-06-06_0161:instance:27	2023-06-06_0161:instance:27
2023-06-06_0161:semantic:T030:A016:C00024	2023-06-06_0161	0	weed	2	2	1	0	0	2023-06-06_0161:instance:7;2023-06-06_0161:instance:8	2023-06-06_0161:instance:7;2023-06-06_0161:instance:8
2023-06-06_0161:semantic:T030:A016:C00025	2023-06-06_0161	1	weed	1	1	1	0	0	2023-06-06_0161:instance:9	2023-06-06_0161:instance:9
2023-06-06_0161:semantic:T030:A016:C00026	2023-06-06_0161	0	weed	1	1	1	0	0	2023-06-06_0161:instance:78	2023-06-06_0161:instance:78
2023-06-06_0161:semantic:T030:A016:C00027	2023-06-06_0161	1	weed	3	3	1	0	0	2023-06-06_0161:instance:75;2023-06-06_0161:instance:76;2023-06-06_0161:instance:77	2023-06-06_0161:instance:75;2023-06-06_0161:instance:76;2023-06-06_0161:instance:77
2023-06-06_0161:semantic:T030:A016:C00028	2023-06-06_0161	0	weed	1	1	1	0	0	2023-06-06_0161:instance:68	2023-06-06_0161:instance:68
2023-06-06_0161:semantic:T030:A016:C00029	2023-06-06_0161	0	weed	1	1	1	0	0	2023-06-06_0161:instance:79	2023-06-06_0161:instance:79
2023-06-06_0161:semantic:T030:A016:C00030	2023-06-06_0161	0	weed	1	1	1	0	0	2023-06-06_0161:instance:71	2023-06-06_0161:instance:71
2023-06-06_0161:semantic:T030:A016:C00031	2023-06-06_0161	0	weed	0	0	1	0	0		
2023-06-06_0161:semantic:T030:A016:C00033	2023-06-06_0161	0	weed	4	4	1	0	0	2023-06-06_0161:instance:70;2023-06-06_0161:instance:72;2023-06-06_0161:instance:73;2023-06-06_0161:instance:74	2023-06-06_0161:instance:70;2023-06-06_0161:instance:72;2023-06-06_0161:instance:73;2023-06-06_0161:instance:74
2023-06-06_0161:semantic:T030:A016:C00034	2023-06-06_0161	0	ambiguous_or_background	0	0	1	0	0		
2023-06-06_0161:semantic:T030:A016:C00035	2023-06-06_0161	0	ambiguous_or_background	0	1	0	0	1		2023-06-06_0161:instance:102
2023-06-06_0161:semantic:T030:A016:C00036	2023-06-06_0161	0	weed	0	0	1	0	0		
2023-06-06_0161:semantic:T030:A016:C00037	2023-06-06_0161	0	weed	0	1	0	0	1		2023-06-06_0161:instance:109
2023-06-06_0161:semantic:T030:A016:C00038	2023-06-06_0161	0	weed	1	1	1	0	0	2023-06-06_0161:instance:101	2023-06-06_0161:instance:101
2023-06-06_0161:semantic:T030:A016:C00039	2023-06-06_0161	0	weed	2	2	1	0	0	2023-06-06_0161:instance:80;2023-06-06_0161:instance:81	2023-06-06_0161:instance:80;2023-06-06_0161:instance:81
2023-06-06_0161:semantic:T030:A016:C00040	2023-06-06_0161	0	weed	1	1	1	0	0	2023-06-06_0161:instance:82	2023-06-06_0161:instance:82
2023-06-06_0161:semantic:T030:A016:C00041	2023-06-06_0161	0	weed	1	1	1	0	0	2023-06-06_0161:instance:69	2023-06-06_0161:instance:69
2023-06-06_0161:semantic:T030:A016:C00043	2023-06-06_0161	0	weed	0	0	1	0	0		
2023-06-06_0161:semantic:T030:A016:C00044	2023-06-06_0161	0	weed	1	1	1	0	0	2023-06-06_0161:instance:83	2023-06-06_0161:instance:83
2023-06-06_0161:semantic:T030:A016:C00045	2023-06-06_0161	1	weed	2	2	1	0	0	2023-06-06_0161:instance:58;2023-06-06_0161:instance:59	2023-06-06_0161:instance:58;2023-06-06_0161:instance:59
2023-06-06_0161:semantic:T030:A016:C00046	2023-06-06_0161	0	weed	1	1	1	0	0	2023-06-06_0161:instance:57	2023-06-06_0161:instance:57
2023-06-06_0161:semantic:T030:A016:C00047	2023-06-06_0161	0	ambiguous_or_background	0	0	1	0	0		
2023-06-06_0161:semantic:T030:A016:C00048	2023-06-06_0161	0	weed	0	0	1	0	0		
2023-06-06_0161:semantic:T030:A016:C00049	2023-06-06_0161	0	crop	0	2	0	0	2		2023-06-06_0161:instance:55;2023-06-06_0161:instance:56
2023-06-06_0161:semantic:T030:A016:C00050	2023-06-06_0161	0	crop	0	0	1	0	0		
2023-06-06_0161:semantic:T030:A016:C00051	2023-06-06_0161	0	crop	0	0	1	0	0		
2023-06-06_0161:semantic:T030:A016:C00052	2023-06-06_0161	0	ambiguous_or_background	0	1	0	0	1		2023-06-06_0161:instance:61
2023-06-06_0161:semantic:T030:A016:C00053	2023-06-06_0161	0	ambiguous_or_background	0	2	0	0	2		2023-06-06_0161:instance:85;2023-06-06_0161:instance:92
2023-06-06_0161:semantic:T030:A016:C00054	2023-06-06_0161	0	weed	1	1	1	0	0	2023-06-06_0161:instance:60	2023-06-06_0161:instance:60
2023-06-06_0161:semantic:T030:A016:C00055	2023-06-06_0161	0	weed	1	1	1	0	0	2023-06-06_0161:instance:88	2023-06-06_0161:instance:88
2023-06-06_0161:semantic:T030:A016:C00056	2023-06-06_0161	0	weed	0	0	1	0	0		
2023-06-06_0161:semantic:T030:A016:C00057	2023-06-06_0161	0	weed	1	1	1	0	0	2023-06-06_0161:instance:87	2023-06-06_0161:instance:87
2023-06-06_0161:semantic:T030:A016:C00058	2023-06-06_0161	0	weed	1	1	1	0	0	2023-06-06_0161:instance:84	2023-06-06_0161:instance:84
2023-06-06_0161:semantic:T030:A016:C00059	2023-06-06_0161	0	weed	1	1	1	0	0	2023-06-06_0161:instance:92	2023-06-06_0161:instance:92
2023-06-06_0161:semantic:T030:A016:C00060	2023-06-06_0161	0	weed	1	1	1	0	0	2023-06-06_0161:instance:89	2023-06-06_0161:instance:89
2023-06-06_0161:semantic:T030:A016:C00061	2023-06-06_0161	0	weed	1	1	1	0	0	2023-06-06_0161:instance:90	2023-06-06_0161:instance:90
2023-06-06_0161:semantic:T030:A016:C00062	2023-06-06_0161	0	weed	1	1	1	0	0	2023-06-06_0161:instance:91	2023-06-06_0161:instance:91
2023-06-06_0161:semantic:T030:A016:C00063	2023-06-06_0161	0	weed	2	2	1	0	0	2023-06-06_0161:instance:37;2023-06-06_0161:instance:38	2023-06-06_0161:instance:37;2023-06-06_0161:instance:38
2023-06-06_0161:semantic:T030:A016:C00064	2023-06-06_0161	1	weed	1	1	1	0	0	2023-06-06_0161:instance:36	2023-06-06_0161:instance:36
2023-06-06_0161:semantic:T030:A016:C00065	2023-06-06_0161	0	weed	2	2	1	0	0	2023-06-06_0161:instance:97;2023-06-06_0161:instance:98	2023-06-06_0161:instance:97;2023-06-06_0161:instance:98
2023-06-06_0161:semantic:T030:A016:C00066	2023-06-06_0161	0	weed	1	1	1	0	0	2023-06-06_0161:instance:64	2023-06-06_0161:instance:64
2023-06-06_0161:semantic:T030:A016:C00067	2023-06-06_0161	0	weed	2	2	1	0	0	2023-06-06_0161:instance:51;2023-06-06_0161:instance:52	2023-06-06_0161:instance:51;2023-06-06_0161:instance:52
2023-06-06_0161:semantic:T030:A016:C00068	2023-06-06_0161	0	weed	1	1	1	0	0	2023-06-06_0161:instance:39	2023-06-06_0161:instance:39
2023-06-06_0161:semantic:T030:A016:C00069	2023-06-06_0161	1	weed	1	1	1	0	0	2023-06-06_0161:instance:93	2023-06-06_0161:instance:93
2023-06-06_0161:semantic:T030:A016:C00070	2023-06-06_0161	1	weed	1	1	1	0	0	2023-06-06_0161:instance:53	2023-06-06_0161:instance:53
2023-06-06_0161:semantic:T030:A016:C00071	2023-06-06_0161	1	weed	1	2	0	0	1	2023-06-06_0161:instance:40	2023-06-06_0161:instance:39;2023-06-06_0161:instance:40
2023-06-06_0161:semantic:T030:A016:C00072	2023-06-06_0161	1	weed	1	1	1	0	0	2023-06-06_0161:instance:96	2023-06-06_0161:instance:96
2023-06-06_0161:semantic:T030:A016:C00073	2023-06-06_0161	0	weed	1	1	1	0	0	2023-06-06_0161:instance:63	2023-06-06_0161:instance:63
2023-06-06_0161:semantic:T030:A016:C00074	2023-06-06_0161	0	weed	2	2	1	0	0	2023-06-06_0161:instance:49;2023-06-06_0161:instance:50	2023-06-06_0161:instance:49;2023-06-06_0161:instance:50
2023-06-06_0161:semantic:T030:A016:C00075	2023-06-06_0161	1	weed	1	1	1	0	0	2023-06-06_0161:instance:41	2023-06-06_0161:instance:41
2023-06-06_0161:semantic:T030:A016:C00077	2023-06-06_0161	1	weed	1	1	1	0	0	2023-06-06_0161:instance:42	2023-06-06_0161:instance:42
2023-06-06_0161:semantic:T030:A016:C00078	2023-06-06_0161	0	weed	1	1	1	0	0	2023-06-06_0161:instance:94	2023-06-06_0161:instance:94
2023-06-06_0161:semantic:T030:A016:C00079	2023-06-06_0161	0	weed	1	1	1	0	0	2023-06-06_0161:instance:100	2023-06-06_0161:instance:100
2023-06-06_0161:semantic:T030:A016:C00080	2023-06-06_0161	1	weed	1	1	1	0	0	2023-06-06_0161:instance:65	2023-06-06_0161:instance:65
2023-06-06_0161:semantic:T030:A016:C00081	2023-06-06_0161	1	weed	1	1	1	0	0	2023-06-06_0161:instance:43	2023-06-06_0161:instance:43
2023-06-06_0161:semantic:T030:A016:C00082	2023-06-06_0161	0	weed	1	1	1	0	0	2023-06-06_0161:instance:48	2023-06-06_0161:instance:48
2023-06-06_0161:semantic:T030:A016:C00083	2023-06-06_0161	0	weed	1	1	1	0	0	2023-06-06_0161:instance:95	2023-06-06_0161:instance:95
2023-06-06_0161:semantic:T030:A016:C00084	2023-06-06_0161	0	weed	1	1	1	0	0	2023-06-06_0161:instance:66	2023-06-06_0161:instance:66
2023-06-06_0161:semantic:T030:A016:C00085	2023-06-06_0161	0	weed	1	1	1	0	0	2023-06-06_0161:instance:99	2023-06-06_0161:instance:99
2023-06-06_0161:semantic:T030:A016:C00086	2023-06-06_0161	0	weed	1	1	1	0	0	2023-06-06_0161:instance:45	2023-06-06_0161:instance:45
2023-06-06_0161:semantic:T030:A016:C00087	2023-06-06_0161	0	weed	1	1	1	0	0	2023-06-06_0161:instance:47	2023-06-06_0161:instance:47
2023-06-06_0161:semantic:T030:A016:C00088	2023-06-06_0161	0	weed	1	1	1	0	0	2023-06-06_0161:instance:44	2023-06-06_0161:instance:44
2023-06-06_0161:semantic:T030:A016:C00089	2023-06-06_0161	0	weed	0	0	1	0	0		
2023-06-06_0166:semantic:T030:A016:C00001	2023-06-06_0166	1	weed	7	7	1	0	0	2023-06-06_0166:instance:64;2023-06-06_0166:instance:65;2023-06-06_0166:instance:66;2023-06-06_0166:instance:67;2023-06-06_0166:instance:68;2023-06-06_0166:instance:69;2023-06-06_0166:instance:70	2023-06-06_0166:instance:64;2023-06-06_0166:instance:65;2023-06-06_0166:instance:66;2023-06-06_0166:instance:67;2023-06-06_0166:instance:68;2023-06-06_0166:instance:69;2023-06-06_0166:instance:70
2023-06-06_0166:semantic:T030:A016:C00002	2023-06-06_0166	0	ambiguous_or_background	0	0	1	0	0		
2023-06-06_0166:semantic:T030:A016:C00003	2023-06-06_0166	0	ambiguous_or_background	0	0	1	0	0		
2023-06-06_0166:semantic:T030:A016:C00004	2023-06-06_0166	0	ambiguous_or_background	0	0	1	0	0		
2023-06-06_0166:semantic:T030:A016:C00005	2023-06-06_0166	0	ambiguous_or_background	0	0	1	0	0		
2023-06-06_0166:semantic:T030:A016:C00006	2023-06-06_0166	0	ambiguous_or_background	0	1	0	0	1		2023-06-06_0166:instance:72
2023-06-06_0166:semantic:T030:A016:C00008	2023-06-06_0166	0	ambiguous_or_background	0	0	1	0	0		
2023-06-06_0166:semantic:T030:A016:C00009	2023-06-06_0166	0	ambiguous_or_background	0	0	1	0	0		
2023-06-06_0166:semantic:T030:A016:C00010	2023-06-06_0166	0	ambiguous_or_background	0	0	1	0	0		
2023-06-06_0166:semantic:T030:A016:C00011	2023-06-06_0166	0	ambiguous_or_background	0	1	0	0	1		2023-06-06_0166:instance:62
2023-06-06_0166:semantic:T030:A016:C00012	2023-06-06_0166	1	weed	1	1	1	0	0	2023-06-06_0166:instance:73	2023-06-06_0166:instance:73
2023-06-06_0166:semantic:T030:A016:C00013	2023-06-06_0166	0	ambiguous_or_background	0	0	1	0	0		
2023-06-06_0166:semantic:T030:A016:C00014	2023-06-06_0166	0	weed	1	1	1	0	0	2023-06-06_0166:instance:56	2023-06-06_0166:instance:56
2023-06-06_0166:semantic:T030:A016:C00015	2023-06-06_0166	0	ambiguous_or_background	0	1	0	0	1		2023-06-06_0166:instance:61
2023-06-06_0166:semantic:T030:A016:C00017	2023-06-06_0166	0	ambiguous_or_background	0	0	1	0	0		
2023-06-06_0166:semantic:T030:A016:C00018	2023-06-06_0166	1	weed	5	5	1	0	0	2023-06-06_0166:instance:59;2023-06-06_0166:instance:60;2023-06-06_0166:instance:74;2023-06-06_0166:instance:75;2023-06-06_0166:instance:76	2023-06-06_0166:instance:59;2023-06-06_0166:instance:60;2023-06-06_0166:instance:74;2023-06-06_0166:instance:75;2023-06-06_0166:instance:76
2023-06-06_0166:semantic:T030:A016:C00019	2023-06-06_0166	1	ambiguous_or_background	0	1	0	0	1		2023-06-06_0166:instance:58
2023-06-06_0166:semantic:T030:A016:C00020	2023-06-06_0166	0	ambiguous_or_background	0	2	0	0	2		2023-06-06_0166:instance:49;2023-06-06_0166:instance:63
2023-06-06_0166:semantic:T030:A016:C00021	2023-06-06_0166	0	ambiguous_or_background	0	0	1	0	0		
2023-06-06_0166:semantic:T030:A016:C00022	2023-06-06_0166	0	ambiguous_or_background	0	1	0	0	1		2023-06-06_0166:instance:48
2023-06-06_0166:semantic:T030:A016:C00023	2023-06-06_0166	1	ambiguous_or_background	0	1	0	0	1		2023-06-06_0166:instance:47
2023-06-06_0166:semantic:T030:A016:C00026	2023-06-06_0166	0	ambiguous_or_background	0	0	1	0	0		
2023-06-06_0166:semantic:T030:A016:C00027	2023-06-06_0166	0	ambiguous_or_background	0	1	0	0	1		2023-06-06_0166:instance:57
2023-06-06_0166:semantic:T030:A016:C00028	2023-06-06_0166	0	ambiguous_or_background	0	0	1	0	0		
2023-06-06_0166:semantic:T030:A016:C00029	2023-06-06_0166	1	ambiguous_or_background	0	1	0	0	1		2023-06-06_0166:instance:71
2023-06-06_0166:semantic:T030:A016:C00031	2023-06-06_0166	0	ambiguous_or_background	0	0	1	0	0		
2023-06-06_0166:semantic:T030:A016:C00032	2023-06-06_0166	0	weed	1	1	1	0	0	2023-06-06_0166:instance:45	2023-06-06_0166:instance:45
2023-06-06_0166:semantic:T030:A016:C00033	2023-06-06_0166	0	weed	1	1	1	0	0	2023-06-06_0166:instance:14	2023-06-06_0166:instance:14
2023-06-06_0166:semantic:T030:A016:C00034	2023-06-06_0166	0	ambiguous_or_background	0	1	0	0	1		2023-06-06_0166:instance:53
2023-06-06_0166:semantic:T030:A016:C00035	2023-06-06_0166	0	weed	1	1	1	0	0	2023-06-06_0166:instance:13	2023-06-06_0166:instance:13
2023-06-06_0166:semantic:T030:A016:C00036	2023-06-06_0166	0	ambiguous_or_background	0	1	0	0	1		2023-06-06_0166:instance:52
2023-06-06_0166:semantic:T030:A016:C00037	2023-06-06_0166	0	weed	2	2	1	0	0	2023-06-06_0166:instance:42;2023-06-06_0166:instance:43	2023-06-06_0166:instance:42;2023-06-06_0166:instance:43
2023-06-06_0166:semantic:T030:A016:C00038	2023-06-06_0166	0	weed	1	1	1	0	0	2023-06-06_0166:instance:55	2023-06-06_0166:instance:55
2023-06-06_0166:semantic:T030:A016:C00039	2023-06-06_0166	0	ambiguous_or_background	0	0	1	0	0		
2023-06-06_0166:semantic:T030:A016:C00040	2023-06-06_0166	1	weed	1	1	1	0	0	2023-06-06_0166:instance:44	2023-06-06_0166:instance:44
2023-06-06_0166:semantic:T030:A016:C00041	2023-06-06_0166	0	ambiguous_or_background	0	0	1	0	0		
2023-06-06_0166:semantic:T030:A016:C00042	2023-06-06_0166	0	ambiguous_or_background	0	1	0	0	1		2023-06-06_0166:instance:51
2023-06-06_0166:semantic:T030:A016:C00043	2023-06-06_0166	1	weed	2	2	1	0	0	2023-06-06_0166:instance:40;2023-06-06_0166:instance:41	2023-06-06_0166:instance:40;2023-06-06_0166:instance:41
2023-06-06_0166:semantic:T030:A016:C00044	2023-06-06_0166	1	ambiguous_or_background	0	1	0	0	1		2023-06-06_0166:instance:12
2023-06-06_0166:semantic:T030:A016:C00045	2023-06-06_0166	0	ambiguous_or_background	0	0	1	0	0		
2023-06-06_0166:semantic:T030:A016:C00046	2023-06-06_0166	0	weed	1	1	1	0	0	2023-06-06_0166:instance:11	2023-06-06_0166:instance:11
2023-06-06_0166:semantic:T030:A016:C00048	2023-06-06_0166	1	weed	1	1	1	0	0	2023-06-06_0166:instance:54	2023-06-06_0166:instance:54
2023-06-06_0166:semantic:T030:A016:C00049	2023-06-06_0166	0	ambiguous_or_background	0	1	0	0	1		2023-06-06_0166:instance:50
2023-06-06_0166:semantic:T030:A016:C00050	2023-06-06_0166	0	weed	1	1	1	0	0	2023-06-06_0166:instance:16	2023-06-06_0166:instance:16
2023-06-06_0166:semantic:T030:A016:C00051	2023-06-06_0166	0	ambiguous_or_background	0	0	1	0	0		
2023-06-06_0166:semantic:T030:A016:C00052	2023-06-06_0166	1	ambiguous_or_background	0	1	0	0	1		2023-06-06_0166:instance:46
2023-06-06_0166:semantic:T030:A016:C00054	2023-06-06_0166	0	ambiguous_or_background	0	1	0	0	1		2023-06-06_0166:instance:39
2023-06-06_0166:semantic:T030:A016:C00055	2023-06-06_0166	0	weed	1	1	1	0	0	2023-06-06_0166:instance:15	2023-06-06_0166:instance:15
2023-06-06_0166:semantic:T030:A016:C00056	2023-06-06_0166	1	ambiguous_or_background	0	1	0	0	1		2023-06-06_0166:instance:38
2023-06-06_0166:semantic:T030:A016:C00057	2023-06-06_0166	0	weed	1	1	1	0	0	2023-06-06_0166:instance:10	2023-06-06_0166:instance:10
2023-06-06_0166:semantic:T030:A016:C00058	2023-06-06_0166	1	weed	3	3	1	0	0	2023-06-06_0166:instance:34;2023-06-06_0166:instance:35;2023-06-06_0166:instance:36	2023-06-06_0166:instance:34;2023-06-06_0166:instance:35;2023-06-06_0166:instance:36
2023-06-06_0166:semantic:T030:A016:C00060	2023-06-06_0166	1	weed	1	1	1	0	0	2023-06-06_0166:instance:37	2023-06-06_0166:instance:37
2023-06-06_0166:semantic:T030:A016:C00061	2023-06-06_0166	0	ambiguous_or_background	0	0	1	0	0		
2023-06-06_0166:semantic:T030:A016:C00062	2023-06-06_0166	0	ambiguous_or_background	0	0	1	0	0		
2023-06-06_0166:semantic:T030:A016:C00063	2023-06-06_0166	0	ambiguous_or_background	0	1	0	0	1		2023-06-06_0166:instance:9
2023-06-06_0166:semantic:T030:A016:C00064	2023-06-06_0166	0	weed	1	1	1	0	0	2023-06-06_0166:instance:8	2023-06-06_0166:instance:8
2023-06-06_0166:semantic:T030:A016:C00065	2023-06-06_0166	0	weed	1	1	1	0	0	2023-06-06_0166:instance:7	2023-06-06_0166:instance:7
2023-06-06_0166:semantic:T030:A016:C00066	2023-06-06_0166	0	ambiguous_or_background	0	0	1	0	0		
2023-06-06_0166:semantic:T030:A016:C00067	2023-06-06_0166	0	ambiguous_or_background	0	0	1	0	0		
2023-06-06_0166:semantic:T030:A016:C00068	2023-06-06_0166	0	weed	1	1	1	0	0	2023-06-06_0166:instance:6	2023-06-06_0166:instance:6
2023-06-06_0166:semantic:T030:A016:C00069	2023-06-06_0166	0	weed	1	1	1	0	0	2023-06-06_0166:instance:20	2023-06-06_0166:instance:20
2023-06-06_0166:semantic:T030:A016:C00070	2023-06-06_0166	0	weed	1	1	1	0	0	2023-06-06_0166:instance:19	2023-06-06_0166:instance:19
2023-06-06_0166:semantic:T030:A016:C00071	2023-06-06_0166	0	weed	1	1	1	0	0	2023-06-06_0166:instance:21	2023-06-06_0166:instance:21
2023-06-06_0166:semantic:T030:A016:C00072	2023-06-06_0166	0	weed	1	1	1	0	0	2023-06-06_0166:instance:22	2023-06-06_0166:instance:22
2023-06-06_0166:semantic:T030:A016:C00073	2023-06-06_0166	0	weed	1	1	1	0	0	2023-06-06_0166:instance:5	2023-06-06_0166:instance:5
2023-06-06_0166:semantic:T030:A016:C00075	2023-06-06_0166	0	weed	1	1	1	0	0	2023-06-06_0166:instance:18	2023-06-06_0166:instance:18
2023-06-06_0166:semantic:T030:A016:C00076	2023-06-06_0166	0	weed	1	1	1	0	0	2023-06-06_0166:instance:33	2023-06-06_0166:instance:33
2023-06-06_0166:semantic:T030:A016:C00077	2023-06-06_0166	0	weed	1	1	1	0	0	2023-06-06_0166:instance:17	2023-06-06_0166:instance:17
2023-06-06_0166:semantic:T030:A016:C00078	2023-06-06_0166	0	ambiguous_or_background	0	0	1	0	0		
2023-06-06_0166:semantic:T030:A016:C00079	2023-06-06_0166	0	ambiguous_or_background	0	1	0	0	1		2023-06-06_0166:instance:32
2023-06-06_0166:semantic:T030:A016:C00081	2023-06-06_0166	0	ambiguous_or_background	0	0	1	0	0		
2023-06-06_0166:semantic:T030:A016:C00082	2023-06-06_0166	1	weed	1	1	1	0	0	2023-06-06_0166:instance:31	2023-06-06_0166:instance:31
2023-06-06_0166:semantic:T030:A016:C00083	2023-06-06_0166	1	weed	1	1	1	0	0	2023-06-06_0166:instance:25	2023-06-06_0166:instance:25
2023-06-06_0166:semantic:T030:A016:C00084	2023-06-06_0166	0	ambiguous_or_background	0	0	1	0	0		
2023-06-06_0166:semantic:T030:A016:C00085	2023-06-06_0166	1	weed	1	1	1	0	0	2023-06-06_0166:instance:4	2023-06-06_0166:instance:4
2023-06-06_0166:semantic:T030:A016:C00086	2023-06-06_0166	1	ambiguous_or_background	0	1	0	0	1		2023-06-06_0166:instance:26
2023-06-06_0166:semantic:T030:A016:C00087	2023-06-06_0166	0	ambiguous_or_background	0	1	0	0	1		2023-06-06_0166:instance:28
2023-06-06_0166:semantic:T030:A016:C00088	2023-06-06_0166	0	ambiguous_or_background	0	1	0	0	1		2023-06-06_0166:instance:27
2023-06-06_0166:semantic:T030:A016:C00089	2023-06-06_0166	0	ambiguous_or_background	0	2	0	0	2		2023-06-06_0166:instance:29;2023-06-06_0166:instance:30
2023-06-06_0166:semantic:T030:A016:C00090	2023-06-06_0166	1	weed	1	1	1	0	0	2023-06-06_0166:instance:3	2023-06-06_0166:instance:3
2023-06-06_0166:semantic:T030:A016:C00091	2023-06-06_0166	1	weed	2	2	1	0	0	2023-06-06_0166:instance:1;2023-06-06_0166:instance:2	2023-06-06_0166:instance:1;2023-06-06_0166:instance:2
2023-06-06_0166:semantic:T030:A016:C00092	2023-06-06_0166	0	ambiguous_or_background	0	0	1	0	0		
2023-06-06_0166:semantic:T030:A016:C00093	2023-06-06_0166	0	ambiguous_or_background	0	1	0	0	1		2023-06-06_0166:instance:23
2023-06-06_0166:semantic:T030:A016:C00094	2023-06-06_0166	0	weed	1	1	1	0	0	2023-06-06_0166:instance:24	2023-06-06_0166:instance:24
2023-06-06_0176:semantic:T030:A016:C00001	2023-06-06_0176	0	weed	1	1	1	0	0	2023-06-06_0176:instance:78	2023-06-06_0176:instance:78
2023-06-06_0176:semantic:T030:A016:C00002	2023-06-06_0176	0	weed	1	1	1	0	0	2023-06-06_0176:instance:76	2023-06-06_0176:instance:76
2023-06-06_0176:semantic:T030:A016:C00003	2023-06-06_0176	0	weed	2	2	1	0	0	2023-06-06_0176:instance:79;2023-06-06_0176:instance:80	2023-06-06_0176:instance:79;2023-06-06_0176:instance:80
2023-06-06_0176:semantic:T030:A016:C00004	2023-06-06_0176	0	weed	1	1	1	0	0	2023-06-06_0176:instance:81	2023-06-06_0176:instance:81
2023-06-06_0176:semantic:T030:A016:C00005	2023-06-06_0176	0	ambiguous_or_background	0	2	0	0	2		2023-06-06_0176:instance:44;2023-06-06_0176:instance:45
2023-06-06_0176:semantic:T030:A016:C00006	2023-06-06_0176	0	ambiguous_or_background	0	1	0	0	1		2023-06-06_0176:instance:70
2023-06-06_0176:semantic:T030:A016:C00007	2023-06-06_0176	0	ambiguous_or_background	0	1	0	0	1		2023-06-06_0176:instance:77
2023-06-06_0176:semantic:T030:A016:C00009	2023-06-06_0176	0	ambiguous_or_background	0	1	0	0	1		2023-06-06_0176:instance:66
2023-06-06_0176:semantic:T030:A016:C00010	2023-06-06_0176	0	weed	2	2	1	0	0	2023-06-06_0176:instance:153;2023-06-06_0176:instance:154	2023-06-06_0176:instance:153;2023-06-06_0176:instance:154
2023-06-06_0176:semantic:T030:A016:C00011	2023-06-06_0176	0	ambiguous_or_background	0	1	0	0	1		2023-06-06_0176:instance:68
2023-06-06_0176:semantic:T030:A016:C00012	2023-06-06_0176	0	weed	1	1	1	0	0	2023-06-06_0176:instance:90	2023-06-06_0176:instance:90
2023-06-06_0176:semantic:T030:A016:C00013	2023-06-06_0176	0	ambiguous_or_background	0	1	0	0	1		2023-06-06_0176:instance:69
2023-06-06_0176:semantic:T030:A016:C00014	2023-06-06_0176	0	ambiguous_or_background	0	2	0	0	2		2023-06-06_0176:instance:42;2023-06-06_0176:instance:46
2023-06-06_0176:semantic:T030:A016:C00015	2023-06-06_0176	0	weed	3	3	1	0	0	2023-06-06_0176:instance:39;2023-06-06_0176:instance:40;2023-06-06_0176:instance:41	2023-06-06_0176:instance:39;2023-06-06_0176:instance:40;2023-06-06_0176:instance:41
2023-06-06_0176:semantic:T030:A016:C00016	2023-06-06_0176	0	weed	1	1	1	0	0	2023-06-06_0176:instance:67	2023-06-06_0176:instance:67
2023-06-06_0176:semantic:T030:A016:C00017	2023-06-06_0176	1	weed	1	1	1	0	0	2023-06-06_0176:instance:62	2023-06-06_0176:instance:62
2023-06-06_0176:semantic:T030:A016:C00018	2023-06-06_0176	1	weed	1	1	1	0	0	2023-06-06_0176:instance:43	2023-06-06_0176:instance:43
2023-06-06_0176:semantic:T030:A016:C00019	2023-06-06_0176	0	weed	1	1	1	0	0	2023-06-06_0176:instance:65	2023-06-06_0176:instance:65
2023-06-06_0176:semantic:T030:A016:C00020	2023-06-06_0176	0	weed	1	1	1	0	0	2023-06-06_0176:instance:38	2023-06-06_0176:instance:38
2023-06-06_0176:semantic:T030:A016:C00021	2023-06-06_0176	0	ambiguous_or_background	0	3	0	0	3		2023-06-06_0176:instance:49;2023-06-06_0176:instance:50;2023-06-06_0176:instance:51
2023-06-06_0176:semantic:T030:A016:C00022	2023-06-06_0176	1	weed	1	1	1	0	0	2023-06-06_0176:instance:61	2023-06-06_0176:instance:61
2023-06-06_0176:semantic:T030:A016:C00023	2023-06-06_0176	0	ambiguous_or_background	0	0	1	0	0		
2023-06-06_0176:semantic:T030:A016:C00024	2023-06-06_0176	0	weed	1	1	1	0	0	2023-06-06_0176:instance:63	2023-06-06_0176:instance:63
2023-06-06_0176:semantic:T030:A016:C00025	2023-06-06_0176	1	weed	1	1	1	0	0	2023-06-06_0176:instance:37	2023-06-06_0176:instance:37
2023-06-06_0176:semantic:T030:A016:C00026	2023-06-06_0176	0	weed	3	3	1	0	0	2023-06-06_0176:instance:157;2023-06-06_0176:instance:59;2023-06-06_0176:instance:82	2023-06-06_0176:instance:157;2023-06-06_0176:instance:59;2023-06-06_0176:instance:82
2023-06-06_0176:semantic:T030:A016:C00027	2023-06-06_0176	0	ambiguous_or_background	0	1	0	0	1		2023-06-06_0176:instance:72
2023-06-06_0176:semantic:T030:A016:C00028	2023-06-06_0176	0	ambiguous_or_background	0	1	0	0	1		2023-06-06_0176:instance:73
2023-06-06_0176:semantic:T030:A016:C00030	2023-06-06_0176	0	weed	1	1	1	0	0	2023-06-06_0176:instance:71	2023-06-06_0176:instance:71
2023-06-06_0176:semantic:T030:A016:C00031	2023-06-06_0176	1	weed	1	1	1	0	0	2023-06-06_0176:instance:148	2023-06-06_0176:instance:148
2023-06-06_0176:semantic:T030:A016:C00032	2023-06-06_0176	0	weed	2	2	1	0	0	2023-06-06_0176:instance:14;2023-06-06_0176:instance:15	2023-06-06_0176:instance:14;2023-06-06_0176:instance:15
2023-06-06_0176:semantic:T030:A016:C00033	2023-06-06_0176	1	weed	1	1	1	0	0	2023-06-06_0176:instance:13	2023-06-06_0176:instance:13
2023-06-06_0176:semantic:T030:A016:C00034	2023-06-06_0176	0	weed	1	1	1	0	0	2023-06-06_0176:instance:4	2023-06-06_0176:instance:4
2023-06-06_0176:semantic:T030:A016:C00035	2023-06-06_0176	1	weed	2	2	1	0	0	2023-06-06_0176:instance:35;2023-06-06_0176:instance:36	2023-06-06_0176:instance:35;2023-06-06_0176:instance:36
2023-06-06_0176:semantic:T030:A016:C00036	2023-06-06_0176	1	ambiguous_or_background	0	1	0	0	1		2023-06-06_0176:instance:17
2023-06-06_0176:semantic:T030:A016:C00037	2023-06-06_0176	0	ambiguous_or_background	0	1	0	0	1		2023-06-06_0176:instance:58
2023-06-06_0176:semantic:T030:A016:C00038	2023-06-06_0176	0	crop	0	0	1	0	0		
2023-06-06_0176:semantic:T030:A016:C00040	2023-06-06_0176	0	crop	0	0	1	0	0		
2023-06-06_0176:semantic:T030:A016:C00041	2023-06-06_0176	0	weed	1	1	1	0	0	2023-06-06_0176:instance:16	2023-06-06_0176:instance:16
2023-06-06_0176:semantic:T030:A016:C00042	2023-06-06_0176	0	weed	1	1	1	0	0	2023-06-06_0176:instance:75	2023-06-06_0176:instance:75
2023-06-06_0176:semantic:T030:A016:C00043	2023-06-06_0176	0	weed	2	2	1	0	0	2023-06-06_0176:instance:52;2023-06-06_0176:instance:53	2023-06-06_0176:instance:52;2023-06-06_0176:instance:53
2023-06-06_0176:semantic:T030:A016:C00044	2023-06-06_0176	0	ambiguous_or_background	0	1	0	0	1		2023-06-06_0176:instance:57
2023-06-06_0176:semantic:T030:A016:C00045	2023-06-06_0176	0	ambiguous_or_background	0	0	1	0	0		
2023-06-06_0176:semantic:T030:A016:C00046	2023-06-06_0176	0	weed	3	3	1	0	0	2023-06-06_0176:instance:145;2023-06-06_0176:instance:147;2023-06-06_0176:instance:55	2023-06-06_0176:instance:145;2023-06-06_0176:instance:147;2023-06-06_0176:instance:55
2023-06-06_0176:semantic:T030:A016:C00047	2023-06-06_0176	0	ambiguous_or_background	0	0	1	0	0		
2023-06-06_0176:semantic:T030:A016:C00048	2023-06-06_0176	0	ambiguous_or_background	0	2	0	0	2		2023-06-06_0176:instance:18;2023-06-06_0176:instance:19
2023-06-06_0176:semantic:T030:A016:C00049	2023-06-06_0176	0	weed	1	1	1	0	0	2023-06-06_0176:instance:54	2023-06-06_0176:instance:54
2023-06-06_0176:semantic:T030:A016:C00050	2023-06-06_0176	0	weed	1	1	1	0	0	2023-06-06_0176:instance:156	2023-06-06_0176:instance:156
2023-06-06_0176:semantic:T030:A016:C00052	2023-06-06_0176	0	ambiguous_or_background	0	0	1	0	0		
2023-06-06_0176:semantic:T030:A016:C00053	2023-06-06_0176	1	weed	1	1	1	0	0	2023-06-06_0176:instance:2	2023-06-06_0176:instance:2
2023-06-06_0176:semantic:T030:A016:C00054	2023-06-06_0176	0	weed	1	1	1	0	0	2023-06-06_0176:instance:56	2023-06-06_0176:instance:56
2023-06-06_0176:semantic:T030:A016:C00055	2023-06-06_0176	1	weed	1	1	1	0	0	2023-06-06_0176:instance:3	2023-06-06_0176:instance:3
2023-06-06_0176:semantic:T030:A016:C00056	2023-06-06_0176	0	ambiguous_or_background	0	2	0	0	2		2023-06-06_0176:instance:144;2023-06-06_0176:instance:146
2023-06-06_0176:semantic:T030:A016:C00057	2023-06-06_0176	0	weed	1	2	0	0	1	2023-06-06_0176:instance:5	2023-06-06_0176:instance:5;2023-06-06_0176:instance:83
2023-06-06_0176:semantic:T030:A016:C00058	2023-06-06_0176	1	weed	2	2	1	0	0	2023-06-06_0176:instance:6;2023-06-06_0176:instance:84	2023-06-06_0176:instance:6;2023-06-06_0176:instance:84
2023-06-06_0176:semantic:T030:A016:C00059	2023-06-06_0176	0	ambiguous_or_background	0	1	0	0	1		2023-06-06_0176:instance:83
2023-06-06_0176:semantic:T030:A016:C00060	2023-06-06_0176	1	weed	2	2	1	0	0	2023-06-06_0176:instance:142;2023-06-06_0176:instance:143	2023-06-06_0176:instance:142;2023-06-06_0176:instance:143
2023-06-06_0176:semantic:T030:A016:C00062	2023-06-06_0176	0	weed	1	1	1	0	0	2023-06-06_0176:instance:23	2023-06-06_0176:instance:23
2023-06-06_0176:semantic:T030:A016:C00063	2023-06-06_0176	0	weed	2	3	0	0	1	2023-06-06_0176:instance:85;2023-06-06_0176:instance:86	2023-06-06_0176:instance:7;2023-06-06_0176:instance:85;2023-06-06_0176:instance:86
2023-06-06_0176:semantic:T030:A016:C00065	2023-06-06_0176	1	weed	1	1	1	0	0	2023-06-06_0176:instance:1	2023-06-06_0176:instance:1
2023-06-06_0176:semantic:T030:A016:C00066	2023-06-06_0176	1	weed	1	1	1	0	0	2023-06-06_0176:instance:7	2023-06-06_0176:instance:7
2023-06-06_0176:semantic:T030:A016:C00067	2023-06-06_0176	0	ambiguous_or_background	0	1	0	0	1		2023-06-06_0176:instance:87
2023-06-06_0176:semantic:T030:A016:C00068	2023-06-06_0176	0	ambiguous_or_background	0	0	1	0	0		
2023-06-06_0176:semantic:T030:A016:C00069	2023-06-06_0176	0	ambiguous_or_background	0	1	0	0	1		2023-06-06_0176:instance:88
2023-06-06_0176:semantic:T030:A016:C00070	2023-06-06_0176	1	weed	1	1	1	0	0	2023-06-06_0176:instance:8	2023-06-06_0176:instance:8
2023-06-06_0176:semantic:T030:A016:C00071	2023-06-06_0176	0	ambiguous_or_background	0	0	1	0	0		
2023-06-06_0176:semantic:T030:A016:C00072	2023-06-06_0176	0	weed	1	1	1	0	0	2023-06-06_0176:instance:11	2023-06-06_0176:instance:11
2023-06-06_0176:semantic:T030:A016:C00073	2023-06-06_0176	1	weed	1	1	1	0	0	2023-06-06_0176:instance:21	2023-06-06_0176:instance:21
2023-06-06_0176:semantic:T030:A016:C00074	2023-06-06_0176	0	ambiguous_or_background	0	1	0	0	1		2023-06-06_0176:instance:97
2023-06-06_0176:semantic:T030:A016:C00075	2023-06-06_0176	0	weed	4	4	1	0	0	2023-06-06_0176:instance:93;2023-06-06_0176:instance:94;2023-06-06_0176:instance:95;2023-06-06_0176:instance:96	2023-06-06_0176:instance:93;2023-06-06_0176:instance:94;2023-06-06_0176:instance:95;2023-06-06_0176:instance:96
2023-06-06_0176:semantic:T030:A016:C00076	2023-06-06_0176	0	weed	1	1	1	0	0	2023-06-06_0176:instance:22	2023-06-06_0176:instance:22
2023-06-06_0176:semantic:T030:A016:C00078	2023-06-06_0176	0	ambiguous_or_background	0	0	1	0	0		
2023-06-06_0176:semantic:T030:A016:C00079	2023-06-06_0176	0	weed	1	1	1	0	0	2023-06-06_0176:instance:128	2023-06-06_0176:instance:128
2023-06-06_0176:semantic:T030:A016:C00080	2023-06-06_0176	0	weed	0	0	1	0	0		
2023-06-06_0176:semantic:T030:A016:C00081	2023-06-06_0176	0	ambiguous_or_background	0	1	0	0	1		2023-06-06_0176:instance:9
2023-06-06_0176:semantic:T030:A016:C00082	2023-06-06_0176	0	ambiguous_or_background	0	1	0	0	1		2023-06-06_0176:instance:91
2023-06-06_0176:semantic:T030:A016:C00083	2023-06-06_0176	0	ambiguous_or_background	0	1	0	0	1		2023-06-06_0176:instance:27
2023-06-06_0176:semantic:T030:A016:C00084	2023-06-06_0176	0	weed	1	1	1	0	0	2023-06-06_0176:instance:92	2023-06-06_0176:instance:92
2023-06-06_0176:semantic:T030:A016:C00085	2023-06-06_0176	0	ambiguous_or_background	0	0	1	0	0		
2023-06-06_0176:semantic:T030:A016:C00086	2023-06-06_0176	0	weed	1	1	1	0	0	2023-06-06_0176:instance:26	2023-06-06_0176:instance:26
2023-06-06_0176:semantic:T030:A016:C00087	2023-06-06_0176	0	crop	0	2	0	0	2		2023-06-06_0176:instance:29;2023-06-06_0176:instance:31
2023-06-06_0176:semantic:T030:A016:C00088	2023-06-06_0176	1	weed	1	1	1	0	0	2023-06-06_0176:instance:127	2023-06-06_0176:instance:127
2023-06-06_0176:semantic:T030:A016:C00089	2023-06-06_0176	0	ambiguous_or_background	0	8	0	0	8		2023-06-06_0176:instance:129;2023-06-06_0176:instance:130;2023-06-06_0176:instance:131;2023-06-06_0176:instance:132;2023-06-06_0176:instance:133;2023-06-06_0176:instance:134;2023-06-06_0176:instance:135;2023-06-06_0176:instance:136
2023-06-06_0176:semantic:T030:A016:C00090	2023-06-06_0176	0	ambiguous_or_background	0	8	0	0	8		2023-06-06_0176:instance:108;2023-06-06_0176:instance:110;2023-06-06_0176:instance:111;2023-06-06_0176:instance:112;2023-06-06_0176:instance:113;2023-06-06_0176:instance:149;2023-06-06_0176:instance:155;2023-06-06_0176:instance:99
2023-06-06_0176:semantic:T030:A016:C00092	2023-06-06_0176	0	crop	0	0	1	0	0		
2023-06-06_0176:semantic:T030:A016:C00093	2023-06-06_0176	0	ambiguous_or_background	0	1	0	0	1		2023-06-06_0176:instance:10
2023-06-06_0176:semantic:T030:A016:C00094	2023-06-06_0176	0	ambiguous_or_background	0	0	1	0	0		
2023-06-06_0176:semantic:T030:A016:C00095	2023-06-06_0176	1	weed	1	1	1	0	0	2023-06-06_0176:instance:102	2023-06-06_0176:instance:102
2023-06-06_0176:semantic:T030:A016:C00096	2023-06-06_0176	0	ambiguous_or_background	0	2	0	0	2		2023-06-06_0176:instance:108;2023-06-06_0176:instance:109
2023-06-06_0176:semantic:T030:A016:C00097	2023-06-06_0176	0	weed	2	2	1	0	0	2023-06-06_0176:instance:103;2023-06-06_0176:instance:104	2023-06-06_0176:instance:103;2023-06-06_0176:instance:104
2023-06-06_0176:semantic:T030:A016:C00098	2023-06-06_0176	0	weed	4	4	1	0	0	2023-06-06_0176:instance:138;2023-06-06_0176:instance:139;2023-06-06_0176:instance:140;2023-06-06_0176:instance:141	2023-06-06_0176:instance:138;2023-06-06_0176:instance:139;2023-06-06_0176:instance:140;2023-06-06_0176:instance:141
2023-06-06_0176:semantic:T030:A016:C00099	2023-06-06_0176	1	ambiguous_or_background	0	2	0	0	2		2023-06-06_0176:instance:100;2023-06-06_0176:instance:101
2023-06-06_0176:semantic:T030:A016:C00100	2023-06-06_0176	0	weed	6	6	1	0	0	2023-06-06_0176:instance:114;2023-06-06_0176:instance:115;2023-06-06_0176:instance:116;2023-06-06_0176:instance:117;2023-06-06_0176:instance:118;2023-06-06_0176:instance:119	2023-06-06_0176:instance:114;2023-06-06_0176:instance:115;2023-06-06_0176:instance:116;2023-06-06_0176:instance:117;2023-06-06_0176:instance:118;2023-06-06_0176:instance:119
2023-06-06_0176:semantic:T030:A016:C00101	2023-06-06_0176	0	weed	1	1	1	0	0	2023-06-06_0176:instance:34	2023-06-06_0176:instance:34
2023-06-06_0176:semantic:T030:A016:C00102	2023-06-06_0176	0	ambiguous_or_background	0	0	1	0	0		
2023-06-06_0176:semantic:T030:A016:C00103	2023-06-06_0176	0	weed	3	3	1	0	0	2023-06-06_0176:instance:105;2023-06-06_0176:instance:106;2023-06-06_0176:instance:107	2023-06-06_0176:instance:105;2023-06-06_0176:instance:106;2023-06-06_0176:instance:107
2023-06-06_0176:semantic:T030:A016:C00104	2023-06-06_0176	0	ambiguous_or_background	0	0	1	0	0		
2023-06-06_0176:semantic:T030:A016:C00105	2023-06-06_0176	1	weed	2	2	1	0	0	2023-06-06_0176:instance:32;2023-06-06_0176:instance:33	2023-06-06_0176:instance:32;2023-06-06_0176:instance:33
2023-06-06_0176:semantic:T030:A016:C00106	2023-06-06_0176	0	weed	5	5	1	0	0	2023-06-06_0176:instance:122;2023-06-06_0176:instance:123;2023-06-06_0176:instance:124;2023-06-06_0176:instance:125;2023-06-06_0176:instance:126	2023-06-06_0176:instance:122;2023-06-06_0176:instance:123;2023-06-06_0176:instance:124;2023-06-06_0176:instance:125;2023-06-06_0176:instance:126
2023-06-06_0176:semantic:T030:A016:C00107	2023-06-06_0176	0	weed	2	2	1	0	0	2023-06-06_0176:instance:120;2023-06-06_0176:instance:121	2023-06-06_0176:instance:120;2023-06-06_0176:instance:121
2023-06-06_0176:semantic:T030:A016:C00108	2023-06-06_0176	0	weed	1	1	1	0	0	2023-06-06_0176:instance:152	2023-06-06_0176:instance:152
2023-06-06_0231:semantic:T030:A016:C00001	2023-06-06_0231	0	ambiguous_or_background	0	1	0	0	1		2023-06-06_0231:instance:31
2023-06-06_0231:semantic:T030:A016:C00002	2023-06-06_0231	0	weed	1	1	1	0	0	2023-06-06_0231:instance:57	2023-06-06_0231:instance:57
2023-06-06_0231:semantic:T030:A016:C00003	2023-06-06_0231	1	weed	4	4	1	0	0	2023-06-06_0231:instance:54;2023-06-06_0231:instance:55;2023-06-06_0231:instance:56;2023-06-06_0231:instance:71	2023-06-06_0231:instance:54;2023-06-06_0231:instance:55;2023-06-06_0231:instance:56;2023-06-06_0231:instance:71
2023-06-06_0231:semantic:T030:A016:C00004	2023-06-06_0231	1	ambiguous_or_background	0	1	0	0	1		2023-06-06_0231:instance:27
2023-06-06_0231:semantic:T030:A016:C00006	2023-06-06_0231	0	ambiguous_or_background	0	1	0	0	1		2023-06-06_0231:instance:30
2023-06-06_0231:semantic:T030:A016:C00007	2023-06-06_0231	0	ambiguous_or_background	0	1	0	0	1		2023-06-06_0231:instance:26
2023-06-06_0231:semantic:T030:A016:C00008	2023-06-06_0231	1	weed	1	1	1	0	0	2023-06-06_0231:instance:52	2023-06-06_0231:instance:52
2023-06-06_0231:semantic:T030:A016:C00009	2023-06-06_0231	1	ambiguous_or_background	0	1	0	0	1		2023-06-06_0231:instance:32
2023-06-06_0231:semantic:T030:A016:C00010	2023-06-06_0231	1	weed	1	1	1	0	0	2023-06-06_0231:instance:53	2023-06-06_0231:instance:53
2023-06-06_0231:semantic:T030:A016:C00011	2023-06-06_0231	1	ambiguous_or_background	0	1	0	0	1		2023-06-06_0231:instance:29
2023-06-06_0231:semantic:T030:A016:C00012	2023-06-06_0231	0	ambiguous_or_background	0	1	0	0	1		2023-06-06_0231:instance:34
2023-06-06_0231:semantic:T030:A016:C00013	2023-06-06_0231	1	weed	1	1	1	0	0	2023-06-06_0231:instance:50	2023-06-06_0231:instance:50
2023-06-06_0231:semantic:T030:A016:C00014	2023-06-06_0231	0	ambiguous_or_background	0	1	0	0	1		2023-06-06_0231:instance:33
2023-06-06_0231:semantic:T030:A016:C00015	2023-06-06_0231	0	ambiguous_or_background	0	1	0	0	1		2023-06-06_0231:instance:28
2023-06-06_0231:semantic:T030:A016:C00016	2023-06-06_0231	0	ambiguous_or_background	0	0	1	0	0		
2023-06-06_0231:semantic:T030:A016:C00017	2023-06-06_0231	0	weed	0	0	1	0	0		
2023-06-06_0231:semantic:T030:A016:C00018	2023-06-06_0231	0	ambiguous_or_background	0	1	0	0	1		2023-06-06_0231:instance:51
2023-06-06_0231:semantic:T030:A016:C00019	2023-06-06_0231	0	weed	1	1	1	0	0	2023-06-06_0231:instance:72	2023-06-06_0231:instance:72
2023-06-06_0231:semantic:T030:A016:C00021	2023-06-06_0231	0	ambiguous_or_background	0	1	0	0	1		2023-06-06_0231:instance:73
2023-06-06_0231:semantic:T030:A016:C00022	2023-06-06_0231	0	weed	1	1	1	0	0	2023-06-06_0231:instance:25	2023-06-06_0231:instance:25
2023-06-06_0231:semantic:T030:A016:C00023	2023-06-06_0231	0	ambiguous_or_background	0	1	0	0	1		2023-06-06_0231:instance:23
2023-06-06_0231:semantic:T030:A016:C00024	2023-06-06_0231	0	weed	1	1	1	0	0	2023-06-06_0231:instance:24	2023-06-06_0231:instance:24
2023-06-06_0231:semantic:T030:A016:C00025	2023-06-06_0231	0	ambiguous_or_background	0	1	0	0	1		2023-06-06_0231:instance:22
2023-06-06_0231:semantic:T030:A016:C00026	2023-06-06_0231	0	ambiguous_or_background	0	1	0	0	1		2023-06-06_0231:instance:19
2023-06-06_0231:semantic:T030:A016:C00027	2023-06-06_0231	0	ambiguous_or_background	0	1	0	0	1		2023-06-06_0231:instance:21
2023-06-06_0231:semantic:T030:A016:C00028	2023-06-06_0231	0	ambiguous_or_background	0	1	0	0	1		2023-06-06_0231:instance:20
2023-06-06_0231:semantic:T030:A016:C00029	2023-06-06_0231	0	crop	0	1	0	0	1		2023-06-06_0231:instance:49
2023-06-06_0231:semantic:T030:A016:C00030	2023-06-06_0231	1	ambiguous_or_background	0	1	0	0	1		2023-06-06_0231:instance:18
2023-06-06_0231:semantic:T030:A016:C00031	2023-06-06_0231	1	weed	1	1	1	0	0	2023-06-06_0231:instance:47	2023-06-06_0231:instance:47
2023-06-06_0231:semantic:T030:A016:C00032	2023-06-06_0231	1	weed	1	1	1	0	0	2023-06-06_0231:instance:48	2023-06-06_0231:instance:48
2023-06-06_0231:semantic:T030:A016:C00033	2023-06-06_0231	1	weed	1	1	1	0	0	2023-06-06_0231:instance:17	2023-06-06_0231:instance:17
2023-06-06_0231:semantic:T030:A016:C00034	2023-06-06_0231	0	weed	1	1	1	0	0	2023-06-06_0231:instance:12	2023-06-06_0231:instance:12
2023-06-06_0231:semantic:T030:A016:C00035	2023-06-06_0231	1	weed	1	1	1	0	0	2023-06-06_0231:instance:39	2023-06-06_0231:instance:39
2023-06-06_0231:semantic:T030:A016:C00037	2023-06-06_0231	0	weed	1	1	1	0	0	2023-06-06_0231:instance:11	2023-06-06_0231:instance:11
2023-06-06_0231:semantic:T030:A016:C00038	2023-06-06_0231	0	weed	1	1	1	0	0	2023-06-06_0231:instance:16	2023-06-06_0231:instance:16
2023-06-06_0231:semantic:T030:A016:C00039	2023-06-06_0231	1	weed	1	1	1	0	0	2023-06-06_0231:instance:46	2023-06-06_0231:instance:46
2023-06-06_0231:semantic:T030:A016:C00040	2023-06-06_0231	1	weed	1	1	1	0	0	2023-06-06_0231:instance:15	2023-06-06_0231:instance:15
2023-06-06_0231:semantic:T030:A016:C00041	2023-06-06_0231	0	weed	1	1	1	0	0	2023-06-06_0231:instance:67	2023-06-06_0231:instance:67
2023-06-06_0231:semantic:T030:A016:C00042	2023-06-06_0231	0	ambiguous_or_background	0	0	1	0	0		
2023-06-06_0231:semantic:T030:A016:C00043	2023-06-06_0231	1	weed	2	2	1	0	0	2023-06-06_0231:instance:14;2023-06-06_0231:instance:44	2023-06-06_0231:instance:14;2023-06-06_0231:instance:44
2023-06-06_0231:semantic:T030:A016:C00044	2023-06-06_0231	0	weed	1	1	1	0	0	2023-06-06_0231:instance:68	2023-06-06_0231:instance:68
2023-06-06_0231:semantic:T030:A016:C00045	2023-06-06_0231	0	ambiguous_or_background	0	1	0	0	1		2023-06-06_0231:instance:10
2023-06-06_0231:semantic:T030:A016:C00046	2023-06-06_0231	0	weed	2	2	1	0	0	2023-06-06_0231:instance:45;2023-06-06_0231:instance:9	2023-06-06_0231:instance:45;2023-06-06_0231:instance:9
2023-06-06_0231:semantic:T030:A016:C00047	2023-06-06_0231	0	weed	1	1	1	0	0	2023-06-06_0231:instance:13	2023-06-06_0231:instance:13
2023-06-06_0231:semantic:T030:A016:C00048	2023-06-06_0231	0	ambiguous_or_background	0	0	1	0	0		
2023-06-06_0231:semantic:T030:A016:C00049	2023-06-06_0231	0	ambiguous_or_background	0	0	1	0	0		
2023-06-06_0231:semantic:T030:A016:C00050	2023-06-06_0231	0	ambiguous_or_background	0	3	0	0	3		2023-06-06_0231:instance:1;2023-06-06_0231:instance:2;2023-06-06_0231:instance:35
2023-06-06_0231:semantic:T030:A016:C00051	2023-06-06_0231	0	ambiguous_or_background	0	1	0	0	1		2023-06-06_0231:instance:42
2023-06-06_0231:semantic:T030:A016:C00052	2023-06-06_0231	1	weed	1	1	1	0	0	2023-06-06_0231:instance:38	2023-06-06_0231:instance:38
2023-06-06_0231:semantic:T030:A016:C00053	2023-06-06_0231	1	weed	1	1	1	0	0	2023-06-06_0231:instance:41	2023-06-06_0231:instance:41
2023-06-06_0231:semantic:T030:A016:C00054	2023-06-06_0231	0	crop	0	0	1	0	0		
2023-06-06_0231:semantic:T030:A016:C00055	2023-06-06_0231	0	ambiguous_or_background	0	2	0	0	2		2023-06-06_0231:instance:3;2023-06-06_0231:instance:43
2023-06-06_0231:semantic:T030:A016:C00056	2023-06-06_0231	0	crop	0	0	1	0	0		
2023-06-06_0231:semantic:T030:A016:C00057	2023-06-06_0231	1	ambiguous_or_background	0	0	1	0	0		
2023-06-06_0231:semantic:T030:A016:C00058	2023-06-06_0231	0	ambiguous_or_background	0	4	0	0	4		2023-06-06_0231:instance:58;2023-06-06_0231:instance:6;2023-06-06_0231:instance:7;2023-06-06_0231:instance:8
2023-06-06_0231:semantic:T030:A016:C00059	2023-06-06_0231	1	weed	2	2	1	0	0	2023-06-06_0231:instance:36;2023-06-06_0231:instance:37	2023-06-06_0231:instance:36;2023-06-06_0231:instance:37
2023-06-06_0231:semantic:T030:A016:C00060	2023-06-06_0231	0	weed	1	1	1	0	0	2023-06-06_0231:instance:69	2023-06-06_0231:instance:69
2023-06-06_0231:semantic:T030:A016:C00061	2023-06-06_0231	1	weed	1	1	1	0	0	2023-06-06_0231:instance:40	2023-06-06_0231:instance:40
2023-06-06_0231:semantic:T030:A016:C00062	2023-06-06_0231	0	ambiguous_or_background	0	1	0	0	1		2023-06-06_0231:instance:5
2023-06-06_0231:semantic:T030:A016:C00063	2023-06-06_0231	0	ambiguous_or_background	0	0	1	0	0		
2023-06-06_0231:semantic:T030:A016:C00065	2023-06-06_0231	0	weed	1	1	1	0	0	2023-06-06_0231:instance:70	2023-06-06_0231:instance:70
2023-06-06_0667:semantic:T030:A016:C00001	2023-06-06_0667	0	ambiguous_or_background	0	5	0	0	5		2023-06-06_0667:instance:104;2023-06-06_0667:instance:43;2023-06-06_0667:instance:44;2023-06-06_0667:instance:45;2023-06-06_0667:instance:84
2023-06-06_0667:semantic:T030:A016:C00002	2023-06-06_0667	0	ambiguous_or_background	0	33	0	0	33		2023-06-06_0667:instance:103;2023-06-06_0667:instance:105;2023-06-06_0667:instance:106;2023-06-06_0667:instance:41;2023-06-06_0667:instance:46;2023-06-06_0667:instance:47;2023-06-06_0667:instance:48;2023-06-06_0667:instance:49;2023-06-06_0667:instance:50;2023-06-06_0667:instance:51;2023-06-06_0667:instance:52;2023-06-06_0667:instance:53;2023-06-06_0667:instance:54;2023-06-06_0667:instance:55;2023-06-06_0667:instance:56;2023-06-06_0667:instance:57;2023-06-06_0667:instance:58;2023-06-06_0667:instance:59;2023-06-06_0667:instance:60;2023-06-06_0667:instance:61;2023-06-06_0667:instance:62;2023-06-06_0667:instance:63;2023-06-06_0667:instance:64;2023-06-06_0667:instance:65;2023-06-06_0667:instance:66;2023-06-06_0667:instance:67;2023-06-06_0667:instance:68;2023-06-06_0667:instance:69;2023-06-06_0667:instance:70;2023-06-06_0667:instance:71;2023-06-06_0667:instance:86;2023-06-06_0667:instance:87;2023-06-06_0667:instance:92
2023-06-06_0667:semantic:T030:A016:C00003	2023-06-06_0667	0	weed	1	1	1	0	0	2023-06-06_0667:instance:65	2023-06-06_0667:instance:65
2023-06-06_0667:semantic:T030:A016:C00004	2023-06-06_0667	0	ambiguous_or_background	0	12	0	0	12		2023-06-06_0667:instance:103;2023-06-06_0667:instance:68;2023-06-06_0667:instance:69;2023-06-06_0667:instance:70;2023-06-06_0667:instance:71;2023-06-06_0667:instance:72;2023-06-06_0667:instance:73;2023-06-06_0667:instance:74;2023-06-06_0667:instance:75;2023-06-06_0667:instance:76;2023-06-06_0667:instance:77;2023-06-06_0667:instance:78
2023-06-06_0667:semantic:T030:A016:C00005	2023-06-06_0667	1	weed	1	1	1	0	0	2023-06-06_0667:instance:105	2023-06-06_0667:instance:105
2023-06-06_0667:semantic:T030:A016:C00006	2023-06-06_0667	0	ambiguous_or_background	0	1	0	0	1		2023-06-06_0667:instance:106
2023-06-06_0667:semantic:T030:A016:C00007	2023-06-06_0667	1	weed	1	1	1	0	0	2023-06-06_0667:instance:40	2023-06-06_0667:instance:40
2023-06-06_0667:semantic:T030:A016:C00008	2023-06-06_0667	1	weed	1	1	1	0	0	2023-06-06_0667:instance:41	2023-06-06_0667:instance:41
2023-06-06_0667:semantic:T030:A016:C00009	2023-06-06_0667	1	weed	1	1	1	0	0	2023-06-06_0667:instance:39	2023-06-06_0667:instance:39
2023-06-06_0667:semantic:T030:A016:C00010	2023-06-06_0667	0	weed	1	1	1	0	0	2023-06-06_0667:instance:42	2023-06-06_0667:instance:42
2023-06-06_0667:semantic:T030:A016:C00011	2023-06-06_0667	1	weed	2	2	1	0	0	2023-06-06_0667:instance:37;2023-06-06_0667:instance:38	2023-06-06_0667:instance:37;2023-06-06_0667:instance:38
2023-06-06_0667:semantic:T030:A016:C00012	2023-06-06_0667	0	weed	1	1	1	0	0	2023-06-06_0667:instance:102	2023-06-06_0667:instance:102
2023-06-06_0667:semantic:T030:A016:C00013	2023-06-06_0667	1	weed	4	4	1	0	0	2023-06-06_0667:instance:33;2023-06-06_0667:instance:34;2023-06-06_0667:instance:35;2023-06-06_0667:instance:36	2023-06-06_0667:instance:33;2023-06-06_0667:instance:34;2023-06-06_0667:instance:35;2023-06-06_0667:instance:36
2023-06-06_0667:semantic:T030:A016:C00014	2023-06-06_0667	1	weed	1	1	1	0	0	2023-06-06_0667:instance:22	2023-06-06_0667:instance:22
2023-06-06_0667:semantic:T030:A016:C00015	2023-06-06_0667	0	weed	1	1	1	0	0	2023-06-06_0667:instance:19	2023-06-06_0667:instance:19
2023-06-06_0667:semantic:T030:A016:C00016	2023-06-06_0667	1	weed	2	2	1	0	0	2023-06-06_0667:instance:20;2023-06-06_0667:instance:21	2023-06-06_0667:instance:20;2023-06-06_0667:instance:21
2023-06-06_0667:semantic:T030:A016:C00017	2023-06-06_0667	0	weed	1	1	1	0	0	2023-06-06_0667:instance:17	2023-06-06_0667:instance:17
2023-06-06_0667:semantic:T030:A016:C00018	2023-06-06_0667	0	weed	1	1	1	0	0	2023-06-06_0667:instance:18	2023-06-06_0667:instance:18
2023-06-06_0667:semantic:T030:A016:C00019	2023-06-06_0667	1	weed	1	1	1	0	0	2023-06-06_0667:instance:32	2023-06-06_0667:instance:32
2023-06-06_0667:semantic:T030:A016:C00020	2023-06-06_0667	1	weed	1	1	1	0	0	2023-06-06_0667:instance:16	2023-06-06_0667:instance:16
2023-06-06_0667:semantic:T030:A016:C00021	2023-06-06_0667	0	ambiguous_or_background	0	1	0	0	1		2023-06-06_0667:instance:31
2023-06-06_0667:semantic:T030:A016:C00022	2023-06-06_0667	1	weed	1	1	1	0	0	2023-06-06_0667:instance:27	2023-06-06_0667:instance:27
2023-06-06_0667:semantic:T030:A016:C00023	2023-06-06_0667	0	ambiguous_or_background	0	6	0	0	6		2023-06-06_0667:instance:23;2023-06-06_0667:instance:24;2023-06-06_0667:instance:25;2023-06-06_0667:instance:26;2023-06-06_0667:instance:95;2023-06-06_0667:instance:97
2023-06-06_0667:semantic:T030:A016:C00024	2023-06-06_0667	0	ambiguous_or_background	0	2	0	0	2		2023-06-06_0667:instance:28;2023-06-06_0667:instance:29
2023-06-06_0667:semantic:T030:A016:C00025	2023-06-06_0667	0	crop	0	0	1	0	0		
2023-06-06_0667:semantic:T030:A016:C00026	2023-06-06_0667	0	weed	1	1	1	0	0	2023-06-06_0667:instance:30	2023-06-06_0667:instance:30
2023-06-06_0667:semantic:T030:A016:C00027	2023-06-06_0667	0	weed	1	1	1	0	0	2023-06-06_0667:instance:15	2023-06-06_0667:instance:15
2023-06-06_0667:semantic:T030:A016:C00028	2023-06-06_0667	0	weed	1	1	1	0	0	2023-06-06_0667:instance:28	2023-06-06_0667:instance:28
2023-06-06_0667:semantic:T030:A016:C00029	2023-06-06_0667	0	weed	2	2	1	0	0	2023-06-06_0667:instance:101;2023-06-06_0667:instance:7	2023-06-06_0667:instance:101;2023-06-06_0667:instance:7
2023-06-06_0667:semantic:T030:A016:C00030	2023-06-06_0667	0	weed	1	1	1	0	0	2023-06-06_0667:instance:95	2023-06-06_0667:instance:95
2023-06-06_0667:semantic:T030:A016:C00031	2023-06-06_0667	0	ambiguous_or_background	0	1	0	0	1		2023-06-06_0667:instance:94
2023-06-06_0667:semantic:T030:A016:C00032	2023-06-06_0667	0	weed	1	1	1	0	0	2023-06-06_0667:instance:25	2023-06-06_0667:instance:25
2023-06-06_0667:semantic:T030:A016:C00033	2023-06-06_0667	1	weed	1	1	1	0	0	2023-06-06_0667:instance:98	2023-06-06_0667:instance:98
2023-06-06_0667:semantic:T030:A016:C00034	2023-06-06_0667	0	weed	1	1	1	0	0	2023-06-06_0667:instance:97	2023-06-06_0667:instance:97
2023-06-06_0667:semantic:T030:A016:C00035	2023-06-06_0667	1	weed	1	1	1	0	0	2023-06-06_0667:instance:6	2023-06-06_0667:instance:6
2023-06-06_0667:semantic:T030:A016:C00036	2023-06-06_0667	1	weed	1	1	1	0	0	2023-06-06_0667:instance:14	2023-06-06_0667:instance:14
2023-06-06_0667:semantic:T030:A016:C00037	2023-06-06_0667	1	weed	1	1	1	0	0	2023-06-06_0667:instance:99	2023-06-06_0667:instance:99
2023-06-06_0667:semantic:T030:A016:C00038	2023-06-06_0667	1	weed	3	3	1	0	0	2023-06-06_0667:instance:10;2023-06-06_0667:instance:11;2023-06-06_0667:instance:9	2023-06-06_0667:instance:10;2023-06-06_0667:instance:11;2023-06-06_0667:instance:9
2023-06-06_0667:semantic:T030:A016:C00039	2023-06-06_0667	1	ambiguous_or_background	0	1	0	0	1		2023-06-06_0667:instance:100
2023-06-06_0667:semantic:T030:A016:C00040	2023-06-06_0667	1	weed	1	1	1	0	0	2023-06-06_0667:instance:4	2023-06-06_0667:instance:4
2023-06-06_0667:semantic:T030:A016:C00041	2023-06-06_0667	0	weed	1	1	1	0	0	2023-06-06_0667:instance:13	2023-06-06_0667:instance:13
2023-06-06_0667:semantic:T030:A016:C00042	2023-06-06_0667	0	ambiguous_or_background	0	1	0	0	1		2023-06-06_0667:instance:12
2023-06-06_0667:semantic:T030:A016:C00043	2023-06-06_0667	1	weed	1	1	1	0	0	2023-06-06_0667:instance:96	2023-06-06_0667:instance:96
2023-06-06_0667:semantic:T030:A016:C00044	2023-06-06_0667	1	weed	1	1	1	0	0	2023-06-06_0667:instance:2	2023-06-06_0667:instance:2
2023-06-06_0667:semantic:T030:A016:C00045	2023-06-06_0667	0	weed	1	1	1	0	0	2023-06-06_0667:instance:8	2023-06-06_0667:instance:8
2023-06-06_0667:semantic:T030:A016:C00046	2023-06-06_0667	0	ambiguous_or_background	0	0	1	0	0		
2023-06-06_0667:semantic:T030:A016:C00047	2023-06-06_0667	0	weed	1	1	1	0	0	2023-06-06_0667:instance:3	2023-06-06_0667:instance:3
2023-06-06_0667:semantic:T030:A016:C00048	2023-06-06_0667	0	weed	1	1	1	0	0	2023-06-06_0667:instance:5	2023-06-06_0667:instance:5
2023-06-06_0667:semantic:T030:A016:C00049	2023-06-06_0667	0	ambiguous_or_background	0	0	1	0	0		
2023-06-06_0667:semantic:T030:A016:C00050	2023-06-06_0667	0	weed	1	1	1	0	0	2023-06-06_0667:instance:1	2023-06-06_0667:instance:1
2023-06-06_0667:semantic:T030:A016:C00051	2023-06-06_0667	0	ambiguous_or_background	0	0	1	0	0		
2023-06-06_0670:semantic:T030:A016:C00001	2023-06-06_0670	0	weed	3	3	1	0	0	2023-06-06_0670:instance:51;2023-06-06_0670:instance:52;2023-06-06_0670:instance:53	2023-06-06_0670:instance:51;2023-06-06_0670:instance:52;2023-06-06_0670:instance:53
2023-06-06_0670:semantic:T030:A016:C00003	2023-06-06_0670	1	weed	1	1	1	0	0	2023-06-06_0670:instance:2	2023-06-06_0670:instance:2
2023-06-06_0670:semantic:T030:A016:C00004	2023-06-06_0670	1	weed	1	1	1	0	0	2023-06-06_0670:instance:1	2023-06-06_0670:instance:1
2023-06-06_0670:semantic:T030:A016:C00005	2023-06-06_0670	1	weed	1	1	1	0	0	2023-06-06_0670:instance:92	2023-06-06_0670:instance:92
2023-06-06_0670:semantic:T030:A016:C00006	2023-06-06_0670	0	weed	1	1	1	0	0	2023-06-06_0670:instance:93	2023-06-06_0670:instance:93
2023-06-06_0670:semantic:T030:A016:C00007	2023-06-06_0670	0	ambiguous_or_background	0	7	0	0	7		2023-06-06_0670:instance:34;2023-06-06_0670:instance:35;2023-06-06_0670:instance:36;2023-06-06_0670:instance:41;2023-06-06_0670:instance:45;2023-06-06_0670:instance:89;2023-06-06_0670:instance:90
2023-06-06_0670:semantic:T030:A016:C00008	2023-06-06_0670	0	crop	0	1	0	0	1		2023-06-06_0670:instance:55
2023-06-06_0670:semantic:T030:A016:C00009	2023-06-06_0670	0	crop	0	0	1	0	0		
2023-06-06_0670:semantic:T030:A016:C00010	2023-06-06_0670	0	ambiguous_or_background	0	9	0	0	9		2023-06-06_0670:instance:3;2023-06-06_0670:instance:4;2023-06-06_0670:instance:49;2023-06-06_0670:instance:5;2023-06-06_0670:instance:55;2023-06-06_0670:instance:56;2023-06-06_0670:instance:6;2023-06-06_0670:instance:7;2023-06-06_0670:instance:8
2023-06-06_0670:semantic:T030:A016:C00011	2023-06-06_0670	1	weed	3	3	1	0	0	2023-06-06_0670:instance:44;2023-06-06_0670:instance:45;2023-06-06_0670:instance:46	2023-06-06_0670:instance:44;2023-06-06_0670:instance:45;2023-06-06_0670:instance:46
2023-06-06_0670:semantic:T030:A016:C00012	2023-06-06_0670	0	weed	1	1	1	0	0	2023-06-06_0670:instance:3	2023-06-06_0670:instance:3
2023-06-06_0670:semantic:T030:A016:C00013	2023-06-06_0670	0	ambiguous_or_background	0	3	0	0	3		2023-06-06_0670:instance:11;2023-06-06_0670:instance:47;2023-06-06_0670:instance:94
2023-06-06_0670:semantic:T030:A016:C00014	2023-06-06_0670	0	weed	1	1	1	0	0	2023-06-06_0670:instance:40	2023-06-06_0670:instance:40
2023-06-06_0670:semantic:T030:A016:C00015	2023-06-06_0670	1	weed	1	1	1	0	0	2023-06-06_0670:instance:38	2023-06-06_0670:instance:38
2023-06-06_0670:semantic:T030:A016:C00016	2023-06-06_0670	0	weed	0	0	1	0	0		
2023-06-06_0670:semantic:T030:A016:C00017	2023-06-06_0670	1	weed	1	1	1	0	0	2023-06-06_0670:instance:37	2023-06-06_0670:instance:37
2023-06-06_0670:semantic:T030:A016:C00018	2023-06-06_0670	0	weed	1	1	1	0	0	2023-06-06_0670:instance:11	2023-06-06_0670:instance:11
2023-06-06_0670:semantic:T030:A016:C00019	2023-06-06_0670	0	weed	1	1	1	0	0	2023-06-06_0670:instance:10	2023-06-06_0670:instance:10
2023-06-06_0670:semantic:T030:A016:C00020	2023-06-06_0670	1	weed	1	1	1	0	0	2023-06-06_0670:instance:9	2023-06-06_0670:instance:9
2023-06-06_0670:semantic:T030:A016:C00021	2023-06-06_0670	1	weed	1	1	1	0	0	2023-06-06_0670:instance:39	2023-06-06_0670:instance:39
2023-06-06_0670:semantic:T030:A016:C00022	2023-06-06_0670	0	weed	1	1	1	0	0	2023-06-06_0670:instance:12	2023-06-06_0670:instance:12
2023-06-06_0670:semantic:T030:A016:C00024	2023-06-06_0670	1	ambiguous_or_background	0	0	1	0	0		
2023-06-06_0670:semantic:T030:A016:C00025	2023-06-06_0670	1	weed	2	2	1	0	0	2023-06-06_0670:instance:13;2023-06-06_0670:instance:14	2023-06-06_0670:instance:13;2023-06-06_0670:instance:14
2023-06-06_0670:semantic:T030:A016:C00026	2023-06-06_0670	0	weed	1	1	1	0	0	2023-06-06_0670:instance:96	2023-06-06_0670:instance:96
2023-06-06_0670:semantic:T030:A016:C00027	2023-06-06_0670	1	weed	3	3	1	0	0	2023-06-06_0670:instance:31;2023-06-06_0670:instance:32;2023-06-06_0670:instance:33	2023-06-06_0670:instance:31;2023-06-06_0670:instance:32;2023-06-06_0670:instance:33
2023-06-06_0670:semantic:T030:A016:C00028	2023-06-06_0670	0	weed	1	1	1	0	0	2023-06-06_0670:instance:15	2023-06-06_0670:instance:15
2023-06-06_0670:semantic:T030:A016:C00029	2023-06-06_0670	0	ambiguous_or_background	0	0	1	0	0		
2023-06-06_0670:semantic:T030:A016:C00030	2023-06-06_0670	0	weed	2	2	1	0	0	2023-06-06_0670:instance:88;2023-06-06_0670:instance:97	2023-06-06_0670:instance:88;2023-06-06_0670:instance:97
2023-06-06_0670:semantic:T030:A016:C00031	2023-06-06_0670	1	weed	1	1	1	0	0	2023-06-06_0670:instance:30	2023-06-06_0670:instance:30
2023-06-06_0670:semantic:T030:A016:C00032	2023-06-06_0670	1	weed	6	6	1	0	0	2023-06-06_0670:instance:58;2023-06-06_0670:instance:59;2023-06-06_0670:instance:60;2023-06-06_0670:instance:61;2023-06-06_0670:instance:62;2023-06-06_0670:instance:98	2023-06-06_0670:instance:58;2023-06-06_0670:instance:59;2023-06-06_0670:instance:60;2023-06-06_0670:instance:61;2023-06-06_0670:instance:62;2023-06-06_0670:instance:98
2023-06-06_0670:semantic:T030:A016:C00033	2023-06-06_0670	1	weed	2	2	1	0	0	2023-06-06_0670:instance:17;2023-06-06_0670:instance:19	2023-06-06_0670:instance:17;2023-06-06_0670:instance:19
2023-06-06_0670:semantic:T030:A016:C00034	2023-06-06_0670	1	weed	1	1	1	0	0	2023-06-06_0670:instance:29	2023-06-06_0670:instance:29
2023-06-06_0670:semantic:T030:A016:C00035	2023-06-06_0670	0	weed	2	2	1	0	0	2023-06-06_0670:instance:27;2023-06-06_0670:instance:28	2023-06-06_0670:instance:27;2023-06-06_0670:instance:28
2023-06-06_0670:semantic:T030:A016:C00036	2023-06-06_0670	1	weed	1	1	1	0	0	2023-06-06_0670:instance:18	2023-06-06_0670:instance:18
2023-06-06_0670:semantic:T030:A016:C00037	2023-06-06_0670	0	weed	1	1	1	0	0	2023-06-06_0670:instance:20	2023-06-06_0670:instance:20
2023-06-06_0670:semantic:T030:A016:C00038	2023-06-06_0670	1	weed	1	1	1	0	0	2023-06-06_0670:instance:26	2023-06-06_0670:instance:26
2023-06-06_0670:semantic:T030:A016:C00039	2023-06-06_0670	0	ambiguous_or_background	0	14	0	0	14		2023-06-06_0670:instance:101;2023-06-06_0670:instance:106;2023-06-06_0670:instance:16;2023-06-06_0670:instance:65;2023-06-06_0670:instance:74;2023-06-06_0670:instance:75;2023-06-06_0670:instance:76;2023-06-06_0670:instance:77;2023-06-06_0670:instance:78;2023-06-06_0670:instance:79;2023-06-06_0670:instance:80;2023-06-06_0670:instance:81;2023-06-06_0670:instance:82;2023-06-06_0670:instance:99
2023-06-06_0670:semantic:T030:A016:C00040	2023-06-06_0670	0	weed	1	1	1	0	0	2023-06-06_0670:instance:16	2023-06-06_0670:instance:16
2023-06-06_0670:semantic:T030:A016:C00041	2023-06-06_0670	0	ambiguous_or_background	0	4	0	0	4		2023-06-06_0670:instance:65;2023-06-06_0670:instance:66;2023-06-06_0670:instance:67;2023-06-06_0670:instance:99
2023-06-06_0670:semantic:T030:A016:C00042	2023-06-06_0670	0	weed	2	2	1	0	0	2023-06-06_0670:instance:63;2023-06-06_0670:instance:64	2023-06-06_0670:instance:63;2023-06-06_0670:instance:64
2023-06-06_0670:semantic:T030:A016:C00044	2023-06-06_0670	1	weed	1	1	1	0	0	2023-06-06_0670:instance:25	2023-06-06_0670:instance:25
2023-06-06_0670:semantic:T030:A016:C00045	2023-06-06_0670	0	crop	0	0	1	0	0		
2023-06-06_0670:semantic:T030:A016:C00046	2023-06-06_0670	0	crop	0	2	0	0	2		2023-06-06_0670:instance:100;2023-06-06_0670:instance:86
2023-06-06_0670:semantic:T030:A016:C00047	2023-06-06_0670	0	weed	1	1	1	0	0	2023-06-06_0670:instance:23	2023-06-06_0670:instance:23
2023-06-06_0670:semantic:T030:A016:C00048	2023-06-06_0670	0	weed	2	2	1	0	0	2023-06-06_0670:instance:21;2023-06-06_0670:instance:22	2023-06-06_0670:instance:21;2023-06-06_0670:instance:22
2023-06-06_0670:semantic:T030:A016:C00049	2023-06-06_0670	0	weed	0	0	1	0	0		
2023-06-06_0670:semantic:T030:A016:C00050	2023-06-06_0670	1	weed	1	1	1	0	0	2023-06-06_0670:instance:99	2023-06-06_0670:instance:99
2023-06-06_0670:semantic:T030:A016:C00051	2023-06-06_0670	0	ambiguous_or_background	0	1	0	0	1		2023-06-06_0670:instance:107
2023-06-06_0670:semantic:T030:A016:C00052	2023-06-06_0670	0	ambiguous_or_background	0	0	1	0	0		
2023-06-06_0670:semantic:T030:A016:C00053	2023-06-06_0670	0	weed	1	1	1	0	0	2023-06-06_0670:instance:70	2023-06-06_0670:instance:70
2023-06-06_0670:semantic:T030:A016:C00054	2023-06-06_0670	1	weed	1	1	1	0	0	2023-06-06_0670:instance:103	2023-06-06_0670:instance:103
2023-06-06_0670:semantic:T030:A016:C00055	2023-06-06_0670	0	weed	2	2	1	0	0	2023-06-06_0670:instance:72;2023-06-06_0670:instance:73	2023-06-06_0670:instance:72;2023-06-06_0670:instance:73
2023-06-06_0670:semantic:T030:A016:C00056	2023-06-06_0670	0	weed	1	1	1	0	0	2023-06-06_0670:instance:74	2023-06-06_0670:instance:74
2023-06-06_0670:semantic:T030:A016:C00057	2023-06-06_0670	0	weed	1	1	1	0	0	2023-06-06_0670:instance:102	2023-06-06_0670:instance:102
2023-06-06_0670:semantic:T030:A016:C00058	2023-06-06_0670	0	weed	1	1	1	0	0	2023-06-06_0670:instance:84	2023-06-06_0670:instance:84
2023-06-06_0670:semantic:T030:A016:C00059	2023-06-06_0670	0	weed	1	1	1	0	0	2023-06-06_0670:instance:83	2023-06-06_0670:instance:83
2023-06-06_0670:semantic:T030:A016:C00060	2023-06-06_0670	0	weed	1	1	1	0	0	2023-06-06_0670:instance:71	2023-06-06_0670:instance:71
2023-06-06_0670:semantic:T030:A016:C00061	2023-06-06_0670	0	weed	2	2	1	0	0	2023-06-06_0670:instance:104;2023-06-06_0670:instance:105	2023-06-06_0670:instance:104;2023-06-06_0670:instance:105
2023-06-06_0670:semantic:T030:A016:C00062	2023-06-06_0670	0	weed	2	2	1	0	0	2023-06-06_0670:instance:81;2023-06-06_0670:instance:82	2023-06-06_0670:instance:81;2023-06-06_0670:instance:82
2023-06-06_0736:semantic:T030:A016:C00001	2023-06-06_0736	0	ambiguous_or_background	0	1	0	0	1		2023-06-06_0736:instance:69
2023-06-06_0736:semantic:T030:A016:C00002	2023-06-06_0736	0	ambiguous_or_background	0	2	0	0	2		2023-06-06_0736:instance:64;2023-06-06_0736:instance:75
2023-06-06_0736:semantic:T030:A016:C00003	2023-06-06_0736	0	crop	0	1	0	0	1		2023-06-06_0736:instance:65
2023-06-06_0736:semantic:T030:A016:C00004	2023-06-06_0736	0	crop	0	0	1	0	0		
2023-06-06_0736:semantic:T030:A016:C00005	2023-06-06_0736	0	ambiguous_or_background	0	1	0	0	1		2023-06-06_0736:instance:73
2023-06-06_0736:semantic:T030:A016:C00006	2023-06-06_0736	0	weed	1	1	1	0	0	2023-06-06_0736:instance:70	2023-06-06_0736:instance:70
2023-06-06_0736:semantic:T030:A016:C00007	2023-06-06_0736	1	weed	2	2	1	0	0	2023-06-06_0736:instance:55;2023-06-06_0736:instance:56	2023-06-06_0736:instance:55;2023-06-06_0736:instance:56
2023-06-06_0736:semantic:T030:A016:C00008	2023-06-06_0736	1	weed	1	1	1	0	0	2023-06-06_0736:instance:68	2023-06-06_0736:instance:68
2023-06-06_0736:semantic:T030:A016:C00011	2023-06-06_0736	1	weed	1	1	1	0	0	2023-06-06_0736:instance:66	2023-06-06_0736:instance:66
2023-06-06_0736:semantic:T030:A016:C00012	2023-06-06_0736	1	weed	1	1	1	0	0	2023-06-06_0736:instance:54	2023-06-06_0736:instance:54
2023-06-06_0736:semantic:T030:A016:C00013	2023-06-06_0736	1	weed	2	2	1	0	0	2023-06-06_0736:instance:61;2023-06-06_0736:instance:62	2023-06-06_0736:instance:61;2023-06-06_0736:instance:62
2023-06-06_0736:semantic:T030:A016:C00014	2023-06-06_0736	0	weed	1	1	1	0	0	2023-06-06_0736:instance:63	2023-06-06_0736:instance:63
2023-06-06_0736:semantic:T030:A016:C00015	2023-06-06_0736	0	weed	1	1	1	0	0	2023-06-06_0736:instance:67	2023-06-06_0736:instance:67
2023-06-06_0736:semantic:T030:A016:C00016	2023-06-06_0736	1	weed	1	1	1	0	0	2023-06-06_0736:instance:53	2023-06-06_0736:instance:53
2023-06-06_0736:semantic:T030:A016:C00017	2023-06-06_0736	1	weed	1	1	1	0	0	2023-06-06_0736:instance:78	2023-06-06_0736:instance:78
2023-06-06_0736:semantic:T030:A016:C00018	2023-06-06_0736	0	weed	1	1	1	0	0	2023-06-06_0736:instance:60	2023-06-06_0736:instance:60
2023-06-06_0736:semantic:T030:A016:C00019	2023-06-06_0736	1	weed	1	1	1	0	0	2023-06-06_0736:instance:52	2023-06-06_0736:instance:52
2023-06-06_0736:semantic:T030:A016:C00020	2023-06-06_0736	0	weed	1	1	1	0	0	2023-06-06_0736:instance:59	2023-06-06_0736:instance:59
2023-06-06_0736:semantic:T030:A016:C00021	2023-06-06_0736	1	weed	1	1	1	0	0	2023-06-06_0736:instance:58	2023-06-06_0736:instance:58
2023-06-06_0736:semantic:T030:A016:C00022	2023-06-06_0736	1	weed	1	1	1	0	0	2023-06-06_0736:instance:57	2023-06-06_0736:instance:57
2023-06-06_0736:semantic:T030:A016:C00023	2023-06-06_0736	1	weed	1	1	1	0	0	2023-06-06_0736:instance:51	2023-06-06_0736:instance:51
2023-06-06_0736:semantic:T030:A016:C00024	2023-06-06_0736	1	weed	1	1	1	0	0	2023-06-06_0736:instance:45	2023-06-06_0736:instance:45
2023-06-06_0736:semantic:T030:A016:C00025	2023-06-06_0736	0	ambiguous_or_background	0	4	0	0	4		2023-06-06_0736:instance:45;2023-06-06_0736:instance:46;2023-06-06_0736:instance:47;2023-06-06_0736:instance:48
2023-06-06_0736:semantic:T030:A016:C00026	2023-06-06_0736	0	ambiguous_or_background	0	3	0	0	3		2023-06-06_0736:instance:37;2023-06-06_0736:instance:38;2023-06-06_0736:instance:6
2023-06-06_0736:semantic:T030:A016:C00027	2023-06-06_0736	0	ambiguous_or_background	0	2	0	0	2		2023-06-06_0736:instance:42;2023-06-06_0736:instance:43
2023-06-06_0736:semantic:T030:A016:C00028	2023-06-06_0736	0	ambiguous_or_background	0	0	1	0	0		
2023-06-06_0736:semantic:T030:A016:C00029	2023-06-06_0736	1	weed	1	1	1	0	0	2023-06-06_0736:instance:5	2023-06-06_0736:instance:5
2023-06-06_0736:semantic:T030:A016:C00030	2023-06-06_0736	1	weed	1	1	1	0	0	2023-06-06_0736:instance:6	2023-06-06_0736:instance:6
2023-06-06_0736:semantic:T030:A016:C00031	2023-06-06_0736	1	weed	9	9	1	0	0	2023-06-06_0736:instance:14;2023-06-06_0736:instance:15;2023-06-06_0736:instance:16;2023-06-06_0736:instance:17;2023-06-06_0736:instance:18;2023-06-06_0736:instance:19;2023-06-06_0736:instance:20;2023-06-06_0736:instance:21;2023-06-06_0736:instance:22	2023-06-06_0736:instance:14;2023-06-06_0736:instance:15;2023-06-06_0736:instance:16;2023-06-06_0736:instance:17;2023-06-06_0736:instance:18;2023-06-06_0736:instance:19;2023-06-06_0736:instance:20;2023-06-06_0736:instance:21;2023-06-06_0736:instance:22
2023-06-06_0736:semantic:T030:A016:C00032	2023-06-06_0736	0	weed	11	12	0	0	1	2023-06-06_0736:instance:24;2023-06-06_0736:instance:25;2023-06-06_0736:instance:26;2023-06-06_0736:instance:27;2023-06-06_0736:instance:28;2023-06-06_0736:instance:29;2023-06-06_0736:instance:30;2023-06-06_0736:instance:31;2023-06-06_0736:instance:32;2023-06-06_0736:instance:33;2023-06-06_0736:instance:36	2023-06-06_0736:instance:24;2023-06-06_0736:instance:25;2023-06-06_0736:instance:26;2023-06-06_0736:instance:27;2023-06-06_0736:instance:28;2023-06-06_0736:instance:29;2023-06-06_0736:instance:30;2023-06-06_0736:instance:31;2023-06-06_0736:instance:32;2023-06-06_0736:instance:33;2023-06-06_0736:instance:34;2023-06-06_0736:instance:36
2023-06-06_0736:semantic:T030:A016:C00033	2023-06-06_0736	1	ambiguous_or_background	0	0	1	0	0		
2023-06-06_0736:semantic:T030:A016:C00034	2023-06-06_0736	1	weed	2	2	1	0	0	2023-06-06_0736:instance:2;2023-06-06_0736:instance:4	2023-06-06_0736:instance:2;2023-06-06_0736:instance:4
2023-06-06_0736:semantic:T030:A016:C00035	2023-06-06_0736	1	weed	6	6	1	0	0	2023-06-06_0736:instance:10;2023-06-06_0736:instance:11;2023-06-06_0736:instance:12;2023-06-06_0736:instance:7;2023-06-06_0736:instance:8;2023-06-06_0736:instance:9	2023-06-06_0736:instance:10;2023-06-06_0736:instance:11;2023-06-06_0736:instance:12;2023-06-06_0736:instance:7;2023-06-06_0736:instance:8;2023-06-06_0736:instance:9
2023-06-06_0736:semantic:T030:A016:C00036	2023-06-06_0736	0	weed	1	1	1	0	0	2023-06-06_0736:instance:3	2023-06-06_0736:instance:3
2023-06-06_0736:semantic:T030:A016:C00037	2023-06-06_0736	0	weed	1	1	1	0	0	2023-06-06_0736:instance:34	2023-06-06_0736:instance:34
2023-06-06_0736:semantic:T030:A016:C00038	2023-06-06_0736	1	weed	1	1	1	0	0	2023-06-06_0736:instance:13	2023-06-06_0736:instance:13
2023-06-06_0736:semantic:T030:A016:C00039	2023-06-06_0736	1	weed	1	1	1	0	0	2023-06-06_0736:instance:23	2023-06-06_0736:instance:23
2023-06-06_0736:semantic:T030:A016:C00040	2023-06-06_0736	0	weed	1	1	1	0	0	2023-06-06_0736:instance:1	2023-06-06_0736:instance:1
2023-06-06_0736:semantic:T030:A016:C00041	2023-06-06_0736	0	weed	1	1	1	0	0	2023-06-06_0736:instance:35	2023-06-06_0736:instance:35
2023-06-06_0736:semantic:T030:A016:C00042	2023-06-06_0736	0	ambiguous_or_background	0	0	1	0	0		
2023-06-06_0736:semantic:T030:A016:C00043	2023-06-06_0736	0	weed	0	0	1	0	0		
2023-06-06_0770:semantic:T030:A016:C00001	2023-06-06_0770	0	crop	0	0	1	0	0		
2023-06-06_0770:semantic:T030:A016:C00002	2023-06-06_0770	0	crop	0	0	1	0	0		
2023-06-06_0770:semantic:T030:A016:C00003	2023-06-06_0770	0	weed	1	1	1	0	0	2023-06-06_0770:instance:61	2023-06-06_0770:instance:61
2023-06-06_0770:semantic:T030:A016:C00004	2023-06-06_0770	0	weed	1	1	1	0	0	2023-06-06_0770:instance:62	2023-06-06_0770:instance:62
2023-06-06_0770:semantic:T030:A016:C00005	2023-06-06_0770	0	weed	2	2	1	0	0	2023-06-06_0770:instance:63;2023-06-06_0770:instance:8	2023-06-06_0770:instance:63;2023-06-06_0770:instance:8
2023-06-06_0770:semantic:T030:A016:C00006	2023-06-06_0770	0	weed	1	1	1	0	0	2023-06-06_0770:instance:1	2023-06-06_0770:instance:1
2023-06-06_0770:semantic:T030:A016:C00007	2023-06-06_0770	0	weed	2	2	1	0	0	2023-06-06_0770:instance:53;2023-06-06_0770:instance:54	2023-06-06_0770:instance:53;2023-06-06_0770:instance:54
2023-06-06_0770:semantic:T030:A016:C00008	2023-06-06_0770	1	weed	1	1	1	0	0	2023-06-06_0770:instance:2	2023-06-06_0770:instance:2
2023-06-06_0770:semantic:T030:A016:C00009	2023-06-06_0770	1	weed	1	1	1	0	0	2023-06-06_0770:instance:5	2023-06-06_0770:instance:5
2023-06-06_0770:semantic:T030:A016:C00010	2023-06-06_0770	0	weed	7	7	1	0	0	2023-06-06_0770:instance:77;2023-06-06_0770:instance:78;2023-06-06_0770:instance:79;2023-06-06_0770:instance:80;2023-06-06_0770:instance:81;2023-06-06_0770:instance:82;2023-06-06_0770:instance:83	2023-06-06_0770:instance:77;2023-06-06_0770:instance:78;2023-06-06_0770:instance:79;2023-06-06_0770:instance:80;2023-06-06_0770:instance:81;2023-06-06_0770:instance:82;2023-06-06_0770:instance:83
2023-06-06_0770:semantic:T030:A016:C00011	2023-06-06_0770	1	weed	1	1	1	0	0	2023-06-06_0770:instance:11	2023-06-06_0770:instance:11
2023-06-06_0770:semantic:T030:A016:C00013	2023-06-06_0770	1	weed	2	2	1	0	0	2023-06-06_0770:instance:10;2023-06-06_0770:instance:9	2023-06-06_0770:instance:10;2023-06-06_0770:instance:9
2023-06-06_0770:semantic:T030:A016:C00014	2023-06-06_0770	0	weed	1	1	1	0	0	2023-06-06_0770:instance:15	2023-06-06_0770:instance:15
2023-06-06_0770:semantic:T030:A016:C00015	2023-06-06_0770	1	weed	3	3	1	0	0	2023-06-06_0770:instance:12;2023-06-06_0770:instance:13;2023-06-06_0770:instance:14	2023-06-06_0770:instance:12;2023-06-06_0770:instance:13;2023-06-06_0770:instance:14
2023-06-06_0770:semantic:T030:A016:C00016	2023-06-06_0770	0	weed	1	1	1	0	0	2023-06-06_0770:instance:64	2023-06-06_0770:instance:64
2023-06-06_0770:semantic:T030:A016:C00017	2023-06-06_0770	1	weed	2	2	1	0	0	2023-06-06_0770:instance:16;2023-06-06_0770:instance:17	2023-06-06_0770:instance:16;2023-06-06_0770:instance:17
2023-06-06_0770:semantic:T030:A016:C00018	2023-06-06_0770	1	weed	1	1	1	0	0	2023-06-06_0770:instance:6	2023-06-06_0770:instance:6
2023-06-06_0770:semantic:T030:A016:C00019	2023-06-06_0770	1	weed	1	1	1	0	0	2023-06-06_0770:instance:7	2023-06-06_0770:instance:7
2023-06-06_0770:semantic:T030:A016:C00020	2023-06-06_0770	1	weed	1	1	1	0	0	2023-06-06_0770:instance:52	2023-06-06_0770:instance:52
2023-06-06_0770:semantic:T030:A016:C00021	2023-06-06_0770	0	ambiguous_or_background	0	0	1	0	0		
2023-06-06_0770:semantic:T030:A016:C00022	2023-06-06_0770	1	weed	1	1	1	0	0	2023-06-06_0770:instance:67	2023-06-06_0770:instance:67
2023-06-06_0770:semantic:T030:A016:C00023	2023-06-06_0770	0	ambiguous_or_background	0	1	0	0	1		2023-06-06_0770:instance:65
2023-06-06_0770:semantic:T030:A016:C00024	2023-06-06_0770	0	weed	1	1	1	0	0	2023-06-06_0770:instance:50	2023-06-06_0770:instance:50
2023-06-06_0770:semantic:T030:A016:C00025	2023-06-06_0770	0	crop	0	2	0	0	2		2023-06-06_0770:instance:70;2023-06-06_0770:instance:71
2023-06-06_0770:semantic:T030:A016:C00026	2023-06-06_0770	0	weed	1	1	1	0	0	2023-06-06_0770:instance:74	2023-06-06_0770:instance:74
2023-06-06_0770:semantic:T030:A016:C00027	2023-06-06_0770	0	weed	1	1	1	0	0	2023-06-06_0770:instance:68	2023-06-06_0770:instance:68
2023-06-06_0770:semantic:T030:A016:C00028	2023-06-06_0770	0	weed	1	1	1	0	0	2023-06-06_0770:instance:51	2023-06-06_0770:instance:51
2023-06-06_0770:semantic:T030:A016:C00029	2023-06-06_0770	1	weed	1	1	1	0	0	2023-06-06_0770:instance:43	2023-06-06_0770:instance:43
2023-06-06_0770:semantic:T030:A016:C00030	2023-06-06_0770	0	ambiguous_or_background	0	2	0	0	2		2023-06-06_0770:instance:24;2023-06-06_0770:instance:75
2023-06-06_0770:semantic:T030:A016:C00031	2023-06-06_0770	0	ambiguous_or_background	0	10	0	0	10		2023-06-06_0770:instance:19;2023-06-06_0770:instance:29;2023-06-06_0770:instance:35;2023-06-06_0770:instance:39;2023-06-06_0770:instance:40;2023-06-06_0770:instance:44;2023-06-06_0770:instance:45;2023-06-06_0770:instance:46;2023-06-06_0770:instance:48;2023-06-06_0770:instance:72
2023-06-06_0770:semantic:T030:A016:C00032	2023-06-06_0770	0	weed	2	2	1	0	0	2023-06-06_0770:instance:69;2023-06-06_0770:instance:70	2023-06-06_0770:instance:69;2023-06-06_0770:instance:70
2023-06-06_0770:semantic:T030:A016:C00033	2023-06-06_0770	0	weed	1	1	1	0	0	2023-06-06_0770:instance:19	2023-06-06_0770:instance:19
2023-06-06_0770:semantic:T030:A016:C00034	2023-06-06_0770	0	weed	1	1	1	0	0	2023-06-06_0770:instance:44	2023-06-06_0770:instance:44
2023-06-06_0770:semantic:T030:A016:C00035	2023-06-06_0770	0	crop	0	0	1	0	0		
2023-06-06_0770:semantic:T030:A016:C00036	2023-06-06_0770	0	weed	1	1	1	0	0	2023-06-06_0770:instance:24	2023-06-06_0770:instance:24
2023-06-06_0770:semantic:T030:A016:C00037	2023-06-06_0770	1	weed	2	2	1	0	0	2023-06-06_0770:instance:37;2023-06-06_0770:instance:38	2023-06-06_0770:instance:37;2023-06-06_0770:instance:38
2023-06-06_0770:semantic:T030:A016:C00038	2023-06-06_0770	1	weed	1	1	1	0	0	2023-06-06_0770:instance:73	2023-06-06_0770:instance:73
2023-06-06_0770:semantic:T030:A016:C00039	2023-06-06_0770	0	weed	1	1	1	0	0	2023-06-06_0770:instance:72	2023-06-06_0770:instance:72
2023-06-06_0770:semantic:T030:A016:C00040	2023-06-06_0770	1	weed	1	1	1	0	0	2023-06-06_0770:instance:20	2023-06-06_0770:instance:20
2023-06-06_0770:semantic:T030:A016:C00041	2023-06-06_0770	0	weed	3	3	1	0	0	2023-06-06_0770:instance:30;2023-06-06_0770:instance:31;2023-06-06_0770:instance:32	2023-06-06_0770:instance:30;2023-06-06_0770:instance:31;2023-06-06_0770:instance:32
2023-06-06_0770:semantic:T030:A016:C00042	2023-06-06_0770	0	weed	2	2	1	0	0	2023-06-06_0770:instance:39;2023-06-06_0770:instance:40	2023-06-06_0770:instance:39;2023-06-06_0770:instance:40
2023-06-06_0770:semantic:T030:A016:C00043	2023-06-06_0770	1	weed	1	1	1	0	0	2023-06-06_0770:instance:23	2023-06-06_0770:instance:23
2023-06-06_0770:semantic:T030:A016:C00044	2023-06-06_0770	1	weed	2	2	1	0	0	2023-06-06_0770:instance:41;2023-06-06_0770:instance:42	2023-06-06_0770:instance:41;2023-06-06_0770:instance:42
2023-06-06_0770:semantic:T030:A016:C00045	2023-06-06_0770	1	weed	1	1	1	0	0	2023-06-06_0770:instance:28	2023-06-06_0770:instance:28
2023-06-06_0770:semantic:T030:A016:C00046	2023-06-06_0770	1	weed	1	1	1	0	0	2023-06-06_0770:instance:21	2023-06-06_0770:instance:21
2023-06-06_0770:semantic:T030:A016:C00047	2023-06-06_0770	0	weed	3	3	1	0	0	2023-06-06_0770:instance:56;2023-06-06_0770:instance:57;2023-06-06_0770:instance:84	2023-06-06_0770:instance:56;2023-06-06_0770:instance:57;2023-06-06_0770:instance:84
2023-06-06_0770:semantic:T030:A016:C00048	2023-06-06_0770	0	weed	1	1	1	0	0	2023-06-06_0770:instance:58	2023-06-06_0770:instance:58
2023-06-06_0770:semantic:T030:A016:C00049	2023-06-06_0770	1	weed	1	1	1	0	0	2023-06-06_0770:instance:26	2023-06-06_0770:instance:26
2023-06-06_0770:semantic:T030:A016:C00050	2023-06-06_0770	1	weed	1	1	1	0	0	2023-06-06_0770:instance:22	2023-06-06_0770:instance:22
2023-06-06_0770:semantic:T030:A016:C00051	2023-06-06_0770	0	ambiguous_or_background	0	1	0	0	1		2023-06-06_0770:instance:25
2023-06-06_0770:semantic:T030:A016:C00052	2023-06-06_0770	0	weed	1	1	1	0	0	2023-06-06_0770:instance:60	2023-06-06_0770:instance:60
2023-06-06_0770:semantic:T030:A016:C00053	2023-06-06_0770	0	weed	1	1	1	0	0	2023-06-06_0770:instance:27	2023-06-06_0770:instance:27
2023-06-06_0770:semantic:T030:A016:C00054	2023-06-06_0770	0	weed	1	1	1	0	0	2023-06-06_0770:instance:59	2023-06-06_0770:instance:59
2023-06-15_0169:semantic:T030:A016:C00001	2023-06-15_0169	0	ambiguous_or_background	0	0	1	0	0		
2023-06-15_0169:semantic:T030:A016:C00002	2023-06-15_0169	0	weed	9	10	0	0	1	2023-06-15_0169:instance:17;2023-06-15_0169:instance:18;2023-06-15_0169:instance:19;2023-06-15_0169:instance:20;2023-06-15_0169:instance:5;2023-06-15_0169:instance:6;2023-06-15_0169:instance:7;2023-06-15_0169:instance:8;2023-06-15_0169:instance:9	2023-06-15_0169:instance:17;2023-06-15_0169:instance:18;2023-06-15_0169:instance:19;2023-06-15_0169:instance:20;2023-06-15_0169:instance:5;2023-06-15_0169:instance:6;2023-06-15_0169:instance:60;2023-06-15_0169:instance:7;2023-06-15_0169:instance:8;2023-06-15_0169:instance:9
2023-06-15_0169:semantic:T030:A016:C00003	2023-06-15_0169	1	weed	2	2	1	0	0	2023-06-15_0169:instance:3;2023-06-15_0169:instance:81	2023-06-15_0169:instance:3;2023-06-15_0169:instance:81
2023-06-15_0169:semantic:T030:A016:C00004	2023-06-15_0169	1	weed	2	2	1	0	0	2023-06-15_0169:instance:38;2023-06-15_0169:instance:39	2023-06-15_0169:instance:38;2023-06-15_0169:instance:39
2023-06-15_0169:semantic:T030:A016:C00005	2023-06-15_0169	0	ambiguous_or_background	0	0	1	0	0		
2023-06-15_0169:semantic:T030:A016:C00007	2023-06-15_0169	1	weed	2	2	1	0	0	2023-06-15_0169:instance:53;2023-06-15_0169:instance:54	2023-06-15_0169:instance:53;2023-06-15_0169:instance:54
2023-06-15_0169:semantic:T030:A016:C00008	2023-06-15_0169	1	weed	1	1	1	0	0	2023-06-15_0169:instance:4	2023-06-15_0169:instance:4
2023-06-15_0169:semantic:T030:A016:C00009	2023-06-15_0169	0	ambiguous_or_background	0	0	1	0	0		
2023-06-15_0169:semantic:T030:A016:C00011	2023-06-15_0169	0	crop	0	0	1	0	0		
2023-06-15_0169:semantic:T030:A016:C00012	2023-06-15_0169	0	ambiguous_or_background	0	0	1	0	0		
2023-06-15_0169:semantic:T030:A016:C00013	2023-06-15_0169	1	weed	2	2	1	0	0	2023-06-15_0169:instance:61;2023-06-15_0169:instance:80	2023-06-15_0169:instance:61;2023-06-15_0169:instance:80
2023-06-15_0169:semantic:T030:A016:C00014	2023-06-15_0169	1	ambiguous_or_background	0	0	1	0	0		
2023-06-15_0169:semantic:T030:A016:C00015	2023-06-15_0169	1	weed	1	1	1	0	0	2023-06-15_0169:instance:2	2023-06-15_0169:instance:2
2023-06-15_0169:semantic:T030:A016:C00016	2023-06-15_0169	0	weed	1	1	1	0	0	2023-06-15_0169:instance:11	2023-06-15_0169:instance:11
2023-06-15_0169:semantic:T030:A016:C00017	2023-06-15_0169	1	weed	1	1	1	0	0	2023-06-15_0169:instance:1	2023-06-15_0169:instance:1
2023-06-15_0169:semantic:T030:A016:C00018	2023-06-15_0169	0	ambiguous_or_background	0	58	0	0	58		2023-06-15_0169:instance:1;2023-06-15_0169:instance:11;2023-06-15_0169:instance:12;2023-06-15_0169:instance:13;2023-06-15_0169:instance:14;2023-06-15_0169:instance:15;2023-06-15_0169:instance:17;2023-06-15_0169:instance:18;2023-06-15_0169:instance:19;2023-06-15_0169:instance:2;2023-06-15_0169:instance:25;2023-06-15_0169:instance:27;2023-06-15_0169:instance:28;2023-06-15_0169:instance:29;2023-06-15_0169:instance:31;2023-06-15_0169:instance:32;2023-06-15_0169:instance:34;2023-06-15_0169:instance:35;2023-06-15_0169:instance:36;2023-06-15_0169:instance:37;2023-06-15_0169:instance:40;2023-06-15_0169:instance:41;2023-06-15_0169:instance:42;2023-06-15_0169:instance:43;2023-06-15_0169:instance:44;2023-06-15_0169:instance:45;2023-06-15_0169:instance:46;2023-06-15_0169:instance:47;2023-06-15_0169:instance:48;2023-06-15_0169:instance:49;2023-06-15_0169:instance:50;2023-06-15_0169:instance:51;2023-06-15_0169:instance:52;2023-06-15_0169:instance:55;2023-06-15_0169:instance:56;2023-06-15_0169:instance:57;2023-06-15_0169:instance:58;2023-06-15_0169:instance:59;2023-06-15_0169:instance:60;2023-06-15_0169:instance:62;2023-06-15_0169:instance:64;2023-06-15_0169:instance:66;2023-06-15_0169:instance:67;2023-06-15_0169:instance:69;2023-06-15_0169:instance:70;2023-06-15_0169:instance:71;2023-06-15_0169:instance:72;2023-06-15_0169:instance:73;2023-06-15_0169:instance:74;2023-06-15_0169:instance:75;2023-06-15_0169:instance:76;2023-06-15_0169:instance:77;2023-06-15_0169:instance:78;2023-06-15_0169:instance:79;2023-06-15_0169:instance:80;2023-06-15_0169:instance:82;2023-06-15_0169:instance:83;2023-06-15_0169:instance:84
2023-06-15_0169:semantic:T030:A016:C00020	2023-06-15_0169	1	weed	1	1	1	0	0	2023-06-15_0169:instance:12	2023-06-15_0169:instance:12
2023-06-15_0169:semantic:T030:A016:C00021	2023-06-15_0169	1	ambiguous_or_background	0	0	1	0	0		
2023-06-15_0169:semantic:T030:A016:C00022	2023-06-15_0169	0	weed	1	1	1	0	0	2023-06-15_0169:instance:60	2023-06-15_0169:instance:60
2023-06-15_0169:semantic:T030:A016:C00023	2023-06-15_0169	1	ambiguous_or_background	0	0	1	0	0		
2023-06-15_0169:semantic:T030:A016:C00025	2023-06-15_0169	1	weed	1	1	1	0	0	2023-06-15_0169:instance:68	2023-06-15_0169:instance:68
2023-06-15_0169:semantic:T030:A016:C00026	2023-06-15_0169	0	weed	1	1	1	0	0	2023-06-15_0169:instance:14	2023-06-15_0169:instance:14
2023-06-15_0169:semantic:T030:A016:C00027	2023-06-15_0169	1	ambiguous_or_background	0	1	0	0	1		2023-06-15_0169:instance:13
2023-06-15_0169:semantic:T030:A016:C00028	2023-06-15_0169	1	weed	1	1	1	0	0	2023-06-15_0169:instance:15	2023-06-15_0169:instance:15
2023-06-15_0169:semantic:T030:A016:C00029	2023-06-15_0169	1	weed	4	4	1	0	0	2023-06-15_0169:instance:16;2023-06-15_0169:instance:21;2023-06-15_0169:instance:22;2023-06-15_0169:instance:23	2023-06-15_0169:instance:16;2023-06-15_0169:instance:21;2023-06-15_0169:instance:22;2023-06-15_0169:instance:23
2023-06-15_0169:semantic:T030:A016:C00030	2023-06-15_0169	0	ambiguous_or_background	0	0	1	0	0		
2023-06-15_0169:semantic:T030:A016:C00031	2023-06-15_0169	0	weed	0	0	1	0	0		
2023-06-15_0169:semantic:T030:A016:C00032	2023-06-15_0169	0	ambiguous_or_background	0	0	1	0	0		
2023-06-15_0169:semantic:T030:A016:C00033	2023-06-15_0169	1	weed	1	1	1	0	0	2023-06-15_0169:instance:24	2023-06-15_0169:instance:24
2023-06-15_0169:semantic:T030:A016:C00034	2023-06-15_0169	1	weed	6	7	0	0	1	2023-06-15_0169:instance:25;2023-06-15_0169:instance:26;2023-06-15_0169:instance:27;2023-06-15_0169:instance:28;2023-06-15_0169:instance:29;2023-06-15_0169:instance:69	2023-06-15_0169:instance:25;2023-06-15_0169:instance:26;2023-06-15_0169:instance:27;2023-06-15_0169:instance:28;2023-06-15_0169:instance:29;2023-06-15_0169:instance:69;2023-06-15_0169:instance:70
2023-06-15_0169:semantic:T030:A016:C00035	2023-06-15_0169	0	ambiguous_or_background	0	0	1	0	0		
2023-06-15_0169:semantic:T030:A016:C00036	2023-06-15_0169	1	weed	1	1	1	0	0	2023-06-15_0169:instance:30	2023-06-15_0169:instance:30
2023-06-15_0169:semantic:T030:A016:C00037	2023-06-15_0169	1	weed	1	1	1	0	0	2023-06-15_0169:instance:70	2023-06-15_0169:instance:70
2023-06-15_0169:semantic:T030:A016:C00039	2023-06-15_0169	0	weed	1	1	1	0	0	2023-06-15_0169:instance:45	2023-06-15_0169:instance:45
2023-06-15_0169:semantic:T030:A016:C00040	2023-06-15_0169	1	ambiguous_or_background	0	0	1	0	0		
2023-06-15_0169:semantic:T030:A016:C00042	2023-06-15_0169	0	ambiguous_or_background	0	0	1	0	0		
2023-06-15_0169:semantic:T030:A016:C00043	2023-06-15_0169	0	ambiguous_or_background	0	0	1	0	0		
2023-06-15_0735:semantic:T030:A016:C00001	2023-06-15_0735	0	ambiguous_or_background	0	74	0	0	74		2023-06-15_0735:instance:1;2023-06-15_0735:instance:10;2023-06-15_0735:instance:11;2023-06-15_0735:instance:12;2023-06-15_0735:instance:13;2023-06-15_0735:instance:14;2023-06-15_0735:instance:15;2023-06-15_0735:instance:16;2023-06-15_0735:instance:17;2023-06-15_0735:instance:18;2023-06-15_0735:instance:19;2023-06-15_0735:instance:2;2023-06-15_0735:instance:20;2023-06-15_0735:instance:21;2023-06-15_0735:instance:22;2023-06-15_0735:instance:23;2023-06-15_0735:instance:24;2023-06-15_0735:instance:25;2023-06-15_0735:instance:26;2023-06-15_0735:instance:27;2023-06-15_0735:instance:28;2023-06-15_0735:instance:29;2023-06-15_0735:instance:3;2023-06-15_0735:instance:30;2023-06-15_0735:instance:31;2023-06-15_0735:instance:32;2023-06-15_0735:instance:33;2023-06-15_0735:instance:34;2023-06-15_0735:instance:35;2023-06-15_0735:instance:36;2023-06-15_0735:instance:37;2023-06-15_0735:instance:38;2023-06-15_0735:instance:39;2023-06-15_0735:instance:4;2023-06-15_0735:instance:40;2023-06-15_0735:instance:41;2023-06-15_0735:instance:42;2023-06-15_0735:instance:43;2023-06-15_0735:instance:44;2023-06-15_0735:instance:45;2023-06-15_0735:instance:46;2023-06-15_0735:instance:47;2023-06-15_0735:instance:48;2023-06-15_0735:instance:49;2023-06-15_0735:instance:5;2023-06-15_0735:instance:50;2023-06-15_0735:instance:51;2023-06-15_0735:instance:52;2023-06-15_0735:instance:53;2023-06-15_0735:instance:54;2023-06-15_0735:instance:55;2023-06-15_0735:instance:56;2023-06-15_0735:instance:57;2023-06-15_0735:instance:58;2023-06-15_0735:instance:59;2023-06-15_0735:instance:6;2023-06-15_0735:instance:60;2023-06-15_0735:instance:61;2023-06-15_0735:instance:62;2023-06-15_0735:instance:63;2023-06-15_0735:instance:64;2023-06-15_0735:instance:65;2023-06-15_0735:instance:66;2023-06-15_0735:instance:67;2023-06-15_0735:instance:68;2023-06-15_0735:instance:7;2023-06-15_0735:instance:70;2023-06-15_0735:instance:71;2023-06-15_0735:instance:72;2023-06-15_0735:instance:73;2023-06-15_0735:instance:77;2023-06-15_0735:instance:8;2023-06-15_0735:instance:80;2023-06-15_0735:instance:9
2023-06-15_0735:semantic:T030:A016:C00002	2023-06-15_0735	0	ambiguous_or_background	0	0	1	0	0		
2023-06-15_0735:semantic:T030:A016:C00003	2023-06-15_0735	0	ambiguous_or_background	0	0	1	0	0		
2023-06-15_0735:semantic:T030:A016:C00004	2023-06-15_0735	1	ambiguous_or_background	0	0	1	0	0		
2023-06-15_0735:semantic:T030:A016:C00005	2023-06-15_0735	1	ambiguous_or_background	0	0	1	0	0		
2023-06-15_0735:semantic:T030:A016:C00006	2023-06-15_0735	0	ambiguous_or_background	0	0	1	0	0		
2023-06-15_0735:semantic:T030:A016:C00007	2023-06-15_0735	1	ambiguous_or_background	0	0	1	0	0		
2023-06-15_0735:semantic:T030:A016:C00008	2023-06-15_0735	1	ambiguous_or_background	0	0	1	0	0		
2023-06-15_0735:semantic:T030:A016:C00009	2023-06-15_0735	1	ambiguous_or_background	0	0	1	0	0		
2023-06-15_0735:semantic:T030:A016:C00010	2023-06-15_0735	1	ambiguous_or_background	0	0	1	0	0		
2023-06-15_0735:semantic:T030:A016:C00012	2023-06-15_0735	0	ambiguous_or_background	0	0	1	0	0		
2023-06-15_0735:semantic:T030:A016:C00014	2023-06-15_0735	1	weed	1	1	1	0	0	2023-06-15_0735:instance:65	2023-06-15_0735:instance:65
2023-06-15_0735:semantic:T030:A016:C00015	2023-06-15_0735	1	ambiguous_or_background	0	0	1	0	0		
2023-06-15_0735:semantic:T030:A016:C00016	2023-06-15_0735	1	weed	1	1	1	0	0	2023-06-15_0735:instance:1	2023-06-15_0735:instance:1
2023-06-15_0735:semantic:T030:A016:C00017	2023-06-15_0735	1	ambiguous_or_background	0	0	1	0	0		
2023-06-15_0735:semantic:T030:A016:C00018	2023-06-15_0735	1	ambiguous_or_background	0	0	1	0	0		
2023-06-15_0735:semantic:T030:A016:C00019	2023-06-15_0735	1	ambiguous_or_background	0	0	1	0	0		
2023-06-15_0735:semantic:T030:A016:C00021	2023-06-15_0735	1	ambiguous_or_background	0	0	1	0	0		
2023-06-15_0735:semantic:T030:A016:C00023	2023-06-15_0735	1	ambiguous_or_background	0	0	1	0	0		
2023-06-15_0735:semantic:T030:A016:C00024	2023-06-15_0735	1	ambiguous_or_background	0	0	1	0	0		
2023-06-15_0735:semantic:T030:A016:C00025	2023-06-15_0735	1	ambiguous_or_background	0	0	1	0	0		
2023-06-15_0735:semantic:T030:A016:C00026	2023-06-15_0735	1	ambiguous_or_background	0	0	1	0	0		
2023-06-15_0735:semantic:T030:A016:C00027	2023-06-15_0735	1	ambiguous_or_background	0	0	1	0	0		
2023-06-15_0735:semantic:T030:A016:C00028	2023-06-15_0735	1	weed	1	1	1	0	0	2023-06-15_0735:instance:55	2023-06-15_0735:instance:55
2023-06-15_0735:semantic:T030:A016:C00029	2023-06-15_0735	1	ambiguous_or_background	0	0	1	0	0		
2023-06-15_0735:semantic:T030:A016:C00030	2023-06-15_0735	0	weed	1	1	1	0	0	2023-06-15_0735:instance:60	2023-06-15_0735:instance:60
