variant	global_N	images	weed_instances	accepted_candidates	mean_candidates_per_image	all_candidate_precision	many_to_one_spatial_recall	many_to_one_role_qualified_recall	one_to_one_role_qualified_recall	crop_overlap_scene_frequency
original_T095_A032	0	26	1712	0	0.0	0.0	0.0	0.0	0.0	0.0
commissioned_T070_A032	0	26	1712	0	0.0	0.0	0.0	0.0	0.0	0.0
original_T095_A032	1	26	1712	1	0.038461538461538464	1.0	0.0005841121495327102	0.0005841121495327102	0.0005841121495327102	0.0
commissioned_T070_A032	1	26	1712	1	0.038461538461538464	1.0	0.0	0.0	0.0	0.0
original_T095_A032	2	26	1712	2	0.07692307692307693	0.5	0.0017523364485981308	0.0005841121495327102	0.0005841121495327102	0.038461538461538464
commissioned_T070_A032	2	26	1712	2	0.07692307692307693	1.0	0.0005841121495327102	0.0005841121495327102	0.0005841121495327102	0.0
original_T095_A032	3	26	1712	3	0.11538461538461539	0.6666666666666666	0.0017523364485981308	0.0005841121495327102	0.0005841121495327102	0.038461538461538464
commissioned_T070_A032	3	26	1712	3	0.11538461538461539	1.0	0.0005841121495327102	0.0005841121495327102	0.0005841121495327102	0.0
original_T095_A032	4	26	1712	4	0.15384615384615385	0.5	0.0017523364485981308	0.0005841121495327102	0.0005841121495327102	0.07692307692307693
commissioned_T070_A032	4	26	1712	4	0.15384615384615385	1.0	0.0005841121495327102	0.0005841121495327102	0.0005841121495327102	0.0
original_T095_A032	5	26	1712	5	0.19230769230769232	0.6	0.002336448598130841	0.0011682242990654205	0.0011682242990654205	0.07692307692307693
commissioned_T070_A032	5	26	1712	5	0.19230769230769232	1.0	0.0005841121495327102	0.0005841121495327102	0.0005841121495327102	0.0
original_T095_A032	6	26	1712	6	0.23076923076923078	0.6666666666666666	0.002336448598130841	0.0011682242990654205	0.0011682242990654205	0.07692307692307693
commissioned_T070_A032	6	26	1712	6	0.23076923076923078	0.8333333333333334	0.02044392523364486	0.0005841121495327102	0.0005841121495327102	0.038461538461538464
original_T095_A032	7	26	1712	7	0.2692307692307692	0.7142857142857143	0.0029205607476635513	0.0017523364485981308	0.0017523364485981308	0.07692307692307693
commissioned_T070_A032	7	26	1712	7	0.2692307692307692	0.8571428571428571	0.02570093457943925	0.005841121495327103	0.0011682242990654205	0.038461538461538464
original_T095_A032	8	26	1712	8	0.3076923076923077	0.625	0.0029205607476635513	0.0017523364485981308	0.0017523364485981308	0.11538461538461539
commissioned_T070_A032	8	26	1712	8	0.3076923076923077	0.875	0.026285046728971962	0.006425233644859813	0.0017523364485981308	0.038461538461538464
original_T095_A032	9	26	1712	9	0.34615384615384615	0.5555555555555556	0.0029205607476635513	0.0017523364485981308	0.0017523364485981308	0.15384615384615385
commissioned_T070_A032	9	26	1712	9	0.34615384615384615	0.7777777777777778	0.06483644859813084	0.006425233644859813	0.0017523364485981308	0.07692307692307693
original_T095_A032	10	26	1712	10	0.38461538461538464	0.6	0.0029205607476635513	0.0017523364485981308	0.0017523364485981308	0.15384615384615385
commissioned_T070_A032	10	26	1712	10	0.38461538461538464	0.7	0.06542056074766354	0.006425233644859813	0.0017523364485981308	0.07692307692307693
original_T095_A032	11	26	1712	11	0.4230769230769231	0.6363636363636364	0.0029205607476635513	0.0017523364485981308	0.0017523364485981308	0.15384615384615385
commissioned_T070_A032	11	26	1712	11	0.4230769230769231	0.6363636363636364	0.06542056074766354	0.006425233644859813	0.0017523364485981308	0.11538461538461539
original_T095_A032	12	26	1712	12	0.46153846153846156	0.6666666666666666	0.0035046728971962616	0.002336448598130841	0.002336448598130841	0.15384615384615385
commissioned_T070_A032	12	26	1712	12	0.46153846153846156	0.5833333333333334	0.06717289719626168	0.006425233644859813	0.0017523364485981308	0.15384615384615385
original_T095_A032	13	26	1712	13	0.5	0.6923076923076923	0.0040887850467289715	0.0029205607476635513	0.0029205607476635513	0.15384615384615385
commissioned_T070_A032	13	26	1712	13	0.5	0.6153846153846154	0.06775700934579439	0.007009345794392523	0.002336448598130841	0.15384615384615385
original_T095_A032	14	26	1712	14	0.5384615384615384	0.7142857142857143	0.004672897196261682	0.0035046728971962616	0.0035046728971962616	0.15384615384615385
commissioned_T070_A032	14	26	1712	14	0.5384615384615384	0.6428571428571429	0.0683411214953271	0.007593457943925234	0.0029205607476635513	0.15384615384615385
original_T095_A032	15	26	1712	15	0.5769230769230769	0.7333333333333333	0.005257009345794392	0.0040887850467289715	0.0040887850467289715	0.15384615384615385
commissioned_T070_A032	15	26	1712	15	0.5769230769230769	0.6666666666666666	0.0689252336448598	0.008177570093457943	0.0035046728971962616	0.15384615384615385
original_T095_A032	16	26	1712	16	0.6153846153846154	0.75	0.005257009345794392	0.0040887850467289715	0.0040887850467289715	0.15384615384615385
commissioned_T070_A032	16	26	1712	16	0.6153846153846154	0.6875	0.06950934579439252	0.008761682242990653	0.0040887850467289715	0.15384615384615385
original_T095_A032	17	26	1712	17	0.6538461538461539	0.7647058823529411	0.005841121495327103	0.004672897196261682	0.004672897196261682	0.15384615384615385
commissioned_T070_A032	17	26	1712	17	0.6538461538461539	0.7058823529411765	0.07009345794392523	0.009345794392523364	0.004672897196261682	0.15384615384615385
original_T095_A032	18	26	1712	18	0.6923076923076923	0.7777777777777778	0.008177570093457943	0.007009345794392523	0.005257009345794392	0.15384615384615385
commissioned_T070_A032	18	26	1712	18	0.6923076923076923	0.7222222222222222	0.07067757009345794	0.009929906542056074	0.005257009345794392	0.15384615384615385
original_T095_A032	19	26	1712	19	0.7307692307692307	0.7894736842105263	0.008177570093457943	0.007009345794392523	0.005257009345794392	0.15384615384615385
commissioned_T070_A032	19	26	1712	19	0.7307692307692307	0.7368421052631579	0.07126168224299065	0.010514018691588784	0.005841121495327103	0.15384615384615385
original_T095_A032	20	26	1712	20	0.7692307692307693	0.8	0.008761682242990653	0.007593457943925234	0.005841121495327103	0.15384615384615385
commissioned_T070_A032	20	26	1712	20	0.7692307692307693	0.75	0.07184579439252337	0.011098130841121495	0.006425233644859813	0.15384615384615385
original_T095_A032	21	26	1712	21	0.8076923076923077	0.7619047619047619	0.008761682242990653	0.007593457943925234	0.005841121495327103	0.19230769230769232
commissioned_T070_A032	21	26	1712	21	0.8076923076923077	0.7619047619047619	0.07242990654205607	0.011682242990654205	0.007009345794392523	0.15384615384615385
original_T095_A032	22	26	1712	22	0.8461538461538461	0.7727272727272727	0.013434579439252336	0.012266355140186916	0.006425233644859813	0.19230769230769232
commissioned_T070_A032	22	26	1712	22	0.8461538461538461	0.7727272727272727	0.07301401869158879	0.012266355140186916	0.007593457943925234	0.15384615384615385
original_T095_A032	23	26	1712	23	0.8846153846153846	0.782608695652174	0.013434579439252336	0.012266355140186916	0.006425233644859813	0.19230769230769232
commissioned_T070_A032	23	26	1712	23	0.8846153846153846	0.782608695652174	0.07476635514018691	0.014018691588785047	0.008177570093457943	0.15384615384615385
original_T095_A032	24	26	1712	24	0.9230769230769231	0.7916666666666666	0.013434579439252336	0.012266355140186916	0.006425233644859813	0.19230769230769232
commissioned_T070_A032	24	26	1712	24	0.9230769230769231	0.7916666666666666	0.07535046728971963	0.014602803738317757	0.008761682242990653	0.15384615384615385
original_T095_A032	25	26	1712	25	0.9615384615384616	0.8	0.013434579439252336	0.012266355140186916	0.006425233644859813	0.19230769230769232
commissioned_T070_A032	25	26	1712	25	0.9615384615384616	0.8	0.07593457943925233	0.015186915887850467	0.009345794392523364	0.15384615384615385
original_T095_A032	26	26	1712	26	1.0	0.7692307692307693	0.013434579439252336	0.012266355140186916	0.006425233644859813	0.19230769230769232
commissioned_T070_A032	26	26	1712	26	1.0	0.8076923076923077	0.07593457943925233	0.015186915887850467	0.009345794392523364	0.15384615384615385
original_T095_A032	27	26	1712	27	1.0384615384615385	0.7777777777777778	0.014018691588785047	0.012850467289719626	0.007009345794392523	0.19230769230769232
commissioned_T070_A032	27	26	1712	27	1.0384615384615385	0.8148148148148148	0.07651869158878505	0.015771028037383176	0.009929906542056074	0.15384615384615385
original_T095_A032	28	26	1712	28	1.0769230769230769	0.7857142857142857	0.014018691588785047	0.012850467289719626	0.007009345794392523	0.19230769230769232
commissioned_T070_A032	28	26	1712	28	1.0769230769230769	0.8214285714285714	0.08060747663551401	0.01985981308411215	0.010514018691588784	0.15384615384615385
original_T095_A032	29	26	1712	29	1.1153846153846154	0.7931034482758621	0.014602803738317757	0.013434579439252336	0.007593457943925234	0.19230769230769232
commissioned_T070_A032	29	26	1712	29	1.1153846153846154	0.8275862068965517	0.08119158878504673	0.02044392523364486	0.011098130841121495	0.15384615384615385
original_T095_A032	30	26	1712	30	1.1538461538461537	0.8	0.015186915887850467	0.014018691588785047	0.008177570093457943	0.19230769230769232
commissioned_T070_A032	30	26	1712	30	1.1538461538461537	0.8333333333333334	0.08177570093457943	0.02102803738317757	0.011682242990654205	0.15384615384615385
original_T095_A032	31	26	1712	31	1.1923076923076923	0.8064516129032258	0.015186915887850467	0.014018691588785047	0.008177570093457943	0.19230769230769232
commissioned_T070_A032	31	26	1712	31	1.1923076923076923	0.8387096774193549	0.08411214953271028	0.02336448598130841	0.012266355140186916	0.15384615384615385
original_T095_A032	32	26	1712	32	1.2307692307692308	0.8125	0.015771028037383176	0.014602803738317757	0.008761682242990653	0.19230769230769232
commissioned_T070_A032	32	26	1712	32	1.2307692307692308	0.84375	0.084696261682243	0.02394859813084112	0.012850467289719626	0.15384615384615385
original_T095_A032	33	26	1712	33	1.2692307692307692	0.8181818181818182	0.016355140186915886	0.015186915887850467	0.009345794392523364	0.19230769230769232
commissioned_T070_A032	33	26	1712	33	1.2692307692307692	0.8181818181818182	0.08878504672897196	0.02394859813084112	0.012850467289719626	0.15384615384615385
original_T095_A032	34	26	1712	34	1.3076923076923077	0.8235294117647058	0.016939252336448597	0.015771028037383176	0.009929906542056074	0.23076923076923078
commissioned_T070_A032	34	26	1712	34	1.3076923076923077	0.8235294117647058	0.0905373831775701	0.02570093457943925	0.013434579439252336	0.15384615384615385
original_T095_A032	35	26	1712	35	1.3461538461538463	0.8	0.016939252336448597	0.015771028037383176	0.009929906542056074	0.2692307692307692
commissioned_T070_A032	35	26	1712	35	1.3461538461538463	0.8	0.0905373831775701	0.02570093457943925	0.013434579439252336	0.15384615384615385
original_T095_A032	36	26	1712	36	1.3846153846153846	0.8055555555555556	0.017523364485981307	0.016355140186915886	0.010514018691588784	0.2692307692307692
commissioned_T070_A032	36	26	1712	36	1.3846153846153846	0.7777777777777778	0.0905373831775701	0.02570093457943925	0.013434579439252336	0.19230769230769232
original_T095_A032	37	26	1712	37	1.4230769230769231	0.7837837837837838	0.017523364485981307	0.016355140186915886	0.010514018691588784	0.2692307692307692
commissioned_T070_A032	37	26	1712	37	1.4230769230769231	0.7837837837837838	0.0911214953271028	0.026285046728971962	0.014018691588785047	0.19230769230769232
original_T095_A032	38	26	1712	38	1.4615384615384615	0.7894736842105263	0.018107476635514017	0.016939252336448597	0.011098130841121495	0.2692307692307692
commissioned_T070_A032	38	26	1712	38	1.4615384615384615	0.7894736842105263	0.09170560747663552	0.026869158878504672	0.014602803738317757	0.19230769230769232
original_T095_A032	39	26	1712	39	1.5	0.7692307692307693	0.018107476635514017	0.016939252336448597	0.011098130841121495	0.2692307692307692
commissioned_T070_A032	39	26	1712	39	1.5	0.7948717948717948	0.09228971962616822	0.027453271028037383	0.015186915887850467	0.19230769230769232
original_T095_A032	40	26	1712	40	1.5384615384615385	0.775	0.018107476635514017	0.016939252336448597	0.011098130841121495	0.2692307692307692
commissioned_T070_A032	40	26	1712	40	1.5384615384615385	0.8	0.09287383177570094	0.028037383177570093	0.015771028037383176	0.19230769230769232
original_T095_A032	41	26	1712	41	1.5769230769230769	0.7804878048780488	0.018107476635514017	0.016939252336448597	0.011098130841121495	0.2692307692307692
commissioned_T070_A032	41	26	1712	41	1.5769230769230769	0.8048780487804879	0.09287383177570094	0.028037383177570093	0.015771028037383176	0.19230769230769232
original_T095_A032	42	26	1712	42	1.6153846153846154	0.7619047619047619	0.035630841121495324	0.016939252336448597	0.011098130841121495	0.3076923076923077
commissioned_T070_A032	42	26	1712	42	1.6153846153846154	0.8095238095238095	0.09287383177570094	0.028037383177570093	0.015771028037383176	0.19230769230769232
original_T095_A032	43	26	1712	43	1.6538461538461537	0.7674418604651163	0.035630841121495324	0.016939252336448597	0.011098130841121495	0.3076923076923077
commissioned_T070_A032	43	26	1712	43	1.6538461538461537	0.813953488372093	0.09345794392523364	0.028621495327102803	0.016355140186915886	0.19230769230769232
original_T095_A032	44	26	1712	44	1.6923076923076923	0.7727272727272727	0.035630841121495324	0.016939252336448597	0.011098130841121495	0.3076923076923077
commissioned_T070_A032	44	26	1712	44	1.6923076923076923	0.8181818181818182	0.09345794392523364	0.028621495327102803	0.016355140186915886	0.19230769230769232
original_T095_A032	45	26	1712	45	1.7307692307692308	0.7777777777777778	0.037967289719626166	0.019275700934579438	0.011682242990654205	0.3076923076923077
commissioned_T070_A032	45	26	1712	45	1.7307692307692308	0.8	0.09345794392523364	0.028621495327102803	0.016355140186915886	0.23076923076923078
original_T095_A032	46	26	1712	46	1.7692307692307692	0.782608695652174	0.037967289719626166	0.019275700934579438	0.011682242990654205	0.3076923076923077
commissioned_T070_A032	46	26	1712	46	1.7692307692307692	0.8043478260869565	0.09404205607476636	0.029205607476635514	0.016939252336448597	0.23076923076923078
original_T095_A032	47	26	1712	47	1.8076923076923077	0.7872340425531915	0.0397196261682243	0.02102803738317757	0.012266355140186916	0.3076923076923077
commissioned_T070_A032	47	26	1712	47	1.8076923076923077	0.8085106382978723	0.09462616822429906	0.029789719626168224	0.017523364485981307	0.23076923076923078
original_T095_A032	48	26	1712	48	1.8461538461538463	0.7916666666666666	0.04030373831775701	0.02161214953271028	0.012850467289719626	0.3076923076923077
commissioned_T070_A032	48	26	1712	48	1.8461538461538463	0.8125	0.09521028037383178	0.030373831775700934	0.018107476635514017	0.23076923076923078
original_T095_A032	49	26	1712	49	1.8846153846153846	0.7959183673469388	0.04030373831775701	0.02161214953271028	0.012850467289719626	0.3076923076923077
commissioned_T070_A032	49	26	1712	49	1.8846153846153846	0.8163265306122449	0.09579439252336448	0.030957943925233645	0.018691588785046728	0.23076923076923078
original_T095_A032	50	26	1712	50	1.9230769230769231	0.8	0.04088785046728972	0.02219626168224299	0.013434579439252336	0.3076923076923077
commissioned_T070_A032	50	26	1712	50	1.9230769230769231	0.82	0.0963785046728972	0.03154205607476635	0.019275700934579438	0.23076923076923078
original_T095_A032	51	26	1712	51	1.9615384615384615	0.803921568627451	0.04147196261682243	0.0227803738317757	0.014018691588785047	0.3076923076923077
commissioned_T070_A032	51	26	1712	51	1.9615384615384615	0.8235294117647058	0.0963785046728972	0.03154205607476635	0.019275700934579438	0.23076923076923078
original_T095_A032	52	26	1712	52	2.0	0.8076923076923077	0.04205607476635514	0.02336448598130841	0.014602803738317757	0.3076923076923077
commissioned_T070_A032	52	26	1712	52	2.0	0.8269230769230769	0.0969626168224299	0.03212616822429906	0.01985981308411215	0.23076923076923078
original_T095_A032	53	26	1712	53	2.0384615384615383	0.7924528301886793	0.07359813084112149	0.02336448598130841	0.014602803738317757	0.34615384615384615
commissioned_T070_A032	53	26	1712	53	2.0384615384615383	0.8301886792452831	0.09754672897196262	0.03271028037383177	0.02044392523364486	0.23076923076923078
original_T095_A032	54	26	1712	54	2.076923076923077	0.7962962962962963	0.07593457943925233	0.02570093457943925	0.015186915887850467	0.34615384615384615
commissioned_T070_A032	54	26	1712	54	2.076923076923077	0.8333333333333334	0.09813084112149532	0.03329439252336448	0.02102803738317757	0.23076923076923078
original_T095_A032	55	26	1712	55	2.1153846153846154	0.8	0.07651869158878505	0.026285046728971962	0.015771028037383176	0.34615384615384615
commissioned_T070_A032	55	26	1712	55	2.1153846153846154	0.8363636363636363	0.09871495327102804	0.03387850467289719	0.02161214953271028	0.23076923076923078
original_T095_A032	56	26	1712	56	2.1538461538461537	0.8035714285714286	0.07710280373831775	0.026869158878504672	0.016355140186915886	0.34615384615384615
commissioned_T070_A032	56	26	1712	56	2.1538461538461537	0.8392857142857143	0.09929906542056074	0.0344626168224299	0.02219626168224299	0.23076923076923078
original_T095_A032	57	26	1712	57	2.1923076923076925	0.8070175438596491	0.07768691588785047	0.027453271028037383	0.016939252336448597	0.34615384615384615
commissioned_T070_A032	57	26	1712	57	2.1923076923076925	0.8421052631578947	0.09988317757009346	0.035046728971962614	0.0227803738317757	0.23076923076923078
original_T095_A032	58	26	1712	58	2.230769230769231	0.8103448275862069	0.07827102803738317	0.028037383177570093	0.017523364485981307	0.34615384615384615
commissioned_T070_A032	58	26	1712	58	2.230769230769231	0.8275862068965517	0.1022196261682243	0.035046728971962614	0.0227803738317757	0.23076923076923078
original_T095_A032	59	26	1712	59	2.269230769230769	0.7966101694915254	0.07827102803738317	0.028037383177570093	0.017523364485981307	0.34615384615384615
commissioned_T070_A032	59	26	1712	59	2.269230769230769	0.8305084745762712	0.102803738317757	0.035630841121495324	0.02336448598130841	0.23076923076923078
original_T095_A032	60	26	1712	60	2.3076923076923075	0.8	0.07827102803738317	0.028037383177570093	0.017523364485981307	0.34615384615384615
commissioned_T070_A032	60	26	1712	60	2.3076923076923075	0.8333333333333334	0.10455607476635514	0.037383177570093455	0.02394859813084112	0.23076923076923078
original_T095_A032	61	26	1712	61	2.3461538461538463	0.8032786885245902	0.0794392523364486	0.029205607476635514	0.018107476635514017	0.34615384615384615
commissioned_T070_A032	61	26	1712	61	2.3461538461538463	0.8360655737704918	0.10514018691588785	0.037967289719626166	0.02453271028037383	0.23076923076923078
original_T095_A032	62	26	1712	62	2.3846153846153846	0.8064516129032258	0.08002336448598131	0.029789719626168224	0.018691588785046728	0.34615384615384615
commissioned_T070_A032	62	26	1712	62	2.3846153846153846	0.8387096774193549	0.10572429906542057	0.038551401869158876	0.02511682242990654	0.23076923076923078
original_T095_A032	63	26	1712	63	2.423076923076923	0.8095238095238095	0.08002336448598131	0.029789719626168224	0.018691588785046728	0.34615384615384615
commissioned_T070_A032	63	26	1712	63	2.423076923076923	0.8253968253968254	0.10572429906542057	0.038551401869158876	0.02511682242990654	0.23076923076923078
original_T095_A032	64	26	1712	64	2.4615384615384617	0.8125	0.08002336448598131	0.029789719626168224	0.018691588785046728	0.34615384615384615
commissioned_T070_A032	64	26	1712	64	2.4615384615384617	0.828125	0.10689252336448599	0.0397196261682243	0.02570093457943925	0.23076923076923078
original_T095_A032	65	26	1712	65	2.5	0.8153846153846154	0.08002336448598131	0.029789719626168224	0.018691588785046728	0.34615384615384615
commissioned_T070_A032	65	26	1712	65	2.5	0.8307692307692308	0.10747663551401869	0.04030373831775701	0.026285046728971962	0.23076923076923078
original_T095_A032	66	26	1712	66	2.5384615384615383	0.8181818181818182	0.08002336448598131	0.029789719626168224	0.018691588785046728	0.34615384615384615
commissioned_T070_A032	66	26	1712	66	2.5384615384615383	0.8333333333333334	0.10864485981308411	0.04147196261682243	0.026869158878504672	0.23076923076923078
original_T095_A032	67	26	1712	67	2.576923076923077	0.8208955223880597	0.08060747663551401	0.030373831775700934	0.019275700934579438	0.34615384615384615
commissioned_T070_A032	67	26	1712	67	2.576923076923077	0.835820895522388	0.10922897196261683	0.04205607476635514	0.027453271028037383	0.23076923076923078
original_T095_A032	68	26	1712	68	2.6153846153846154	0.8235294117647058	0.08060747663551401	0.030373831775700934	0.019275700934579438	0.34615384615384615
commissioned_T070_A032	68	26	1712	68	2.6153846153846154	0.8382352941176471	0.10981308411214953	0.04264018691588785	0.028037383177570093	0.23076923076923078
original_T095_A032	69	26	1712	69	2.6538461538461537	0.8260869565217391	0.08119158878504673	0.030957943925233645	0.01985981308411215	0.34615384615384615
commissioned_T070_A032	69	26	1712	69	2.6538461538461537	0.8405797101449275	0.11098130841121495	0.04380841121495327	0.028621495327102803	0.23076923076923078
original_T095_A032	70	26	1712	70	2.6923076923076925	0.8285714285714286	0.08235981308411215	0.03212616822429906	0.02044392523364486	0.34615384615384615
commissioned_T070_A032	70	26	1712	70	2.6923076923076925	0.8428571428571429	0.11156542056074767	0.04439252336448598	0.029205607476635514	0.23076923076923078
original_T095_A032	71	26	1712	71	2.730769230769231	0.8169014084507042	0.08235981308411215	0.03212616822429906	0.02044392523364486	0.34615384615384615
commissioned_T070_A032	71	26	1712	71	2.730769230769231	0.8450704225352113	0.11273364485981309	0.0455607476635514	0.029789719626168224	0.23076923076923078
original_T095_A032	72	26	1712	72	2.769230769230769	0.8194444444444444	0.084696261682243	0.0344626168224299	0.02102803738317757	0.34615384615384615
commissioned_T070_A032	72	26	1712	72	2.769230769230769	0.8472222222222222	0.1133177570093458	0.04614485981308411	0.030373831775700934	0.23076923076923078
original_T095_A032	73	26	1712	73	2.8076923076923075	0.8082191780821918	0.084696261682243	0.0344626168224299	0.02102803738317757	0.34615384615384615
commissioned_T070_A032	73	26	1712	73	2.8076923076923075	0.8493150684931506	0.11390186915887851	0.04672897196261682	0.030957943925233645	0.23076923076923078
original_T095_A032	74	26	1712	74	2.8461538461538463	0.8108108108108109	0.084696261682243	0.0344626168224299	0.02102803738317757	0.34615384615384615
commissioned_T070_A032	74	26	1712	74	2.8461538461538463	0.8513513513513513	0.11448598130841121	0.04731308411214953	0.03154205607476635	0.23076923076923078
original_T095_A032	75	26	1712	75	2.8846153846153846	0.8133333333333334	0.084696261682243	0.0344626168224299	0.02102803738317757	0.34615384615384615
commissioned_T070_A032	75	26	1712	75	2.8846153846153846	0.84	0.11507009345794393	0.04731308411214953	0.03154205607476635	0.23076923076923078
original_T095_A032	76	26	1712	76	2.923076923076923	0.8157894736842105	0.0852803738317757	0.035046728971962614	0.02161214953271028	0.34615384615384615
commissioned_T070_A032	76	26	1712	76	2.923076923076923	0.8421052631578947	0.11799065420560748	0.05023364485981308	0.03212616822429906	0.23076923076923078
original_T095_A032	77	26	1712	77	2.9615384615384617	0.8181818181818182	0.08586448598130841	0.035630841121495324	0.02219626168224299	0.34615384615384615
commissioned_T070_A032	77	26	1712	77	2.9615384615384617	0.8311688311688312	0.11799065420560748	0.05023364485981308	0.03212616822429906	0.23076923076923078
original_T095_A032	78	26	1712	78	3.0	0.8076923076923077	0.08586448598130841	0.035630841121495324	0.02219626168224299	0.34615384615384615
commissioned_T070_A032	78	26	1712	78	3.0	0.8333333333333334	0.1191588785046729	0.0514018691588785	0.03271028037383177	0.23076923076923078
original_T095_A032	79	26	1712	79	3.0384615384615383	0.7974683544303798	0.08586448598130841	0.035630841121495324	0.02219626168224299	0.34615384615384615
commissioned_T070_A032	79	26	1712	79	3.0384615384615383	0.8227848101265823	0.1191588785046729	0.0514018691588785	0.03271028037383177	0.23076923076923078
original_T095_A032	80	26	1712	80	3.076923076923077	0.7875	0.08936915887850468	0.035630841121495324	0.02219626168224299	0.34615384615384615
commissioned_T070_A032	80	26	1712	80	3.076923076923077	0.825	0.11974299065420561	0.051985981308411214	0.03329439252336448	0.23076923076923078
original_T095_A032	81	26	1712	81	3.1153846153846154	0.7777777777777778	0.08936915887850468	0.035630841121495324	0.02219626168224299	0.38461538461538464
commissioned_T070_A032	81	26	1712	81	3.1153846153846154	0.8271604938271605	0.12032710280373832	0.052570093457943924	0.03387850467289719	0.23076923076923078
original_T095_A032	82	26	1712	82	3.1538461538461537	0.7804878048780488	0.08936915887850468	0.035630841121495324	0.02219626168224299	0.38461538461538464
commissioned_T070_A032	82	26	1712	82	3.1538461538461537	0.8292682926829268	0.12032710280373832	0.052570093457943924	0.03387850467289719	0.23076923076923078
original_T095_A032	83	26	1712	83	3.1923076923076925	0.7831325301204819	0.08936915887850468	0.035630841121495324	0.02219626168224299	0.38461538461538464
commissioned_T070_A032	83	26	1712	83	3.1923076923076925	0.8313253012048193	0.12091121495327103	0.053154205607476634	0.0344626168224299	0.23076923076923078
original_T095_A032	84	26	1712	84	3.230769230769231	0.7738095238095238	0.08936915887850468	0.035630841121495324	0.02219626168224299	0.38461538461538464
commissioned_T070_A032	84	26	1712	84	3.230769230769231	0.8333333333333334	0.12149532710280374	0.053738317757009345	0.035046728971962614	0.23076923076923078
original_T095_A032	85	26	1712	85	3.269230769230769	0.7647058823529411	0.08936915887850468	0.035630841121495324	0.02219626168224299	0.38461538461538464
commissioned_T070_A032	85	26	1712	85	3.269230769230769	0.8235294117647058	0.12149532710280374	0.053738317757009345	0.035046728971962614	0.2692307692307692
original_T095_A032	86	26	1712	86	3.3076923076923075	0.7674418604651163	0.08936915887850468	0.035630841121495324	0.02219626168224299	0.38461538461538464
commissioned_T070_A032	86	26	1712	86	3.3076923076923075	0.8255813953488372	0.12207943925233646	0.054322429906542055	0.035630841121495324	0.2692307692307692
original_T095_A032	87	26	1712	87	3.3461538461538463	0.7701149425287356	0.08995327102803738	0.036214953271028034	0.0227803738317757	0.38461538461538464
commissioned_T070_A032	87	26	1712	87	3.3461538461538463	0.8275862068965517	0.12266355140186916	0.054906542056074766	0.036214953271028034	0.2692307692307692
original_T095_A032	88	26	1712	88	3.3846153846153846	0.7727272727272727	0.0911214953271028	0.037383177570093455	0.02336448598130841	0.38461538461538464
commissioned_T070_A032	88	26	1712	88	3.3846153846153846	0.8295454545454546	0.12324766355140188	0.055490654205607476	0.036799065420560745	0.2692307692307692
original_T095_A032	89	26	1712	89	3.423076923076923	0.7752808988764045	0.0911214953271028	0.037383177570093455	0.02336448598130841	0.38461538461538464
commissioned_T070_A032	89	26	1712	89	3.423076923076923	0.8202247191011236	0.12324766355140188	0.055490654205607476	0.036799065420560745	0.3076923076923077
original_T095_A032	90	26	1712	90	3.4615384615384617	0.7666666666666667	0.0911214953271028	0.037383177570093455	0.02336448598130841	0.38461538461538464
commissioned_T070_A032	90	26	1712	90	3.4615384615384617	0.8222222222222222	0.1261682242990654	0.05841121495327103	0.037383177570093455	0.3076923076923077
original_T095_A032	91	26	1712	91	3.5	0.7692307692307693	0.0911214953271028	0.037383177570093455	0.02336448598130841	0.38461538461538464
commissioned_T070_A032	91	26	1712	91	3.5	0.8241758241758241	0.1261682242990654	0.05841121495327103	0.037383177570093455	0.3076923076923077
original_T095_A032	92	26	1712	92	3.5384615384615383	0.7717391304347826	0.0911214953271028	0.037383177570093455	0.02336448598130841	0.38461538461538464
commissioned_T070_A032	92	26	1712	92	3.5384615384615383	0.8260869565217391	0.12675233644859812	0.05899532710280374	0.037967289719626166	0.3076923076923077
original_T095_A032	93	26	1712	93	3.576923076923077	0.7634408602150538	0.0911214953271028	0.037383177570093455	0.02336448598130841	0.4230769230769231
commissioned_T070_A032	93	26	1712	93	3.576923076923077	0.8279569892473119	0.12733644859813084	0.05957943925233645	0.038551401869158876	0.3076923076923077
original_T095_A032	94	26	1712	94	3.6153846153846154	0.7659574468085106	0.0911214953271028	0.037383177570093455	0.02336448598130841	0.4230769230769231
commissioned_T070_A032	94	26	1712	94	3.6153846153846154	0.8297872340425532	0.12792056074766356	0.06016355140186916	0.039135514018691586	0.3076923076923077
original_T095_A032	95	26	1712	95	3.6538461538461537	0.7684210526315789	0.09228971962616822	0.038551401869158876	0.02394859813084112	0.4230769230769231
commissioned_T070_A032	95	26	1712	95	3.6538461538461537	0.8315789473684211	0.12850467289719625	0.06074766355140187	0.0397196261682243	0.3076923076923077
original_T095_A032	96	26	1712	96	3.6923076923076925	0.7708333333333334	0.09228971962616822	0.038551401869158876	0.02394859813084112	0.4230769230769231
commissioned_T070_A032	96	26	1712	96	3.6923076923076925	0.8333333333333334	0.12908878504672897	0.06133177570093458	0.04030373831775701	0.3076923076923077
original_T095_A032	97	26	1712	97	3.730769230769231	0.7731958762886598	0.09228971962616822	0.038551401869158876	0.02394859813084112	0.4230769230769231
commissioned_T070_A032	97	26	1712	97	3.730769230769231	0.8350515463917526	0.12967289719626168	0.06191588785046729	0.04088785046728972	0.3076923076923077
original_T095_A032	98	26	1712	98	3.769230769230769	0.7755102040816326	0.09287383177570094	0.039135514018691586	0.02453271028037383	0.4230769230769231
commissioned_T070_A032	98	26	1712	98	3.769230769230769	0.8367346938775511	0.1314252336448598	0.06366822429906542	0.04147196261682243	0.3076923076923077
original_T095_A032	99	26	1712	99	3.8076923076923075	0.7777777777777778	0.09404205607476636	0.04030373831775701	0.02511682242990654	0.4230769230769231
commissioned_T070_A032	99	26	1712	99	3.8076923076923075	0.8282828282828283	0.1314252336448598	0.06366822429906542	0.04147196261682243	0.34615384615384615
original_T095_A032	100	26	1712	100	3.8461538461538463	0.78	0.09462616822429906	0.04088785046728972	0.02570093457943925	0.4230769230769231
commissioned_T070_A032	100	26	1712	100	3.8461538461538463	0.82	0.1314252336448598	0.06366822429906542	0.04147196261682243	0.38461538461538464
original_T095_A032	101	26	1712	101	3.8846153846153846	0.7821782178217822	0.09521028037383178	0.04147196261682243	0.026285046728971962	0.4230769230769231
commissioned_T070_A032	101	26	1712	101	3.8846153846153846	0.8118811881188119	0.1314252336448598	0.06366822429906542	0.04147196261682243	0.38461538461538464
original_T095_A032	102	26	1712	102	3.923076923076923	0.7843137254901961	0.09521028037383178	0.04147196261682243	0.026285046728971962	0.4230769230769231
commissioned_T070_A032	102	26	1712	102	3.923076923076923	0.8137254901960784	0.13200934579439252	0.06425233644859812	0.04205607476635514	0.38461538461538464
original_T095_A032	103	26	1712	103	3.9615384615384617	0.7864077669902912	0.09521028037383178	0.04147196261682243	0.026285046728971962	0.4230769230769231
commissioned_T070_A032	103	26	1712	103	3.9615384615384617	0.8155339805825242	0.13259345794392524	0.06483644859813084	0.04264018691588785	0.38461538461538464
original_T095_A032	104	26	1712	104	4.0	0.7884615384615384	0.09579439252336448	0.04205607476635514	0.026869158878504672	0.4230769230769231
commissioned_T070_A032	104	26	1712	104	4.0	0.8173076923076923	0.13317757009345793	0.06542056074766354	0.04322429906542056	0.38461538461538464
original_T095_A032	105	26	1712	105	4.038461538461538	0.7904761904761904	0.0963785046728972	0.04264018691588785	0.027453271028037383	0.4230769230769231
commissioned_T070_A032	105	26	1712	105	4.038461538461538	0.819047619047619	0.13434579439252337	0.06658878504672897	0.04380841121495327	0.38461538461538464
original_T095_A032	106	26	1712	106	4.076923076923077	0.7924528301886793	0.0969626168224299	0.04322429906542056	0.028037383177570093	0.4230769230769231
commissioned_T070_A032	106	26	1712	106	4.076923076923077	0.8207547169811321	0.13434579439252337	0.06658878504672897	0.04380841121495327	0.38461538461538464
original_T095_A032	107	26	1712	107	4.115384615384615	0.7850467289719626	0.0969626168224299	0.04322429906542056	0.028037383177570093	0.4230769230769231
commissioned_T070_A032	107	26	1712	107	4.115384615384615	0.822429906542056	0.13551401869158877	0.06775700934579439	0.04439252336448598	0.38461538461538464
original_T095_A032	108	26	1712	108	4.153846153846154	0.7777777777777778	0.0969626168224299	0.04322429906542056	0.028037383177570093	0.4230769230769231
commissioned_T070_A032	108	26	1712	108	4.153846153846154	0.8240740740740741	0.1360981308411215	0.0683411214953271	0.04497663551401869	0.38461538461538464
original_T095_A032	109	26	1712	109	4.1923076923076925	0.7798165137614679	0.0969626168224299	0.04322429906542056	0.028037383177570093	0.4230769230769231
commissioned_T070_A032	109	26	1712	109	4.1923076923076925	0.8256880733944955	0.13726635514018692	0.06950934579439252	0.0455607476635514	0.38461538461538464
original_T095_A032	110	26	1712	110	4.230769230769231	0.7818181818181819	0.09754672897196262	0.04380841121495327	0.028621495327102803	0.4230769230769231
commissioned_T070_A032	110	26	1712	110	4.230769230769231	0.8272727272727273	0.1378504672897196	0.07009345794392523	0.04614485981308411	0.38461538461538464
original_T095_A032	111	26	1712	111	4.269230769230769	0.7837837837837838	0.09754672897196262	0.04380841121495327	0.028621495327102803	0.4230769230769231
commissioned_T070_A032	111	26	1712	111	4.269230769230769	0.8288288288288288	0.13843457943925233	0.07067757009345794	0.04672897196261682	0.38461538461538464
original_T095_A032	112	26	1712	112	4.3076923076923075	0.7857142857142857	0.09754672897196262	0.04380841121495327	0.028621495327102803	0.4230769230769231
commissioned_T070_A032	112	26	1712	112	4.3076923076923075	0.8303571428571429	0.13843457943925233	0.07067757009345794	0.04672897196261682	0.38461538461538464
original_T095_A032	113	26	1712	113	4.346153846153846	0.7876106194690266	0.09871495327102804	0.04497663551401869	0.029205607476635514	0.4230769230769231
commissioned_T070_A032	113	26	1712	113	4.346153846153846	0.831858407079646	0.13960280373831777	0.07184579439252337	0.04731308411214953	0.38461538461538464
original_T095_A032	114	26	1712	114	4.384615384615385	0.7894736842105263	0.09929906542056074	0.0455607476635514	0.029789719626168224	0.4230769230769231
commissioned_T070_A032	114	26	1712	114	4.384615384615385	0.8333333333333334	0.14018691588785046	0.07242990654205607	0.04789719626168224	0.38461538461538464
original_T095_A032	115	26	1712	115	4.423076923076923	0.7913043478260869	0.09988317757009346	0.04614485981308411	0.030373831775700934	0.4230769230769231
commissioned_T070_A032	115	26	1712	115	4.423076923076923	0.8347826086956521	0.14077102803738317	0.07301401869158879	0.04848130841121495	0.38461538461538464
original_T095_A032	116	26	1712	116	4.461538461538462	0.7931034482758621	0.09988317757009346	0.04614485981308411	0.030373831775700934	0.4230769230769231
commissioned_T070_A032	116	26	1712	116	4.461538461538462	0.8362068965517241	0.14077102803738317	0.07301401869158879	0.04848130841121495	0.38461538461538464
original_T095_A032	117	26	1712	117	4.5	0.7948717948717948	0.09988317757009346	0.04614485981308411	0.030373831775700934	0.4230769230769231
commissioned_T070_A032	117	26	1712	117	4.5	0.8376068376068376	0.1419392523364486	0.0741822429906542	0.04906542056074766	0.38461538461538464
original_T095_A032	118	26	1712	118	4.538461538461538	0.7966101694915254	0.09988317757009346	0.04614485981308411	0.030373831775700934	0.4230769230769231
commissioned_T070_A032	118	26	1712	118	4.538461538461538	0.8389830508474576	0.1419392523364486	0.0741822429906542	0.04906542056074766	0.38461538461538464
original_T095_A032	119	26	1712	119	4.576923076923077	0.7983193277310925	0.10046728971962617	0.04672897196261682	0.030957943925233645	0.4230769230769231
commissioned_T070_A032	119	26	1712	119	4.576923076923077	0.8319327731092437	0.1419392523364486	0.0741822429906542	0.04906542056074766	0.38461538461538464
original_T095_A032	120	26	1712	120	4.615384615384615	0.8	0.10046728971962617	0.04672897196261682	0.030957943925233645	0.4230769230769231
commissioned_T070_A032	120	26	1712	120	4.615384615384615	0.8333333333333334	0.1425233644859813	0.07476635514018691	0.04964953271028037	0.38461538461538464
original_T095_A032	121	26	1712	121	4.653846153846154	0.8016528925619835	0.10046728971962617	0.04672897196261682	0.030957943925233645	0.4230769230769231
commissioned_T070_A032	121	26	1712	121	4.653846153846154	0.8264462809917356	0.143107476635514	0.07476635514018691	0.04964953271028037	0.38461538461538464
original_T095_A032	122	26	1712	122	4.6923076923076925	0.7950819672131147	0.10105140186915888	0.04672897196261682	0.030957943925233645	0.4230769230769231
commissioned_T070_A032	122	26	1712	122	4.6923076923076925	0.8278688524590164	0.14427570093457945	0.07593457943925233	0.05023364485981308	0.38461538461538464
original_T095_A032	123	26	1712	123	4.730769230769231	0.7967479674796748	0.10105140186915888	0.04672897196261682	0.030957943925233645	0.4230769230769231
commissioned_T070_A032	123	26	1712	123	4.730769230769231	0.8292682926829268	0.14427570093457945	0.07593457943925233	0.05023364485981308	0.38461538461538464
original_T095_A032	124	26	1712	124	4.769230769230769	0.7983870967741935	0.10105140186915888	0.04672897196261682	0.030957943925233645	0.4230769230769231
commissioned_T070_A032	124	26	1712	124	4.769230769230769	0.8306451612903226	0.14544392523364486	0.07710280373831775	0.05081775700934579	0.38461538461538464
original_T095_A032	125	26	1712	125	4.8076923076923075	0.8	0.10105140186915888	0.04672897196261682	0.030957943925233645	0.4230769230769231
commissioned_T070_A032	125	26	1712	125	4.8076923076923075	0.824	0.1466121495327103	0.07710280373831775	0.05081775700934579	0.38461538461538464
original_T095_A032	126	26	1712	126	4.846153846153846	0.8015873015873016	0.10163551401869159	0.04731308411214953	0.03154205607476635	0.4230769230769231
commissioned_T070_A032	126	26	1712	126	4.846153846153846	0.8253968253968254	0.14719626168224298	0.07768691588785047	0.0514018691588785	0.38461538461538464
original_T095_A032	127	26	1712	127	4.884615384615385	0.8031496062992126	0.1022196261682243	0.04789719626168224	0.03212616822429906	0.4230769230769231
commissioned_T070_A032	127	26	1712	127	4.884615384615385	0.8267716535433071	0.14719626168224298	0.07768691588785047	0.0514018691588785	0.38461538461538464
original_T095_A032	128	26	1712	128	4.923076923076923	0.8046875	0.102803738317757	0.04848130841121495	0.03271028037383177	0.4230769230769231
commissioned_T070_A032	128	26	1712	128	4.923076923076923	0.828125	0.1477803738317757	0.07827102803738317	0.051985981308411214	0.38461538461538464
original_T095_A032	129	26	1712	129	4.961538461538462	0.8062015503875969	0.10338785046728972	0.04906542056074766	0.03329439252336448	0.4230769230769231
commissioned_T070_A032	129	26	1712	129	4.961538461538462	0.8294573643410853	0.1483644859813084	0.07885514018691589	0.052570093457943924	0.38461538461538464
original_T095_A032	130	26	1712	130	5.0	0.8076923076923077	0.10338785046728972	0.04906542056074766	0.03329439252336448	0.4230769230769231
commissioned_T070_A032	130	26	1712	130	5.0	0.8307692307692308	0.14894859813084113	0.0794392523364486	0.053154205607476634	0.38461538461538464
original_T095_A032	131	26	1712	131	5.038461538461538	0.8015267175572519	0.10338785046728972	0.04906542056074766	0.03329439252336448	0.46153846153846156
commissioned_T070_A032	131	26	1712	131	5.038461538461538	0.8320610687022901	0.14953271028037382	0.08002336448598131	0.053738317757009345	0.38461538461538464
original_T095_A032	132	26	1712	132	5.076923076923077	0.803030303030303	0.10338785046728972	0.04906542056074766	0.03329439252336448	0.46153846153846156
commissioned_T070_A032	132	26	1712	132	5.076923076923077	0.8257575757575758	0.14953271028037382	0.08002336448598131	0.053738317757009345	0.38461538461538464
original_T095_A032	133	26	1712	133	5.115384615384615	0.8045112781954887	0.10338785046728972	0.04906542056074766	0.03329439252336448	0.46153846153846156
commissioned_T070_A032	133	26	1712	133	5.115384615384615	0.8270676691729323	0.14953271028037382	0.08002336448598131	0.053738317757009345	0.38461538461538464
original_T095_A032	134	26	1712	134	5.153846153846154	0.8059701492537313	0.10338785046728972	0.04906542056074766	0.03329439252336448	0.46153846153846156
commissioned_T070_A032	134	26	1712	134	5.153846153846154	0.8283582089552238	0.14953271028037382	0.08002336448598131	0.053738317757009345	0.38461538461538464
original_T095_A032	135	26	1712	135	5.1923076923076925	0.8074074074074075	0.10455607476635514	0.05023364485981308	0.03387850467289719	0.46153846153846156
commissioned_T070_A032	135	26	1712	135	5.1923076923076925	0.8296296296296296	0.15011682242990654	0.08060747663551401	0.054322429906542055	0.38461538461538464
original_T095_A032	136	26	1712	136	5.230769230769231	0.8014705882352942	0.10455607476635514	0.05023364485981308	0.03387850467289719	0.46153846153846156
commissioned_T070_A032	136	26	1712	136	5.230769230769231	0.8308823529411765	0.15070093457943926	0.08119158878504673	0.054906542056074766	0.38461538461538464
original_T095_A032	137	26	1712	137	5.269230769230769	0.8029197080291971	0.10572429906542057	0.0514018691588785	0.0344626168224299	0.46153846153846156
commissioned_T070_A032	137	26	1712	137	5.269230769230769	0.8321167883211679	0.15070093457943926	0.08119158878504673	0.054906542056074766	0.38461538461538464
original_T095_A032	138	26	1712	138	5.3076923076923075	0.7971014492753623	0.10572429906542057	0.0514018691588785	0.0344626168224299	0.46153846153846156
commissioned_T070_A032	138	26	1712	138	5.3076923076923075	0.8333333333333334	0.15128504672897197	0.08177570093457943	0.055490654205607476	0.38461538461538464
original_T095_A032	139	26	1712	139	5.346153846153846	0.7985611510791367	0.10630841121495327	0.051985981308411214	0.035046728971962614	0.46153846153846156
commissioned_T070_A032	139	26	1712	139	5.346153846153846	0.8345323741007195	0.15186915887850466	0.08235981308411215	0.056074766355140186	0.38461538461538464
original_T095_A032	140	26	1712	140	5.384615384615385	0.8	0.10747663551401869	0.053154205607476634	0.035630841121495324	0.46153846153846156
commissioned_T070_A032	140	26	1712	140	5.384615384615385	0.8357142857142857	0.15245327102803738	0.08294392523364486	0.0566588785046729	0.38461538461538464
original_T095_A032	141	26	1712	141	5.423076923076923	0.8014184397163121	0.1080607476635514	0.053738317757009345	0.036214953271028034	0.46153846153846156
commissioned_T070_A032	141	26	1712	141	5.423076923076923	0.8368794326241135	0.1530373831775701	0.08352803738317757	0.05724299065420561	0.38461538461538464
original_T095_A032	142	26	1712	142	5.461538461538462	0.8028169014084507	0.10864485981308411	0.054322429906542055	0.036799065420560745	0.46153846153846156
commissioned_T070_A032	142	26	1712	142	5.461538461538462	0.8309859154929577	0.1530373831775701	0.08352803738317757	0.05724299065420561	0.38461538461538464
original_T095_A032	143	26	1712	143	5.5	0.8041958041958042	0.10922897196261683	0.054906542056074766	0.037383177570093455	0.46153846153846156
commissioned_T070_A032	143	26	1712	143	5.5	0.8321678321678322	0.1536214953271028	0.08411214953271028	0.05782710280373832	0.38461538461538464
original_T095_A032	144	26	1712	144	5.538461538461538	0.8055555555555556	0.10981308411214953	0.055490654205607476	0.037967289719626166	0.46153846153846156
commissioned_T070_A032	144	26	1712	144	5.538461538461538	0.8333333333333334	0.1542056074766355	0.084696261682243	0.05841121495327103	0.38461538461538464
original_T095_A032	145	26	1712	145	5.576923076923077	0.8068965517241379	0.10981308411214953	0.055490654205607476	0.037967289719626166	0.46153846153846156
commissioned_T070_A032	145	26	1712	145	5.576923076923077	0.8344827586206897	0.1542056074766355	0.084696261682243	0.05841121495327103	0.38461538461538464
original_T095_A032	146	26	1712	146	5.615384615384615	0.8082191780821918	0.11039719626168225	0.056074766355140186	0.038551401869158876	0.46153846153846156
commissioned_T070_A032	146	26	1712	146	5.615384615384615	0.8287671232876712	0.15478971962616822	0.084696261682243	0.05841121495327103	0.4230769230769231
original_T095_A032	147	26	1712	147	5.653846153846154	0.8027210884353742	0.11039719626168225	0.056074766355140186	0.038551401869158876	0.5
commissioned_T070_A032	147	26	1712	147	5.653846153846154	0.8231292517006803	0.15537383177570094	0.084696261682243	0.05841121495327103	0.4230769230769231
original_T095_A032	148	26	1712	148	5.6923076923076925	0.8040540540540541	0.11098130841121495	0.0566588785046729	0.039135514018691586	0.5
commissioned_T070_A032	148	26	1712	148	5.6923076923076925	0.8243243243243243	0.15712616822429906	0.08644859813084112	0.05899532710280374	0.4230769230769231
original_T095_A032	149	26	1712	149	5.730769230769231	0.8053691275167785	0.11273364485981309	0.05841121495327103	0.0397196261682243	0.5
commissioned_T070_A032	149	26	1712	149	5.730769230769231	0.825503355704698	0.15712616822429906	0.08644859813084112	0.05899532710280374	0.4230769230769231
original_T095_A032	150	26	1712	150	5.769230769230769	0.8066666666666666	0.11448598130841121	0.06016355140186916	0.04030373831775701	0.5
commissioned_T070_A032	150	26	1712	150	5.769230769230769	0.8266666666666667	0.15771028037383178	0.08703271028037383	0.05957943925233645	0.4230769230769231
original_T095_A032	151	26	1712	151	5.8076923076923075	0.8079470198675497	0.11565420560747663	0.06133177570093458	0.04088785046728972	0.5
commissioned_T070_A032	151	26	1712	151	5.8076923076923075	0.8278145695364238	0.1582943925233645	0.08761682242990654	0.06016355140186916	0.4230769230769231
original_T095_A032	152	26	1712	152	5.846153846153846	0.8026315789473685	0.11565420560747663	0.06133177570093458	0.04088785046728972	0.5384615384615384
commissioned_T070_A032	152	26	1712	152	5.846153846153846	0.8289473684210527	0.1582943925233645	0.08761682242990654	0.06016355140186916	0.4230769230769231
original_T095_A032	153	26	1712	153	5.884615384615385	0.803921568627451	0.11623831775700935	0.06191588785046729	0.04147196261682243	0.5384615384615384
commissioned_T070_A032	153	26	1712	153	5.884615384615385	0.8300653594771242	0.1582943925233645	0.08761682242990654	0.06016355140186916	0.4230769230769231
original_T095_A032	154	26	1712	154	5.923076923076923	0.8051948051948052	0.11682242990654206	0.0625	0.04205607476635514	0.5384615384615384
commissioned_T070_A032	154	26	1712	154	5.923076923076923	0.8311688311688312	0.1588785046728972	0.08820093457943926	0.06074766355140187	0.4230769230769231
original_T095_A032	155	26	1712	155	5.961538461538462	0.8064516129032258	0.11682242990654206	0.0625	0.04205607476635514	0.5384615384615384
commissioned_T070_A032	155	26	1712	155	5.961538461538462	0.8258064516129032	0.1588785046728972	0.08820093457943926	0.06074766355140187	0.46153846153846156
original_T095_A032	156	26	1712	156	6.0	0.8012820512820513	0.11682242990654206	0.0625	0.04205607476635514	0.5384615384615384
commissioned_T070_A032	156	26	1712	156	6.0	0.8269230769230769	0.16004672897196262	0.08936915887850468	0.06133177570093458	0.46153846153846156
original_T095_A032	157	26	1712	157	6.038461538461538	0.802547770700637	0.11740654205607477	0.0630841121495327	0.04264018691588785	0.5384615384615384
commissioned_T070_A032	157	26	1712	157	6.038461538461538	0.8280254777070064	0.16063084112149534	0.08995327102803738	0.06191588785046729	0.46153846153846156
original_T095_A032	158	26	1712	158	6.076923076923077	0.8037974683544303	0.11740654205607477	0.0630841121495327	0.04264018691588785	0.5384615384615384
commissioned_T070_A032	158	26	1712	158	6.076923076923077	0.8227848101265823	0.16121495327102803	0.08995327102803738	0.06191588785046729	0.46153846153846156
original_T095_A032	159	26	1712	159	6.115384615384615	0.8050314465408805	0.11799065420560748	0.06366822429906542	0.04322429906542056	0.5384615384615384
commissioned_T070_A032	159	26	1712	159	6.115384615384615	0.8176100628930818	0.16121495327102803	0.08995327102803738	0.06191588785046729	0.46153846153846156
original_T095_A032	160	26	1712	160	6.153846153846154	0.80625	0.1185747663551402	0.06425233644859812	0.04380841121495327	0.5384615384615384
commissioned_T070_A032	160	26	1712	160	6.153846153846154	0.81875	0.16179906542056074	0.0905373831775701	0.0625	0.46153846153846156
original_T095_A032	161	26	1712	161	6.1923076923076925	0.8074534161490683	0.1191588785046729	0.06483644859813084	0.04439252336448598	0.5384615384615384
commissioned_T070_A032	161	26	1712	161	6.1923076923076925	0.8136645962732919	0.16179906542056074	0.0905373831775701	0.0625	0.46153846153846156
original_T095_A032	162	26	1712	162	6.230769230769231	0.808641975308642	0.11974299065420561	0.06542056074766354	0.04497663551401869	0.5384615384615384
commissioned_T070_A032	162	26	1712	162	6.230769230769231	0.8148148148148148	0.16238317757009346	0.0911214953271028	0.0630841121495327	0.46153846153846156
original_T095_A032	163	26	1712	163	6.269230769230769	0.803680981595092	0.11974299065420561	0.06542056074766354	0.04497663551401869	0.5384615384615384
commissioned_T070_A032	163	26	1712	163	6.269230769230769	0.8159509202453987	0.16296728971962618	0.09170560747663552	0.06366822429906542	0.46153846153846156
original_T095_A032	164	26	1712	164	6.3076923076923075	0.8048780487804879	0.12032710280373832	0.06600467289719626	0.0455607476635514	0.5384615384615384
commissioned_T070_A032	164	26	1712	164	6.3076923076923075	0.8170731707317073	0.16355140186915887	0.09228971962616822	0.06425233644859812	0.46153846153846156
original_T095_A032	165	26	1712	165	6.346153846153846	0.806060606060606	0.12091121495327103	0.06658878504672897	0.04614485981308411	0.5384615384615384
commissioned_T070_A032	165	26	1712	165	6.346153846153846	0.8181818181818182	0.1641355140186916	0.09287383177570094	0.06483644859813084	0.46153846153846156
original_T095_A032	166	26	1712	166	6.384615384615385	0.8012048192771084	0.12091121495327103	0.06658878504672897	0.04614485981308411	0.5384615384615384
commissioned_T070_A032	166	26	1712	166	6.384615384615385	0.8192771084337349	0.16530373831775702	0.09404205607476636	0.06542056074766354	0.46153846153846156
original_T095_A032	167	26	1712	167	6.423076923076923	0.8023952095808383	0.12149532710280374	0.06717289719626168	0.04672897196261682	0.5384615384615384
commissioned_T070_A032	167	26	1712	167	6.423076923076923	0.8143712574850299	0.16530373831775702	0.09404205607476636	0.06542056074766354	0.5
original_T095_A032	168	26	1712	168	6.461538461538462	0.7976190476190477	0.12149532710280374	0.06717289719626168	0.04672897196261682	0.5384615384615384
commissioned_T070_A032	168	26	1712	168	6.461538461538462	0.8154761904761905	0.1658878504672897	0.09462616822429906	0.06600467289719626	0.5
original_T095_A032	169	26	1712	169	6.5	0.7928994082840237	0.12149532710280374	0.06717289719626168	0.04672897196261682	0.5769230769230769
commissioned_T070_A032	169	26	1712	169	6.5	0.8106508875739645	0.1658878504672897	0.09462616822429906	0.06600467289719626	0.5
original_T095_A032	170	26	1712	170	6.538461538461538	0.788235294117647	0.12149532710280374	0.06717289719626168	0.04672897196261682	0.5769230769230769
commissioned_T070_A032	170	26	1712	170	6.538461538461538	0.8058823529411765	0.16647196261682243	0.09462616822429906	0.06600467289719626	0.5
original_T095_A032	171	26	1712	171	6.576923076923077	0.7894736842105263	0.12207943925233646	0.06775700934579439	0.04731308411214953	0.5769230769230769
commissioned_T070_A032	171	26	1712	171	6.576923076923077	0.8070175438596491	0.16705607476635514	0.09521028037383178	0.06658878504672897	0.5
original_T095_A032	172	26	1712	172	6.615384615384615	0.7906976744186046	0.12266355140186916	0.0683411214953271	0.04789719626168224	0.5769230769230769
commissioned_T070_A032	172	26	1712	172	6.615384615384615	0.8023255813953488	0.16705607476635514	0.09521028037383178	0.06658878504672897	0.5
original_T095_A032	173	26	1712	173	6.653846153846154	0.791907514450867	0.12383177570093458	0.06950934579439252	0.04848130841121495	0.5769230769230769
commissioned_T070_A032	173	26	1712	173	6.653846153846154	0.7976878612716763	0.16764018691588786	0.09521028037383178	0.06658878504672897	0.5
original_T095_A032	174	26	1712	174	6.6923076923076925	0.7931034482758621	0.1244158878504673	0.07009345794392523	0.04906542056074766	0.5769230769230769
commissioned_T070_A032	174	26	1712	174	6.6923076923076925	0.7988505747126436	0.16822429906542055	0.09579439252336448	0.06717289719626168	0.5
original_T095_A032	175	26	1712	175	6.730769230769231	0.7942857142857143	0.125	0.07067757009345794	0.04964953271028037	0.5769230769230769
commissioned_T070_A032	175	26	1712	175	6.730769230769231	0.7942857142857143	0.16822429906542055	0.09579439252336448	0.06717289719626168	0.5384615384615384
original_T095_A032	176	26	1712	176	6.769230769230769	0.7897727272727273	0.125	0.07067757009345794	0.04964953271028037	0.6153846153846154
commissioned_T070_A032	176	26	1712	176	6.769230769230769	0.7897727272727273	0.16822429906542055	0.09579439252336448	0.06717289719626168	0.5769230769230769
original_T095_A032	177	26	1712	177	6.8076923076923075	0.7909604519774012	0.12558411214953272	0.07126168224299065	0.05023364485981308	0.6153846153846154
commissioned_T070_A032	177	26	1712	177	6.8076923076923075	0.7909604519774012	0.16880841121495327	0.0963785046728972	0.06775700934579439	0.5769230769230769
original_T095_A032	178	26	1712	178	6.846153846153846	0.7921348314606742	0.1261682242990654	0.07184579439252337	0.05081775700934579	0.6153846153846154
commissioned_T070_A032	178	26	1712	178	6.846153846153846	0.7921348314606742	0.169392523364486	0.0969626168224299	0.0683411214953271	0.5769230769230769
original_T095_A032	179	26	1712	179	6.884615384615385	0.7932960893854749	0.1261682242990654	0.07184579439252337	0.05081775700934579	0.6153846153846154
commissioned_T070_A032	179	26	1712	179	6.884615384615385	0.7932960893854749	0.1699766355140187	0.09754672897196262	0.0689252336448598	0.5769230769230769
original_T095_A032	180	26	1712	180	6.923076923076923	0.7888888888888889	0.1261682242990654	0.07184579439252337	0.05081775700934579	0.6538461538461539
commissioned_T070_A032	180	26	1712	180	6.923076923076923	0.7944444444444444	0.1705607476635514	0.09813084112149532	0.06950934579439252	0.5769230769230769
original_T095_A032	181	26	1712	181	6.961538461538462	0.7900552486187845	0.12675233644859812	0.07242990654205607	0.0514018691588785	0.6538461538461539
commissioned_T070_A032	181	26	1712	181	6.961538461538462	0.7900552486187845	0.1705607476635514	0.09813084112149532	0.06950934579439252	0.5769230769230769
original_T095_A032	182	26	1712	182	7.0	0.7912087912087912	0.12675233644859812	0.07242990654205607	0.0514018691588785	0.6538461538461539
commissioned_T070_A032	182	26	1712	182	7.0	0.7857142857142857	0.1705607476635514	0.09813084112149532	0.06950934579439252	0.5769230769230769
original_T095_A032	183	26	1712	183	7.038461538461538	0.7923497267759563	0.12733644859813084	0.07301401869158879	0.051985981308411214	0.6538461538461539
commissioned_T070_A032	183	26	1712	183	7.038461538461538	0.7868852459016393	0.17231308411214954	0.09988317757009346	0.07009345794392523	0.5769230769230769
original_T095_A032	184	26	1712	184	7.076923076923077	0.7934782608695652	0.12792056074766356	0.07359813084112149	0.052570093457943924	0.6538461538461539
commissioned_T070_A032	184	26	1712	184	7.076923076923077	0.7880434782608695	0.17289719626168223	0.10046728971962617	0.07067757009345794	0.5769230769230769
original_T095_A032	185	26	1712	185	7.115384615384615	0.7891891891891892	0.12792056074766356	0.07359813084112149	0.052570093457943924	0.6538461538461539
commissioned_T070_A032	185	26	1712	185	7.115384615384615	0.7891891891891892	0.17348130841121495	0.10105140186915888	0.07126168224299065	0.5769230769230769
original_T095_A032	186	26	1712	186	7.153846153846154	0.7903225806451613	0.12850467289719625	0.0741822429906542	0.053154205607476634	0.6538461538461539
commissioned_T070_A032	186	26	1712	186	7.153846153846154	0.7903225806451613	0.17406542056074767	0.10163551401869159	0.07184579439252337	0.5769230769230769
original_T095_A032	187	26	1712	187	7.1923076923076925	0.7914438502673797	0.12850467289719625	0.0741822429906542	0.053154205607476634	0.6538461538461539
commissioned_T070_A032	187	26	1712	187	7.1923076923076925	0.786096256684492	0.17406542056074767	0.10163551401869159	0.07184579439252337	0.5769230769230769
original_T095_A032	188	26	1712	188	7.230769230769231	0.7872340425531915	0.12850467289719625	0.0741822429906542	0.053154205607476634	0.6538461538461539
commissioned_T070_A032	188	26	1712	188	7.230769230769231	0.7819148936170213	0.1746495327102804	0.10163551401869159	0.07184579439252337	0.5769230769230769
original_T095_A032	189	26	1712	189	7.269230769230769	0.7883597883597884	0.12908878504672897	0.07476635514018691	0.053738317757009345	0.6538461538461539
commissioned_T070_A032	189	26	1712	189	7.269230769230769	0.7777777777777778	0.1746495327102804	0.10163551401869159	0.07184579439252337	0.5769230769230769
original_T095_A032	190	26	1712	190	7.3076923076923075	0.7894736842105263	0.12967289719626168	0.07535046728971963	0.054322429906542055	0.6538461538461539
commissioned_T070_A032	190	26	1712	190	7.3076923076923075	0.7789473684210526	0.1746495327102804	0.10163551401869159	0.07184579439252337	0.5769230769230769
original_T095_A032	191	26	1712	191	7.346153846153846	0.7905759162303665	0.12967289719626168	0.07535046728971963	0.054322429906542055	0.6538461538461539
commissioned_T070_A032	191	26	1712	191	7.346153846153846	0.7801047120418848	0.17523364485981308	0.1022196261682243	0.07242990654205607	0.5769230769230769
original_T095_A032	192	26	1712	192	7.384615384615385	0.7916666666666666	0.1302570093457944	0.07593457943925233	0.054906542056074766	0.6538461538461539
commissioned_T070_A032	192	26	1712	192	7.384615384615385	0.78125	0.17523364485981308	0.1022196261682243	0.07242990654205607	0.5769230769230769
original_T095_A032	193	26	1712	193	7.423076923076923	0.7927461139896373	0.1302570093457944	0.07593457943925233	0.054906542056074766	0.6538461538461539
commissioned_T070_A032	193	26	1712	193	7.423076923076923	0.7823834196891192	0.1758177570093458	0.102803738317757	0.07301401869158879	0.5769230769230769
original_T095_A032	194	26	1712	194	7.461538461538462	0.7938144329896907	0.1302570093457944	0.07593457943925233	0.054906542056074766	0.6538461538461539
commissioned_T070_A032	194	26	1712	194	7.461538461538462	0.7835051546391752	0.17698598130841123	0.10397196261682243	0.07359813084112149	0.5769230769230769
original_T095_A032	195	26	1712	195	7.5	0.7948717948717948	0.1308411214953271	0.07651869158878505	0.055490654205607476	0.6538461538461539
commissioned_T070_A032	195	26	1712	195	7.5	0.7794871794871795	0.1863317757009346	0.10397196261682243	0.07359813084112149	0.5769230769230769
original_T095_A032	196	26	1712	196	7.538461538461538	0.7908163265306123	0.1308411214953271	0.07651869158878505	0.055490654205607476	0.6923076923076923
commissioned_T070_A032	196	26	1712	196	7.538461538461538	0.7806122448979592	0.18691588785046728	0.10455607476635514	0.0741822429906542	0.5769230769230769
original_T095_A032	197	26	1712	197	7.576923076923077	0.7868020304568528	0.1308411214953271	0.07651869158878505	0.055490654205607476	0.6923076923076923
commissioned_T070_A032	197	26	1712	197	7.576923076923077	0.7817258883248731	0.18691588785046728	0.10455607476635514	0.0741822429906542	0.5769230769230769
original_T095_A032	198	26	1712	198	7.615384615384615	0.7878787878787878	0.1314252336448598	0.07710280373831775	0.056074766355140186	0.6923076923076923
commissioned_T070_A032	198	26	1712	198	7.615384615384615	0.7777777777777778	0.18691588785046728	0.10455607476635514	0.0741822429906542	0.5769230769230769
original_T095_A032	199	26	1712	199	7.653846153846154	0.7889447236180904	0.13200934579439252	0.07768691588785047	0.0566588785046729	0.6923076923076923
commissioned_T070_A032	199	26	1712	199	7.653846153846154	0.7738693467336684	0.18691588785046728	0.10455607476635514	0.0741822429906542	0.5769230769230769
original_T095_A032	200	26	1712	200	7.6923076923076925	0.79	0.13200934579439252	0.07768691588785047	0.0566588785046729	0.6923076923076923
commissioned_T070_A032	200	26	1712	200	7.6923076923076925	0.775	0.1875	0.10514018691588785	0.07476635514018691	0.5769230769230769
original_T095_A032	201	26	1712	201	7.730769230769231	0.7860696517412935	0.13200934579439252	0.07768691588785047	0.0566588785046729	0.6923076923076923
commissioned_T070_A032	201	26	1712	201	7.730769230769231	0.7761194029850746	0.18808411214953272	0.10572429906542057	0.07535046728971963	0.5769230769230769
original_T095_A032	202	26	1712	202	7.769230769230769	0.7871287128712872	0.13200934579439252	0.07768691588785047	0.0566588785046729	0.6923076923076923
commissioned_T070_A032	202	26	1712	202	7.769230769230769	0.7772277227722773	0.1886682242990654	0.10630841121495327	0.07593457943925233	0.5769230769230769
original_T095_A032	203	26	1712	203	7.8076923076923075	0.7881773399014779	0.13259345794392524	0.07827102803738317	0.05724299065420561	0.6923076923076923
commissioned_T070_A032	203	26	1712	203	7.8076923076923075	0.7733990147783252	0.1886682242990654	0.10630841121495327	0.07593457943925233	0.5769230769230769
original_T095_A032	204	26	1712	204	7.846153846153846	0.7892156862745098	0.13317757009345793	0.07885514018691589	0.05782710280373832	0.6923076923076923
commissioned_T070_A032	204	26	1712	204	7.846153846153846	0.7696078431372549	0.1886682242990654	0.10630841121495327	0.07593457943925233	0.5769230769230769
original_T095_A032	205	26	1712	205	7.884615384615385	0.7902439024390244	0.13376168224299065	0.0794392523364486	0.05841121495327103	0.6923076923076923
commissioned_T070_A032	205	26	1712	205	7.884615384615385	0.7707317073170732	0.18925233644859812	0.10689252336448599	0.07651869158878505	0.5769230769230769
original_T095_A032	206	26	1712	206	7.923076923076923	0.7912621359223301	0.13434579439252337	0.08002336448598131	0.05899532710280374	0.6923076923076923
commissioned_T070_A032	206	26	1712	206	7.923076923076923	0.7718446601941747	0.19217289719626168	0.10981308411214953	0.07710280373831775	0.5769230769230769
original_T095_A032	207	26	1712	207	7.961538461538462	0.7922705314009661	0.13492990654205608	0.08060747663551401	0.05957943925233645	0.6923076923076923
commissioned_T070_A032	207	26	1712	207	7.961538461538462	0.7681159420289855	0.19217289719626168	0.10981308411214953	0.07710280373831775	0.6153846153846154
original_T095_A032	208	26	1712	208	8.0	0.7932692307692307	0.13551401869158877	0.08119158878504673	0.06016355140186916	0.6923076923076923
commissioned_T070_A032	208	26	1712	208	8.0	0.7644230769230769	0.19217289719626168	0.10981308411214953	0.07710280373831775	0.6153846153846154
original_T095_A032	209	26	1712	209	8.038461538461538	0.7894736842105263	0.13551401869158877	0.08119158878504673	0.06016355140186916	0.6923076923076923
commissioned_T070_A032	209	26	1712	209	8.038461538461538	0.7607655502392344	0.19217289719626168	0.10981308411214953	0.07710280373831775	0.6538461538461539
original_T095_A032	210	26	1712	210	8.076923076923077	0.7857142857142857	0.13551401869158877	0.08119158878504673	0.06016355140186916	0.7307692307692307
commissioned_T070_A032	210	26	1712	210	8.076923076923077	0.7619047619047619	0.19217289719626168	0.10981308411214953	0.07710280373831775	0.6538461538461539
original_T095_A032	211	26	1712	211	8.115384615384615	0.7867298578199052	0.13551401869158877	0.08119158878504673	0.06016355140186916	0.7307692307692307
commissioned_T070_A032	211	26	1712	211	8.115384615384615	0.7630331753554502	0.1933411214953271	0.11098130841121495	0.07768691588785047	0.6538461538461539
original_T095_A032	212	26	1712	212	8.153846153846153	0.7877358490566038	0.1360981308411215	0.08177570093457943	0.06074766355140187	0.7307692307692307
commissioned_T070_A032	212	26	1712	212	8.153846153846153	0.7594339622641509	0.1933411214953271	0.11098130841121495	0.07768691588785047	0.6923076923076923
original_T095_A032	213	26	1712	213	8.192307692307692	0.7887323943661971	0.1366822429906542	0.08235981308411215	0.06133177570093458	0.7307692307692307
commissioned_T070_A032	213	26	1712	213	8.192307692307692	0.7605633802816901	0.1939252336448598	0.11156542056074767	0.07827102803738317	0.6923076923076923
original_T095_A032	214	26	1712	214	8.23076923076923	0.7850467289719626	0.1366822429906542	0.08235981308411215	0.06133177570093458	0.7307692307692307
commissioned_T070_A032	214	26	1712	214	8.23076923076923	0.7570093457943925	0.19450934579439252	0.11156542056074767	0.07827102803738317	0.6923076923076923
original_T095_A032	215	26	1712	215	8.26923076923077	0.786046511627907	0.13726635514018692	0.08294392523364486	0.06191588785046729	0.7307692307692307
commissioned_T070_A032	215	26	1712	215	8.26923076923077	0.7581395348837209	0.19509345794392524	0.11214953271028037	0.07885514018691589	0.6923076923076923
original_T095_A032	216	26	1712	216	8.307692307692308	0.7824074074074074	0.13726635514018692	0.08294392523364486	0.06191588785046729	0.7307692307692307
commissioned_T070_A032	216	26	1712	216	8.307692307692308	0.7592592592592593	0.19509345794392524	0.11214953271028037	0.07885514018691589	0.6923076923076923
original_T095_A032	217	26	1712	217	8.346153846153847	0.783410138248848	0.1378504672897196	0.08352803738317757	0.0625	0.7307692307692307
commissioned_T070_A032	217	26	1712	217	8.346153846153847	0.7557603686635944	0.19567757009345793	0.11214953271028037	0.07885514018691589	0.6923076923076923
original_T095_A032	218	26	1712	218	8.384615384615385	0.7844036697247706	0.1378504672897196	0.08352803738317757	0.0625	0.7307692307692307
commissioned_T070_A032	218	26	1712	218	8.384615384615385	0.7522935779816514	0.19567757009345793	0.11214953271028037	0.07885514018691589	0.6923076923076923
original_T095_A032	219	26	1712	219	8.423076923076923	0.7853881278538812	0.1378504672897196	0.08352803738317757	0.0625	0.7307692307692307
commissioned_T070_A032	219	26	1712	219	8.423076923076923	0.7534246575342466	0.19684579439252337	0.1133177570093458	0.0794392523364486	0.6923076923076923
original_T095_A032	220	26	1712	220	8.461538461538462	0.7818181818181819	0.1378504672897196	0.08352803738317757	0.0625	0.7692307692307693
commissioned_T070_A032	220	26	1712	220	8.461538461538462	0.75	0.19684579439252337	0.1133177570093458	0.0794392523364486	0.6923076923076923
original_T095_A032	221	26	1712	221	8.5	0.7782805429864253	0.1378504672897196	0.08352803738317757	0.0625	0.7692307692307693
commissioned_T070_A032	221	26	1712	221	8.5	0.751131221719457	0.19742990654205608	0.11390186915887851	0.08002336448598131	0.6923076923076923
original_T095_A032	222	26	1712	222	8.538461538461538	0.7792792792792793	0.13843457943925233	0.08411214953271028	0.0630841121495327	0.7692307692307693
commissioned_T070_A032	222	26	1712	222	8.538461538461538	0.7522522522522522	0.19801401869158877	0.11448598130841121	0.08060747663551401	0.6923076923076923
original_T095_A032	223	26	1712	223	8.576923076923077	0.7757847533632287	0.13843457943925233	0.08411214953271028	0.0630841121495327	0.7692307692307693
commissioned_T070_A032	223	26	1712	223	8.576923076923077	0.7533632286995515	0.1985981308411215	0.11507009345794393	0.08119158878504673	0.6923076923076923
original_T095_A032	224	26	1712	224	8.615384615384615	0.7723214285714286	0.13843457943925233	0.08411214953271028	0.0630841121495327	0.7692307692307693
commissioned_T070_A032	224	26	1712	224	8.615384615384615	0.7544642857142857	0.20093457943925233	0.11740654205607477	0.08177570093457943	0.6923076923076923
original_T095_A032	225	26	1712	225	8.653846153846153	0.7733333333333333	0.13843457943925233	0.08411214953271028	0.0630841121495327	0.7692307692307693
commissioned_T070_A032	225	26	1712	225	8.653846153846153	0.7511111111111111	0.20151869158878505	0.11740654205607477	0.08177570093457943	0.6923076923076923
original_T095_A032	226	26	1712	226	8.692307692307692	0.7743362831858407	0.13843457943925233	0.08411214953271028	0.0630841121495327	0.7692307692307693
commissioned_T070_A032	226	26	1712	226	8.692307692307692	0.7522123893805309	0.20151869158878505	0.11740654205607477	0.08177570093457943	0.6923076923076923
original_T095_A032	227	26	1712	227	8.73076923076923	0.775330396475771	0.13843457943925233	0.08411214953271028	0.0630841121495327	0.7692307692307693
commissioned_T070_A032	227	26	1712	227	8.73076923076923	0.748898678414097	0.20210280373831777	0.11740654205607477	0.08177570093457943	0.6923076923076923
original_T095_A032	228	26	1712	228	8.76923076923077	0.7763157894736842	0.13901869158878505	0.084696261682243	0.06366822429906542	0.7692307692307693
commissioned_T070_A032	228	26	1712	228	8.76923076923077	0.75	0.20210280373831777	0.11740654205607477	0.08177570093457943	0.6923076923076923
original_T095_A032	229	26	1712	229	8.807692307692308	0.777292576419214	0.13960280373831777	0.0852803738317757	0.06425233644859812	0.7692307692307693
commissioned_T070_A032	229	26	1712	229	8.807692307692308	0.7467248908296943	0.20268691588785046	0.11740654205607477	0.08177570093457943	0.6923076923076923
original_T095_A032	230	26	1712	230	8.846153846153847	0.7782608695652173	0.13960280373831777	0.0852803738317757	0.06425233644859812	0.7692307692307693
commissioned_T070_A032	230	26	1712	230	8.846153846153847	0.7434782608695653	0.20268691588785046	0.11740654205607477	0.08177570093457943	0.6923076923076923
original_T095_A032	231	26	1712	231	8.884615384615385	0.7792207792207793	0.14018691588785046	0.08586448598130841	0.06483644859813084	0.7692307692307693
commissioned_T070_A032	231	26	1712	231	8.884615384615385	0.7402597402597403	0.20327102803738317	0.11740654205607477	0.08177570093457943	0.7307692307692307
original_T095_A032	232	26	1712	232	8.923076923076923	0.7758620689655172	0.14018691588785046	0.08586448598130841	0.06483644859813084	0.8076923076923077
commissioned_T070_A032	232	26	1712	232	8.923076923076923	0.7413793103448276	0.2038551401869159	0.11799065420560748	0.08235981308411215	0.7307692307692307
original_T095_A032	233	26	1712	233	8.961538461538462	0.776824034334764	0.14077102803738317	0.08644859813084112	0.06542056074766354	0.8076923076923077
commissioned_T070_A032	233	26	1712	233	8.961538461538462	0.7381974248927039	0.2038551401869159	0.11799065420560748	0.08235981308411215	0.7692307692307693
original_T095_A032	234	26	1712	234	9.0	0.7735042735042735	0.14077102803738317	0.08644859813084112	0.06542056074766354	0.8076923076923077
commissioned_T070_A032	234	26	1712	234	9.0	0.7350427350427351	0.2038551401869159	0.11799065420560748	0.08235981308411215	0.8076923076923077
original_T095_A032	235	26	1712	235	9.038461538461538	0.7702127659574468	0.14077102803738317	0.08644859813084112	0.06542056074766354	0.8076923076923077
commissioned_T070_A032	235	26	1712	235	9.038461538461538	0.7319148936170212	0.2044392523364486	0.11799065420560748	0.08235981308411215	0.8076923076923077
original_T095_A032	236	26	1712	236	9.076923076923077	0.7711864406779662	0.14077102803738317	0.08644859813084112	0.06542056074766354	0.8076923076923077
commissioned_T070_A032	236	26	1712	236	9.076923076923077	0.7330508474576272	0.205607476635514	0.1191588785046729	0.08294392523364486	0.8076923076923077
original_T095_A032	237	26	1712	237	9.115384615384615	0.7721518987341772	0.1413551401869159	0.08703271028037383	0.06600467289719626	0.8076923076923077
commissioned_T070_A032	237	26	1712	237	9.115384615384615	0.729957805907173	0.20619158878504673	0.1191588785046729	0.08294392523364486	0.8076923076923077
original_T095_A032	238	26	1712	238	9.153846153846153	0.773109243697479	0.1419392523364486	0.08761682242990654	0.06658878504672897	0.8076923076923077
commissioned_T070_A032	238	26	1712	238	9.153846153846153	0.726890756302521	0.20619158878504673	0.1191588785046729	0.08294392523364486	0.8076923076923077
original_T095_A032	239	26	1712	239	9.192307692307692	0.7740585774058577	0.1425233644859813	0.08820093457943926	0.06717289719626168	0.8076923076923077
commissioned_T070_A032	239	26	1712	239	9.192307692307692	0.7280334728033473	0.20677570093457945	0.11974299065420561	0.08352803738317757	0.8076923076923077
original_T095_A032	240	26	1712	240	9.23076923076923	0.775	0.143107476635514	0.08878504672897196	0.06775700934579439	0.8076923076923077
commissioned_T070_A032	240	26	1712	240	9.23076923076923	0.725	0.20677570093457945	0.11974299065420561	0.08352803738317757	0.8076923076923077
original_T095_A032	241	26	1712	241	9.26923076923077	0.7759336099585062	0.143107476635514	0.08878504672897196	0.06775700934579439	0.8076923076923077
commissioned_T070_A032	241	26	1712	241	9.26923076923077	0.7261410788381742	0.20735981308411214	0.12032710280373832	0.08411214953271028	0.8076923076923077
original_T095_A032	242	26	1712	242	9.307692307692308	0.7768595041322314	0.14369158878504673	0.08936915887850468	0.0683411214953271	0.8076923076923077
commissioned_T070_A032	242	26	1712	242	9.307692307692308	0.7272727272727273	0.20794392523364486	0.12091121495327103	0.084696261682243	0.8076923076923077
original_T095_A032	243	26	1712	243	9.346153846153847	0.7777777777777778	0.14369158878504673	0.08936915887850468	0.0683411214953271	0.8076923076923077
commissioned_T070_A032	243	26	1712	243	9.346153846153847	0.7283950617283951	0.20852803738317757	0.12149532710280374	0.0852803738317757	0.8076923076923077
original_T095_A032	244	26	1712	244	9.384615384615385	0.7786885245901639	0.14369158878504673	0.08936915887850468	0.0683411214953271	0.8076923076923077
commissioned_T070_A032	244	26	1712	244	9.384615384615385	0.7254098360655737	0.2091121495327103	0.12149532710280374	0.0852803738317757	0.8076923076923077
original_T095_A032	245	26	1712	245	9.423076923076923	0.7795918367346939	0.14369158878504673	0.08936915887850468	0.0683411214953271	0.8076923076923077
commissioned_T070_A032	245	26	1712	245	9.423076923076923	0.726530612244898	0.20969626168224298	0.12207943925233646	0.08586448598130841	0.8076923076923077
original_T095_A032	246	26	1712	246	9.461538461538462	0.7764227642276422	0.14369158878504673	0.08936915887850468	0.0683411214953271	0.8076923076923077
commissioned_T070_A032	246	26	1712	246	9.461538461538462	0.7235772357723578	0.20969626168224298	0.12207943925233646	0.08586448598130841	0.8076923076923077
original_T095_A032	247	26	1712	247	9.5	0.7732793522267206	0.14369158878504673	0.08936915887850468	0.0683411214953271	0.8076923076923077
commissioned_T070_A032	247	26	1712	247	9.5	0.7206477732793523	0.20969626168224298	0.12207943925233646	0.08586448598130841	0.8076923076923077
original_T095_A032	248	26	1712	248	9.538461538461538	0.7741935483870968	0.14369158878504673	0.08936915887850468	0.0683411214953271	0.8076923076923077
commissioned_T070_A032	248	26	1712	248	9.538461538461538	0.7217741935483871	0.2108644859813084	0.12324766355140188	0.08644859813084112	0.8076923076923077
original_T095_A032	249	26	1712	249	9.576923076923077	0.7751004016064257	0.14369158878504673	0.08936915887850468	0.0683411214953271	0.8076923076923077
commissioned_T070_A032	249	26	1712	249	9.576923076923077	0.7188755020080321	0.21144859813084113	0.12324766355140188	0.08644859813084112	0.8076923076923077
original_T095_A032	250	26	1712	250	9.615384615384615	0.776	0.14427570093457945	0.08995327102803738	0.0689252336448598	0.8076923076923077
commissioned_T070_A032	250	26	1712	250	9.615384615384615	0.72	0.21203271028037382	0.12383177570093458	0.08703271028037383	0.8076923076923077
original_T095_A032	251	26	1712	251	9.653846153846153	0.7768924302788844	0.14427570093457945	0.08995327102803738	0.0689252336448598	0.8076923076923077
commissioned_T070_A032	251	26	1712	251	9.653846153846153	0.7211155378486056	0.21261682242990654	0.1244158878504673	0.08761682242990654	0.8076923076923077
original_T095_A032	252	26	1712	252	9.692307692307692	0.7738095238095238	0.14427570093457945	0.08995327102803738	0.0689252336448598	0.8076923076923077
commissioned_T070_A032	252	26	1712	252	9.692307692307692	0.7222222222222222	0.21320093457943926	0.125	0.08820093457943926	0.8076923076923077
original_T095_A032	253	26	1712	253	9.73076923076923	0.7747035573122529	0.14485981308411214	0.0905373831775701	0.06950934579439252	0.8076923076923077
commissioned_T070_A032	253	26	1712	253	9.73076923076923	0.7233201581027668	0.21320093457943926	0.125	0.08820093457943926	0.8076923076923077
original_T095_A032	254	26	1712	254	9.76923076923077	0.7755905511811023	0.14544392523364486	0.0911214953271028	0.07009345794392523	0.8076923076923077
commissioned_T070_A032	254	26	1712	254	9.76923076923077	0.7244094488188977	0.21320093457943926	0.125	0.08820093457943926	0.8076923076923077
original_T095_A032	255	26	1712	255	9.807692307692308	0.7764705882352941	0.14602803738317757	0.09170560747663552	0.07067757009345794	0.8076923076923077
commissioned_T070_A032	255	26	1712	255	9.807692307692308	0.7254901960784313	0.21436915887850466	0.1261682242990654	0.08878504672897196	0.8076923076923077
original_T095_A032	256	26	1712	256	9.846153846153847	0.7734375	0.14602803738317757	0.09170560747663552	0.07067757009345794	0.8076923076923077
commissioned_T070_A032	256	26	1712	256	9.846153846153847	0.72265625	0.21436915887850466	0.1261682242990654	0.08878504672897196	0.8076923076923077
original_T095_A032	257	26	1712	257	9.884615384615385	0.7704280155642024	0.1466121495327103	0.09170560747663552	0.07067757009345794	0.8076923076923077
commissioned_T070_A032	257	26	1712	257	9.884615384615385	0.7198443579766537	0.21436915887850466	0.1261682242990654	0.08878504672897196	0.8076923076923077
original_T095_A032	258	26	1712	258	9.923076923076923	0.7674418604651163	0.1466121495327103	0.09170560747663552	0.07067757009345794	0.8076923076923077
commissioned_T070_A032	258	26	1712	258	9.923076923076923	0.7170542635658915	0.21436915887850466	0.1261682242990654	0.08878504672897196	0.8461538461538461
original_T095_A032	259	26	1712	259	9.961538461538462	0.7644787644787645	0.1466121495327103	0.09170560747663552	0.07067757009345794	0.8076923076923077
commissioned_T070_A032	259	26	1712	259	9.961538461538462	0.7142857142857143	0.21495327102803738	0.1261682242990654	0.08878504672897196	0.8461538461538461
original_T095_A032	260	26	1712	260	10.0	0.7653846153846153	0.14719626168224298	0.09228971962616822	0.07126168224299065	0.8076923076923077
commissioned_T070_A032	260	26	1712	260	10.0	0.7153846153846154	0.2155373831775701	0.12675233644859812	0.08936915887850468	0.8461538461538461
original_T095_A032	261	26	1712	261	10.038461538461538	0.7662835249042146	0.14719626168224298	0.09228971962616822	0.07126168224299065	0.8076923076923077
commissioned_T070_A032	261	26	1712	261	10.038461538461538	0.7126436781609196	0.2155373831775701	0.12675233644859812	0.08936915887850468	0.8461538461538461
original_T095_A032	262	26	1712	262	10.076923076923077	0.767175572519084	0.1477803738317757	0.09287383177570094	0.07184579439252337	0.8076923076923077
commissioned_T070_A032	262	26	1712	262	10.076923076923077	0.7099236641221374	0.2155373831775701	0.12675233644859812	0.08936915887850468	0.8461538461538461
original_T095_A032	263	26	1712	263	10.115384615384615	0.7642585551330798	0.15478971962616822	0.09287383177570094	0.07184579439252337	0.8076923076923077
commissioned_T070_A032	263	26	1712	263	10.115384615384615	0.7072243346007605	0.2161214953271028	0.12675233644859812	0.08936915887850468	0.8461538461538461
original_T095_A032	264	26	1712	264	10.153846153846153	0.7651515151515151	0.15478971962616822	0.09287383177570094	0.07184579439252337	0.8076923076923077
commissioned_T070_A032	264	26	1712	264	10.153846153846153	0.7045454545454546	0.2161214953271028	0.12675233644859812	0.08936915887850468	0.8461538461538461
original_T095_A032	265	26	1712	265	10.192307692307692	0.7660377358490567	0.15537383177570094	0.09345794392523364	0.07242990654205607	0.8076923076923077
commissioned_T070_A032	265	26	1712	265	10.192307692307692	0.7018867924528301	0.2161214953271028	0.12675233644859812	0.08936915887850468	0.8461538461538461
original_T095_A032	266	26	1712	266	10.23076923076923	0.7669172932330827	0.15537383177570094	0.09345794392523364	0.07242990654205607	0.8076923076923077
commissioned_T070_A032	266	26	1712	266	10.23076923076923	0.7030075187969925	0.2161214953271028	0.12675233644859812	0.08936915887850468	0.8461538461538461
original_T095_A032	267	26	1712	267	10.26923076923077	0.7677902621722846	0.15537383177570094	0.09345794392523364	0.07242990654205607	0.8076923076923077
commissioned_T070_A032	267	26	1712	267	10.26923076923077	0.700374531835206	0.2167056074766355	0.12675233644859812	0.08936915887850468	0.8461538461538461
original_T095_A032	268	26	1712	268	10.307692307692308	0.7649253731343284	0.15537383177570094	0.09345794392523364	0.07242990654205607	0.8076923076923077
commissioned_T070_A032	268	26	1712	268	10.307692307692308	0.7014925373134329	0.21728971962616822	0.12733644859813084	0.08995327102803738	0.8461538461538461
original_T095_A032	269	26	1712	269	10.346153846153847	0.7657992565055762	0.15595794392523366	0.09404205607476636	0.07301401869158879	0.8076923076923077
commissioned_T070_A032	269	26	1712	269	10.346153846153847	0.6988847583643123	0.21728971962616822	0.12733644859813084	0.08995327102803738	0.8461538461538461
original_T095_A032	270	26	1712	270	10.384615384615385	0.7666666666666667	0.15654205607476634	0.09462616822429906	0.07359813084112149	0.8076923076923077
commissioned_T070_A032	270	26	1712	270	10.384615384615385	0.7	0.21728971962616822	0.12733644859813084	0.08995327102803738	0.8461538461538461
original_T095_A032	271	26	1712	271	10.423076923076923	0.7675276752767528	0.15654205607476634	0.09462616822429906	0.07359813084112149	0.8076923076923077
commissioned_T070_A032	271	26	1712	271	10.423076923076923	0.6974169741697417	0.21787383177570094	0.12733644859813084	0.08995327102803738	0.8461538461538461
original_T095_A032	272	26	1712	272	10.461538461538462	0.7683823529411765	0.15654205607476634	0.09462616822429906	0.07359813084112149	0.8076923076923077
commissioned_T070_A032	272	26	1712	272	10.461538461538462	0.6985294117647058	0.21787383177570094	0.12733644859813084	0.08995327102803738	0.8461538461538461
original_T095_A032	273	26	1712	273	10.5	0.7655677655677655	0.15654205607476634	0.09462616822429906	0.07359813084112149	0.8076923076923077
commissioned_T070_A032	273	26	1712	273	10.5	0.6959706959706959	0.21787383177570094	0.12733644859813084	0.08995327102803738	0.8461538461538461
original_T095_A032	274	26	1712	274	10.538461538461538	0.7627737226277372	0.15654205607476634	0.09462616822429906	0.07359813084112149	0.8076923076923077
commissioned_T070_A032	274	26	1712	274	10.538461538461538	0.6970802919708029	0.21845794392523366	0.12792056074766356	0.0905373831775701	0.8461538461538461
original_T095_A032	275	26	1712	275	10.576923076923077	0.7636363636363637	0.15712616822429906	0.09521028037383178	0.0741822429906542	0.8076923076923077
commissioned_T070_A032	275	26	1712	275	10.576923076923077	0.6945454545454546	0.21845794392523366	0.12792056074766356	0.0905373831775701	0.8461538461538461
original_T095_A032	276	26	1712	276	10.615384615384615	0.7644927536231884	0.15712616822429906	0.09521028037383178	0.0741822429906542	0.8076923076923077
commissioned_T070_A032	276	26	1712	276	10.615384615384615	0.6956521739130435	0.21904205607476634	0.12850467289719625	0.0911214953271028	0.8461538461538461
original_T095_A032	277	26	1712	277	10.653846153846153	0.7653429602888087	0.15712616822429906	0.09521028037383178	0.0741822429906542	0.8076923076923077
commissioned_T070_A032	277	26	1712	277	10.653846153846153	0.6931407942238267	0.21904205607476634	0.12850467289719625	0.0911214953271028	0.8461538461538461
original_T095_A032	278	26	1712	278	10.692307692307692	0.7661870503597122	0.15771028037383178	0.09579439252336448	0.07476635514018691	0.8076923076923077
commissioned_T070_A032	278	26	1712	278	10.692307692307692	0.6906474820143885	0.21904205607476634	0.12850467289719625	0.0911214953271028	0.8461538461538461
original_T095_A032	279	26	1712	279	10.73076923076923	0.7670250896057348	0.15771028037383178	0.09579439252336448	0.07476635514018691	0.8076923076923077
commissioned_T070_A032	279	26	1712	279	10.73076923076923	0.6881720430107527	0.21904205607476634	0.12850467289719625	0.0911214953271028	0.8461538461538461
original_T095_A032	280	26	1712	280	10.76923076923077	0.7678571428571429	0.1582943925233645	0.0963785046728972	0.07535046728971963	0.8076923076923077
commissioned_T070_A032	280	26	1712	280	10.76923076923077	0.6857142857142857	0.21904205607476634	0.12850467289719625	0.0911214953271028	0.8461538461538461
original_T095_A032	281	26	1712	281	10.807692307692308	0.7686832740213523	0.1594626168224299	0.09754672897196262	0.07593457943925233	0.8076923076923077
commissioned_T070_A032	281	26	1712	281	10.807692307692308	0.6868327402135231	0.21904205607476634	0.12850467289719625	0.0911214953271028	0.8461538461538461
original_T095_A032	282	26	1712	282	10.846153846153847	0.7695035460992907	0.16004672897196262	0.09813084112149532	0.07651869158878505	0.8076923076923077
commissioned_T070_A032	282	26	1712	282	10.846153846153847	0.6843971631205674	0.21962616822429906	0.12850467289719625	0.0911214953271028	0.8461538461538461
original_T095_A032	283	26	1712	283	10.884615384615385	0.7703180212014135	0.16063084112149534	0.09871495327102804	0.07710280373831775	0.8076923076923077
commissioned_T070_A032	283	26	1712	283	10.884615384615385	0.6855123674911661	0.22021028037383178	0.12908878504672897	0.09170560747663552	0.8461538461538461
original_T095_A032	284	26	1712	284	10.923076923076923	0.7676056338028169	0.16063084112149534	0.09871495327102804	0.07710280373831775	0.8076923076923077
commissioned_T070_A032	284	26	1712	284	10.923076923076923	0.6830985915492958	0.22021028037383178	0.12908878504672897	0.09170560747663552	0.8461538461538461
original_T095_A032	285	26	1712	285	10.961538461538462	0.7684210526315789	0.16121495327102803	0.09929906542056074	0.07768691588785047	0.8076923076923077
commissioned_T070_A032	285	26	1712	285	10.961538461538462	0.6807017543859649	0.22021028037383178	0.12908878504672897	0.09170560747663552	0.8461538461538461
original_T095_A032	286	26	1712	286	11.0	0.7692307692307693	0.16121495327102803	0.09929906542056074	0.07768691588785047	0.8076923076923077
commissioned_T070_A032	286	26	1712	286	11.0	0.6818181818181818	0.2207943925233645	0.12967289719626168	0.09228971962616822	0.8461538461538461
original_T095_A032	287	26	1712	287	11.038461538461538	0.7700348432055749	0.16121495327102803	0.09929906542056074	0.07768691588785047	0.8076923076923077
commissioned_T070_A032	287	26	1712	287	11.038461538461538	0.6829268292682927	0.2207943925233645	0.12967289719626168	0.09228971962616822	0.8461538461538461
original_T095_A032	288	26	1712	288	11.076923076923077	0.7708333333333334	0.16179906542056074	0.09988317757009346	0.07827102803738317	0.8076923076923077
commissioned_T070_A032	288	26	1712	288	11.076923076923077	0.6805555555555556	0.2207943925233645	0.12967289719626168	0.09228971962616822	0.8461538461538461
original_T095_A032	289	26	1712	289	11.115384615384615	0.7681660899653979	0.16179906542056074	0.09988317757009346	0.07827102803738317	0.8076923076923077
commissioned_T070_A032	289	26	1712	289	11.115384615384615	0.6816608996539792	0.2213785046728972	0.1302570093457944	0.09287383177570094	0.8461538461538461
original_T095_A032	290	26	1712	290	11.153846153846153	0.7689655172413793	0.16238317757009346	0.10046728971962617	0.07885514018691589	0.8076923076923077
commissioned_T070_A032	290	26	1712	290	11.153846153846153	0.6793103448275862	0.2213785046728972	0.1302570093457944	0.09287383177570094	0.8461538461538461
original_T095_A032	291	26	1712	291	11.192307692307692	0.7697594501718213	0.16238317757009346	0.10046728971962617	0.07885514018691589	0.8076923076923077
commissioned_T070_A032	291	26	1712	291	11.192307692307692	0.6769759450171822	0.2213785046728972	0.1302570093457944	0.09287383177570094	0.8461538461538461
original_T095_A032	292	26	1712	292	11.23076923076923	0.7705479452054794	0.16296728971962618	0.10105140186915888	0.0794392523364486	0.8076923076923077
commissioned_T070_A032	292	26	1712	292	11.23076923076923	0.678082191780822	0.2213785046728972	0.1302570093457944	0.09287383177570094	0.8461538461538461
original_T095_A032	293	26	1712	293	11.26923076923077	0.7713310580204779	0.16355140186915887	0.10163551401869159	0.08002336448598131	0.8076923076923077
commissioned_T070_A032	293	26	1712	293	11.26923076923077	0.6757679180887372	0.2213785046728972	0.1302570093457944	0.09287383177570094	0.8461538461538461
original_T095_A032	294	26	1712	294	11.307692307692308	0.7721088435374149	0.1641355140186916	0.1022196261682243	0.08060747663551401	0.8076923076923077
commissioned_T070_A032	294	26	1712	294	11.307692307692308	0.6768707482993197	0.2219626168224299	0.1308411214953271	0.09345794392523364	0.8461538461538461
original_T095_A032	295	26	1712	295	11.346153846153847	0.7728813559322034	0.1647196261682243	0.102803738317757	0.08119158878504673	0.8076923076923077
commissioned_T070_A032	295	26	1712	295	11.346153846153847	0.6745762711864407	0.2219626168224299	0.1308411214953271	0.09345794392523364	0.8461538461538461
original_T095_A032	296	26	1712	296	11.384615384615385	0.7702702702702703	0.1647196261682243	0.102803738317757	0.08119158878504673	0.8076923076923077
commissioned_T070_A032	296	26	1712	296	11.384615384615385	0.6722972972972973	0.2219626168224299	0.1308411214953271	0.09345794392523364	0.8461538461538461
original_T095_A032	297	26	1712	297	11.423076923076923	0.7676767676767676	0.1647196261682243	0.102803738317757	0.08119158878504673	0.8076923076923077
commissioned_T070_A032	297	26	1712	297	11.423076923076923	0.67003367003367	0.2219626168224299	0.1308411214953271	0.09345794392523364	0.8461538461538461
original_T095_A032	298	26	1712	298	11.461538461538462	0.7651006711409396	0.1647196261682243	0.102803738317757	0.08119158878504673	0.8076923076923077
commissioned_T070_A032	298	26	1712	298	11.461538461538462	0.6711409395973155	0.22313084112149534	0.13200934579439252	0.09404205607476636	0.8461538461538461
original_T095_A032	299	26	1712	299	11.5	0.7625418060200669	0.1647196261682243	0.102803738317757	0.08119158878504673	0.8076923076923077
commissioned_T070_A032	299	26	1712	299	11.5	0.6722408026755853	0.22313084112149534	0.13200934579439252	0.09404205607476636	0.8461538461538461
original_T095_A032	300	26	1712	300	11.538461538461538	0.7633333333333333	0.16530373831775702	0.10338785046728972	0.08177570093457943	0.8076923076923077
commissioned_T070_A032	300	26	1712	300	11.538461538461538	0.67	0.22313084112149534	0.13200934579439252	0.09404205607476636	0.8461538461538461
original_T095_A032	301	26	1712	301	11.576923076923077	0.7641196013289037	0.16530373831775702	0.10338785046728972	0.08177570093457943	0.8076923076923077
commissioned_T070_A032	301	26	1712	301	11.576923076923077	0.6710963455149501	0.22371495327102803	0.13259345794392524	0.09462616822429906	0.8461538461538461
original_T095_A032	302	26	1712	302	11.615384615384615	0.7615894039735099	0.1658878504672897	0.10338785046728972	0.08177570093457943	0.8461538461538461
commissioned_T070_A032	302	26	1712	302	11.615384615384615	0.6721854304635762	0.22429906542056074	0.13317757009345793	0.09521028037383178	0.8461538461538461
original_T095_A032	303	26	1712	303	11.653846153846153	0.7623762376237624	0.1658878504672897	0.10338785046728972	0.08177570093457943	0.8461538461538461
commissioned_T070_A032	303	26	1712	303	11.653846153846153	0.6732673267326733	0.22546728971962618	0.13434579439252337	0.09579439252336448	0.8461538461538461
original_T095_A032	304	26	1712	304	11.692307692307692	0.7631578947368421	0.16647196261682243	0.10397196261682243	0.08235981308411215	0.8461538461538461
commissioned_T070_A032	304	26	1712	304	11.692307692307692	0.6743421052631579	0.22605140186915887	0.13492990654205608	0.0963785046728972	0.8461538461538461
original_T095_A032	305	26	1712	305	11.73076923076923	0.760655737704918	0.16647196261682243	0.10397196261682243	0.08235981308411215	0.8461538461538461
commissioned_T070_A032	305	26	1712	305	11.73076923076923	0.6754098360655738	0.2272196261682243	0.1360981308411215	0.0969626168224299	0.8461538461538461
original_T095_A032	306	26	1712	306	11.76923076923077	0.7581699346405228	0.16705607476635514	0.10397196261682243	0.08235981308411215	0.8461538461538461
commissioned_T070_A032	306	26	1712	306	11.76923076923077	0.6764705882352942	0.22780373831775702	0.1366822429906542	0.09754672897196262	0.8461538461538461
original_T095_A032	307	26	1712	307	11.807692307692308	0.755700325732899	0.16705607476635514	0.10397196261682243	0.08235981308411215	0.8461538461538461
commissioned_T070_A032	307	26	1712	307	11.807692307692308	0.6742671009771987	0.2283878504672897	0.1366822429906542	0.09754672897196262	0.8461538461538461
original_T095_A032	308	26	1712	308	11.846153846153847	0.7564935064935064	0.16764018691588786	0.10455607476635514	0.08294392523364486	0.8461538461538461
commissioned_T070_A032	308	26	1712	308	11.846153846153847	0.6753246753246753	0.2283878504672897	0.1366822429906542	0.09754672897196262	0.8461538461538461
original_T095_A032	309	26	1712	309	11.884615384615385	0.7540453074433657	0.16822429906542055	0.10455607476635514	0.08294392523364486	0.8461538461538461
commissioned_T070_A032	309	26	1712	309	11.884615384615385	0.6763754045307443	0.22897196261682243	0.13726635514018692	0.09813084112149532	0.8461538461538461
original_T095_A032	310	26	1712	310	11.923076923076923	0.7548387096774194	0.16880841121495327	0.10514018691588785	0.08352803738317757	0.8461538461538461
commissioned_T070_A032	310	26	1712	310	11.923076923076923	0.6774193548387096	0.22955607476635514	0.1378504672897196	0.09871495327102804	0.8461538461538461
original_T095_A032	311	26	1712	311	11.961538461538462	0.752411575562701	0.16880841121495327	0.10514018691588785	0.08352803738317757	0.8461538461538461
commissioned_T070_A032	311	26	1712	311	11.961538461538462	0.6752411575562701	0.22955607476635514	0.1378504672897196	0.09871495327102804	0.8461538461538461
original_T095_A032	312	26	1712	312	12.0	0.7532051282051282	0.16880841121495327	0.10514018691588785	0.08352803738317757	0.8461538461538461
commissioned_T070_A032	312	26	1712	312	12.0	0.6730769230769231	0.22955607476635514	0.1378504672897196	0.09871495327102804	0.8461538461538461
original_T095_A032	313	26	1712	313	12.038461538461538	0.7507987220447284	0.16880841121495327	0.10514018691588785	0.08352803738317757	0.8461538461538461
commissioned_T070_A032	313	26	1712	313	12.038461538461538	0.670926517571885	0.22955607476635514	0.1378504672897196	0.09871495327102804	0.8461538461538461
original_T095_A032	314	26	1712	314	12.076923076923077	0.7515923566878981	0.169392523364486	0.10572429906542057	0.08411214953271028	0.8461538461538461
commissioned_T070_A032	314	26	1712	314	12.076923076923077	0.6719745222929936	0.23072429906542055	0.13901869158878505	0.09929906542056074	0.8461538461538461
original_T095_A032	315	26	1712	315	12.115384615384615	0.7492063492063492	0.169392523364486	0.10572429906542057	0.08411214953271028	0.8461538461538461
commissioned_T070_A032	315	26	1712	315	12.115384615384615	0.6698412698412698	0.23072429906542055	0.13901869158878505	0.09929906542056074	0.8461538461538461
original_T095_A032	316	26	1712	316	12.153846153846153	0.75	0.1705607476635514	0.10689252336448599	0.084696261682243	0.8461538461538461
commissioned_T070_A032	316	26	1712	316	12.153846153846153	0.6677215189873418	0.23072429906542055	0.13901869158878505	0.09929906542056074	0.8461538461538461
original_T095_A032	317	26	1712	317	12.192307692307692	0.750788643533123	0.1705607476635514	0.10689252336448599	0.084696261682243	0.8461538461538461
commissioned_T070_A032	317	26	1712	317	12.192307692307692	0.6656151419558359	0.231892523364486	0.13901869158878505	0.09929906542056074	0.8461538461538461
original_T095_A032	318	26	1712	318	12.23076923076923	0.7484276729559748	0.1705607476635514	0.10689252336448599	0.084696261682243	0.8461538461538461
commissioned_T070_A032	318	26	1712	318	12.23076923076923	0.6666666666666666	0.2324766355140187	0.13960280373831777	0.09988317757009346	0.8461538461538461
original_T095_A032	319	26	1712	319	12.26923076923077	0.7460815047021944	0.1705607476635514	0.10689252336448599	0.084696261682243	0.8461538461538461
commissioned_T070_A032	319	26	1712	319	12.26923076923077	0.664576802507837	0.2336448598130841	0.13960280373831777	0.09988317757009346	0.8461538461538461
original_T095_A032	320	26	1712	320	12.307692307692308	0.746875	0.1711448598130841	0.10747663551401869	0.0852803738317757	0.8461538461538461
commissioned_T070_A032	320	26	1712	320	12.307692307692308	0.665625	0.23481308411214954	0.14077102803738317	0.10046728971962617	0.8461538461538461
original_T095_A032	321	26	1712	321	12.346153846153847	0.7445482866043613	0.1711448598130841	0.10747663551401869	0.0852803738317757	0.8461538461538461
commissioned_T070_A032	321	26	1712	321	12.346153846153847	0.6666666666666666	0.23539719626168223	0.1413551401869159	0.10105140186915888	0.8461538461538461
original_T095_A032	322	26	1712	322	12.384615384615385	0.7422360248447205	0.1711448598130841	0.10747663551401869	0.0852803738317757	0.8461538461538461
commissioned_T070_A032	322	26	1712	322	12.384615384615385	0.6645962732919255	0.23539719626168223	0.1413551401869159	0.10105140186915888	0.8461538461538461
original_T095_A032	323	26	1712	323	12.423076923076923	0.739938080495356	0.1711448598130841	0.10747663551401869	0.0852803738317757	0.8461538461538461
commissioned_T070_A032	323	26	1712	323	12.423076923076923	0.6625386996904025	0.23539719626168223	0.1413551401869159	0.10105140186915888	0.8461538461538461
original_T095_A032	324	26	1712	324	12.461538461538462	0.7376543209876543	0.1711448598130841	0.10747663551401869	0.0852803738317757	0.8461538461538461
commissioned_T070_A032	324	26	1712	324	12.461538461538462	0.6604938271604939	0.23598130841121495	0.1413551401869159	0.10105140186915888	0.8461538461538461
original_T095_A032	325	26	1712	325	12.5	0.7384615384615385	0.17172897196261683	0.1080607476635514	0.08586448598130841	0.8461538461538461
commissioned_T070_A032	325	26	1712	325	12.5	0.6584615384615384	0.23598130841121495	0.1413551401869159	0.10105140186915888	0.8461538461538461
original_T095_A032	326	26	1712	326	12.538461538461538	0.7392638036809815	0.17172897196261683	0.1080607476635514	0.08586448598130841	0.8461538461538461
commissioned_T070_A032	326	26	1712	326	12.538461538461538	0.6595092024539877	0.23656542056074767	0.1419392523364486	0.10163551401869159	0.8461538461538461
original_T095_A032	327	26	1712	327	12.576923076923077	0.7370030581039755	0.17172897196261683	0.1080607476635514	0.08586448598130841	0.8461538461538461
commissioned_T070_A032	327	26	1712	327	12.576923076923077	0.6605504587155964	0.2371495327102804	0.1425233644859813	0.1022196261682243	0.8461538461538461
original_T095_A032	328	26	1712	328	12.615384615384615	0.7347560975609756	0.17172897196261683	0.1080607476635514	0.08586448598130841	0.8461538461538461
commissioned_T070_A032	328	26	1712	328	12.615384615384615	0.6615853658536586	0.23773364485981308	0.143107476635514	0.102803738317757	0.8461538461538461
original_T095_A032	329	26	1712	329	12.653846153846153	0.7325227963525835	0.17172897196261683	0.1080607476635514	0.08586448598130841	0.8461538461538461
commissioned_T070_A032	329	26	1712	329	12.653846153846153	0.6595744680851063	0.2383177570093458	0.143107476635514	0.102803738317757	0.8461538461538461
original_T095_A032	330	26	1712	330	12.692307692307692	0.7333333333333333	0.17172897196261683	0.1080607476635514	0.08586448598130841	0.8461538461538461
commissioned_T070_A032	330	26	1712	330	12.692307692307692	0.6575757575757576	0.2389018691588785	0.143107476635514	0.102803738317757	0.8461538461538461
original_T095_A032	331	26	1712	331	12.73076923076923	0.7341389728096677	0.17231308411214954	0.10864485981308411	0.08644859813084112	0.8461538461538461
commissioned_T070_A032	331	26	1712	331	12.73076923076923	0.6555891238670695	0.23948598130841123	0.143107476635514	0.102803738317757	0.8846153846153846
original_T095_A032	332	26	1712	332	12.76923076923077	0.7349397590361446	0.17289719626168223	0.10922897196261683	0.08703271028037383	0.8461538461538461
commissioned_T070_A032	332	26	1712	332	12.76923076923077	0.6566265060240963	0.24007009345794392	0.14369158878504673	0.10338785046728972	0.8846153846153846
original_T095_A032	333	26	1712	333	12.807692307692308	0.7327327327327328	0.17289719626168223	0.10922897196261683	0.08703271028037383	0.8461538461538461
commissioned_T070_A032	333	26	1712	333	12.807692307692308	0.6546546546546547	0.24065420560747663	0.14369158878504673	0.10338785046728972	0.8846153846153846
original_T095_A032	334	26	1712	334	12.846153846153847	0.7305389221556886	0.17289719626168223	0.10922897196261683	0.08703271028037383	0.8461538461538461
commissioned_T070_A032	334	26	1712	334	12.846153846153847	0.655688622754491	0.24065420560747663	0.14369158878504673	0.10338785046728972	0.8846153846153846
original_T095_A032	335	26	1712	335	12.884615384615385	0.7283582089552239	0.17289719626168223	0.10922897196261683	0.08703271028037383	0.8461538461538461
commissioned_T070_A032	335	26	1712	335	12.884615384615385	0.6537313432835821	0.24123831775700935	0.14369158878504673	0.10338785046728972	0.8846153846153846
original_T095_A032	336	26	1712	336	12.923076923076923	0.7291666666666666	0.17348130841121495	0.10981308411214953	0.08761682242990654	0.8461538461538461
commissioned_T070_A032	336	26	1712	336	12.923076923076923	0.6517857142857143	0.24123831775700935	0.14369158878504673	0.10338785046728972	0.8846153846153846
original_T095_A032	337	26	1712	337	12.961538461538462	0.7299703264094956	0.17406542056074767	0.11039719626168225	0.08820093457943926	0.8461538461538461
commissioned_T070_A032	337	26	1712	337	12.961538461538462	0.6528189910979229	0.24182242990654207	0.14427570093457945	0.10397196261682243	0.8846153846153846
original_T095_A032	338	26	1712	338	13.0	0.727810650887574	0.17406542056074767	0.11039719626168225	0.08820093457943926	0.8461538461538461
commissioned_T070_A032	338	26	1712	338	13.0	0.6538461538461539	0.2435747663551402	0.14602803738317757	0.10455607476635514	0.8846153846153846
original_T095_A032	339	26	1712	339	13.038461538461538	0.7256637168141593	0.17406542056074767	0.11039719626168225	0.08820093457943926	0.8461538461538461
commissioned_T070_A032	339	26	1712	339	13.038461538461538	0.6519174041297935	0.2435747663551402	0.14602803738317757	0.10455607476635514	0.8846153846153846
original_T095_A032	340	26	1712	340	13.076923076923077	0.7264705882352941	0.1746495327102804	0.11098130841121495	0.08878504672897196	0.8461538461538461
commissioned_T070_A032	340	26	1712	340	13.076923076923077	0.65	0.2435747663551402	0.14602803738317757	0.10455607476635514	0.8846153846153846
original_T095_A032	341	26	1712	341	13.115384615384615	0.7272727272727273	0.1746495327102804	0.11098130841121495	0.08878504672897196	0.8461538461538461
commissioned_T070_A032	341	26	1712	341	13.115384615384615	0.6510263929618768	0.2441588785046729	0.1466121495327103	0.10514018691588785	0.8846153846153846
original_T095_A032	342	26	1712	342	13.153846153846153	0.7280701754385965	0.1746495327102804	0.11098130841121495	0.08878504672897196	0.8461538461538461
commissioned_T070_A032	342	26	1712	342	13.153846153846153	0.6491228070175439	0.2441588785046729	0.1466121495327103	0.10514018691588785	0.8846153846153846
original_T095_A032	343	26	1712	343	13.192307692307692	0.7288629737609329	0.1746495327102804	0.11098130841121495	0.08878504672897196	0.8461538461538461
commissioned_T070_A032	343	26	1712	343	13.192307692307692	0.6472303206997084	0.2441588785046729	0.1466121495327103	0.10514018691588785	0.8846153846153846
original_T095_A032	344	26	1712	344	13.23076923076923	0.7267441860465116	0.17523364485981308	0.11098130841121495	0.08878504672897196	0.8461538461538461
commissioned_T070_A032	344	26	1712	344	13.23076923076923	0.6482558139534884	0.2447429906542056	0.14719626168224298	0.10572429906542057	0.8846153846153846
original_T095_A032	345	26	1712	345	13.26923076923077	0.7275362318840579	0.1764018691588785	0.11214953271028037	0.08936915887850468	0.8461538461538461
commissioned_T070_A032	345	26	1712	345	13.26923076923077	0.6463768115942029	0.2447429906542056	0.14719626168224298	0.10572429906542057	0.8846153846153846
original_T095_A032	346	26	1712	346	13.307692307692308	0.7283236994219653	0.17698598130841123	0.11273364485981309	0.08995327102803738	0.8461538461538461
commissioned_T070_A032	346	26	1712	346	13.307692307692308	0.6445086705202312	0.2447429906542056	0.14719626168224298	0.10572429906542057	0.8846153846153846
original_T095_A032	347	26	1712	347	13.346153846153847	0.729106628242075	0.17757009345794392	0.1133177570093458	0.0905373831775701	0.8461538461538461
commissioned_T070_A032	347	26	1712	347	13.346153846153847	0.6455331412103746	0.24532710280373832	0.1477803738317757	0.10630841121495327	0.8846153846153846
original_T095_A032	348	26	1712	348	13.384615384615385	0.7298850574712644	0.17757009345794392	0.1133177570093458	0.0905373831775701	0.8461538461538461
commissioned_T070_A032	348	26	1712	348	13.384615384615385	0.646551724137931	0.24591121495327103	0.1483644859813084	0.10689252336448599	0.8846153846153846
original_T095_A032	349	26	1712	349	13.423076923076923	0.7277936962750716	0.17757009345794392	0.1133177570093458	0.0905373831775701	0.8461538461538461
commissioned_T070_A032	349	26	1712	349	13.423076923076923	0.6446991404011462	0.24649532710280375	0.1483644859813084	0.10689252336448599	0.8846153846153846
original_T095_A032	350	26	1712	350	13.461538461538462	0.7285714285714285	0.17815420560747663	0.11390186915887851	0.0911214953271028	0.8461538461538461
commissioned_T070_A032	350	26	1712	350	13.461538461538462	0.6428571428571429	0.24766355140186916	0.1483644859813084	0.10689252336448599	0.8846153846153846
original_T095_A032	351	26	1712	351	13.5	0.7264957264957265	0.17873831775700935	0.11390186915887851	0.0911214953271028	0.8461538461538461
commissioned_T070_A032	351	26	1712	351	13.5	0.6438746438746439	0.24824766355140188	0.14894859813084113	0.10747663551401869	0.8846153846153846
original_T095_A032	352	26	1712	352	13.538461538461538	0.7244318181818182	0.17873831775700935	0.11390186915887851	0.0911214953271028	0.8461538461538461
commissioned_T070_A032	352	26	1712	352	13.538461538461538	0.6420454545454546	0.2488317757009346	0.14894859813084113	0.10747663551401869	0.8846153846153846
original_T095_A032	353	26	1712	353	13.576923076923077	0.7223796033994334	0.17932242990654207	0.11390186915887851	0.0911214953271028	0.8461538461538461
commissioned_T070_A032	353	26	1712	353	13.576923076923077	0.6402266288951841	0.24941588785046728	0.14894859813084113	0.10747663551401869	0.8846153846153846
original_T095_A032	354	26	1712	354	13.615384615384615	0.7231638418079096	0.17932242990654207	0.11390186915887851	0.0911214953271028	0.8461538461538461
commissioned_T070_A032	354	26	1712	354	13.615384615384615	0.6384180790960452	0.2505841121495327	0.14894859813084113	0.10747663551401869	0.8846153846153846
original_T095_A032	355	26	1712	355	13.653846153846153	0.723943661971831	0.17932242990654207	0.11390186915887851	0.0911214953271028	0.8461538461538461
commissioned_T070_A032	355	26	1712	355	13.653846153846153	0.6366197183098592	0.2505841121495327	0.14894859813084113	0.10747663551401869	0.8846153846153846
original_T095_A032	356	26	1712	356	13.692307692307692	0.7219101123595506	0.17932242990654207	0.11390186915887851	0.0911214953271028	0.8461538461538461
commissioned_T070_A032	356	26	1712	356	13.692307692307692	0.6348314606741573	0.2505841121495327	0.14894859813084113	0.10747663551401869	0.8846153846153846
original_T095_A032	357	26	1712	357	13.73076923076923	0.7226890756302521	0.17990654205607476	0.11448598130841121	0.09170560747663552	0.8461538461538461
commissioned_T070_A032	357	26	1712	357	13.73076923076923	0.6330532212885154	0.2505841121495327	0.14894859813084113	0.10747663551401869	0.8846153846153846
original_T095_A032	358	26	1712	358	13.76923076923077	0.7206703910614525	0.17990654205607476	0.11448598130841121	0.09170560747663552	0.8461538461538461
commissioned_T070_A032	358	26	1712	358	13.76923076923077	0.6340782122905028	0.25116822429906543	0.14953271028037382	0.1080607476635514	0.8846153846153846
original_T095_A032	359	26	1712	359	13.807692307692308	0.7214484679665738	0.17990654205607476	0.11448598130841121	0.09170560747663552	0.8461538461538461
commissioned_T070_A032	359	26	1712	359	13.807692307692308	0.6350974930362117	0.2517523364485981	0.15011682242990654	0.10864485981308411	0.8846153846153846
original_T095_A032	360	26	1712	360	13.846153846153847	0.7222222222222222	0.17990654205607476	0.11448598130841121	0.09170560747663552	0.8461538461538461
commissioned_T070_A032	360	26	1712	360	13.846153846153847	0.6333333333333333	0.2517523364485981	0.15011682242990654	0.10864485981308411	0.8846153846153846
original_T095_A032	361	26	1712	361	13.884615384615385	0.7229916897506925	0.18049065420560748	0.11507009345794393	0.09228971962616822	0.8461538461538461
commissioned_T070_A032	361	26	1712	361	13.884615384615385	0.631578947368421	0.2517523364485981	0.15011682242990654	0.10864485981308411	0.8846153846153846
original_T095_A032	362	26	1712	362	13.923076923076923	0.7209944751381215	0.18049065420560748	0.11507009345794393	0.09228971962616822	0.8461538461538461
commissioned_T070_A032	362	26	1712	362	13.923076923076923	0.6298342541436464	0.2517523364485981	0.15011682242990654	0.10864485981308411	0.8846153846153846
original_T095_A032	363	26	1712	363	13.961538461538462	0.71900826446281	0.1816588785046729	0.11507009345794393	0.09228971962616822	0.8461538461538461
commissioned_T070_A032	363	26	1712	363	13.961538461538462	0.628099173553719	0.2517523364485981	0.15011682242990654	0.10864485981308411	0.8846153846153846
original_T095_A032	364	26	1712	364	14.0	0.717032967032967	0.1816588785046729	0.11507009345794393	0.09228971962616822	0.8461538461538461
commissioned_T070_A032	364	26	1712	364	14.0	0.6291208791208791	0.2523364485981308	0.15070093457943926	0.10922897196261683	0.8846153846153846
original_T095_A032	365	26	1712	365	14.038461538461538	0.7150684931506849	0.1816588785046729	0.11507009345794393	0.09228971962616822	0.8461538461538461
commissioned_T070_A032	365	26	1712	365	14.038461538461538	0.6273972602739726	0.2523364485981308	0.15070093457943926	0.10922897196261683	0.8846153846153846
original_T095_A032	366	26	1712	366	14.076923076923077	0.7131147540983607	0.1816588785046729	0.11507009345794393	0.09228971962616822	0.8461538461538461
commissioned_T070_A032	366	26	1712	366	14.076923076923077	0.6256830601092896	0.2523364485981308	0.15070093457943926	0.10922897196261683	0.8846153846153846
original_T095_A032	367	26	1712	367	14.115384615384615	0.7111716621253406	0.1816588785046729	0.11507009345794393	0.09228971962616822	0.8461538461538461
commissioned_T070_A032	367	26	1712	367	14.115384615384615	0.6267029972752044	0.2523364485981308	0.15070093457943926	0.10922897196261683	0.8846153846153846
original_T095_A032	368	26	1712	368	14.153846153846153	0.7092391304347826	0.1816588785046729	0.11507009345794393	0.09228971962616822	0.8461538461538461
commissioned_T070_A032	368	26	1712	368	14.153846153846153	0.625	0.2523364485981308	0.15070093457943926	0.10922897196261683	0.8846153846153846
original_T095_A032	369	26	1712	369	14.192307692307692	0.7100271002710027	0.1822429906542056	0.11565420560747663	0.09287383177570094	0.8461538461538461
commissioned_T070_A032	369	26	1712	369	14.192307692307692	0.6233062330623306	0.25292056074766356	0.15070093457943926	0.10922897196261683	0.8846153846153846
original_T095_A032	370	26	1712	370	14.23076923076923	0.7081081081081081	0.1822429906542056	0.11565420560747663	0.09287383177570094	0.8461538461538461
commissioned_T070_A032	370	26	1712	370	14.23076923076923	0.6216216216216216	0.25292056074766356	0.15070093457943926	0.10922897196261683	0.8846153846153846
original_T095_A032	371	26	1712	371	14.26923076923077	0.706199460916442	0.18282710280373832	0.11565420560747663	0.09287383177570094	0.8461538461538461
commissioned_T070_A032	371	26	1712	371	14.26923076923077	0.6199460916442049	0.25292056074766356	0.15070093457943926	0.10922897196261683	0.8846153846153846
original_T095_A032	372	26	1712	372	14.307692307692308	0.706989247311828	0.18341121495327103	0.11623831775700935	0.09345794392523364	0.8461538461538461
commissioned_T070_A032	372	26	1712	372	14.307692307692308	0.6182795698924731	0.25292056074766356	0.15070093457943926	0.10922897196261683	0.8846153846153846
original_T095_A032	373	26	1712	373	14.346153846153847	0.7050938337801609	0.18341121495327103	0.11623831775700935	0.09345794392523364	0.8461538461538461
commissioned_T070_A032	373	26	1712	373	14.346153846153847	0.6166219839142091	0.254088785046729	0.15070093457943926	0.10922897196261683	0.8846153846153846
original_T095_A032	374	26	1712	374	14.384615384615385	0.7058823529411765	0.18341121495327103	0.11623831775700935	0.09345794392523364	0.8461538461538461
commissioned_T070_A032	374	26	1712	374	14.384615384615385	0.6149732620320856	0.2546728971962617	0.15070093457943926	0.10922897196261683	0.8846153846153846
original_T095_A032	375	26	1712	375	14.423076923076923	0.704	0.18341121495327103	0.11623831775700935	0.09345794392523364	0.8461538461538461
commissioned_T070_A032	375	26	1712	375	14.423076923076923	0.616	0.2552570093457944	0.15128504672897197	0.10981308411214953	0.8846153846153846
original_T095_A032	376	26	1712	376	14.461538461538462	0.7047872340425532	0.18399532710280375	0.11682242990654206	0.09404205607476636	0.8461538461538461
commissioned_T070_A032	376	26	1712	376	14.461538461538462	0.6170212765957447	0.2558411214953271	0.15186915887850466	0.11039719626168225	0.8846153846153846
original_T095_A032	377	26	1712	377	14.5	0.7029177718832891	0.18399532710280375	0.11682242990654206	0.09404205607476636	0.8461538461538461
commissioned_T070_A032	377	26	1712	377	14.5	0.6180371352785146	0.2564252336448598	0.15245327102803738	0.11098130841121495	0.8846153846153846
original_T095_A032	378	26	1712	378	14.538461538461538	0.701058201058201	0.18399532710280375	0.11682242990654206	0.09404205607476636	0.8461538461538461
commissioned_T070_A032	378	26	1712	378	14.538461538461538	0.6164021164021164	0.2570093457943925	0.15245327102803738	0.11098130841121495	0.8846153846153846
original_T095_A032	379	26	1712	379	14.576923076923077	0.6992084432717678	0.18399532710280375	0.11682242990654206	0.09404205607476636	0.8461538461538461
commissioned_T070_A032	379	26	1712	379	14.576923076923077	0.6147757255936676	0.25759345794392524	0.15245327102803738	0.11098130841121495	0.8846153846153846
original_T095_A032	380	26	1712	380	14.615384615384615	0.7	0.18457943925233644	0.11740654205607477	0.09462616822429906	0.8461538461538461
commissioned_T070_A032	380	26	1712	380	14.615384615384615	0.6131578947368421	0.25759345794392524	0.15245327102803738	0.11098130841121495	0.8846153846153846
original_T095_A032	381	26	1712	381	14.653846153846153	0.7007874015748031	0.18457943925233644	0.11740654205607477	0.09462616822429906	0.8461538461538461
commissioned_T070_A032	381	26	1712	381	14.653846153846153	0.6141732283464567	0.25817757009345793	0.1530373831775701	0.11156542056074767	0.8846153846153846
original_T095_A032	382	26	1712	382	14.692307692307692	0.6989528795811518	0.18457943925233644	0.11740654205607477	0.09462616822429906	0.8461538461538461
commissioned_T070_A032	382	26	1712	382	14.692307692307692	0.612565445026178	0.25817757009345793	0.1530373831775701	0.11156542056074767	0.8846153846153846
original_T095_A032	383	26	1712	383	14.73076923076923	0.6971279373368147	0.18457943925233644	0.11740654205607477	0.09462616822429906	0.8461538461538461
commissioned_T070_A032	383	26	1712	383	14.73076923076923	0.6109660574412533	0.2587616822429907	0.1530373831775701	0.11156542056074767	0.8846153846153846
original_T095_A032	384	26	1712	384	14.76923076923077	0.6979166666666666	0.18457943925233644	0.11740654205607477	0.09462616822429906	0.8461538461538461
commissioned_T070_A032	384	26	1712	384	14.76923076923077	0.609375	0.2587616822429907	0.1530373831775701	0.11156542056074767	0.8846153846153846
original_T095_A032	385	26	1712	385	14.807692307692308	0.6961038961038961	0.18457943925233644	0.11740654205607477	0.09462616822429906	0.8461538461538461
commissioned_T070_A032	385	26	1712	385	14.807692307692308	0.6077922077922078	0.2587616822429907	0.1530373831775701	0.11156542056074767	0.8846153846153846
original_T095_A032	386	26	1712	386	14.846153846153847	0.6968911917098446	0.18457943925233644	0.11740654205607477	0.09462616822429906	0.8461538461538461
commissioned_T070_A032	386	26	1712	386	14.846153846153847	0.6088082901554405	0.25934579439252337	0.1536214953271028	0.11214953271028037	0.8846153846153846
original_T095_A032	387	26	1712	387	14.884615384615385	0.6976744186046512	0.18516355140186916	0.11799065420560748	0.09521028037383178	0.8461538461538461
commissioned_T070_A032	387	26	1712	387	14.884615384615385	0.6072351421188631	0.25934579439252337	0.1536214953271028	0.11214953271028037	0.8846153846153846
original_T095_A032	388	26	1712	388	14.923076923076923	0.6958762886597938	0.18516355140186916	0.11799065420560748	0.09521028037383178	0.8461538461538461
commissioned_T070_A032	388	26	1712	388	14.923076923076923	0.6056701030927835	0.25934579439252337	0.1536214953271028	0.11214953271028037	0.8846153846153846
original_T095_A032	389	26	1712	389	14.961538461538462	0.6966580976863753	0.18574766355140188	0.1185747663551402	0.09579439252336448	0.8461538461538461
commissioned_T070_A032	389	26	1712	389	14.961538461538462	0.6041131105398457	0.25992990654205606	0.1536214953271028	0.11214953271028037	0.8846153846153846
original_T095_A032	390	26	1712	390	15.0	0.6948717948717948	0.18574766355140188	0.1185747663551402	0.09579439252336448	0.8461538461538461
commissioned_T070_A032	390	26	1712	390	15.0	0.6025641025641025	0.25992990654205606	0.1536214953271028	0.11214953271028037	0.8846153846153846
original_T095_A032	391	26	1712	391	15.038461538461538	0.6930946291560103	0.18574766355140188	0.1185747663551402	0.09579439252336448	0.8461538461538461
commissioned_T070_A032	391	26	1712	391	15.038461538461538	0.6010230179028133	0.2605140186915888	0.1536214953271028	0.11214953271028037	0.8846153846153846
original_T095_A032	392	26	1712	392	15.076923076923077	0.6938775510204082	0.18574766355140188	0.1185747663551402	0.09579439252336448	0.8461538461538461
commissioned_T070_A032	392	26	1712	392	15.076923076923077	0.5994897959183674	0.2610981308411215	0.1536214953271028	0.11214953271028037	0.8846153846153846
original_T095_A032	393	26	1712	393	15.115384615384615	0.6946564885496184	0.1863317757009346	0.1191588785046729	0.0963785046728972	0.8461538461538461
commissioned_T070_A032	393	26	1712	393	15.115384615384615	0.5979643765903307	0.2610981308411215	0.1536214953271028	0.11214953271028037	0.8846153846153846
original_T095_A032	394	26	1712	394	15.153846153846153	0.6928934010152284	0.1863317757009346	0.1191588785046729	0.0963785046728972	0.8461538461538461
commissioned_T070_A032	394	26	1712	394	15.153846153846153	0.5964467005076142	0.2610981308411215	0.1536214953271028	0.11214953271028037	0.8846153846153846
original_T095_A032	395	26	1712	395	15.192307692307692	0.6911392405063291	0.1863317757009346	0.1191588785046729	0.0963785046728972	0.8461538461538461
commissioned_T070_A032	395	26	1712	395	15.192307692307692	0.5974683544303797	0.2610981308411215	0.1536214953271028	0.11214953271028037	0.8846153846153846
original_T095_A032	396	26	1712	396	15.23076923076923	0.6893939393939394	0.1863317757009346	0.1191588785046729	0.0963785046728972	0.8461538461538461
commissioned_T070_A032	396	26	1712	396	15.23076923076923	0.5984848484848485	0.2616822429906542	0.1542056074766355	0.11273364485981309	0.8846153846153846
original_T095_A032	397	26	1712	397	15.26923076923077	0.6876574307304786	0.1863317757009346	0.1191588785046729	0.0963785046728972	0.8461538461538461
commissioned_T070_A032	397	26	1712	397	15.26923076923077	0.5969773299748111	0.2616822429906542	0.1542056074766355	0.11273364485981309	0.8846153846153846
original_T095_A032	398	26	1712	398	15.307692307692308	0.6859296482412061	0.1863317757009346	0.1191588785046729	0.0963785046728972	0.8461538461538461
commissioned_T070_A032	398	26	1712	398	15.307692307692308	0.5954773869346733	0.2616822429906542	0.1542056074766355	0.11273364485981309	0.8846153846153846
original_T095_A032	399	26	1712	399	15.346153846153847	0.6867167919799498	0.1863317757009346	0.1191588785046729	0.0963785046728972	0.8461538461538461
commissioned_T070_A032	399	26	1712	399	15.346153846153847	0.5939849624060151	0.2616822429906542	0.1542056074766355	0.11273364485981309	0.8846153846153846
original_T095_A032	400	26	1712	400	15.384615384615385	0.685	0.1863317757009346	0.1191588785046729	0.0963785046728972	0.8461538461538461
commissioned_T070_A032	400	26	1712	400	15.384615384615385	0.5925	0.2616822429906542	0.1542056074766355	0.11273364485981309	0.8846153846153846
original_T095_A032	401	26	1712	401	15.423076923076923	0.683291770573566	0.1863317757009346	0.1191588785046729	0.0963785046728972	0.8461538461538461
commissioned_T070_A032	401	26	1712	401	15.423076923076923	0.5935162094763092	0.2622663551401869	0.15478971962616822	0.1133177570093458	0.8846153846153846
original_T095_A032	402	26	1712	402	15.461538461538462	0.681592039800995	0.1863317757009346	0.1191588785046729	0.0963785046728972	0.8461538461538461
commissioned_T070_A032	402	26	1712	402	15.461538461538462	0.5920398009950248	0.2622663551401869	0.15478971962616822	0.1133177570093458	0.8846153846153846
original_T095_A032	403	26	1712	403	15.5	0.6799007444168734	0.1863317757009346	0.1191588785046729	0.0963785046728972	0.8461538461538461
commissioned_T070_A032	403	26	1712	403	15.5	0.5905707196029777	0.2622663551401869	0.15478971962616822	0.1133177570093458	0.8846153846153846
original_T095_A032	404	26	1712	404	15.538461538461538	0.6782178217821783	0.18691588785046728	0.1191588785046729	0.0963785046728972	0.8461538461538461
commissioned_T070_A032	404	26	1712	404	15.538461538461538	0.5915841584158416	0.2628504672897196	0.15537383177570094	0.11390186915887851	0.8846153846153846
original_T095_A032	405	26	1712	405	15.576923076923077	0.6765432098765433	0.18691588785046728	0.1191588785046729	0.0963785046728972	0.8461538461538461
commissioned_T070_A032	405	26	1712	405	15.576923076923077	0.5901234567901235	0.2628504672897196	0.15537383177570094	0.11390186915887851	0.8846153846153846
original_T095_A032	406	26	1712	406	15.615384615384615	0.6748768472906403	0.18691588785046728	0.1191588785046729	0.0963785046728972	0.8461538461538461
commissioned_T070_A032	406	26	1712	406	15.615384615384615	0.5886699507389163	0.2628504672897196	0.15537383177570094	0.11390186915887851	0.8846153846153846
original_T095_A032	407	26	1712	407	15.653846153846153	0.6732186732186732	0.18691588785046728	0.1191588785046729	0.0963785046728972	0.8461538461538461
commissioned_T070_A032	407	26	1712	407	15.653846153846153	0.5896805896805897	0.26343457943925236	0.15595794392523366	0.11448598130841121	0.8846153846153846
original_T095_A032	408	26	1712	408	15.692307692307692	0.6715686274509803	0.18691588785046728	0.1191588785046729	0.0963785046728972	0.8461538461538461
commissioned_T070_A032	408	26	1712	408	15.692307692307692	0.5882352941176471	0.26343457943925236	0.15595794392523366	0.11448598130841121	0.8846153846153846
original_T095_A032	409	26	1712	409	15.73076923076923	0.6699266503667481	0.18691588785046728	0.1191588785046729	0.0963785046728972	0.8461538461538461
commissioned_T070_A032	409	26	1712	409	15.73076923076923	0.589242053789731	0.26343457943925236	0.15595794392523366	0.11448598130841121	0.8846153846153846
original_T095_A032	410	26	1712	410	15.76923076923077	0.6682926829268293	0.18691588785046728	0.1191588785046729	0.0963785046728972	0.8461538461538461
commissioned_T070_A032	410	26	1712	410	15.76923076923077	0.5878048780487805	0.26401869158878505	0.15595794392523366	0.11448598130841121	0.8846153846153846
original_T095_A032	411	26	1712	411	15.807692307692308	0.6666666666666666	0.18691588785046728	0.1191588785046729	0.0963785046728972	0.8461538461538461
commissioned_T070_A032	411	26	1712	411	15.807692307692308	0.5888077858880778	0.26460280373831774	0.15654205607476634	0.11507009345794393	0.8846153846153846
original_T095_A032	412	26	1712	412	15.846153846153847	0.6650485436893204	0.18691588785046728	0.1191588785046729	0.0963785046728972	0.8461538461538461
commissioned_T070_A032	412	26	1712	412	15.846153846153847	0.587378640776699	0.26460280373831774	0.15654205607476634	0.11507009345794393	0.8846153846153846
original_T095_A032	413	26	1712	413	15.884615384615385	0.6634382566585957	0.18691588785046728	0.1191588785046729	0.0963785046728972	0.8461538461538461
commissioned_T070_A032	413	26	1712	413	15.884615384615385	0.585956416464891	0.2651869158878505	0.15654205607476634	0.11507009345794393	0.8846153846153846
original_T095_A032	414	26	1712	414	15.923076923076923	0.6618357487922706	0.18691588785046728	0.1191588785046729	0.0963785046728972	0.8461538461538461
commissioned_T070_A032	414	26	1712	414	15.923076923076923	0.5845410628019324	0.2651869158878505	0.15654205607476634	0.11507009345794393	0.8846153846153846
original_T095_A032	415	26	1712	415	15.961538461538462	0.6602409638554216	0.18691588785046728	0.1191588785046729	0.0963785046728972	0.8461538461538461
commissioned_T070_A032	415	26	1712	415	15.961538461538462	0.5831325301204819	0.2651869158878505	0.15654205607476634	0.11507009345794393	0.8846153846153846
original_T095_A032	416	26	1712	416	16.0	0.6586538461538461	0.18691588785046728	0.1191588785046729	0.0963785046728972	0.8461538461538461
commissioned_T070_A032	416	26	1712	416	16.0	0.5817307692307693	0.2651869158878505	0.15654205607476634	0.11507009345794393	0.8846153846153846
original_T095_A032	417	26	1712	417	16.03846153846154	0.657074340527578	0.18691588785046728	0.1191588785046729	0.0963785046728972	0.8461538461538461
commissioned_T070_A032	417	26	1712	417	16.03846153846154	0.580335731414868	0.2657710280373832	0.15654205607476634	0.11507009345794393	0.8846153846153846
original_T095_A032	418	26	1712	418	16.076923076923077	0.6555023923444976	0.18691588785046728	0.1191588785046729	0.0963785046728972	0.8461538461538461
commissioned_T070_A032	418	26	1712	418	16.076923076923077	0.5789473684210527	0.2657710280373832	0.15654205607476634	0.11507009345794393	0.8846153846153846
original_T095_A032	419	26	1712	419	16.115384615384617	0.6539379474940334	0.18691588785046728	0.1191588785046729	0.0963785046728972	0.8461538461538461
commissioned_T070_A032	419	26	1712	419	16.115384615384617	0.5775656324582339	0.2657710280373832	0.15654205607476634	0.11507009345794393	0.8846153846153846
original_T095_A032	420	26	1712	420	16.153846153846153	0.6523809523809524	0.18691588785046728	0.1191588785046729	0.0963785046728972	0.8461538461538461
commissioned_T070_A032	420	26	1712	420	16.153846153846153	0.5761904761904761	0.2657710280373832	0.15654205607476634	0.11507009345794393	0.8846153846153846
original_T095_A032	421	26	1712	421	16.192307692307693	0.6508313539192399	0.18691588785046728	0.1191588785046729	0.0963785046728972	0.8461538461538461
commissioned_T070_A032	421	26	1712	421	16.192307692307693	0.5748218527315915	0.26635514018691586	0.15654205607476634	0.11507009345794393	0.8846153846153846
original_T095_A032	422	26	1712	422	16.23076923076923	0.6492890995260664	0.18691588785046728	0.1191588785046729	0.0963785046728972	0.8461538461538461
commissioned_T070_A032	422	26	1712	422	16.23076923076923	0.5758293838862559	0.2669392523364486	0.15712616822429906	0.11565420560747663	0.8846153846153846
original_T095_A032	423	26	1712	423	16.26923076923077	0.6477541371158393	0.18691588785046728	0.1191588785046729	0.0963785046728972	0.8461538461538461
commissioned_T070_A032	423	26	1712	423	16.26923076923077	0.574468085106383	0.2675233644859813	0.15712616822429906	0.11565420560747663	0.8846153846153846
original_T095_A032	424	26	1712	424	16.307692307692307	0.6462264150943396	0.18691588785046728	0.1191588785046729	0.0963785046728972	0.8461538461538461
commissioned_T070_A032	424	26	1712	424	16.307692307692307	0.5731132075471698	0.2675233644859813	0.15712616822429906	0.11565420560747663	0.8846153846153846
original_T095_A032	425	26	1712	425	16.346153846153847	0.6447058823529411	0.18691588785046728	0.1191588785046729	0.0963785046728972	0.8461538461538461
commissioned_T070_A032	425	26	1712	425	16.346153846153847	0.571764705882353	0.26810747663551404	0.15712616822429906	0.11565420560747663	0.8846153846153846
original_T095_A032	426	26	1712	426	16.384615384615383	0.6431924882629108	0.18691588785046728	0.1191588785046729	0.0963785046728972	0.8461538461538461
commissioned_T070_A032	426	26	1712	426	16.384615384615383	0.5704225352112676	0.26810747663551404	0.15712616822429906	0.11565420560747663	0.8846153846153846
original_T095_A032	427	26	1712	427	16.423076923076923	0.6416861826697893	0.18691588785046728	0.1191588785046729	0.0963785046728972	0.8461538461538461
commissioned_T070_A032	427	26	1712	427	16.423076923076923	0.5690866510538641	0.26810747663551404	0.15712616822429906	0.11565420560747663	0.8846153846153846
original_T095_A032	428	26	1712	428	16.46153846153846	0.6401869158878505	0.18691588785046728	0.1191588785046729	0.0963785046728972	0.8461538461538461
commissioned_T070_A032	428	26	1712	428	16.46153846153846	0.5700934579439252	0.26869158878504673	0.15771028037383178	0.11623831775700935	0.8846153846153846
original_T095_A032	429	26	1712	429	16.5	0.6386946386946387	0.18691588785046728	0.1191588785046729	0.0963785046728972	0.8461538461538461
commissioned_T070_A032	429	26	1712	429	16.5	0.5687645687645687	0.26869158878504673	0.15771028037383178	0.11623831775700935	0.8846153846153846
original_T095_A032	430	26	1712	430	16.53846153846154	0.6372093023255814	0.18691588785046728	0.1191588785046729	0.0963785046728972	0.8461538461538461
commissioned_T070_A032	430	26	1712	430	16.53846153846154	0.5674418604651162	0.26869158878504673	0.15771028037383178	0.11623831775700935	0.8846153846153846
original_T095_A032	431	26	1712	431	16.576923076923077	0.6357308584686775	0.18691588785046728	0.1191588785046729	0.0963785046728972	0.8461538461538461
commissioned_T070_A032	431	26	1712	431	16.576923076923077	0.5661252900232019	0.26869158878504673	0.15771028037383178	0.11623831775700935	0.8846153846153846
original_T095_A032	432	26	1712	432	16.615384615384617	0.6342592592592593	0.18691588785046728	0.1191588785046729	0.0963785046728972	0.8461538461538461
commissioned_T070_A032	432	26	1712	432	16.615384615384617	0.5648148148148148	0.26869158878504673	0.15771028037383178	0.11623831775700935	0.8846153846153846
original_T095_A032	433	26	1712	433	16.653846153846153	0.6351039260969977	0.1875	0.11974299065420561	0.0969626168224299	0.8461538461538461
commissioned_T070_A032	433	26	1712	433	16.653846153846153	0.5635103926096998	0.26869158878504673	0.15771028037383178	0.11623831775700935	0.8846153846153846
original_T095_A032	434	26	1712	434	16.692307692307693	0.6336405529953917	0.1875	0.11974299065420561	0.0969626168224299	0.8461538461538461
commissioned_T070_A032	434	26	1712	434	16.692307692307693	0.5622119815668203	0.26869158878504673	0.15771028037383178	0.11623831775700935	0.8846153846153846
original_T095_A032	435	26	1712	435	16.73076923076923	0.632183908045977	0.1875	0.11974299065420561	0.0969626168224299	0.8461538461538461
commissioned_T070_A032	435	26	1712	435	16.73076923076923	0.5609195402298851	0.26869158878504673	0.15771028037383178	0.11623831775700935	0.8846153846153846
original_T095_A032	436	26	1712	436	16.76923076923077	0.6307339449541285	0.1875	0.11974299065420561	0.0969626168224299	0.8461538461538461
commissioned_T070_A032	436	26	1712	436	16.76923076923077	0.5596330275229358	0.26869158878504673	0.15771028037383178	0.11623831775700935	0.8846153846153846
original_T095_A032	437	26	1712	437	16.807692307692307	0.6292906178489702	0.1875	0.11974299065420561	0.0969626168224299	0.8461538461538461
commissioned_T070_A032	437	26	1712	437	16.807692307692307	0.5583524027459954	0.26869158878504673	0.15771028037383178	0.11623831775700935	0.8846153846153846
original_T095_A032	438	26	1712	438	16.846153846153847	0.6278538812785388	0.1875	0.11974299065420561	0.0969626168224299	0.8461538461538461
commissioned_T070_A032	438	26	1712	438	16.846153846153847	0.5570776255707762	0.26869158878504673	0.15771028037383178	0.11623831775700935	0.8846153846153846
original_T095_A032	439	26	1712	439	16.884615384615383	0.6264236902050114	0.1875	0.11974299065420561	0.0969626168224299	0.8461538461538461
commissioned_T070_A032	439	26	1712	439	16.884615384615383	0.5558086560364465	0.26869158878504673	0.15771028037383178	0.11623831775700935	0.8846153846153846
original_T095_A032	440	26	1712	440	16.923076923076923	0.625	0.1875	0.11974299065420561	0.0969626168224299	0.8461538461538461
commissioned_T070_A032	440	26	1712	440	16.923076923076923	0.5545454545454546	0.26869158878504673	0.15771028037383178	0.11623831775700935	0.8846153846153846
original_T095_A032	441	26	1712	441	16.96153846153846	0.6235827664399093	0.1875	0.11974299065420561	0.0969626168224299	0.8461538461538461
commissioned_T070_A032	441	26	1712	441	16.96153846153846	0.5532879818594104	0.26869158878504673	0.15771028037383178	0.11623831775700935	0.8846153846153846
original_T095_A032	442	26	1712	442	17.0	0.6221719457013575	0.1875	0.11974299065420561	0.0969626168224299	0.8461538461538461
commissioned_T070_A032	442	26	1712	442	17.0	0.5520361990950227	0.26869158878504673	0.15771028037383178	0.11623831775700935	0.8846153846153846
original_T095_A032	443	26	1712	443	17.03846153846154	0.6207674943566591	0.1875	0.11974299065420561	0.0969626168224299	0.8461538461538461
commissioned_T070_A032	443	26	1712	443	17.03846153846154	0.5507900677200903	0.26869158878504673	0.15771028037383178	0.11623831775700935	0.8846153846153846
original_T095_A032	444	26	1712	444	17.076923076923077	0.6193693693693694	0.1875	0.11974299065420561	0.0969626168224299	0.8461538461538461
commissioned_T070_A032	444	26	1712	444	17.076923076923077	0.5495495495495496	0.26869158878504673	0.15771028037383178	0.11623831775700935	0.8846153846153846
original_T095_A032	445	26	1712	445	17.115384615384617	0.6179775280898876	0.1875	0.11974299065420561	0.0969626168224299	0.8461538461538461
commissioned_T070_A032	445	26	1712	445	17.115384615384617	0.550561797752809	0.2692757009345794	0.1582943925233645	0.11682242990654206	0.8846153846153846
original_T095_A032	446	26	1712	446	17.153846153846153	0.6165919282511211	0.1875	0.11974299065420561	0.0969626168224299	0.8461538461538461
commissioned_T070_A032	446	26	1712	446	17.153846153846153	0.5493273542600897	0.2692757009345794	0.1582943925233645	0.11682242990654206	0.8846153846153846
original_T095_A032	447	26	1712	447	17.192307692307693	0.6152125279642058	0.1875	0.11974299065420561	0.0969626168224299	0.8461538461538461
commissioned_T070_A032	447	26	1712	447	17.192307692307693	0.5480984340044742	0.2692757009345794	0.1582943925233645	0.11682242990654206	0.8846153846153846
original_T095_A032	448	26	1712	448	17.23076923076923	0.6138392857142857	0.1875	0.11974299065420561	0.0969626168224299	0.8461538461538461
commissioned_T070_A032	448	26	1712	448	17.23076923076923	0.546875	0.2692757009345794	0.1582943925233645	0.11682242990654206	0.8846153846153846
original_T095_A032	449	26	1712	449	17.26923076923077	0.6124721603563474	0.1875	0.11974299065420561	0.0969626168224299	0.8461538461538461
commissioned_T070_A032	449	26	1712	449	17.26923076923077	0.5456570155902004	0.2692757009345794	0.1582943925233645	0.11682242990654206	0.8846153846153846
original_T095_A032	450	26	1712	450	17.307692307692307	0.6111111111111112	0.1875	0.11974299065420561	0.0969626168224299	0.8461538461538461
commissioned_T070_A032	450	26	1712	450	17.307692307692307	0.5444444444444444	0.2692757009345794	0.1582943925233645	0.11682242990654206	0.8846153846153846
original_T095_A032	451	26	1712	451	17.346153846153847	0.6097560975609756	0.1875	0.11974299065420561	0.0969626168224299	0.8461538461538461
commissioned_T070_A032	451	26	1712	451	17.346153846153847	0.5432372505543237	0.2692757009345794	0.1582943925233645	0.11682242990654206	0.8846153846153846
original_T095_A032	452	26	1712	452	17.384615384615383	0.6084070796460177	0.1875	0.11974299065420561	0.0969626168224299	0.8461538461538461
commissioned_T070_A032	452	26	1712	452	17.384615384615383	0.5420353982300885	0.2692757009345794	0.1582943925233645	0.11682242990654206	0.8846153846153846
original_T095_A032	453	26	1712	453	17.423076923076923	0.6070640176600441	0.1875	0.11974299065420561	0.0969626168224299	0.8461538461538461
commissioned_T070_A032	453	26	1712	453	17.423076923076923	0.5408388520971302	0.2692757009345794	0.1582943925233645	0.11682242990654206	0.8846153846153846
original_T095_A032	454	26	1712	454	17.46153846153846	0.6057268722466961	0.1875	0.11974299065420561	0.0969626168224299	0.8461538461538461
commissioned_T070_A032	454	26	1712	454	17.46153846153846	0.539647577092511	0.2692757009345794	0.1582943925233645	0.11682242990654206	0.8846153846153846
original_T095_A032	455	26	1712	455	17.5	0.6043956043956044	0.1875	0.11974299065420561	0.0969626168224299	0.8461538461538461
commissioned_T070_A032	455	26	1712	455	17.5	0.5406593406593406	0.2692757009345794	0.1582943925233645	0.11682242990654206	0.8846153846153846
original_T095_A032	456	26	1712	456	17.53846153846154	0.6030701754385965	0.1875	0.11974299065420561	0.0969626168224299	0.8461538461538461
commissioned_T070_A032	456	26	1712	456	17.53846153846154	0.5394736842105263	0.2692757009345794	0.1582943925233645	0.11682242990654206	0.8846153846153846
original_T095_A032	457	26	1712	457	17.576923076923077	0.6017505470459519	0.1875	0.11974299065420561	0.0969626168224299	0.8461538461538461
commissioned_T070_A032	457	26	1712	457	17.576923076923077	0.5382932166301969	0.2692757009345794	0.1582943925233645	0.11682242990654206	0.8846153846153846
original_T095_A032	458	26	1712	458	17.615384615384617	0.6004366812227074	0.1875	0.11974299065420561	0.0969626168224299	0.8461538461538461
commissioned_T070_A032	458	26	1712	458	17.615384615384617	0.537117903930131	0.2692757009345794	0.1582943925233645	0.11682242990654206	0.8846153846153846
original_T095_A032	459	26	1712	459	17.653846153846153	0.599128540305011	0.1875	0.11974299065420561	0.0969626168224299	0.8461538461538461
commissioned_T070_A032	459	26	1712	459	17.653846153846153	0.5359477124183006	0.2692757009345794	0.1582943925233645	0.11682242990654206	0.8846153846153846
original_T095_A032	460	26	1712	460	17.692307692307693	0.5978260869565217	0.1875	0.11974299065420561	0.0969626168224299	0.8461538461538461
commissioned_T070_A032	460	26	1712	460	17.692307692307693	0.5347826086956522	0.2692757009345794	0.1582943925233645	0.11682242990654206	0.8846153846153846
original_T095_A032	461	26	1712	461	17.73076923076923	0.596529284164859	0.1875	0.11974299065420561	0.0969626168224299	0.8461538461538461
commissioned_T070_A032	461	26	1712	461	17.73076923076923	0.5336225596529284	0.2692757009345794	0.1582943925233645	0.11682242990654206	0.8846153846153846
original_T095_A032	462	26	1712	462	17.76923076923077	0.5974025974025974	0.1875	0.11974299065420561	0.0969626168224299	0.8461538461538461
commissioned_T070_A032	462	26	1712	462	17.76923076923077	0.5324675324675324	0.2692757009345794	0.1582943925233645	0.11682242990654206	0.8846153846153846
original_T095_A032	463	26	1712	463	17.807692307692307	0.5961123110151187	0.1875	0.11974299065420561	0.0969626168224299	0.8461538461538461
commissioned_T070_A032	463	26	1712	463	17.807692307692307	0.531317494600432	0.26985981308411217	0.1582943925233645	0.11682242990654206	0.8846153846153846
original_T095_A032	464	26	1712	464	17.846153846153847	0.5948275862068966	0.1875	0.11974299065420561	0.0969626168224299	0.8461538461538461
commissioned_T070_A032	464	26	1712	464	17.846153846153847	0.5301724137931034	0.26985981308411217	0.1582943925233645	0.11682242990654206	0.8846153846153846
original_T095_A032	465	26	1712	465	17.884615384615383	0.5935483870967742	0.1875	0.11974299065420561	0.0969626168224299	0.8461538461538461
commissioned_T070_A032	465	26	1712	465	17.884615384615383	0.5290322580645161	0.26985981308411217	0.1582943925233645	0.11682242990654206	0.8846153846153846
original_T095_A032	466	26	1712	466	17.923076923076923	0.592274678111588	0.1875	0.11974299065420561	0.0969626168224299	0.8461538461538461
commissioned_T070_A032	466	26	1712	466	17.923076923076923	0.5278969957081545	0.26985981308411217	0.1582943925233645	0.11682242990654206	0.8846153846153846
original_T095_A032	467	26	1712	467	17.96153846153846	0.5910064239828694	0.1875	0.11974299065420561	0.0969626168224299	0.8461538461538461
commissioned_T070_A032	467	26	1712	467	17.96153846153846	0.5267665952890792	0.26985981308411217	0.1582943925233645	0.11682242990654206	0.8846153846153846
original_T095_A032	468	26	1712	468	18.0	0.5897435897435898	0.1875	0.11974299065420561	0.0969626168224299	0.8461538461538461
commissioned_T070_A032	468	26	1712	468	18.0	0.5277777777777778	0.27102803738317754	0.1594626168224299	0.11740654205607477	0.8846153846153846
original_T095_A032	469	26	1712	469	18.03846153846154	0.5884861407249466	0.1875	0.11974299065420561	0.0969626168224299	0.8461538461538461
commissioned_T070_A032	469	26	1712	469	18.03846153846154	0.5266524520255863	0.27102803738317754	0.1594626168224299	0.11740654205607477	0.8846153846153846
original_T095_A032	470	26	1712	470	18.076923076923077	0.5872340425531914	0.1875	0.11974299065420561	0.0969626168224299	0.8461538461538461
commissioned_T070_A032	470	26	1712	470	18.076923076923077	0.5255319148936171	0.27102803738317754	0.1594626168224299	0.11740654205607477	0.8846153846153846
original_T095_A032	471	26	1712	471	18.115384615384617	0.5859872611464968	0.1875	0.11974299065420561	0.0969626168224299	0.8461538461538461
commissioned_T070_A032	471	26	1712	471	18.115384615384617	0.524416135881104	0.27102803738317754	0.1594626168224299	0.11740654205607477	0.8846153846153846
