model	k	stratum	minimum_instance_coverage	minimum_candidate_labeled_coverage	minimum_same_role_purity	selected_candidates	weed_truth_instances	many_to_one_recalled_instances	many_to_one_queued_recall	one_to_one_matches	one_to_one_queued_recall
all_candidate_role_plus_local_logistic	1	ALL	0.25	0.25	0.5	26	1712	113	0.06600467289719626	13	0.007593457943925234
all_candidate_role_plus_local_logistic	1	ALL	0.25	0.25	0.75	26	1712	79	0.04614485981308411	12	0.007009345794392523
all_candidate_role_plus_local_logistic	1	ALL	0.25	0.25	0.9	26	1712	11	0.006425233644859813	11	0.006425233644859813
all_candidate_role_plus_local_logistic	1	ALL	0.25	0.5	0.5	26	1712	110	0.06425233644859812	10	0.005841121495327103
all_candidate_role_plus_local_logistic	1	ALL	0.25	0.5	0.75	26	1712	76	0.04439252336448598	9	0.005257009345794392
all_candidate_role_plus_local_logistic	1	ALL	0.25	0.5	0.9	26	1712	8	0.004672897196261682	8	0.004672897196261682
all_candidate_role_plus_local_logistic	1	ALL	0.25	0.75	0.5	26	1712	73	0.04264018691588785	6	0.0035046728971962616
all_candidate_role_plus_local_logistic	1	ALL	0.25	0.75	0.75	26	1712	73	0.04264018691588785	6	0.0035046728971962616
all_candidate_role_plus_local_logistic	1	ALL	0.25	0.75	0.9	26	1712	5	0.0029205607476635513	5	0.0029205607476635513
all_candidate_role_plus_local_logistic	1	ALL	0.5	0.25	0.5	26	1712	111	0.06483644859813084	13	0.007593457943925234
all_candidate_role_plus_local_logistic	1	ALL	0.5	0.25	0.75	26	1712	77	0.04497663551401869	12	0.007009345794392523
all_candidate_role_plus_local_logistic	1	ALL	0.5	0.25	0.9	26	1712	11	0.006425233644859813	11	0.006425233644859813
all_candidate_role_plus_local_logistic	1	ALL	0.5	0.5	0.5	26	1712	108	0.0630841121495327	10	0.005841121495327103
all_candidate_role_plus_local_logistic	1	ALL	0.5	0.5	0.75	26	1712	74	0.04322429906542056	9	0.005257009345794392
all_candidate_role_plus_local_logistic	1	ALL	0.5	0.5	0.9	26	1712	8	0.004672897196261682	8	0.004672897196261682
all_candidate_role_plus_local_logistic	1	ALL	0.5	0.75	0.5	26	1712	71	0.04147196261682243	6	0.0035046728971962616
all_candidate_role_plus_local_logistic	1	ALL	0.5	0.75	0.75	26	1712	71	0.04147196261682243	6	0.0035046728971962616
all_candidate_role_plus_local_logistic	1	ALL	0.5	0.75	0.9	26	1712	5	0.0029205607476635513	5	0.0029205607476635513
all_candidate_role_plus_local_logistic	1	ALL	0.75	0.25	0.5	26	1712	100	0.05841121495327103	11	0.006425233644859813
all_candidate_role_plus_local_logistic	1	ALL	0.75	0.25	0.75	26	1712	70	0.04088785046728972	10	0.005841121495327103
all_candidate_role_plus_local_logistic	1	ALL	0.75	0.25	0.9	26	1712	9	0.005257009345794392	9	0.005257009345794392
all_candidate_role_plus_local_logistic	1	ALL	0.75	0.5	0.5	26	1712	97	0.0566588785046729	8	0.004672897196261682
all_candidate_role_plus_local_logistic	1	ALL	0.75	0.5	0.75	26	1712	67	0.039135514018691586	7	0.0040887850467289715
all_candidate_role_plus_local_logistic	1	ALL	0.75	0.5	0.9	26	1712	6	0.0035046728971962616	6	0.0035046728971962616
all_candidate_role_plus_local_logistic	1	ALL	0.75	0.75	0.5	26	1712	64	0.037383177570093455	4	0.002336448598130841
all_candidate_role_plus_local_logistic	1	ALL	0.75	0.75	0.75	26	1712	64	0.037383177570093455	4	0.002336448598130841
all_candidate_role_plus_local_logistic	1	ALL	0.75	0.75	0.9	26	1712	3	0.0017523364485981308	3	0.0017523364485981308
all_candidate_role_plus_local_logistic	1	2023-05-25	0.25	0.25	0.5	8	392	0	0.0	0	0.0
all_candidate_role_plus_local_logistic	1	2023-05-25	0.25	0.25	0.75	8	392	0	0.0	0	0.0
all_candidate_role_plus_local_logistic	1	2023-05-25	0.25	0.25	0.9	8	392	0	0.0	0	0.0
all_candidate_role_plus_local_logistic	1	2023-05-25	0.25	0.5	0.5	8	392	0	0.0	0	0.0
all_candidate_role_plus_local_logistic	1	2023-05-25	0.25	0.5	0.75	8	392	0	0.0	0	0.0
all_candidate_role_plus_local_logistic	1	2023-05-25	0.25	0.5	0.9	8	392	0	0.0	0	0.0
all_candidate_role_plus_local_logistic	1	2023-05-25	0.25	0.75	0.5	8	392	0	0.0	0	0.0
all_candidate_role_plus_local_logistic	1	2023-05-25	0.25	0.75	0.75	8	392	0	0.0	0	0.0
all_candidate_role_plus_local_logistic	1	2023-05-25	0.25	0.75	0.9	8	392	0	0.0	0	0.0
all_candidate_role_plus_local_logistic	1	2023-05-25	0.5	0.25	0.5	8	392	0	0.0	0	0.0
all_candidate_role_plus_local_logistic	1	2023-05-25	0.5	0.25	0.75	8	392	0	0.0	0	0.0
all_candidate_role_plus_local_logistic	1	2023-05-25	0.5	0.25	0.9	8	392	0	0.0	0	0.0
all_candidate_role_plus_local_logistic	1	2023-05-25	0.5	0.5	0.5	8	392	0	0.0	0	0.0
all_candidate_role_plus_local_logistic	1	2023-05-25	0.5	0.5	0.75	8	392	0	0.0	0	0.0
all_candidate_role_plus_local_logistic	1	2023-05-25	0.5	0.5	0.9	8	392	0	0.0	0	0.0
all_candidate_role_plus_local_logistic	1	2023-05-25	0.5	0.75	0.5	8	392	0	0.0	0	0.0
all_candidate_role_plus_local_logistic	1	2023-05-25	0.5	0.75	0.75	8	392	0	0.0	0	0.0
all_candidate_role_plus_local_logistic	1	2023-05-25	0.5	0.75	0.9	8	392	0	0.0	0	0.0
all_candidate_role_plus_local_logistic	1	2023-05-25	0.75	0.25	0.5	8	392	0	0.0	0	0.0
all_candidate_role_plus_local_logistic	1	2023-05-25	0.75	0.25	0.75	8	392	0	0.0	0	0.0
all_candidate_role_plus_local_logistic	1	2023-05-25	0.75	0.25	0.9	8	392	0	0.0	0	0.0
all_candidate_role_plus_local_logistic	1	2023-05-25	0.75	0.5	0.5	8	392	0	0.0	0	0.0
all_candidate_role_plus_local_logistic	1	2023-05-25	0.75	0.5	0.75	8	392	0	0.0	0	0.0
all_candidate_role_plus_local_logistic	1	2023-05-25	0.75	0.5	0.9	8	392	0	0.0	0	0.0
all_candidate_role_plus_local_logistic	1	2023-05-25	0.75	0.75	0.5	8	392	0	0.0	0	0.0
all_candidate_role_plus_local_logistic	1	2023-05-25	0.75	0.75	0.75	8	392	0	0.0	0	0.0
all_candidate_role_plus_local_logistic	1	2023-05-25	0.75	0.75	0.9	8	392	0	0.0	0	0.0
all_candidate_role_plus_local_logistic	1	2023-05-30	0.25	0.25	0.5	8	440	6	0.013636363636363636	6	0.013636363636363636
all_candidate_role_plus_local_logistic	1	2023-05-30	0.25	0.25	0.75	8	440	6	0.013636363636363636	6	0.013636363636363636
all_candidate_role_plus_local_logistic	1	2023-05-30	0.25	0.25	0.9	8	440	6	0.013636363636363636	6	0.013636363636363636
all_candidate_role_plus_local_logistic	1	2023-05-30	0.25	0.5	0.5	8	440	3	0.006818181818181818	3	0.006818181818181818
all_candidate_role_plus_local_logistic	1	2023-05-30	0.25	0.5	0.75	8	440	3	0.006818181818181818	3	0.006818181818181818
all_candidate_role_plus_local_logistic	1	2023-05-30	0.25	0.5	0.9	8	440	3	0.006818181818181818	3	0.006818181818181818
all_candidate_role_plus_local_logistic	1	2023-05-30	0.25	0.75	0.5	8	440	2	0.004545454545454545	2	0.004545454545454545
all_candidate_role_plus_local_logistic	1	2023-05-30	0.25	0.75	0.75	8	440	2	0.004545454545454545	2	0.004545454545454545
all_candidate_role_plus_local_logistic	1	2023-05-30	0.25	0.75	0.9	8	440	2	0.004545454545454545	2	0.004545454545454545
all_candidate_role_plus_local_logistic	1	2023-05-30	0.5	0.25	0.5	8	440	6	0.013636363636363636	6	0.013636363636363636
all_candidate_role_plus_local_logistic	1	2023-05-30	0.5	0.25	0.75	8	440	6	0.013636363636363636	6	0.013636363636363636
all_candidate_role_plus_local_logistic	1	2023-05-30	0.5	0.25	0.9	8	440	6	0.013636363636363636	6	0.013636363636363636
all_candidate_role_plus_local_logistic	1	2023-05-30	0.5	0.5	0.5	8	440	3	0.006818181818181818	3	0.006818181818181818
all_candidate_role_plus_local_logistic	1	2023-05-30	0.5	0.5	0.75	8	440	3	0.006818181818181818	3	0.006818181818181818
all_candidate_role_plus_local_logistic	1	2023-05-30	0.5	0.5	0.9	8	440	3	0.006818181818181818	3	0.006818181818181818
all_candidate_role_plus_local_logistic	1	2023-05-30	0.5	0.75	0.5	8	440	2	0.004545454545454545	2	0.004545454545454545
all_candidate_role_plus_local_logistic	1	2023-05-30	0.5	0.75	0.75	8	440	2	0.004545454545454545	2	0.004545454545454545
all_candidate_role_plus_local_logistic	1	2023-05-30	0.5	0.75	0.9	8	440	2	0.004545454545454545	2	0.004545454545454545
all_candidate_role_plus_local_logistic	1	2023-05-30	0.75	0.25	0.5	8	440	6	0.013636363636363636	6	0.013636363636363636
all_candidate_role_plus_local_logistic	1	2023-05-30	0.75	0.25	0.75	8	440	6	0.013636363636363636	6	0.013636363636363636
all_candidate_role_plus_local_logistic	1	2023-05-30	0.75	0.25	0.9	8	440	6	0.013636363636363636	6	0.013636363636363636
all_candidate_role_plus_local_logistic	1	2023-05-30	0.75	0.5	0.5	8	440	3	0.006818181818181818	3	0.006818181818181818
all_candidate_role_plus_local_logistic	1	2023-05-30	0.75	0.5	0.75	8	440	3	0.006818181818181818	3	0.006818181818181818
all_candidate_role_plus_local_logistic	1	2023-05-30	0.75	0.5	0.9	8	440	3	0.006818181818181818	3	0.006818181818181818
all_candidate_role_plus_local_logistic	1	2023-05-30	0.75	0.75	0.5	8	440	2	0.004545454545454545	2	0.004545454545454545
all_candidate_role_plus_local_logistic	1	2023-05-30	0.75	0.75	0.75	8	440	2	0.004545454545454545	2	0.004545454545454545
all_candidate_role_plus_local_logistic	1	2023-05-30	0.75	0.75	0.9	8	440	2	0.004545454545454545	2	0.004545454545454545
all_candidate_role_plus_local_logistic	1	2023-06-06	0.25	0.25	0.5	8	726	39	0.05371900826446281	6	0.008264462809917356
all_candidate_role_plus_local_logistic	1	2023-06-06	0.25	0.25	0.75	8	726	5	0.006887052341597796	5	0.006887052341597796
all_candidate_role_plus_local_logistic	1	2023-06-06	0.25	0.25	0.9	8	726	5	0.006887052341597796	5	0.006887052341597796
all_candidate_role_plus_local_logistic	1	2023-06-06	0.25	0.5	0.5	8	726	39	0.05371900826446281	6	0.008264462809917356
all_candidate_role_plus_local_logistic	1	2023-06-06	0.25	0.5	0.75	8	726	5	0.006887052341597796	5	0.006887052341597796
all_candidate_role_plus_local_logistic	1	2023-06-06	0.25	0.5	0.9	8	726	5	0.006887052341597796	5	0.006887052341597796
all_candidate_role_plus_local_logistic	1	2023-06-06	0.25	0.75	0.5	8	726	3	0.004132231404958678	3	0.004132231404958678
all_candidate_role_plus_local_logistic	1	2023-06-06	0.25	0.75	0.75	8	726	3	0.004132231404958678	3	0.004132231404958678
all_candidate_role_plus_local_logistic	1	2023-06-06	0.25	0.75	0.9	8	726	3	0.004132231404958678	3	0.004132231404958678
all_candidate_role_plus_local_logistic	1	2023-06-06	0.5	0.25	0.5	8	726	39	0.05371900826446281	6	0.008264462809917356
all_candidate_role_plus_local_logistic	1	2023-06-06	0.5	0.25	0.75	8	726	5	0.006887052341597796	5	0.006887052341597796
all_candidate_role_plus_local_logistic	1	2023-06-06	0.5	0.25	0.9	8	726	5	0.006887052341597796	5	0.006887052341597796
all_candidate_role_plus_local_logistic	1	2023-06-06	0.5	0.5	0.5	8	726	39	0.05371900826446281	6	0.008264462809917356
all_candidate_role_plus_local_logistic	1	2023-06-06	0.5	0.5	0.75	8	726	5	0.006887052341597796	5	0.006887052341597796
all_candidate_role_plus_local_logistic	1	2023-06-06	0.5	0.5	0.9	8	726	5	0.006887052341597796	5	0.006887052341597796
all_candidate_role_plus_local_logistic	1	2023-06-06	0.5	0.75	0.5	8	726	3	0.004132231404958678	3	0.004132231404958678
all_candidate_role_plus_local_logistic	1	2023-06-06	0.5	0.75	0.75	8	726	3	0.004132231404958678	3	0.004132231404958678
all_candidate_role_plus_local_logistic	1	2023-06-06	0.5	0.75	0.9	8	726	3	0.004132231404958678	3	0.004132231404958678
all_candidate_role_plus_local_logistic	1	2023-06-06	0.75	0.25	0.5	8	726	33	0.045454545454545456	4	0.005509641873278237
all_candidate_role_plus_local_logistic	1	2023-06-06	0.75	0.25	0.75	8	726	3	0.004132231404958678	3	0.004132231404958678
all_candidate_role_plus_local_logistic	1	2023-06-06	0.75	0.25	0.9	8	726	3	0.004132231404958678	3	0.004132231404958678
all_candidate_role_plus_local_logistic	1	2023-06-06	0.75	0.5	0.5	8	726	33	0.045454545454545456	4	0.005509641873278237
all_candidate_role_plus_local_logistic	1	2023-06-06	0.75	0.5	0.75	8	726	3	0.004132231404958678	3	0.004132231404958678
all_candidate_role_plus_local_logistic	1	2023-06-06	0.75	0.5	0.9	8	726	3	0.004132231404958678	3	0.004132231404958678
all_candidate_role_plus_local_logistic	1	2023-06-06	0.75	0.75	0.5	8	726	1	0.0013774104683195593	1	0.0013774104683195593
all_candidate_role_plus_local_logistic	1	2023-06-06	0.75	0.75	0.75	8	726	1	0.0013774104683195593	1	0.0013774104683195593
all_candidate_role_plus_local_logistic	1	2023-06-06	0.75	0.75	0.9	8	726	1	0.0013774104683195593	1	0.0013774104683195593
all_candidate_role_plus_local_logistic	1	2023-06-15	0.25	0.25	0.5	2	154	68	0.44155844155844154	1	0.006493506493506494
all_candidate_role_plus_local_logistic	1	2023-06-15	0.25	0.25	0.75	2	154	68	0.44155844155844154	1	0.006493506493506494
all_candidate_role_plus_local_logistic	1	2023-06-15	0.25	0.25	0.9	2	154	0	0.0	0	0.0
all_candidate_role_plus_local_logistic	1	2023-06-15	0.25	0.5	0.5	2	154	68	0.44155844155844154	1	0.006493506493506494
all_candidate_role_plus_local_logistic	1	2023-06-15	0.25	0.5	0.75	2	154	68	0.44155844155844154	1	0.006493506493506494
all_candidate_role_plus_local_logistic	1	2023-06-15	0.25	0.5	0.9	2	154	0	0.0	0	0.0
all_candidate_role_plus_local_logistic	1	2023-06-15	0.25	0.75	0.5	2	154	68	0.44155844155844154	1	0.006493506493506494
all_candidate_role_plus_local_logistic	1	2023-06-15	0.25	0.75	0.75	2	154	68	0.44155844155844154	1	0.006493506493506494
all_candidate_role_plus_local_logistic	1	2023-06-15	0.25	0.75	0.9	2	154	0	0.0	0	0.0
all_candidate_role_plus_local_logistic	1	2023-06-15	0.5	0.25	0.5	2	154	66	0.42857142857142855	1	0.006493506493506494
all_candidate_role_plus_local_logistic	1	2023-06-15	0.5	0.25	0.75	2	154	66	0.42857142857142855	1	0.006493506493506494
all_candidate_role_plus_local_logistic	1	2023-06-15	0.5	0.25	0.9	2	154	0	0.0	0	0.0
all_candidate_role_plus_local_logistic	1	2023-06-15	0.5	0.5	0.5	2	154	66	0.42857142857142855	1	0.006493506493506494
all_candidate_role_plus_local_logistic	1	2023-06-15	0.5	0.5	0.75	2	154	66	0.42857142857142855	1	0.006493506493506494
all_candidate_role_plus_local_logistic	1	2023-06-15	0.5	0.5	0.9	2	154	0	0.0	0	0.0
all_candidate_role_plus_local_logistic	1	2023-06-15	0.5	0.75	0.5	2	154	66	0.42857142857142855	1	0.006493506493506494
all_candidate_role_plus_local_logistic	1	2023-06-15	0.5	0.75	0.75	2	154	66	0.42857142857142855	1	0.006493506493506494
all_candidate_role_plus_local_logistic	1	2023-06-15	0.5	0.75	0.9	2	154	0	0.0	0	0.0
all_candidate_role_plus_local_logistic	1	2023-06-15	0.75	0.25	0.5	2	154	61	0.3961038961038961	1	0.006493506493506494
all_candidate_role_plus_local_logistic	1	2023-06-15	0.75	0.25	0.75	2	154	61	0.3961038961038961	1	0.006493506493506494
all_candidate_role_plus_local_logistic	1	2023-06-15	0.75	0.25	0.9	2	154	0	0.0	0	0.0
all_candidate_role_plus_local_logistic	1	2023-06-15	0.75	0.5	0.5	2	154	61	0.3961038961038961	1	0.006493506493506494
all_candidate_role_plus_local_logistic	1	2023-06-15	0.75	0.5	0.75	2	154	61	0.3961038961038961	1	0.006493506493506494
all_candidate_role_plus_local_logistic	1	2023-06-15	0.75	0.5	0.9	2	154	0	0.0	0	0.0
all_candidate_role_plus_local_logistic	1	2023-06-15	0.75	0.75	0.5	2	154	61	0.3961038961038961	1	0.006493506493506494
all_candidate_role_plus_local_logistic	1	2023-06-15	0.75	0.75	0.75	2	154	61	0.3961038961038961	1	0.006493506493506494
all_candidate_role_plus_local_logistic	1	2023-06-15	0.75	0.75	0.9	2	154	0	0.0	0	0.0
all_candidate_role_plus_local_logistic	5	ALL	0.25	0.25	0.5	130	1712	199	0.11623831775700935	75	0.04380841121495327
all_candidate_role_plus_local_logistic	5	ALL	0.25	0.25	0.75	130	1712	163	0.09521028037383178	73	0.04264018691588785
all_candidate_role_plus_local_logistic	5	ALL	0.25	0.25	0.9	130	1712	94	0.054906542056074766	71	0.04147196261682243
all_candidate_role_plus_local_logistic	5	ALL	0.25	0.5	0.5	130	1712	188	0.10981308411214953	65	0.037967289719626166
all_candidate_role_plus_local_logistic	5	ALL	0.25	0.5	0.75	130	1712	152	0.08878504672897196	63	0.036799065420560745
all_candidate_role_plus_local_logistic	5	ALL	0.25	0.5	0.9	130	1712	83	0.04848130841121495	61	0.035630841121495324
all_candidate_role_plus_local_logistic	5	ALL	0.25	0.75	0.5	130	1712	109	0.06366822429906542	28	0.016355140186915886
all_candidate_role_plus_local_logistic	5	ALL	0.25	0.75	0.75	130	1712	109	0.06366822429906542	28	0.016355140186915886
all_candidate_role_plus_local_logistic	5	ALL	0.25	0.75	0.9	130	1712	40	0.02336448598130841	26	0.015186915887850467
all_candidate_role_plus_local_logistic	5	ALL	0.5	0.25	0.5	130	1712	188	0.10981308411214953	70	0.04088785046728972
all_candidate_role_plus_local_logistic	5	ALL	0.5	0.25	0.75	130	1712	152	0.08878504672897196	68	0.0397196261682243
all_candidate_role_plus_local_logistic	5	ALL	0.5	0.25	0.9	130	1712	85	0.04964953271028037	66	0.038551401869158876
all_candidate_role_plus_local_logistic	5	ALL	0.5	0.5	0.5	130	1712	178	0.10397196261682243	61	0.035630841121495324
all_candidate_role_plus_local_logistic	5	ALL	0.5	0.5	0.75	130	1712	142	0.08294392523364486	59	0.0344626168224299
all_candidate_role_plus_local_logistic	5	ALL	0.5	0.5	0.9	130	1712	75	0.04380841121495327	57	0.03329439252336448
all_candidate_role_plus_local_logistic	5	ALL	0.5	0.75	0.5	130	1712	104	0.06074766355140187	26	0.015186915887850467
all_candidate_role_plus_local_logistic	5	ALL	0.5	0.75	0.75	130	1712	104	0.06074766355140187	26	0.015186915887850467
all_candidate_role_plus_local_logistic	5	ALL	0.5	0.75	0.9	130	1712	37	0.02161214953271028	24	0.014018691588785047
all_candidate_role_plus_local_logistic	5	ALL	0.75	0.25	0.5	130	1712	160	0.09345794392523364	56	0.03271028037383177
all_candidate_role_plus_local_logistic	5	ALL	0.75	0.25	0.75	130	1712	129	0.07535046728971963	54	0.03154205607476635
all_candidate_role_plus_local_logistic	5	ALL	0.75	0.25	0.9	130	1712	68	0.0397196261682243	53	0.030957943925233645
all_candidate_role_plus_local_logistic	5	ALL	0.75	0.5	0.5	130	1712	151	0.08820093457943926	48	0.028037383177570093
all_candidate_role_plus_local_logistic	5	ALL	0.75	0.5	0.75	130	1712	120	0.07009345794392523	46	0.026869158878504672
all_candidate_role_plus_local_logistic	5	ALL	0.75	0.5	0.9	130	1712	59	0.0344626168224299	45	0.026285046728971962
all_candidate_role_plus_local_logistic	5	ALL	0.75	0.75	0.5	130	1712	86	0.05023364485981308	16	0.009345794392523364
all_candidate_role_plus_local_logistic	5	ALL	0.75	0.75	0.75	130	1712	86	0.05023364485981308	16	0.009345794392523364
all_candidate_role_plus_local_logistic	5	ALL	0.75	0.75	0.9	130	1712	25	0.014602803738317757	15	0.008761682242990653
all_candidate_role_plus_local_logistic	5	2023-05-25	0.25	0.25	0.5	40	392	4	0.01020408163265306	4	0.01020408163265306
all_candidate_role_plus_local_logistic	5	2023-05-25	0.25	0.25	0.75	40	392	4	0.01020408163265306	4	0.01020408163265306
all_candidate_role_plus_local_logistic	5	2023-05-25	0.25	0.25	0.9	40	392	3	0.007653061224489796	3	0.007653061224489796
all_candidate_role_plus_local_logistic	5	2023-05-25	0.25	0.5	0.5	40	392	4	0.01020408163265306	4	0.01020408163265306
all_candidate_role_plus_local_logistic	5	2023-05-25	0.25	0.5	0.75	40	392	4	0.01020408163265306	4	0.01020408163265306
all_candidate_role_plus_local_logistic	5	2023-05-25	0.25	0.5	0.9	40	392	3	0.007653061224489796	3	0.007653061224489796
all_candidate_role_plus_local_logistic	5	2023-05-25	0.25	0.75	0.5	40	392	1	0.002551020408163265	1	0.002551020408163265
all_candidate_role_plus_local_logistic	5	2023-05-25	0.25	0.75	0.75	40	392	1	0.002551020408163265	1	0.002551020408163265
all_candidate_role_plus_local_logistic	5	2023-05-25	0.25	0.75	0.9	40	392	0	0.0	0	0.0
all_candidate_role_plus_local_logistic	5	2023-05-25	0.5	0.25	0.5	40	392	3	0.007653061224489796	3	0.007653061224489796
all_candidate_role_plus_local_logistic	5	2023-05-25	0.5	0.25	0.75	40	392	3	0.007653061224489796	3	0.007653061224489796
all_candidate_role_plus_local_logistic	5	2023-05-25	0.5	0.25	0.9	40	392	2	0.00510204081632653	2	0.00510204081632653
all_candidate_role_plus_local_logistic	5	2023-05-25	0.5	0.5	0.5	40	392	3	0.007653061224489796	3	0.007653061224489796
all_candidate_role_plus_local_logistic	5	2023-05-25	0.5	0.5	0.75	40	392	3	0.007653061224489796	3	0.007653061224489796
all_candidate_role_plus_local_logistic	5	2023-05-25	0.5	0.5	0.9	40	392	2	0.00510204081632653	2	0.00510204081632653
all_candidate_role_plus_local_logistic	5	2023-05-25	0.5	0.75	0.5	40	392	1	0.002551020408163265	1	0.002551020408163265
all_candidate_role_plus_local_logistic	5	2023-05-25	0.5	0.75	0.75	40	392	1	0.002551020408163265	1	0.002551020408163265
all_candidate_role_plus_local_logistic	5	2023-05-25	0.5	0.75	0.9	40	392	0	0.0	0	0.0
all_candidate_role_plus_local_logistic	5	2023-05-25	0.75	0.25	0.5	40	392	2	0.00510204081632653	2	0.00510204081632653
all_candidate_role_plus_local_logistic	5	2023-05-25	0.75	0.25	0.75	40	392	2	0.00510204081632653	2	0.00510204081632653
all_candidate_role_plus_local_logistic	5	2023-05-25	0.75	0.25	0.9	40	392	2	0.00510204081632653	2	0.00510204081632653
all_candidate_role_plus_local_logistic	5	2023-05-25	0.75	0.5	0.5	40	392	2	0.00510204081632653	2	0.00510204081632653
all_candidate_role_plus_local_logistic	5	2023-05-25	0.75	0.5	0.75	40	392	2	0.00510204081632653	2	0.00510204081632653
all_candidate_role_plus_local_logistic	5	2023-05-25	0.75	0.5	0.9	40	392	2	0.00510204081632653	2	0.00510204081632653
all_candidate_role_plus_local_logistic	5	2023-05-25	0.75	0.75	0.5	40	392	0	0.0	0	0.0
all_candidate_role_plus_local_logistic	5	2023-05-25	0.75	0.75	0.75	40	392	0	0.0	0	0.0
all_candidate_role_plus_local_logistic	5	2023-05-25	0.75	0.75	0.9	40	392	0	0.0	0	0.0
all_candidate_role_plus_local_logistic	5	2023-05-30	0.25	0.25	0.5	40	440	37	0.08409090909090909	30	0.06818181818181818
all_candidate_role_plus_local_logistic	5	2023-05-30	0.25	0.25	0.75	40	440	37	0.08409090909090909	30	0.06818181818181818
all_candidate_role_plus_local_logistic	5	2023-05-30	0.25	0.25	0.9	40	440	37	0.08409090909090909	30	0.06818181818181818
all_candidate_role_plus_local_logistic	5	2023-05-30	0.25	0.5	0.5	40	440	26	0.05909090909090909	20	0.045454545454545456
all_candidate_role_plus_local_logistic	5	2023-05-30	0.25	0.5	0.75	40	440	26	0.05909090909090909	20	0.045454545454545456
all_candidate_role_plus_local_logistic	5	2023-05-30	0.25	0.5	0.9	40	440	26	0.05909090909090909	20	0.045454545454545456
all_candidate_role_plus_local_logistic	5	2023-05-30	0.25	0.75	0.5	40	440	4	0.00909090909090909	4	0.00909090909090909
all_candidate_role_plus_local_logistic	5	2023-05-30	0.25	0.75	0.75	40	440	4	0.00909090909090909	4	0.00909090909090909
all_candidate_role_plus_local_logistic	5	2023-05-30	0.25	0.75	0.9	40	440	4	0.00909090909090909	4	0.00909090909090909
all_candidate_role_plus_local_logistic	5	2023-05-30	0.5	0.25	0.5	40	440	32	0.07272727272727272	28	0.06363636363636363
all_candidate_role_plus_local_logistic	5	2023-05-30	0.5	0.25	0.75	40	440	32	0.07272727272727272	28	0.06363636363636363
all_candidate_role_plus_local_logistic	5	2023-05-30	0.5	0.25	0.9	40	440	32	0.07272727272727272	28	0.06363636363636363
all_candidate_role_plus_local_logistic	5	2023-05-30	0.5	0.5	0.5	40	440	22	0.05	19	0.04318181818181818
all_candidate_role_plus_local_logistic	5	2023-05-30	0.5	0.5	0.75	40	440	22	0.05	19	0.04318181818181818
all_candidate_role_plus_local_logistic	5	2023-05-30	0.5	0.5	0.9	40	440	22	0.05	19	0.04318181818181818
all_candidate_role_plus_local_logistic	5	2023-05-30	0.5	0.75	0.5	40	440	3	0.006818181818181818	3	0.006818181818181818
all_candidate_role_plus_local_logistic	5	2023-05-30	0.5	0.75	0.75	40	440	3	0.006818181818181818	3	0.006818181818181818
all_candidate_role_plus_local_logistic	5	2023-05-30	0.5	0.75	0.9	40	440	3	0.006818181818181818	3	0.006818181818181818
all_candidate_role_plus_local_logistic	5	2023-05-30	0.75	0.25	0.5	40	440	27	0.06136363636363636	24	0.05454545454545454
all_candidate_role_plus_local_logistic	5	2023-05-30	0.75	0.25	0.75	40	440	27	0.06136363636363636	24	0.05454545454545454
all_candidate_role_plus_local_logistic	5	2023-05-30	0.75	0.25	0.9	40	440	27	0.06136363636363636	24	0.05454545454545454
all_candidate_role_plus_local_logistic	5	2023-05-30	0.75	0.5	0.5	40	440	18	0.04090909090909091	16	0.03636363636363636
all_candidate_role_plus_local_logistic	5	2023-05-30	0.75	0.5	0.75	40	440	18	0.04090909090909091	16	0.03636363636363636
all_candidate_role_plus_local_logistic	5	2023-05-30	0.75	0.5	0.9	40	440	18	0.04090909090909091	16	0.03636363636363636
all_candidate_role_plus_local_logistic	5	2023-05-30	0.75	0.75	0.5	40	440	2	0.004545454545454545	2	0.004545454545454545
all_candidate_role_plus_local_logistic	5	2023-05-30	0.75	0.75	0.75	40	440	2	0.004545454545454545	2	0.004545454545454545
all_candidate_role_plus_local_logistic	5	2023-05-30	0.75	0.75	0.9	40	440	2	0.004545454545454545	2	0.004545454545454545
all_candidate_role_plus_local_logistic	5	2023-06-06	0.25	0.25	0.5	40	726	85	0.11707988980716254	35	0.048209366391184574
all_candidate_role_plus_local_logistic	5	2023-06-06	0.25	0.25	0.75	40	726	49	0.0674931129476584	33	0.045454545454545456
all_candidate_role_plus_local_logistic	5	2023-06-06	0.25	0.25	0.9	40	726	49	0.0674931129476584	33	0.045454545454545456
all_candidate_role_plus_local_logistic	5	2023-06-06	0.25	0.5	0.5	40	726	85	0.11707988980716254	35	0.048209366391184574
all_candidate_role_plus_local_logistic	5	2023-06-06	0.25	0.5	0.75	40	726	49	0.0674931129476584	33	0.045454545454545456
all_candidate_role_plus_local_logistic	5	2023-06-06	0.25	0.5	0.9	40	726	49	0.0674931129476584	33	0.045454545454545456
all_candidate_role_plus_local_logistic	5	2023-06-06	0.25	0.75	0.5	40	726	34	0.046831955922865015	20	0.027548209366391185
all_candidate_role_plus_local_logistic	5	2023-06-06	0.25	0.75	0.75	40	726	34	0.046831955922865015	20	0.027548209366391185
all_candidate_role_plus_local_logistic	5	2023-06-06	0.25	0.75	0.9	40	726	34	0.046831955922865015	20	0.027548209366391185
all_candidate_role_plus_local_logistic	5	2023-06-06	0.5	0.25	0.5	40	726	82	0.11294765840220386	33	0.045454545454545456
all_candidate_role_plus_local_logistic	5	2023-06-06	0.5	0.25	0.75	40	726	46	0.06336088154269973	31	0.04269972451790634
all_candidate_role_plus_local_logistic	5	2023-06-06	0.5	0.25	0.9	40	726	46	0.06336088154269973	31	0.04269972451790634
all_candidate_role_plus_local_logistic	5	2023-06-06	0.5	0.5	0.5	40	726	82	0.11294765840220386	33	0.045454545454545456
all_candidate_role_plus_local_logistic	5	2023-06-06	0.5	0.5	0.75	40	726	46	0.06336088154269973	31	0.04269972451790634
all_candidate_role_plus_local_logistic	5	2023-06-06	0.5	0.5	0.9	40	726	46	0.06336088154269973	31	0.04269972451790634
all_candidate_role_plus_local_logistic	5	2023-06-06	0.5	0.75	0.5	40	726	32	0.0440771349862259	19	0.026170798898071626
all_candidate_role_plus_local_logistic	5	2023-06-06	0.5	0.75	0.75	40	726	32	0.0440771349862259	19	0.026170798898071626
all_candidate_role_plus_local_logistic	5	2023-06-06	0.5	0.75	0.9	40	726	32	0.0440771349862259	19	0.026170798898071626
all_candidate_role_plus_local_logistic	5	2023-06-06	0.75	0.25	0.5	40	726	65	0.08953168044077135	24	0.03305785123966942
all_candidate_role_plus_local_logistic	5	2023-06-06	0.75	0.25	0.75	40	726	34	0.046831955922865015	22	0.030303030303030304
all_candidate_role_plus_local_logistic	5	2023-06-06	0.75	0.25	0.9	40	726	34	0.046831955922865015	22	0.030303030303030304
all_candidate_role_plus_local_logistic	5	2023-06-06	0.75	0.5	0.5	40	726	65	0.08953168044077135	24	0.03305785123966942
all_candidate_role_plus_local_logistic	5	2023-06-06	0.75	0.5	0.75	40	726	34	0.046831955922865015	22	0.030303030303030304
all_candidate_role_plus_local_logistic	5	2023-06-06	0.75	0.5	0.9	40	726	34	0.046831955922865015	22	0.030303030303030304
all_candidate_role_plus_local_logistic	5	2023-06-06	0.75	0.75	0.5	40	726	21	0.028925619834710745	11	0.015151515151515152
all_candidate_role_plus_local_logistic	5	2023-06-06	0.75	0.75	0.75	40	726	21	0.028925619834710745	11	0.015151515151515152
all_candidate_role_plus_local_logistic	5	2023-06-06	0.75	0.75	0.9	40	726	21	0.028925619834710745	11	0.015151515151515152
all_candidate_role_plus_local_logistic	5	2023-06-15	0.25	0.25	0.5	10	154	73	0.474025974025974	6	0.03896103896103896
all_candidate_role_plus_local_logistic	5	2023-06-15	0.25	0.25	0.75	10	154	73	0.474025974025974	6	0.03896103896103896
all_candidate_role_plus_local_logistic	5	2023-06-15	0.25	0.25	0.9	10	154	5	0.032467532467532464	5	0.032467532467532464
all_candidate_role_plus_local_logistic	5	2023-06-15	0.25	0.5	0.5	10	154	73	0.474025974025974	6	0.03896103896103896
all_candidate_role_plus_local_logistic	5	2023-06-15	0.25	0.5	0.75	10	154	73	0.474025974025974	6	0.03896103896103896
all_candidate_role_plus_local_logistic	5	2023-06-15	0.25	0.5	0.9	10	154	5	0.032467532467532464	5	0.032467532467532464
all_candidate_role_plus_local_logistic	5	2023-06-15	0.25	0.75	0.5	10	154	70	0.45454545454545453	3	0.01948051948051948
all_candidate_role_plus_local_logistic	5	2023-06-15	0.25	0.75	0.75	10	154	70	0.45454545454545453	3	0.01948051948051948
all_candidate_role_plus_local_logistic	5	2023-06-15	0.25	0.75	0.9	10	154	2	0.012987012987012988	2	0.012987012987012988
all_candidate_role_plus_local_logistic	5	2023-06-15	0.5	0.25	0.5	10	154	71	0.461038961038961	6	0.03896103896103896
all_candidate_role_plus_local_logistic	5	2023-06-15	0.5	0.25	0.75	10	154	71	0.461038961038961	6	0.03896103896103896
all_candidate_role_plus_local_logistic	5	2023-06-15	0.5	0.25	0.9	10	154	5	0.032467532467532464	5	0.032467532467532464
all_candidate_role_plus_local_logistic	5	2023-06-15	0.5	0.5	0.5	10	154	71	0.461038961038961	6	0.03896103896103896
all_candidate_role_plus_local_logistic	5	2023-06-15	0.5	0.5	0.75	10	154	71	0.461038961038961	6	0.03896103896103896
all_candidate_role_plus_local_logistic	5	2023-06-15	0.5	0.5	0.9	10	154	5	0.032467532467532464	5	0.032467532467532464
all_candidate_role_plus_local_logistic	5	2023-06-15	0.5	0.75	0.5	10	154	68	0.44155844155844154	3	0.01948051948051948
all_candidate_role_plus_local_logistic	5	2023-06-15	0.5	0.75	0.75	10	154	68	0.44155844155844154	3	0.01948051948051948
all_candidate_role_plus_local_logistic	5	2023-06-15	0.5	0.75	0.9	10	154	2	0.012987012987012988	2	0.012987012987012988
all_candidate_role_plus_local_logistic	5	2023-06-15	0.75	0.25	0.5	10	154	66	0.42857142857142855	6	0.03896103896103896
all_candidate_role_plus_local_logistic	5	2023-06-15	0.75	0.25	0.75	10	154	66	0.42857142857142855	6	0.03896103896103896
all_candidate_role_plus_local_logistic	5	2023-06-15	0.75	0.25	0.9	10	154	5	0.032467532467532464	5	0.032467532467532464
all_candidate_role_plus_local_logistic	5	2023-06-15	0.75	0.5	0.5	10	154	66	0.42857142857142855	6	0.03896103896103896
all_candidate_role_plus_local_logistic	5	2023-06-15	0.75	0.5	0.75	10	154	66	0.42857142857142855	6	0.03896103896103896
all_candidate_role_plus_local_logistic	5	2023-06-15	0.75	0.5	0.9	10	154	5	0.032467532467532464	5	0.032467532467532464
all_candidate_role_plus_local_logistic	5	2023-06-15	0.75	0.75	0.5	10	154	63	0.4090909090909091	3	0.01948051948051948
all_candidate_role_plus_local_logistic	5	2023-06-15	0.75	0.75	0.75	10	154	63	0.4090909090909091	3	0.01948051948051948
all_candidate_role_plus_local_logistic	5	2023-06-15	0.75	0.75	0.9	10	154	2	0.012987012987012988	2	0.012987012987012988
all_candidate_role_plus_local_logistic	10	ALL	0.25	0.25	0.5	260	1712	296	0.17289719626168223	148	0.08644859813084112
all_candidate_role_plus_local_logistic	10	ALL	0.25	0.25	0.75	260	1712	256	0.14953271028037382	145	0.084696261682243
all_candidate_role_plus_local_logistic	10	ALL	0.25	0.25	0.9	260	1712	187	0.10922897196261683	143	0.08352803738317757
all_candidate_role_plus_local_logistic	10	ALL	0.25	0.5	0.5	260	1712	272	0.1588785046728972	126	0.07359813084112149
all_candidate_role_plus_local_logistic	10	ALL	0.25	0.5	0.75	260	1712	232	0.13551401869158877	123	0.07184579439252337
all_candidate_role_plus_local_logistic	10	ALL	0.25	0.5	0.9	260	1712	163	0.09521028037383178	121	0.07067757009345794
all_candidate_role_plus_local_logistic	10	ALL	0.25	0.75	0.5	260	1712	148	0.08644859813084112	58	0.03387850467289719
all_candidate_role_plus_local_logistic	10	ALL	0.25	0.75	0.75	260	1712	148	0.08644859813084112	58	0.03387850467289719
all_candidate_role_plus_local_logistic	10	ALL	0.25	0.75	0.9	260	1712	79	0.04614485981308411	56	0.03271028037383177
all_candidate_role_plus_local_logistic	10	ALL	0.5	0.25	0.5	260	1712	273	0.1594626168224299	134	0.07827102803738317
all_candidate_role_plus_local_logistic	10	ALL	0.5	0.25	0.75	260	1712	233	0.1360981308411215	131	0.07651869158878505
all_candidate_role_plus_local_logistic	10	ALL	0.5	0.25	0.9	260	1712	166	0.0969626168224299	129	0.07535046728971963
all_candidate_role_plus_local_logistic	10	ALL	0.5	0.5	0.5	260	1712	251	0.1466121495327103	114	0.06658878504672897
all_candidate_role_plus_local_logistic	10	ALL	0.5	0.5	0.75	260	1712	211	0.12324766355140188	111	0.06483644859813084
all_candidate_role_plus_local_logistic	10	ALL	0.5	0.5	0.9	260	1712	144	0.08411214953271028	109	0.06366822429906542
all_candidate_role_plus_local_logistic	10	ALL	0.5	0.75	0.5	260	1712	136	0.0794392523364486	50	0.029205607476635514
all_candidate_role_plus_local_logistic	10	ALL	0.5	0.75	0.75	260	1712	136	0.0794392523364486	50	0.029205607476635514
all_candidate_role_plus_local_logistic	10	ALL	0.5	0.75	0.9	260	1712	69	0.04030373831775701	48	0.028037383177570093
all_candidate_role_plus_local_logistic	10	ALL	0.75	0.25	0.5	260	1712	227	0.13259345794392524	106	0.06191588785046729
all_candidate_role_plus_local_logistic	10	ALL	0.75	0.25	0.75	260	1712	192	0.11214953271028037	103	0.06016355140186916
all_candidate_role_plus_local_logistic	10	ALL	0.75	0.25	0.9	260	1712	131	0.07651869158878505	102	0.05957943925233645
all_candidate_role_plus_local_logistic	10	ALL	0.75	0.5	0.5	260	1712	207	0.12091121495327103	88	0.0514018691588785
all_candidate_role_plus_local_logistic	10	ALL	0.75	0.5	0.75	260	1712	172	0.10046728971962617	85	0.04964953271028037
all_candidate_role_plus_local_logistic	10	ALL	0.75	0.5	0.9	260	1712	111	0.06483644859813084	84	0.04906542056074766
all_candidate_role_plus_local_logistic	10	ALL	0.75	0.75	0.5	260	1712	104	0.06074766355140187	29	0.016939252336448597
all_candidate_role_plus_local_logistic	10	ALL	0.75	0.75	0.75	260	1712	104	0.06074766355140187	29	0.016939252336448597
all_candidate_role_plus_local_logistic	10	ALL	0.75	0.75	0.9	260	1712	43	0.02511682242990654	28	0.016355140186915886
all_candidate_role_plus_local_logistic	10	2023-05-25	0.25	0.25	0.5	80	392	10	0.025510204081632654	10	0.025510204081632654
all_candidate_role_plus_local_logistic	10	2023-05-25	0.25	0.25	0.75	80	392	10	0.025510204081632654	10	0.025510204081632654
all_candidate_role_plus_local_logistic	10	2023-05-25	0.25	0.25	0.9	80	392	9	0.02295918367346939	9	0.02295918367346939
all_candidate_role_plus_local_logistic	10	2023-05-25	0.25	0.5	0.5	80	392	6	0.015306122448979591	6	0.015306122448979591
all_candidate_role_plus_local_logistic	10	2023-05-25	0.25	0.5	0.75	80	392	6	0.015306122448979591	6	0.015306122448979591
all_candidate_role_plus_local_logistic	10	2023-05-25	0.25	0.5	0.9	80	392	5	0.012755102040816327	5	0.012755102040816327
all_candidate_role_plus_local_logistic	10	2023-05-25	0.25	0.75	0.5	80	392	2	0.00510204081632653	2	0.00510204081632653
all_candidate_role_plus_local_logistic	10	2023-05-25	0.25	0.75	0.75	80	392	2	0.00510204081632653	2	0.00510204081632653
all_candidate_role_plus_local_logistic	10	2023-05-25	0.25	0.75	0.9	80	392	1	0.002551020408163265	1	0.002551020408163265
all_candidate_role_plus_local_logistic	10	2023-05-25	0.5	0.25	0.5	80	392	9	0.02295918367346939	9	0.02295918367346939
all_candidate_role_plus_local_logistic	10	2023-05-25	0.5	0.25	0.75	80	392	9	0.02295918367346939	9	0.02295918367346939
all_candidate_role_plus_local_logistic	10	2023-05-25	0.5	0.25	0.9	80	392	8	0.02040816326530612	8	0.02040816326530612
all_candidate_role_plus_local_logistic	10	2023-05-25	0.5	0.5	0.5	80	392	5	0.012755102040816327	5	0.012755102040816327
all_candidate_role_plus_local_logistic	10	2023-05-25	0.5	0.5	0.75	80	392	5	0.012755102040816327	5	0.012755102040816327
all_candidate_role_plus_local_logistic	10	2023-05-25	0.5	0.5	0.9	80	392	4	0.01020408163265306	4	0.01020408163265306
all_candidate_role_plus_local_logistic	10	2023-05-25	0.5	0.75	0.5	80	392	2	0.00510204081632653	2	0.00510204081632653
all_candidate_role_plus_local_logistic	10	2023-05-25	0.5	0.75	0.75	80	392	2	0.00510204081632653	2	0.00510204081632653
all_candidate_role_plus_local_logistic	10	2023-05-25	0.5	0.75	0.9	80	392	1	0.002551020408163265	1	0.002551020408163265
all_candidate_role_plus_local_logistic	10	2023-05-25	0.75	0.25	0.5	80	392	7	0.017857142857142856	7	0.017857142857142856
all_candidate_role_plus_local_logistic	10	2023-05-25	0.75	0.25	0.75	80	392	7	0.017857142857142856	7	0.017857142857142856
all_candidate_role_plus_local_logistic	10	2023-05-25	0.75	0.25	0.9	80	392	7	0.017857142857142856	7	0.017857142857142856
all_candidate_role_plus_local_logistic	10	2023-05-25	0.75	0.5	0.5	80	392	3	0.007653061224489796	3	0.007653061224489796
all_candidate_role_plus_local_logistic	10	2023-05-25	0.75	0.5	0.75	80	392	3	0.007653061224489796	3	0.007653061224489796
all_candidate_role_plus_local_logistic	10	2023-05-25	0.75	0.5	0.9	80	392	3	0.007653061224489796	3	0.007653061224489796
all_candidate_role_plus_local_logistic	10	2023-05-25	0.75	0.75	0.5	80	392	0	0.0	0	0.0
all_candidate_role_plus_local_logistic	10	2023-05-25	0.75	0.75	0.75	80	392	0	0.0	0	0.0
all_candidate_role_plus_local_logistic	10	2023-05-25	0.75	0.75	0.9	80	392	0	0.0	0	0.0
all_candidate_role_plus_local_logistic	10	2023-05-30	0.25	0.25	0.5	80	440	68	0.15454545454545454	57	0.12954545454545455
all_candidate_role_plus_local_logistic	10	2023-05-30	0.25	0.25	0.75	80	440	68	0.15454545454545454	57	0.12954545454545455
all_candidate_role_plus_local_logistic	10	2023-05-30	0.25	0.25	0.9	80	440	68	0.15454545454545454	57	0.12954545454545455
all_candidate_role_plus_local_logistic	10	2023-05-30	0.25	0.5	0.5	80	440	51	0.1159090909090909	42	0.09545454545454546
all_candidate_role_plus_local_logistic	10	2023-05-30	0.25	0.5	0.75	80	440	51	0.1159090909090909	42	0.09545454545454546
all_candidate_role_plus_local_logistic	10	2023-05-30	0.25	0.5	0.9	80	440	51	0.1159090909090909	42	0.09545454545454546
all_candidate_role_plus_local_logistic	10	2023-05-30	0.25	0.75	0.5	80	440	11	0.025	11	0.025
all_candidate_role_plus_local_logistic	10	2023-05-30	0.25	0.75	0.75	80	440	11	0.025	11	0.025
all_candidate_role_plus_local_logistic	10	2023-05-30	0.25	0.75	0.9	80	440	11	0.025	11	0.025
all_candidate_role_plus_local_logistic	10	2023-05-30	0.5	0.25	0.5	80	440	57	0.12954545454545455	50	0.11363636363636363
all_candidate_role_plus_local_logistic	10	2023-05-30	0.5	0.25	0.75	80	440	57	0.12954545454545455	50	0.11363636363636363
all_candidate_role_plus_local_logistic	10	2023-05-30	0.5	0.25	0.9	80	440	57	0.12954545454545455	50	0.11363636363636363
all_candidate_role_plus_local_logistic	10	2023-05-30	0.5	0.5	0.5	80	440	41	0.09318181818181819	36	0.08181818181818182
all_candidate_role_plus_local_logistic	10	2023-05-30	0.5	0.5	0.75	80	440	41	0.09318181818181819	36	0.08181818181818182
all_candidate_role_plus_local_logistic	10	2023-05-30	0.5	0.5	0.9	80	440	41	0.09318181818181819	36	0.08181818181818182
all_candidate_role_plus_local_logistic	10	2023-05-30	0.5	0.75	0.5	80	440	7	0.015909090909090907	7	0.015909090909090907
all_candidate_role_plus_local_logistic	10	2023-05-30	0.5	0.75	0.75	80	440	7	0.015909090909090907	7	0.015909090909090907
all_candidate_role_plus_local_logistic	10	2023-05-30	0.5	0.75	0.9	80	440	7	0.015909090909090907	7	0.015909090909090907
all_candidate_role_plus_local_logistic	10	2023-05-30	0.75	0.25	0.5	80	440	47	0.10681818181818181	42	0.09545454545454546
all_candidate_role_plus_local_logistic	10	2023-05-30	0.75	0.25	0.75	80	440	47	0.10681818181818181	42	0.09545454545454546
all_candidate_role_plus_local_logistic	10	2023-05-30	0.75	0.25	0.9	80	440	47	0.10681818181818181	42	0.09545454545454546
all_candidate_role_plus_local_logistic	10	2023-05-30	0.75	0.5	0.5	80	440	33	0.075	30	0.06818181818181818
all_candidate_role_plus_local_logistic	10	2023-05-30	0.75	0.5	0.75	80	440	33	0.075	30	0.06818181818181818
all_candidate_role_plus_local_logistic	10	2023-05-30	0.75	0.5	0.9	80	440	33	0.075	30	0.06818181818181818
all_candidate_role_plus_local_logistic	10	2023-05-30	0.75	0.75	0.5	80	440	3	0.006818181818181818	3	0.006818181818181818
all_candidate_role_plus_local_logistic	10	2023-05-30	0.75	0.75	0.75	80	440	3	0.006818181818181818	3	0.006818181818181818
all_candidate_role_plus_local_logistic	10	2023-05-30	0.75	0.75	0.9	80	440	3	0.006818181818181818	3	0.006818181818181818
all_candidate_role_plus_local_logistic	10	2023-06-06	0.25	0.25	0.5	80	726	142	0.19559228650137742	72	0.09917355371900827
all_candidate_role_plus_local_logistic	10	2023-06-06	0.25	0.25	0.75	80	726	102	0.14049586776859505	69	0.09504132231404959
all_candidate_role_plus_local_logistic	10	2023-06-06	0.25	0.25	0.9	80	726	102	0.14049586776859505	69	0.09504132231404959
all_candidate_role_plus_local_logistic	10	2023-06-06	0.25	0.5	0.5	80	726	139	0.19146005509641872	69	0.09504132231404959
all_candidate_role_plus_local_logistic	10	2023-06-06	0.25	0.5	0.75	80	726	99	0.13636363636363635	66	0.09090909090909091
all_candidate_role_plus_local_logistic	10	2023-06-06	0.25	0.5	0.9	80	726	99	0.13636363636363635	66	0.09090909090909091
all_candidate_role_plus_local_logistic	10	2023-06-06	0.25	0.75	0.5	80	726	62	0.08539944903581267	39	0.05371900826446281
all_candidate_role_plus_local_logistic	10	2023-06-06	0.25	0.75	0.75	80	726	62	0.08539944903581267	39	0.05371900826446281
all_candidate_role_plus_local_logistic	10	2023-06-06	0.25	0.75	0.9	80	726	62	0.08539944903581267	39	0.05371900826446281
all_candidate_role_plus_local_logistic	10	2023-06-06	0.5	0.25	0.5	80	726	134	0.18457300275482094	67	0.09228650137741047
all_candidate_role_plus_local_logistic	10	2023-06-06	0.5	0.25	0.75	80	726	94	0.12947658402203857	64	0.0881542699724518
all_candidate_role_plus_local_logistic	10	2023-06-06	0.5	0.25	0.9	80	726	94	0.12947658402203857	64	0.0881542699724518
all_candidate_role_plus_local_logistic	10	2023-06-06	0.5	0.5	0.5	80	726	132	0.18181818181818182	65	0.08953168044077135
all_candidate_role_plus_local_logistic	10	2023-06-06	0.5	0.5	0.75	80	726	92	0.12672176308539945	62	0.08539944903581267
all_candidate_role_plus_local_logistic	10	2023-06-06	0.5	0.5	0.9	80	726	92	0.12672176308539945	62	0.08539944903581267
all_candidate_role_plus_local_logistic	10	2023-06-06	0.5	0.75	0.5	80	726	57	0.07851239669421488	36	0.049586776859504134
all_candidate_role_plus_local_logistic	10	2023-06-06	0.5	0.75	0.75	80	726	57	0.07851239669421488	36	0.049586776859504134
all_candidate_role_plus_local_logistic	10	2023-06-06	0.5	0.75	0.9	80	726	57	0.07851239669421488	36	0.049586776859504134
all_candidate_role_plus_local_logistic	10	2023-06-06	0.75	0.25	0.5	80	726	107	0.14738292011019283	51	0.07024793388429752
all_candidate_role_plus_local_logistic	10	2023-06-06	0.75	0.25	0.75	80	726	72	0.09917355371900827	48	0.06611570247933884
all_candidate_role_plus_local_logistic	10	2023-06-06	0.75	0.25	0.9	80	726	72	0.09917355371900827	48	0.06611570247933884
all_candidate_role_plus_local_logistic	10	2023-06-06	0.75	0.5	0.5	80	726	105	0.1446280991735537	49	0.0674931129476584
all_candidate_role_plus_local_logistic	10	2023-06-06	0.75	0.5	0.75	80	726	70	0.09641873278236915	46	0.06336088154269973
all_candidate_role_plus_local_logistic	10	2023-06-06	0.75	0.5	0.9	80	726	70	0.09641873278236915	46	0.06336088154269973
all_candidate_role_plus_local_logistic	10	2023-06-06	0.75	0.75	0.5	80	726	38	0.05234159779614325	23	0.03168044077134986
all_candidate_role_plus_local_logistic	10	2023-06-06	0.75	0.75	0.75	80	726	38	0.05234159779614325	23	0.03168044077134986
all_candidate_role_plus_local_logistic	10	2023-06-06	0.75	0.75	0.9	80	726	38	0.05234159779614325	23	0.03168044077134986
all_candidate_role_plus_local_logistic	10	2023-06-15	0.25	0.25	0.5	20	154	76	0.4935064935064935	9	0.05844155844155844
all_candidate_role_plus_local_logistic	10	2023-06-15	0.25	0.25	0.75	20	154	76	0.4935064935064935	9	0.05844155844155844
all_candidate_role_plus_local_logistic	10	2023-06-15	0.25	0.25	0.9	20	154	8	0.05194805194805195	8	0.05194805194805195
all_candidate_role_plus_local_logistic	10	2023-06-15	0.25	0.5	0.5	20	154	76	0.4935064935064935	9	0.05844155844155844
all_candidate_role_plus_local_logistic	10	2023-06-15	0.25	0.5	0.75	20	154	76	0.4935064935064935	9	0.05844155844155844
all_candidate_role_plus_local_logistic	10	2023-06-15	0.25	0.5	0.9	20	154	8	0.05194805194805195	8	0.05194805194805195
all_candidate_role_plus_local_logistic	10	2023-06-15	0.25	0.75	0.5	20	154	73	0.474025974025974	6	0.03896103896103896
all_candidate_role_plus_local_logistic	10	2023-06-15	0.25	0.75	0.75	20	154	73	0.474025974025974	6	0.03896103896103896
all_candidate_role_plus_local_logistic	10	2023-06-15	0.25	0.75	0.9	20	154	5	0.032467532467532464	5	0.032467532467532464
all_candidate_role_plus_local_logistic	10	2023-06-15	0.5	0.25	0.5	20	154	73	0.474025974025974	8	0.05194805194805195
all_candidate_role_plus_local_logistic	10	2023-06-15	0.5	0.25	0.75	20	154	73	0.474025974025974	8	0.05194805194805195
all_candidate_role_plus_local_logistic	10	2023-06-15	0.5	0.25	0.9	20	154	7	0.045454545454545456	7	0.045454545454545456
all_candidate_role_plus_local_logistic	10	2023-06-15	0.5	0.5	0.5	20	154	73	0.474025974025974	8	0.05194805194805195
all_candidate_role_plus_local_logistic	10	2023-06-15	0.5	0.5	0.75	20	154	73	0.474025974025974	8	0.05194805194805195
all_candidate_role_plus_local_logistic	10	2023-06-15	0.5	0.5	0.9	20	154	7	0.045454545454545456	7	0.045454545454545456
all_candidate_role_plus_local_logistic	10	2023-06-15	0.5	0.75	0.5	20	154	70	0.45454545454545453	5	0.032467532467532464
all_candidate_role_plus_local_logistic	10	2023-06-15	0.5	0.75	0.75	20	154	70	0.45454545454545453	5	0.032467532467532464
all_candidate_role_plus_local_logistic	10	2023-06-15	0.5	0.75	0.9	20	154	4	0.025974025974025976	4	0.025974025974025976
all_candidate_role_plus_local_logistic	10	2023-06-15	0.75	0.25	0.5	20	154	66	0.42857142857142855	6	0.03896103896103896
all_candidate_role_plus_local_logistic	10	2023-06-15	0.75	0.25	0.75	20	154	66	0.42857142857142855	6	0.03896103896103896
all_candidate_role_plus_local_logistic	10	2023-06-15	0.75	0.25	0.9	20	154	5	0.032467532467532464	5	0.032467532467532464
all_candidate_role_plus_local_logistic	10	2023-06-15	0.75	0.5	0.5	20	154	66	0.42857142857142855	6	0.03896103896103896
all_candidate_role_plus_local_logistic	10	2023-06-15	0.75	0.5	0.75	20	154	66	0.42857142857142855	6	0.03896103896103896
all_candidate_role_plus_local_logistic	10	2023-06-15	0.75	0.5	0.9	20	154	5	0.032467532467532464	5	0.032467532467532464
all_candidate_role_plus_local_logistic	10	2023-06-15	0.75	0.75	0.5	20	154	63	0.4090909090909091	3	0.01948051948051948
all_candidate_role_plus_local_logistic	10	2023-06-15	0.75	0.75	0.75	20	154	63	0.4090909090909091	3	0.01948051948051948
all_candidate_role_plus_local_logistic	10	2023-06-15	0.75	0.75	0.9	20	154	2	0.012987012987012988	2	0.012987012987012988
all_candidate_role_plus_local_logistic	20	ALL	0.25	0.25	0.5	520	1712	491	0.2867990654205608	287	0.16764018691588786
all_candidate_role_plus_local_logistic	20	ALL	0.25	0.25	0.75	520	1712	432	0.2523364485981308	281	0.1641355140186916
all_candidate_role_plus_local_logistic	20	ALL	0.25	0.25	0.9	520	1712	363	0.21203271028037382	279	0.16296728971962618
all_candidate_role_plus_local_logistic	20	ALL	0.25	0.5	0.5	520	1712	435	0.254088785046729	235	0.13726635514018692
all_candidate_role_plus_local_logistic	20	ALL	0.25	0.5	0.75	520	1712	376	0.21962616822429906	229	0.13376168224299065
all_candidate_role_plus_local_logistic	20	ALL	0.25	0.5	0.9	520	1712	307	0.17932242990654207	227	0.13259345794392524
all_candidate_role_plus_local_logistic	20	ALL	0.25	0.75	0.5	520	1712	230	0.13434579439252337	111	0.06483644859813084
all_candidate_role_plus_local_logistic	20	ALL	0.25	0.75	0.75	520	1712	212	0.12383177570093458	109	0.06366822429906542
all_candidate_role_plus_local_logistic	20	ALL	0.25	0.75	0.9	520	1712	143	0.08352803738317757	107	0.0625
all_candidate_role_plus_local_logistic	20	ALL	0.5	0.25	0.5	520	1712	450	0.2628504672897196	257	0.15011682242990654
all_candidate_role_plus_local_logistic	20	ALL	0.5	0.25	0.75	520	1712	392	0.22897196261682243	251	0.1466121495327103
all_candidate_role_plus_local_logistic	20	ALL	0.5	0.25	0.9	520	1712	325	0.18983644859813084	249	0.14544392523364486
all_candidate_role_plus_local_logistic	20	ALL	0.5	0.5	0.5	520	1712	398	0.2324766355140187	209	0.12207943925233646
all_candidate_role_plus_local_logistic	20	ALL	0.5	0.5	0.75	520	1712	340	0.1985981308411215	203	0.1185747663551402
all_candidate_role_plus_local_logistic	20	ALL	0.5	0.5	0.9	520	1712	273	0.1594626168224299	201	0.11740654205607477
all_candidate_role_plus_local_logistic	20	ALL	0.5	0.75	0.5	520	1712	207	0.12091121495327103	94	0.054906542056074766
all_candidate_role_plus_local_logistic	20	ALL	0.5	0.75	0.75	520	1712	190	0.11098130841121495	92	0.053738317757009345
all_candidate_role_plus_local_logistic	20	ALL	0.5	0.75	0.9	520	1712	123	0.07184579439252337	90	0.052570093457943924
all_candidate_role_plus_local_logistic	20	ALL	0.75	0.25	0.5	520	1712	365	0.21320093457943926	202	0.11799065420560748
all_candidate_role_plus_local_logistic	20	ALL	0.75	0.25	0.75	520	1712	316	0.18457943925233644	196	0.11448598130841121
all_candidate_role_plus_local_logistic	20	ALL	0.75	0.25	0.9	520	1712	255	0.14894859813084113	195	0.11390186915887851
all_candidate_role_plus_local_logistic	20	ALL	0.75	0.5	0.5	520	1712	320	0.18691588785046728	161	0.09404205607476636
all_candidate_role_plus_local_logistic	20	ALL	0.75	0.5	0.75	520	1712	271	0.1582943925233645	155	0.0905373831775701
all_candidate_role_plus_local_logistic	20	ALL	0.75	0.5	0.9	520	1712	210	0.12266355140186916	154	0.08995327102803738
all_candidate_role_plus_local_logistic	20	ALL	0.75	0.75	0.5	520	1712	149	0.08703271028037383	56	0.03271028037383177
all_candidate_role_plus_local_logistic	20	ALL	0.75	0.75	0.75	520	1712	136	0.0794392523364486	54	0.03154205607476635
all_candidate_role_plus_local_logistic	20	ALL	0.75	0.75	0.9	520	1712	75	0.04380841121495327	53	0.030957943925233645
all_candidate_role_plus_local_logistic	20	2023-05-25	0.25	0.25	0.5	160	392	22	0.05612244897959184	21	0.05357142857142857
all_candidate_role_plus_local_logistic	20	2023-05-25	0.25	0.25	0.75	160	392	22	0.05612244897959184	21	0.05357142857142857
all_candidate_role_plus_local_logistic	20	2023-05-25	0.25	0.25	0.9	160	392	21	0.05357142857142857	20	0.05102040816326531
all_candidate_role_plus_local_logistic	20	2023-05-25	0.25	0.5	0.5	160	392	14	0.03571428571428571	13	0.03316326530612245
all_candidate_role_plus_local_logistic	20	2023-05-25	0.25	0.5	0.75	160	392	14	0.03571428571428571	13	0.03316326530612245
all_candidate_role_plus_local_logistic	20	2023-05-25	0.25	0.5	0.9	160	392	13	0.03316326530612245	12	0.030612244897959183
all_candidate_role_plus_local_logistic	20	2023-05-25	0.25	0.75	0.5	160	392	3	0.007653061224489796	3	0.007653061224489796
all_candidate_role_plus_local_logistic	20	2023-05-25	0.25	0.75	0.75	160	392	3	0.007653061224489796	3	0.007653061224489796
all_candidate_role_plus_local_logistic	20	2023-05-25	0.25	0.75	0.9	160	392	2	0.00510204081632653	2	0.00510204081632653
all_candidate_role_plus_local_logistic	20	2023-05-25	0.5	0.25	0.5	160	392	20	0.05102040816326531	19	0.04846938775510204
all_candidate_role_plus_local_logistic	20	2023-05-25	0.5	0.25	0.75	160	392	20	0.05102040816326531	19	0.04846938775510204
all_candidate_role_plus_local_logistic	20	2023-05-25	0.5	0.25	0.9	160	392	19	0.04846938775510204	18	0.04591836734693878
all_candidate_role_plus_local_logistic	20	2023-05-25	0.5	0.5	0.5	160	392	12	0.030612244897959183	11	0.02806122448979592
all_candidate_role_plus_local_logistic	20	2023-05-25	0.5	0.5	0.75	160	392	12	0.030612244897959183	11	0.02806122448979592
all_candidate_role_plus_local_logistic	20	2023-05-25	0.5	0.5	0.9	160	392	11	0.02806122448979592	10	0.025510204081632654
all_candidate_role_plus_local_logistic	20	2023-05-25	0.5	0.75	0.5	160	392	3	0.007653061224489796	3	0.007653061224489796
all_candidate_role_plus_local_logistic	20	2023-05-25	0.5	0.75	0.75	160	392	3	0.007653061224489796	3	0.007653061224489796
all_candidate_role_plus_local_logistic	20	2023-05-25	0.5	0.75	0.9	160	392	2	0.00510204081632653	2	0.00510204081632653
all_candidate_role_plus_local_logistic	20	2023-05-25	0.75	0.25	0.5	160	392	14	0.03571428571428571	14	0.03571428571428571
all_candidate_role_plus_local_logistic	20	2023-05-25	0.75	0.25	0.75	160	392	14	0.03571428571428571	14	0.03571428571428571
all_candidate_role_plus_local_logistic	20	2023-05-25	0.75	0.25	0.9	160	392	14	0.03571428571428571	14	0.03571428571428571
all_candidate_role_plus_local_logistic	20	2023-05-25	0.75	0.5	0.5	160	392	7	0.017857142857142856	7	0.017857142857142856
all_candidate_role_plus_local_logistic	20	2023-05-25	0.75	0.5	0.75	160	392	7	0.017857142857142856	7	0.017857142857142856
all_candidate_role_plus_local_logistic	20	2023-05-25	0.75	0.5	0.9	160	392	7	0.017857142857142856	7	0.017857142857142856
all_candidate_role_plus_local_logistic	20	2023-05-25	0.75	0.75	0.5	160	392	0	0.0	0	0.0
all_candidate_role_plus_local_logistic	20	2023-05-25	0.75	0.75	0.75	160	392	0	0.0	0	0.0
all_candidate_role_plus_local_logistic	20	2023-05-25	0.75	0.75	0.9	160	392	0	0.0	0	0.0
all_candidate_role_plus_local_logistic	20	2023-05-30	0.25	0.25	0.5	160	440	123	0.27954545454545454	104	0.23636363636363636
all_candidate_role_plus_local_logistic	20	2023-05-30	0.25	0.25	0.75	160	440	123	0.27954545454545454	104	0.23636363636363636
all_candidate_role_plus_local_logistic	20	2023-05-30	0.25	0.25	0.9	160	440	123	0.27954545454545454	104	0.23636363636363636
all_candidate_role_plus_local_logistic	20	2023-05-30	0.25	0.5	0.5	160	440	84	0.19090909090909092	69	0.15681818181818183
all_candidate_role_plus_local_logistic	20	2023-05-30	0.25	0.5	0.75	160	440	84	0.19090909090909092	69	0.15681818181818183
all_candidate_role_plus_local_logistic	20	2023-05-30	0.25	0.5	0.9	160	440	84	0.19090909090909092	69	0.15681818181818183
all_candidate_role_plus_local_logistic	20	2023-05-30	0.25	0.75	0.5	160	440	21	0.04772727272727273	20	0.045454545454545456
all_candidate_role_plus_local_logistic	20	2023-05-30	0.25	0.75	0.75	160	440	21	0.04772727272727273	20	0.045454545454545456
all_candidate_role_plus_local_logistic	20	2023-05-30	0.25	0.75	0.9	160	440	21	0.04772727272727273	20	0.045454545454545456
all_candidate_role_plus_local_logistic	20	2023-05-30	0.5	0.25	0.5	160	440	104	0.23636363636363636	89	0.20227272727272727
all_candidate_role_plus_local_logistic	20	2023-05-30	0.5	0.25	0.75	160	440	104	0.23636363636363636	89	0.20227272727272727
all_candidate_role_plus_local_logistic	20	2023-05-30	0.5	0.25	0.9	160	440	104	0.23636363636363636	89	0.20227272727272727
all_candidate_role_plus_local_logistic	20	2023-05-30	0.5	0.5	0.5	160	440	68	0.15454545454545454	57	0.12954545454545455
all_candidate_role_plus_local_logistic	20	2023-05-30	0.5	0.5	0.75	160	440	68	0.15454545454545454	57	0.12954545454545455
all_candidate_role_plus_local_logistic	20	2023-05-30	0.5	0.5	0.9	160	440	68	0.15454545454545454	57	0.12954545454545455
all_candidate_role_plus_local_logistic	20	2023-05-30	0.5	0.75	0.5	160	440	13	0.029545454545454545	12	0.02727272727272727
all_candidate_role_plus_local_logistic	20	2023-05-30	0.5	0.75	0.75	160	440	13	0.029545454545454545	12	0.02727272727272727
all_candidate_role_plus_local_logistic	20	2023-05-30	0.5	0.75	0.9	160	440	13	0.029545454545454545	12	0.02727272727272727
all_candidate_role_plus_local_logistic	20	2023-05-30	0.75	0.25	0.5	160	440	85	0.19318181818181818	75	0.17045454545454544
all_candidate_role_plus_local_logistic	20	2023-05-30	0.75	0.25	0.75	160	440	85	0.19318181818181818	75	0.17045454545454544
all_candidate_role_plus_local_logistic	20	2023-05-30	0.75	0.25	0.9	160	440	85	0.19318181818181818	75	0.17045454545454544
all_candidate_role_plus_local_logistic	20	2023-05-30	0.75	0.5	0.5	160	440	53	0.12045454545454545	47	0.10681818181818181
all_candidate_role_plus_local_logistic	20	2023-05-30	0.75	0.5	0.75	160	440	53	0.12045454545454545	47	0.10681818181818181
all_candidate_role_plus_local_logistic	20	2023-05-30	0.75	0.5	0.9	160	440	53	0.12045454545454545	47	0.10681818181818181
all_candidate_role_plus_local_logistic	20	2023-05-30	0.75	0.75	0.5	160	440	5	0.011363636363636364	5	0.011363636363636364
all_candidate_role_plus_local_logistic	20	2023-05-30	0.75	0.75	0.75	160	440	5	0.011363636363636364	5	0.011363636363636364
all_candidate_role_plus_local_logistic	20	2023-05-30	0.75	0.75	0.9	160	440	5	0.011363636363636364	5	0.011363636363636364
all_candidate_role_plus_local_logistic	20	2023-06-06	0.25	0.25	0.5	160	726	247	0.3402203856749311	147	0.2024793388429752
all_candidate_role_plus_local_logistic	20	2023-06-06	0.25	0.25	0.75	160	726	205	0.28236914600550966	142	0.19559228650137742
all_candidate_role_plus_local_logistic	20	2023-06-06	0.25	0.25	0.9	160	726	205	0.28236914600550966	142	0.19559228650137742
all_candidate_role_plus_local_logistic	20	2023-06-06	0.25	0.5	0.5	160	726	238	0.3278236914600551	138	0.19008264462809918
all_candidate_role_plus_local_logistic	20	2023-06-06	0.25	0.5	0.75	160	726	196	0.2699724517906336	133	0.18319559228650137
all_candidate_role_plus_local_logistic	20	2023-06-06	0.25	0.5	0.9	160	726	196	0.2699724517906336	133	0.18319559228650137
all_candidate_role_plus_local_logistic	20	2023-06-06	0.25	0.75	0.5	160	726	110	0.15151515151515152	76	0.1046831955922865
all_candidate_role_plus_local_logistic	20	2023-06-06	0.25	0.75	0.75	160	726	109	0.15013774104683195	75	0.10330578512396695
all_candidate_role_plus_local_logistic	20	2023-06-06	0.25	0.75	0.9	160	726	109	0.15013774104683195	75	0.10330578512396695
all_candidate_role_plus_local_logistic	20	2023-06-06	0.5	0.25	0.5	160	726	233	0.3209366391184573	136	0.18732782369146006
all_candidate_role_plus_local_logistic	20	2023-06-06	0.5	0.25	0.75	160	726	191	0.2630853994490358	131	0.18044077134986225
all_candidate_role_plus_local_logistic	20	2023-06-06	0.5	0.25	0.9	160	726	191	0.2630853994490358	131	0.18044077134986225
all_candidate_role_plus_local_logistic	20	2023-06-06	0.5	0.5	0.5	160	726	225	0.30991735537190085	128	0.1763085399449036
all_candidate_role_plus_local_logistic	20	2023-06-06	0.5	0.5	0.75	160	726	183	0.25206611570247933	123	0.16942148760330578
all_candidate_role_plus_local_logistic	20	2023-06-06	0.5	0.5	0.9	160	726	183	0.25206611570247933	123	0.16942148760330578
all_candidate_role_plus_local_logistic	20	2023-06-06	0.5	0.75	0.5	160	726	101	0.13911845730027547	69	0.09504132231404959
all_candidate_role_plus_local_logistic	20	2023-06-06	0.5	0.75	0.75	160	726	100	0.13774104683195593	68	0.09366391184573003
all_candidate_role_plus_local_logistic	20	2023-06-06	0.5	0.75	0.9	160	726	100	0.13774104683195593	68	0.09366391184573003
all_candidate_role_plus_local_logistic	20	2023-06-06	0.75	0.25	0.5	160	726	186	0.256198347107438	104	0.14325068870523416
all_candidate_role_plus_local_logistic	20	2023-06-06	0.75	0.25	0.75	160	726	149	0.20523415977961432	99	0.13636363636363635
all_candidate_role_plus_local_logistic	20	2023-06-06	0.75	0.25	0.9	160	726	149	0.20523415977961432	99	0.13636363636363635
all_candidate_role_plus_local_logistic	20	2023-06-06	0.75	0.5	0.5	160	726	180	0.24793388429752067	98	0.1349862258953168
all_candidate_role_plus_local_logistic	20	2023-06-06	0.75	0.5	0.75	160	726	143	0.19696969696969696	93	0.128099173553719
all_candidate_role_plus_local_logistic	20	2023-06-06	0.75	0.5	0.9	160	726	143	0.19696969696969696	93	0.128099173553719
all_candidate_role_plus_local_logistic	20	2023-06-06	0.75	0.75	0.5	160	726	67	0.09228650137741047	45	0.06198347107438017
all_candidate_role_plus_local_logistic	20	2023-06-06	0.75	0.75	0.75	160	726	66	0.09090909090909091	44	0.06060606060606061
all_candidate_role_plus_local_logistic	20	2023-06-06	0.75	0.75	0.9	160	726	66	0.09090909090909091	44	0.06060606060606061
all_candidate_role_plus_local_logistic	20	2023-06-15	0.25	0.25	0.5	40	154	99	0.6428571428571429	15	0.09740259740259741
all_candidate_role_plus_local_logistic	20	2023-06-15	0.25	0.25	0.75	40	154	82	0.5324675324675324	14	0.09090909090909091
all_candidate_role_plus_local_logistic	20	2023-06-15	0.25	0.25	0.9	40	154	14	0.09090909090909091	13	0.08441558441558442
all_candidate_role_plus_local_logistic	20	2023-06-15	0.25	0.5	0.5	40	154	99	0.6428571428571429	15	0.09740259740259741
all_candidate_role_plus_local_logistic	20	2023-06-15	0.25	0.5	0.75	40	154	82	0.5324675324675324	14	0.09090909090909091
all_candidate_role_plus_local_logistic	20	2023-06-15	0.25	0.5	0.9	40	154	14	0.09090909090909091	13	0.08441558441558442
all_candidate_role_plus_local_logistic	20	2023-06-15	0.25	0.75	0.5	40	154	96	0.6233766233766234	12	0.07792207792207792
all_candidate_role_plus_local_logistic	20	2023-06-15	0.25	0.75	0.75	40	154	79	0.512987012987013	11	0.07142857142857142
all_candidate_role_plus_local_logistic	20	2023-06-15	0.25	0.75	0.9	40	154	11	0.07142857142857142	10	0.06493506493506493
all_candidate_role_plus_local_logistic	20	2023-06-15	0.5	0.25	0.5	40	154	93	0.6038961038961039	13	0.08441558441558442
all_candidate_role_plus_local_logistic	20	2023-06-15	0.5	0.25	0.75	40	154	77	0.5	12	0.07792207792207792
all_candidate_role_plus_local_logistic	20	2023-06-15	0.5	0.25	0.9	40	154	11	0.07142857142857142	11	0.07142857142857142
all_candidate_role_plus_local_logistic	20	2023-06-15	0.5	0.5	0.5	40	154	93	0.6038961038961039	13	0.08441558441558442
all_candidate_role_plus_local_logistic	20	2023-06-15	0.5	0.5	0.75	40	154	77	0.5	12	0.07792207792207792
all_candidate_role_plus_local_logistic	20	2023-06-15	0.5	0.5	0.9	40	154	11	0.07142857142857142	11	0.07142857142857142
all_candidate_role_plus_local_logistic	20	2023-06-15	0.5	0.75	0.5	40	154	90	0.5844155844155844	10	0.06493506493506493
all_candidate_role_plus_local_logistic	20	2023-06-15	0.5	0.75	0.75	40	154	74	0.4805194805194805	9	0.05844155844155844
all_candidate_role_plus_local_logistic	20	2023-06-15	0.5	0.75	0.9	40	154	8	0.05194805194805195	8	0.05194805194805195
all_candidate_role_plus_local_logistic	20	2023-06-15	0.75	0.25	0.5	40	154	80	0.5194805194805194	9	0.05844155844155844
all_candidate_role_plus_local_logistic	20	2023-06-15	0.75	0.25	0.75	40	154	68	0.44155844155844154	8	0.05194805194805195
all_candidate_role_plus_local_logistic	20	2023-06-15	0.75	0.25	0.9	40	154	7	0.045454545454545456	7	0.045454545454545456
all_candidate_role_plus_local_logistic	20	2023-06-15	0.75	0.5	0.5	40	154	80	0.5194805194805194	9	0.05844155844155844
all_candidate_role_plus_local_logistic	20	2023-06-15	0.75	0.5	0.75	40	154	68	0.44155844155844154	8	0.05194805194805195
all_candidate_role_plus_local_logistic	20	2023-06-15	0.75	0.5	0.9	40	154	7	0.045454545454545456	7	0.045454545454545456
all_candidate_role_plus_local_logistic	20	2023-06-15	0.75	0.75	0.5	40	154	77	0.5	6	0.03896103896103896
all_candidate_role_plus_local_logistic	20	2023-06-15	0.75	0.75	0.75	40	154	65	0.42207792207792205	5	0.032467532467532464
all_candidate_role_plus_local_logistic	20	2023-06-15	0.75	0.75	0.9	40	154	4	0.025974025974025976	4	0.025974025974025976
all_candidate_role_plus_local_logistic	50	ALL	0.25	0.25	0.5	1237	1712	790	0.4614485981308411	516	0.3014018691588785
all_candidate_role_plus_local_logistic	50	ALL	0.25	0.25	0.75	1237	1712	730	0.4264018691588785	509	0.2973130841121495
all_candidate_role_plus_local_logistic	50	ALL	0.25	0.25	0.9	1237	1712	661	0.3860981308411215	507	0.29614485981308414
all_candidate_role_plus_local_logistic	50	ALL	0.25	0.5	0.5	1237	1712	663	0.3872663551401869	398	0.2324766355140187
all_candidate_role_plus_local_logistic	50	ALL	0.25	0.5	0.75	1237	1712	603	0.3522196261682243	391	0.2283878504672897
all_candidate_role_plus_local_logistic	50	ALL	0.25	0.5	0.9	1237	1712	534	0.3119158878504673	389	0.2272196261682243
all_candidate_role_plus_local_logistic	50	ALL	0.25	0.75	0.5	1237	1712	316	0.18457943925233644	175	0.1022196261682243
all_candidate_role_plus_local_logistic	50	ALL	0.25	0.75	0.75	1237	1712	298	0.17406542056074767	173	0.10105140186915888
all_candidate_role_plus_local_logistic	50	ALL	0.25	0.75	0.9	1237	1712	229	0.13376168224299065	171	0.09988317757009346
all_candidate_role_plus_local_logistic	50	ALL	0.5	0.25	0.5	1237	1712	720	0.4205607476635514	460	0.26869158878504673
all_candidate_role_plus_local_logistic	50	ALL	0.5	0.25	0.75	1237	1712	661	0.3860981308411215	453	0.26460280373831774
all_candidate_role_plus_local_logistic	50	ALL	0.5	0.25	0.9	1237	1712	594	0.3469626168224299	451	0.26343457943925236
all_candidate_role_plus_local_logistic	50	ALL	0.5	0.5	0.5	1237	1712	602	0.3516355140186916	351	0.2050233644859813
all_candidate_role_plus_local_logistic	50	ALL	0.5	0.5	0.75	1237	1712	543	0.3171728971962617	344	0.20093457943925233
all_candidate_role_plus_local_logistic	50	ALL	0.5	0.5	0.9	1237	1712	476	0.2780373831775701	342	0.19976635514018692
all_candidate_role_plus_local_logistic	50	ALL	0.5	0.75	0.5	1237	1712	278	0.16238317757009346	144	0.08411214953271028
all_candidate_role_plus_local_logistic	50	ALL	0.5	0.75	0.75	1237	1712	261	0.15245327102803738	142	0.08294392523364486
all_candidate_role_plus_local_logistic	50	ALL	0.5	0.75	0.9	1237	1712	194	0.1133177570093458	140	0.08177570093457943
all_candidate_role_plus_local_logistic	50	ALL	0.75	0.25	0.5	1237	1712	557	0.3253504672897196	339	0.19801401869158877
all_candidate_role_plus_local_logistic	50	ALL	0.75	0.25	0.75	1237	1712	507	0.29614485981308414	332	0.1939252336448598
all_candidate_role_plus_local_logistic	50	ALL	0.75	0.25	0.9	1237	1712	446	0.2605140186915888	331	0.1933411214953271
all_candidate_role_plus_local_logistic	50	ALL	0.75	0.5	0.5	1237	1712	463	0.27044392523364486	251	0.1466121495327103
all_candidate_role_plus_local_logistic	50	ALL	0.75	0.5	0.75	1237	1712	413	0.24123831775700935	244	0.1425233644859813
all_candidate_role_plus_local_logistic	50	ALL	0.75	0.5	0.9	1237	1712	352	0.205607476635514	243	0.1419392523364486
all_candidate_role_plus_local_logistic	50	ALL	0.75	0.75	0.5	1237	1712	193	0.11273364485981309	83	0.04848130841121495
all_candidate_role_plus_local_logistic	50	ALL	0.75	0.75	0.75	1237	1712	180	0.10514018691588785	81	0.04731308411214953
all_candidate_role_plus_local_logistic	50	ALL	0.75	0.75	0.9	1237	1712	119	0.06950934579439252	80	0.04672897196261682
all_candidate_role_plus_local_logistic	50	2023-05-25	0.25	0.25	0.5	382	392	31	0.07908163265306123	30	0.07653061224489796
all_candidate_role_plus_local_logistic	50	2023-05-25	0.25	0.25	0.75	382	392	31	0.07908163265306123	30	0.07653061224489796
all_candidate_role_plus_local_logistic	50	2023-05-25	0.25	0.25	0.9	382	392	30	0.07653061224489796	29	0.07397959183673469
all_candidate_role_plus_local_logistic	50	2023-05-25	0.25	0.5	0.5	382	392	16	0.04081632653061224	15	0.03826530612244898
all_candidate_role_plus_local_logistic	50	2023-05-25	0.25	0.5	0.75	382	392	16	0.04081632653061224	15	0.03826530612244898
all_candidate_role_plus_local_logistic	50	2023-05-25	0.25	0.5	0.9	382	392	15	0.03826530612244898	14	0.03571428571428571
all_candidate_role_plus_local_logistic	50	2023-05-25	0.25	0.75	0.5	382	392	4	0.01020408163265306	4	0.01020408163265306
all_candidate_role_plus_local_logistic	50	2023-05-25	0.25	0.75	0.75	382	392	4	0.01020408163265306	4	0.01020408163265306
all_candidate_role_plus_local_logistic	50	2023-05-25	0.25	0.75	0.9	382	392	3	0.007653061224489796	3	0.007653061224489796
all_candidate_role_plus_local_logistic	50	2023-05-25	0.5	0.25	0.5	382	392	28	0.07142857142857142	27	0.06887755102040816
all_candidate_role_plus_local_logistic	50	2023-05-25	0.5	0.25	0.75	382	392	28	0.07142857142857142	27	0.06887755102040816
all_candidate_role_plus_local_logistic	50	2023-05-25	0.5	0.25	0.9	382	392	27	0.06887755102040816	26	0.0663265306122449
all_candidate_role_plus_local_logistic	50	2023-05-25	0.5	0.5	0.5	382	392	14	0.03571428571428571	13	0.03316326530612245
all_candidate_role_plus_local_logistic	50	2023-05-25	0.5	0.5	0.75	382	392	14	0.03571428571428571	13	0.03316326530612245
all_candidate_role_plus_local_logistic	50	2023-05-25	0.5	0.5	0.9	382	392	13	0.03316326530612245	12	0.030612244897959183
all_candidate_role_plus_local_logistic	50	2023-05-25	0.5	0.75	0.5	382	392	4	0.01020408163265306	4	0.01020408163265306
all_candidate_role_plus_local_logistic	50	2023-05-25	0.5	0.75	0.75	382	392	4	0.01020408163265306	4	0.01020408163265306
all_candidate_role_plus_local_logistic	50	2023-05-25	0.5	0.75	0.9	382	392	3	0.007653061224489796	3	0.007653061224489796
all_candidate_role_plus_local_logistic	50	2023-05-25	0.75	0.25	0.5	382	392	18	0.04591836734693878	18	0.04591836734693878
all_candidate_role_plus_local_logistic	50	2023-05-25	0.75	0.25	0.75	382	392	18	0.04591836734693878	18	0.04591836734693878
all_candidate_role_plus_local_logistic	50	2023-05-25	0.75	0.25	0.9	382	392	18	0.04591836734693878	18	0.04591836734693878
all_candidate_role_plus_local_logistic	50	2023-05-25	0.75	0.5	0.5	382	392	8	0.02040816326530612	8	0.02040816326530612
all_candidate_role_plus_local_logistic	50	2023-05-25	0.75	0.5	0.75	382	392	8	0.02040816326530612	8	0.02040816326530612
all_candidate_role_plus_local_logistic	50	2023-05-25	0.75	0.5	0.9	382	392	8	0.02040816326530612	8	0.02040816326530612
all_candidate_role_plus_local_logistic	50	2023-05-25	0.75	0.75	0.5	382	392	1	0.002551020408163265	1	0.002551020408163265
all_candidate_role_plus_local_logistic	50	2023-05-25	0.75	0.75	0.75	382	392	1	0.002551020408163265	1	0.002551020408163265
all_candidate_role_plus_local_logistic	50	2023-05-25	0.75	0.75	0.9	382	392	1	0.002551020408163265	1	0.002551020408163265
all_candidate_role_plus_local_logistic	50	2023-05-30	0.25	0.25	0.5	400	440	193	0.43863636363636366	168	0.38181818181818183
all_candidate_role_plus_local_logistic	50	2023-05-30	0.25	0.25	0.75	400	440	193	0.43863636363636366	168	0.38181818181818183
all_candidate_role_plus_local_logistic	50	2023-05-30	0.25	0.25	0.9	400	440	193	0.43863636363636366	168	0.38181818181818183
all_candidate_role_plus_local_logistic	50	2023-05-30	0.25	0.5	0.5	400	440	132	0.3	111	0.25227272727272726
all_candidate_role_plus_local_logistic	50	2023-05-30	0.25	0.5	0.75	400	440	132	0.3	111	0.25227272727272726
all_candidate_role_plus_local_logistic	50	2023-05-30	0.25	0.5	0.9	400	440	132	0.3	111	0.25227272727272726
all_candidate_role_plus_local_logistic	50	2023-05-30	0.25	0.75	0.5	400	440	33	0.075	31	0.07045454545454545
all_candidate_role_plus_local_logistic	50	2023-05-30	0.25	0.75	0.75	400	440	33	0.075	31	0.07045454545454545
all_candidate_role_plus_local_logistic	50	2023-05-30	0.25	0.75	0.9	400	440	33	0.075	31	0.07045454545454545
all_candidate_role_plus_local_logistic	50	2023-05-30	0.5	0.25	0.5	400	440	160	0.36363636363636365	140	0.3181818181818182
all_candidate_role_plus_local_logistic	50	2023-05-30	0.5	0.25	0.75	400	440	160	0.36363636363636365	140	0.3181818181818182
all_candidate_role_plus_local_logistic	50	2023-05-30	0.5	0.25	0.9	400	440	160	0.36363636363636365	140	0.3181818181818182
all_candidate_role_plus_local_logistic	50	2023-05-30	0.5	0.5	0.5	400	440	105	0.23863636363636365	89	0.20227272727272727
all_candidate_role_plus_local_logistic	50	2023-05-30	0.5	0.5	0.75	400	440	105	0.23863636363636365	89	0.20227272727272727
all_candidate_role_plus_local_logistic	50	2023-05-30	0.5	0.5	0.9	400	440	105	0.23863636363636365	89	0.20227272727272727
all_candidate_role_plus_local_logistic	50	2023-05-30	0.5	0.75	0.5	400	440	21	0.04772727272727273	19	0.04318181818181818
all_candidate_role_plus_local_logistic	50	2023-05-30	0.5	0.75	0.75	400	440	21	0.04772727272727273	19	0.04318181818181818
all_candidate_role_plus_local_logistic	50	2023-05-30	0.5	0.75	0.9	400	440	21	0.04772727272727273	19	0.04318181818181818
all_candidate_role_plus_local_logistic	50	2023-05-30	0.75	0.25	0.5	400	440	126	0.2863636363636364	112	0.2545454545454545
all_candidate_role_plus_local_logistic	50	2023-05-30	0.75	0.25	0.75	400	440	126	0.2863636363636364	112	0.2545454545454545
all_candidate_role_plus_local_logistic	50	2023-05-30	0.75	0.25	0.9	400	440	126	0.2863636363636364	112	0.2545454545454545
all_candidate_role_plus_local_logistic	50	2023-05-30	0.75	0.5	0.5	400	440	77	0.175	67	0.15227272727272728
all_candidate_role_plus_local_logistic	50	2023-05-30	0.75	0.5	0.75	400	440	77	0.175	67	0.15227272727272728
all_candidate_role_plus_local_logistic	50	2023-05-30	0.75	0.5	0.9	400	440	77	0.175	67	0.15227272727272728
all_candidate_role_plus_local_logistic	50	2023-05-30	0.75	0.75	0.5	400	440	9	0.020454545454545454	8	0.01818181818181818
all_candidate_role_plus_local_logistic	50	2023-05-30	0.75	0.75	0.75	400	440	9	0.020454545454545454	8	0.01818181818181818
all_candidate_role_plus_local_logistic	50	2023-05-30	0.75	0.75	0.9	400	440	9	0.020454545454545454	8	0.01818181818181818
all_candidate_role_plus_local_logistic	50	2023-06-06	0.25	0.25	0.5	398	726	461	0.6349862258953168	299	0.4118457300275482
all_candidate_role_plus_local_logistic	50	2023-06-06	0.25	0.25	0.75	398	726	418	0.5757575757575758	293	0.4035812672176309
all_candidate_role_plus_local_logistic	50	2023-06-06	0.25	0.25	0.9	398	726	418	0.5757575757575758	293	0.4035812672176309
all_candidate_role_plus_local_logistic	50	2023-06-06	0.25	0.5	0.5	398	726	410	0.5647382920110193	253	0.3484848484848485
all_candidate_role_plus_local_logistic	50	2023-06-06	0.25	0.5	0.75	398	726	367	0.5055096418732782	247	0.3402203856749311
all_candidate_role_plus_local_logistic	50	2023-06-06	0.25	0.5	0.9	398	726	367	0.5055096418732782	247	0.3402203856749311
all_candidate_role_plus_local_logistic	50	2023-06-06	0.25	0.75	0.5	398	726	177	0.24380165289256198	124	0.17079889807162535
all_candidate_role_plus_local_logistic	50	2023-06-06	0.25	0.75	0.75	398	726	176	0.24242424242424243	123	0.16942148760330578
all_candidate_role_plus_local_logistic	50	2023-06-06	0.25	0.75	0.9	398	726	176	0.24242424242424243	123	0.16942148760330578
all_candidate_role_plus_local_logistic	50	2023-06-06	0.5	0.25	0.5	398	726	435	0.5991735537190083	278	0.38292011019283745
all_candidate_role_plus_local_logistic	50	2023-06-06	0.5	0.25	0.75	398	726	392	0.5399449035812672	272	0.3746556473829201
all_candidate_role_plus_local_logistic	50	2023-06-06	0.5	0.25	0.9	398	726	392	0.5399449035812672	272	0.3746556473829201
all_candidate_role_plus_local_logistic	50	2023-06-06	0.5	0.5	0.5	398	726	386	0.5316804407713499	234	0.32231404958677684
all_candidate_role_plus_local_logistic	50	2023-06-06	0.5	0.5	0.75	398	726	343	0.4724517906336088	228	0.3140495867768595
all_candidate_role_plus_local_logistic	50	2023-06-06	0.5	0.5	0.9	398	726	343	0.4724517906336088	228	0.3140495867768595
all_candidate_role_plus_local_logistic	50	2023-06-06	0.5	0.75	0.5	398	726	159	0.2190082644628099	109	0.15013774104683195
all_candidate_role_plus_local_logistic	50	2023-06-06	0.5	0.75	0.75	398	726	158	0.21763085399449036	108	0.1487603305785124
all_candidate_role_plus_local_logistic	50	2023-06-06	0.5	0.75	0.9	398	726	158	0.21763085399449036	108	0.1487603305785124
all_candidate_role_plus_local_logistic	50	2023-06-06	0.75	0.25	0.5	398	726	330	0.45454545454545453	198	0.2727272727272727
all_candidate_role_plus_local_logistic	50	2023-06-06	0.75	0.25	0.75	398	726	292	0.4022038567493113	192	0.2644628099173554
all_candidate_role_plus_local_logistic	50	2023-06-06	0.75	0.25	0.9	398	726	292	0.4022038567493113	192	0.2644628099173554
all_candidate_role_plus_local_logistic	50	2023-06-06	0.75	0.5	0.5	398	726	295	0.40633608815426997	165	0.22727272727272727
all_candidate_role_plus_local_logistic	50	2023-06-06	0.75	0.5	0.75	398	726	257	0.35399449035812675	159	0.2190082644628099
all_candidate_role_plus_local_logistic	50	2023-06-06	0.75	0.5	0.9	398	726	257	0.35399449035812675	159	0.2190082644628099
all_candidate_role_plus_local_logistic	50	2023-06-06	0.75	0.75	0.5	398	726	103	0.1418732782369146	66	0.09090909090909091
all_candidate_role_plus_local_logistic	50	2023-06-06	0.75	0.75	0.75	398	726	102	0.14049586776859505	65	0.08953168044077135
all_candidate_role_plus_local_logistic	50	2023-06-06	0.75	0.75	0.9	398	726	102	0.14049586776859505	65	0.08953168044077135
all_candidate_role_plus_local_logistic	50	2023-06-15	0.25	0.25	0.5	57	154	105	0.6818181818181818	19	0.12337662337662338
all_candidate_role_plus_local_logistic	50	2023-06-15	0.25	0.25	0.75	57	154	88	0.5714285714285714	18	0.11688311688311688
all_candidate_role_plus_local_logistic	50	2023-06-15	0.25	0.25	0.9	57	154	20	0.12987012987012986	17	0.11038961038961038
all_candidate_role_plus_local_logistic	50	2023-06-15	0.25	0.5	0.5	57	154	105	0.6818181818181818	19	0.12337662337662338
all_candidate_role_plus_local_logistic	50	2023-06-15	0.25	0.5	0.75	57	154	88	0.5714285714285714	18	0.11688311688311688
all_candidate_role_plus_local_logistic	50	2023-06-15	0.25	0.5	0.9	57	154	20	0.12987012987012986	17	0.11038961038961038
all_candidate_role_plus_local_logistic	50	2023-06-15	0.25	0.75	0.5	57	154	102	0.6623376623376623	16	0.1038961038961039
all_candidate_role_plus_local_logistic	50	2023-06-15	0.25	0.75	0.75	57	154	85	0.551948051948052	15	0.09740259740259741
all_candidate_role_plus_local_logistic	50	2023-06-15	0.25	0.75	0.9	57	154	17	0.11038961038961038	14	0.09090909090909091
all_candidate_role_plus_local_logistic	50	2023-06-15	0.5	0.25	0.5	57	154	97	0.6298701298701299	15	0.09740259740259741
all_candidate_role_plus_local_logistic	50	2023-06-15	0.5	0.25	0.75	57	154	81	0.525974025974026	14	0.09090909090909091
all_candidate_role_plus_local_logistic	50	2023-06-15	0.5	0.25	0.9	57	154	15	0.09740259740259741	13	0.08441558441558442
all_candidate_role_plus_local_logistic	50	2023-06-15	0.5	0.5	0.5	57	154	97	0.6298701298701299	15	0.09740259740259741
all_candidate_role_plus_local_logistic	50	2023-06-15	0.5	0.5	0.75	57	154	81	0.525974025974026	14	0.09090909090909091
all_candidate_role_plus_local_logistic	50	2023-06-15	0.5	0.5	0.9	57	154	15	0.09740259740259741	13	0.08441558441558442
all_candidate_role_plus_local_logistic	50	2023-06-15	0.5	0.75	0.5	57	154	94	0.6103896103896104	12	0.07792207792207792
all_candidate_role_plus_local_logistic	50	2023-06-15	0.5	0.75	0.75	57	154	78	0.5064935064935064	11	0.07142857142857142
all_candidate_role_plus_local_logistic	50	2023-06-15	0.5	0.75	0.9	57	154	12	0.07792207792207792	10	0.06493506493506493
all_candidate_role_plus_local_logistic	50	2023-06-15	0.75	0.25	0.5	57	154	83	0.538961038961039	11	0.07142857142857142
all_candidate_role_plus_local_logistic	50	2023-06-15	0.75	0.25	0.75	57	154	71	0.461038961038961	10	0.06493506493506493
all_candidate_role_plus_local_logistic	50	2023-06-15	0.75	0.25	0.9	57	154	10	0.06493506493506493	9	0.05844155844155844
all_candidate_role_plus_local_logistic	50	2023-06-15	0.75	0.5	0.5	57	154	83	0.538961038961039	11	0.07142857142857142
all_candidate_role_plus_local_logistic	50	2023-06-15	0.75	0.5	0.75	57	154	71	0.461038961038961	10	0.06493506493506493
all_candidate_role_plus_local_logistic	50	2023-06-15	0.75	0.5	0.9	57	154	10	0.06493506493506493	9	0.05844155844155844
all_candidate_role_plus_local_logistic	50	2023-06-15	0.75	0.75	0.5	57	154	80	0.5194805194805194	8	0.05194805194805195
all_candidate_role_plus_local_logistic	50	2023-06-15	0.75	0.75	0.75	57	154	68	0.44155844155844154	7	0.045454545454545456
all_candidate_role_plus_local_logistic	50	2023-06-15	0.75	0.75	0.9	57	154	7	0.045454545454545456	6	0.03896103896103896
all_candidate_frozen_dinov2_linear	1	ALL	0.25	0.25	0.5	26	1712	24	0.014018691588785047	19	0.011098130841121495
all_candidate_frozen_dinov2_linear	1	ALL	0.25	0.25	0.75	26	1712	24	0.014018691588785047	19	0.011098130841121495
all_candidate_frozen_dinov2_linear	1	ALL	0.25	0.25	0.9	26	1712	23	0.013434579439252336	18	0.010514018691588784
all_candidate_frozen_dinov2_linear	1	ALL	0.25	0.5	0.5	26	1712	23	0.013434579439252336	18	0.010514018691588784
all_candidate_frozen_dinov2_linear	1	ALL	0.25	0.5	0.75	26	1712	23	0.013434579439252336	18	0.010514018691588784
all_candidate_frozen_dinov2_linear	1	ALL	0.25	0.5	0.9	26	1712	22	0.012850467289719626	17	0.009929906542056074
all_candidate_frozen_dinov2_linear	1	ALL	0.25	0.75	0.5	26	1712	12	0.007009345794392523	10	0.005841121495327103
all_candidate_frozen_dinov2_linear	1	ALL	0.25	0.75	0.75	26	1712	12	0.007009345794392523	10	0.005841121495327103
all_candidate_frozen_dinov2_linear	1	ALL	0.25	0.75	0.9	26	1712	11	0.006425233644859813	9	0.005257009345794392
all_candidate_frozen_dinov2_linear	1	ALL	0.5	0.25	0.5	26	1712	22	0.012850467289719626	18	0.010514018691588784
all_candidate_frozen_dinov2_linear	1	ALL	0.5	0.25	0.75	26	1712	22	0.012850467289719626	18	0.010514018691588784
all_candidate_frozen_dinov2_linear	1	ALL	0.5	0.25	0.9	26	1712	21	0.012266355140186916	17	0.009929906542056074
all_candidate_frozen_dinov2_linear	1	ALL	0.5	0.5	0.5	26	1712	21	0.012266355140186916	17	0.009929906542056074
all_candidate_frozen_dinov2_linear	1	ALL	0.5	0.5	0.75	26	1712	21	0.012266355140186916	17	0.009929906542056074
all_candidate_frozen_dinov2_linear	1	ALL	0.5	0.5	0.9	26	1712	20	0.011682242990654205	16	0.009345794392523364
all_candidate_frozen_dinov2_linear	1	ALL	0.5	0.75	0.5	26	1712	11	0.006425233644859813	9	0.005257009345794392
all_candidate_frozen_dinov2_linear	1	ALL	0.5	0.75	0.75	26	1712	11	0.006425233644859813	9	0.005257009345794392
all_candidate_frozen_dinov2_linear	1	ALL	0.5	0.75	0.9	26	1712	10	0.005841121495327103	8	0.004672897196261682
all_candidate_frozen_dinov2_linear	1	ALL	0.75	0.25	0.5	26	1712	14	0.008177570093457943	13	0.007593457943925234
all_candidate_frozen_dinov2_linear	1	ALL	0.75	0.25	0.75	26	1712	14	0.008177570093457943	13	0.007593457943925234
all_candidate_frozen_dinov2_linear	1	ALL	0.75	0.25	0.9	26	1712	14	0.008177570093457943	13	0.007593457943925234
all_candidate_frozen_dinov2_linear	1	ALL	0.75	0.5	0.5	26	1712	13	0.007593457943925234	12	0.007009345794392523
all_candidate_frozen_dinov2_linear	1	ALL	0.75	0.5	0.75	26	1712	13	0.007593457943925234	12	0.007009345794392523
all_candidate_frozen_dinov2_linear	1	ALL	0.75	0.5	0.9	26	1712	13	0.007593457943925234	12	0.007009345794392523
all_candidate_frozen_dinov2_linear	1	ALL	0.75	0.75	0.5	26	1712	5	0.0029205607476635513	5	0.0029205607476635513
all_candidate_frozen_dinov2_linear	1	ALL	0.75	0.75	0.75	26	1712	5	0.0029205607476635513	5	0.0029205607476635513
all_candidate_frozen_dinov2_linear	1	ALL	0.75	0.75	0.9	26	1712	5	0.0029205607476635513	5	0.0029205607476635513
all_candidate_frozen_dinov2_linear	1	2023-05-25	0.25	0.25	0.5	8	392	2	0.00510204081632653	2	0.00510204081632653
all_candidate_frozen_dinov2_linear	1	2023-05-25	0.25	0.25	0.75	8	392	2	0.00510204081632653	2	0.00510204081632653
all_candidate_frozen_dinov2_linear	1	2023-05-25	0.25	0.25	0.9	8	392	1	0.002551020408163265	1	0.002551020408163265
all_candidate_frozen_dinov2_linear	1	2023-05-25	0.25	0.5	0.5	8	392	2	0.00510204081632653	2	0.00510204081632653
all_candidate_frozen_dinov2_linear	1	2023-05-25	0.25	0.5	0.75	8	392	2	0.00510204081632653	2	0.00510204081632653
all_candidate_frozen_dinov2_linear	1	2023-05-25	0.25	0.5	0.9	8	392	1	0.002551020408163265	1	0.002551020408163265
all_candidate_frozen_dinov2_linear	1	2023-05-25	0.25	0.75	0.5	8	392	1	0.002551020408163265	1	0.002551020408163265
all_candidate_frozen_dinov2_linear	1	2023-05-25	0.25	0.75	0.75	8	392	1	0.002551020408163265	1	0.002551020408163265
all_candidate_frozen_dinov2_linear	1	2023-05-25	0.25	0.75	0.9	8	392	0	0.0	0	0.0
all_candidate_frozen_dinov2_linear	1	2023-05-25	0.5	0.25	0.5	8	392	2	0.00510204081632653	2	0.00510204081632653
all_candidate_frozen_dinov2_linear	1	2023-05-25	0.5	0.25	0.75	8	392	2	0.00510204081632653	2	0.00510204081632653
all_candidate_frozen_dinov2_linear	1	2023-05-25	0.5	0.25	0.9	8	392	1	0.002551020408163265	1	0.002551020408163265
all_candidate_frozen_dinov2_linear	1	2023-05-25	0.5	0.5	0.5	8	392	2	0.00510204081632653	2	0.00510204081632653
all_candidate_frozen_dinov2_linear	1	2023-05-25	0.5	0.5	0.75	8	392	2	0.00510204081632653	2	0.00510204081632653
all_candidate_frozen_dinov2_linear	1	2023-05-25	0.5	0.5	0.9	8	392	1	0.002551020408163265	1	0.002551020408163265
all_candidate_frozen_dinov2_linear	1	2023-05-25	0.5	0.75	0.5	8	392	1	0.002551020408163265	1	0.002551020408163265
all_candidate_frozen_dinov2_linear	1	2023-05-25	0.5	0.75	0.75	8	392	1	0.002551020408163265	1	0.002551020408163265
all_candidate_frozen_dinov2_linear	1	2023-05-25	0.5	0.75	0.9	8	392	0	0.0	0	0.0
all_candidate_frozen_dinov2_linear	1	2023-05-25	0.75	0.25	0.5	8	392	1	0.002551020408163265	1	0.002551020408163265
all_candidate_frozen_dinov2_linear	1	2023-05-25	0.75	0.25	0.75	8	392	1	0.002551020408163265	1	0.002551020408163265
all_candidate_frozen_dinov2_linear	1	2023-05-25	0.75	0.25	0.9	8	392	1	0.002551020408163265	1	0.002551020408163265
all_candidate_frozen_dinov2_linear	1	2023-05-25	0.75	0.5	0.5	8	392	1	0.002551020408163265	1	0.002551020408163265
all_candidate_frozen_dinov2_linear	1	2023-05-25	0.75	0.5	0.75	8	392	1	0.002551020408163265	1	0.002551020408163265
all_candidate_frozen_dinov2_linear	1	2023-05-25	0.75	0.5	0.9	8	392	1	0.002551020408163265	1	0.002551020408163265
all_candidate_frozen_dinov2_linear	1	2023-05-25	0.75	0.75	0.5	8	392	0	0.0	0	0.0
all_candidate_frozen_dinov2_linear	1	2023-05-25	0.75	0.75	0.75	8	392	0	0.0	0	0.0
all_candidate_frozen_dinov2_linear	1	2023-05-25	0.75	0.75	0.9	8	392	0	0.0	0	0.0
all_candidate_frozen_dinov2_linear	1	2023-05-30	0.25	0.25	0.5	8	440	9	0.020454545454545454	7	0.015909090909090907
all_candidate_frozen_dinov2_linear	1	2023-05-30	0.25	0.25	0.75	8	440	9	0.020454545454545454	7	0.015909090909090907
all_candidate_frozen_dinov2_linear	1	2023-05-30	0.25	0.25	0.9	8	440	9	0.020454545454545454	7	0.015909090909090907
all_candidate_frozen_dinov2_linear	1	2023-05-30	0.25	0.5	0.5	8	440	8	0.01818181818181818	6	0.013636363636363636
all_candidate_frozen_dinov2_linear	1	2023-05-30	0.25	0.5	0.75	8	440	8	0.01818181818181818	6	0.013636363636363636
all_candidate_frozen_dinov2_linear	1	2023-05-30	0.25	0.5	0.9	8	440	8	0.01818181818181818	6	0.013636363636363636
all_candidate_frozen_dinov2_linear	1	2023-05-30	0.25	0.75	0.5	8	440	2	0.004545454545454545	2	0.004545454545454545
all_candidate_frozen_dinov2_linear	1	2023-05-30	0.25	0.75	0.75	8	440	2	0.004545454545454545	2	0.004545454545454545
all_candidate_frozen_dinov2_linear	1	2023-05-30	0.25	0.75	0.9	8	440	2	0.004545454545454545	2	0.004545454545454545
all_candidate_frozen_dinov2_linear	1	2023-05-30	0.5	0.25	0.5	8	440	7	0.015909090909090907	6	0.013636363636363636
all_candidate_frozen_dinov2_linear	1	2023-05-30	0.5	0.25	0.75	8	440	7	0.015909090909090907	6	0.013636363636363636
all_candidate_frozen_dinov2_linear	1	2023-05-30	0.5	0.25	0.9	8	440	7	0.015909090909090907	6	0.013636363636363636
all_candidate_frozen_dinov2_linear	1	2023-05-30	0.5	0.5	0.5	8	440	6	0.013636363636363636	5	0.011363636363636364
all_candidate_frozen_dinov2_linear	1	2023-05-30	0.5	0.5	0.75	8	440	6	0.013636363636363636	5	0.011363636363636364
all_candidate_frozen_dinov2_linear	1	2023-05-30	0.5	0.5	0.9	8	440	6	0.013636363636363636	5	0.011363636363636364
all_candidate_frozen_dinov2_linear	1	2023-05-30	0.5	0.75	0.5	8	440	1	0.0022727272727272726	1	0.0022727272727272726
all_candidate_frozen_dinov2_linear	1	2023-05-30	0.5	0.75	0.75	8	440	1	0.0022727272727272726	1	0.0022727272727272726
all_candidate_frozen_dinov2_linear	1	2023-05-30	0.5	0.75	0.9	8	440	1	0.0022727272727272726	1	0.0022727272727272726
all_candidate_frozen_dinov2_linear	1	2023-05-30	0.75	0.25	0.5	8	440	6	0.013636363636363636	5	0.011363636363636364
all_candidate_frozen_dinov2_linear	1	2023-05-30	0.75	0.25	0.75	8	440	6	0.013636363636363636	5	0.011363636363636364
all_candidate_frozen_dinov2_linear	1	2023-05-30	0.75	0.25	0.9	8	440	6	0.013636363636363636	5	0.011363636363636364
all_candidate_frozen_dinov2_linear	1	2023-05-30	0.75	0.5	0.5	8	440	5	0.011363636363636364	4	0.00909090909090909
all_candidate_frozen_dinov2_linear	1	2023-05-30	0.75	0.5	0.75	8	440	5	0.011363636363636364	4	0.00909090909090909
all_candidate_frozen_dinov2_linear	1	2023-05-30	0.75	0.5	0.9	8	440	5	0.011363636363636364	4	0.00909090909090909
all_candidate_frozen_dinov2_linear	1	2023-05-30	0.75	0.75	0.5	8	440	0	0.0	0	0.0
all_candidate_frozen_dinov2_linear	1	2023-05-30	0.75	0.75	0.75	8	440	0	0.0	0	0.0
all_candidate_frozen_dinov2_linear	1	2023-05-30	0.75	0.75	0.9	8	440	0	0.0	0	0.0
all_candidate_frozen_dinov2_linear	1	2023-06-06	0.25	0.25	0.5	8	726	11	0.015151515151515152	8	0.011019283746556474
all_candidate_frozen_dinov2_linear	1	2023-06-06	0.25	0.25	0.75	8	726	11	0.015151515151515152	8	0.011019283746556474
all_candidate_frozen_dinov2_linear	1	2023-06-06	0.25	0.25	0.9	8	726	11	0.015151515151515152	8	0.011019283746556474
all_candidate_frozen_dinov2_linear	1	2023-06-06	0.25	0.5	0.5	8	726	11	0.015151515151515152	8	0.011019283746556474
all_candidate_frozen_dinov2_linear	1	2023-06-06	0.25	0.5	0.75	8	726	11	0.015151515151515152	8	0.011019283746556474
all_candidate_frozen_dinov2_linear	1	2023-06-06	0.25	0.5	0.9	8	726	11	0.015151515151515152	8	0.011019283746556474
all_candidate_frozen_dinov2_linear	1	2023-06-06	0.25	0.75	0.5	8	726	7	0.009641873278236915	5	0.006887052341597796
all_candidate_frozen_dinov2_linear	1	2023-06-06	0.25	0.75	0.75	8	726	7	0.009641873278236915	5	0.006887052341597796
all_candidate_frozen_dinov2_linear	1	2023-06-06	0.25	0.75	0.9	8	726	7	0.009641873278236915	5	0.006887052341597796
all_candidate_frozen_dinov2_linear	1	2023-06-06	0.5	0.25	0.5	8	726	11	0.015151515151515152	8	0.011019283746556474
all_candidate_frozen_dinov2_linear	1	2023-06-06	0.5	0.25	0.75	8	726	11	0.015151515151515152	8	0.011019283746556474
all_candidate_frozen_dinov2_linear	1	2023-06-06	0.5	0.25	0.9	8	726	11	0.015151515151515152	8	0.011019283746556474
all_candidate_frozen_dinov2_linear	1	2023-06-06	0.5	0.5	0.5	8	726	11	0.015151515151515152	8	0.011019283746556474
all_candidate_frozen_dinov2_linear	1	2023-06-06	0.5	0.5	0.75	8	726	11	0.015151515151515152	8	0.011019283746556474
all_candidate_frozen_dinov2_linear	1	2023-06-06	0.5	0.5	0.9	8	726	11	0.015151515151515152	8	0.011019283746556474
all_candidate_frozen_dinov2_linear	1	2023-06-06	0.5	0.75	0.5	8	726	7	0.009641873278236915	5	0.006887052341597796
all_candidate_frozen_dinov2_linear	1	2023-06-06	0.5	0.75	0.75	8	726	7	0.009641873278236915	5	0.006887052341597796
all_candidate_frozen_dinov2_linear	1	2023-06-06	0.5	0.75	0.9	8	726	7	0.009641873278236915	5	0.006887052341597796
all_candidate_frozen_dinov2_linear	1	2023-06-06	0.75	0.25	0.5	8	726	6	0.008264462809917356	6	0.008264462809917356
all_candidate_frozen_dinov2_linear	1	2023-06-06	0.75	0.25	0.75	8	726	6	0.008264462809917356	6	0.008264462809917356
all_candidate_frozen_dinov2_linear	1	2023-06-06	0.75	0.25	0.9	8	726	6	0.008264462809917356	6	0.008264462809917356
all_candidate_frozen_dinov2_linear	1	2023-06-06	0.75	0.5	0.5	8	726	6	0.008264462809917356	6	0.008264462809917356
all_candidate_frozen_dinov2_linear	1	2023-06-06	0.75	0.5	0.75	8	726	6	0.008264462809917356	6	0.008264462809917356
all_candidate_frozen_dinov2_linear	1	2023-06-06	0.75	0.5	0.9	8	726	6	0.008264462809917356	6	0.008264462809917356
all_candidate_frozen_dinov2_linear	1	2023-06-06	0.75	0.75	0.5	8	726	4	0.005509641873278237	4	0.005509641873278237
all_candidate_frozen_dinov2_linear	1	2023-06-06	0.75	0.75	0.75	8	726	4	0.005509641873278237	4	0.005509641873278237
all_candidate_frozen_dinov2_linear	1	2023-06-06	0.75	0.75	0.9	8	726	4	0.005509641873278237	4	0.005509641873278237
all_candidate_frozen_dinov2_linear	1	2023-06-15	0.25	0.25	0.5	2	154	2	0.012987012987012988	2	0.012987012987012988
all_candidate_frozen_dinov2_linear	1	2023-06-15	0.25	0.25	0.75	2	154	2	0.012987012987012988	2	0.012987012987012988
all_candidate_frozen_dinov2_linear	1	2023-06-15	0.25	0.25	0.9	2	154	2	0.012987012987012988	2	0.012987012987012988
all_candidate_frozen_dinov2_linear	1	2023-06-15	0.25	0.5	0.5	2	154	2	0.012987012987012988	2	0.012987012987012988
all_candidate_frozen_dinov2_linear	1	2023-06-15	0.25	0.5	0.75	2	154	2	0.012987012987012988	2	0.012987012987012988
all_candidate_frozen_dinov2_linear	1	2023-06-15	0.25	0.5	0.9	2	154	2	0.012987012987012988	2	0.012987012987012988
all_candidate_frozen_dinov2_linear	1	2023-06-15	0.25	0.75	0.5	2	154	2	0.012987012987012988	2	0.012987012987012988
all_candidate_frozen_dinov2_linear	1	2023-06-15	0.25	0.75	0.75	2	154	2	0.012987012987012988	2	0.012987012987012988
all_candidate_frozen_dinov2_linear	1	2023-06-15	0.25	0.75	0.9	2	154	2	0.012987012987012988	2	0.012987012987012988
all_candidate_frozen_dinov2_linear	1	2023-06-15	0.5	0.25	0.5	2	154	2	0.012987012987012988	2	0.012987012987012988
all_candidate_frozen_dinov2_linear	1	2023-06-15	0.5	0.25	0.75	2	154	2	0.012987012987012988	2	0.012987012987012988
all_candidate_frozen_dinov2_linear	1	2023-06-15	0.5	0.25	0.9	2	154	2	0.012987012987012988	2	0.012987012987012988
all_candidate_frozen_dinov2_linear	1	2023-06-15	0.5	0.5	0.5	2	154	2	0.012987012987012988	2	0.012987012987012988
all_candidate_frozen_dinov2_linear	1	2023-06-15	0.5	0.5	0.75	2	154	2	0.012987012987012988	2	0.012987012987012988
all_candidate_frozen_dinov2_linear	1	2023-06-15	0.5	0.5	0.9	2	154	2	0.012987012987012988	2	0.012987012987012988
all_candidate_frozen_dinov2_linear	1	2023-06-15	0.5	0.75	0.5	2	154	2	0.012987012987012988	2	0.012987012987012988
all_candidate_frozen_dinov2_linear	1	2023-06-15	0.5	0.75	0.75	2	154	2	0.012987012987012988	2	0.012987012987012988
all_candidate_frozen_dinov2_linear	1	2023-06-15	0.5	0.75	0.9	2	154	2	0.012987012987012988	2	0.012987012987012988
all_candidate_frozen_dinov2_linear	1	2023-06-15	0.75	0.25	0.5	2	154	1	0.006493506493506494	1	0.006493506493506494
all_candidate_frozen_dinov2_linear	1	2023-06-15	0.75	0.25	0.75	2	154	1	0.006493506493506494	1	0.006493506493506494
all_candidate_frozen_dinov2_linear	1	2023-06-15	0.75	0.25	0.9	2	154	1	0.006493506493506494	1	0.006493506493506494
all_candidate_frozen_dinov2_linear	1	2023-06-15	0.75	0.5	0.5	2	154	1	0.006493506493506494	1	0.006493506493506494
all_candidate_frozen_dinov2_linear	1	2023-06-15	0.75	0.5	0.75	2	154	1	0.006493506493506494	1	0.006493506493506494
all_candidate_frozen_dinov2_linear	1	2023-06-15	0.75	0.5	0.9	2	154	1	0.006493506493506494	1	0.006493506493506494
all_candidate_frozen_dinov2_linear	1	2023-06-15	0.75	0.75	0.5	2	154	1	0.006493506493506494	1	0.006493506493506494
all_candidate_frozen_dinov2_linear	1	2023-06-15	0.75	0.75	0.75	2	154	1	0.006493506493506494	1	0.006493506493506494
all_candidate_frozen_dinov2_linear	1	2023-06-15	0.75	0.75	0.9	2	154	1	0.006493506493506494	1	0.006493506493506494
all_candidate_frozen_dinov2_linear	5	ALL	0.25	0.25	0.5	130	1712	105	0.06133177570093458	90	0.052570093457943924
all_candidate_frozen_dinov2_linear	5	ALL	0.25	0.25	0.75	130	1712	105	0.06133177570093458	90	0.052570093457943924
all_candidate_frozen_dinov2_linear	5	ALL	0.25	0.25	0.9	130	1712	104	0.06074766355140187	89	0.051985981308411214
all_candidate_frozen_dinov2_linear	5	ALL	0.25	0.5	0.5	130	1712	90	0.052570093457943924	75	0.04380841121495327
all_candidate_frozen_dinov2_linear	5	ALL	0.25	0.5	0.75	130	1712	90	0.052570093457943924	75	0.04380841121495327
all_candidate_frozen_dinov2_linear	5	ALL	0.25	0.5	0.9	130	1712	89	0.051985981308411214	74	0.04322429906542056
all_candidate_frozen_dinov2_linear	5	ALL	0.25	0.75	0.5	130	1712	38	0.02219626168224299	36	0.02102803738317757
all_candidate_frozen_dinov2_linear	5	ALL	0.25	0.75	0.75	130	1712	38	0.02219626168224299	36	0.02102803738317757
all_candidate_frozen_dinov2_linear	5	ALL	0.25	0.75	0.9	130	1712	37	0.02161214953271028	35	0.02044392523364486
all_candidate_frozen_dinov2_linear	5	ALL	0.5	0.25	0.5	130	1712	98	0.05724299065420561	86	0.05023364485981308
all_candidate_frozen_dinov2_linear	5	ALL	0.5	0.25	0.75	130	1712	98	0.05724299065420561	86	0.05023364485981308
all_candidate_frozen_dinov2_linear	5	ALL	0.5	0.25	0.9	130	1712	97	0.0566588785046729	85	0.04964953271028037
all_candidate_frozen_dinov2_linear	5	ALL	0.5	0.5	0.5	130	1712	84	0.04906542056074766	72	0.04205607476635514
all_candidate_frozen_dinov2_linear	5	ALL	0.5	0.5	0.75	130	1712	84	0.04906542056074766	72	0.04205607476635514
all_candidate_frozen_dinov2_linear	5	ALL	0.5	0.5	0.9	130	1712	83	0.04848130841121495	71	0.04147196261682243
all_candidate_frozen_dinov2_linear	5	ALL	0.5	0.75	0.5	130	1712	35	0.02044392523364486	33	0.019275700934579438
all_candidate_frozen_dinov2_linear	5	ALL	0.5	0.75	0.75	130	1712	35	0.02044392523364486	33	0.019275700934579438
all_candidate_frozen_dinov2_linear	5	ALL	0.5	0.75	0.9	130	1712	34	0.01985981308411215	32	0.018691588785046728
all_candidate_frozen_dinov2_linear	5	ALL	0.75	0.25	0.5	130	1712	72	0.04205607476635514	65	0.037967289719626166
all_candidate_frozen_dinov2_linear	5	ALL	0.75	0.25	0.75	130	1712	72	0.04205607476635514	65	0.037967289719626166
all_candidate_frozen_dinov2_linear	5	ALL	0.75	0.25	0.9	130	1712	72	0.04205607476635514	65	0.037967289719626166
all_candidate_frozen_dinov2_linear	5	ALL	0.75	0.5	0.5	130	1712	64	0.037383177570093455	57	0.03329439252336448
all_candidate_frozen_dinov2_linear	5	ALL	0.75	0.5	0.75	130	1712	64	0.037383177570093455	57	0.03329439252336448
all_candidate_frozen_dinov2_linear	5	ALL	0.75	0.5	0.9	130	1712	64	0.037383177570093455	57	0.03329439252336448
all_candidate_frozen_dinov2_linear	5	ALL	0.75	0.75	0.5	130	1712	21	0.012266355140186916	21	0.012266355140186916
all_candidate_frozen_dinov2_linear	5	ALL	0.75	0.75	0.75	130	1712	21	0.012266355140186916	21	0.012266355140186916
all_candidate_frozen_dinov2_linear	5	ALL	0.75	0.75	0.9	130	1712	21	0.012266355140186916	21	0.012266355140186916
all_candidate_frozen_dinov2_linear	5	2023-05-25	0.25	0.25	0.5	40	392	12	0.030612244897959183	12	0.030612244897959183
all_candidate_frozen_dinov2_linear	5	2023-05-25	0.25	0.25	0.75	40	392	12	0.030612244897959183	12	0.030612244897959183
all_candidate_frozen_dinov2_linear	5	2023-05-25	0.25	0.25	0.9	40	392	11	0.02806122448979592	11	0.02806122448979592
all_candidate_frozen_dinov2_linear	5	2023-05-25	0.25	0.5	0.5	40	392	8	0.02040816326530612	8	0.02040816326530612
all_candidate_frozen_dinov2_linear	5	2023-05-25	0.25	0.5	0.75	40	392	8	0.02040816326530612	8	0.02040816326530612
all_candidate_frozen_dinov2_linear	5	2023-05-25	0.25	0.5	0.9	40	392	7	0.017857142857142856	7	0.017857142857142856
all_candidate_frozen_dinov2_linear	5	2023-05-25	0.25	0.75	0.5	40	392	3	0.007653061224489796	3	0.007653061224489796
all_candidate_frozen_dinov2_linear	5	2023-05-25	0.25	0.75	0.75	40	392	3	0.007653061224489796	3	0.007653061224489796
all_candidate_frozen_dinov2_linear	5	2023-05-25	0.25	0.75	0.9	40	392	2	0.00510204081632653	2	0.00510204081632653
all_candidate_frozen_dinov2_linear	5	2023-05-25	0.5	0.25	0.5	40	392	12	0.030612244897959183	12	0.030612244897959183
all_candidate_frozen_dinov2_linear	5	2023-05-25	0.5	0.25	0.75	40	392	12	0.030612244897959183	12	0.030612244897959183
all_candidate_frozen_dinov2_linear	5	2023-05-25	0.5	0.25	0.9	40	392	11	0.02806122448979592	11	0.02806122448979592
all_candidate_frozen_dinov2_linear	5	2023-05-25	0.5	0.5	0.5	40	392	8	0.02040816326530612	8	0.02040816326530612
all_candidate_frozen_dinov2_linear	5	2023-05-25	0.5	0.5	0.75	40	392	8	0.02040816326530612	8	0.02040816326530612
all_candidate_frozen_dinov2_linear	5	2023-05-25	0.5	0.5	0.9	40	392	7	0.017857142857142856	7	0.017857142857142856
all_candidate_frozen_dinov2_linear	5	2023-05-25	0.5	0.75	0.5	40	392	3	0.007653061224489796	3	0.007653061224489796
all_candidate_frozen_dinov2_linear	5	2023-05-25	0.5	0.75	0.75	40	392	3	0.007653061224489796	3	0.007653061224489796
all_candidate_frozen_dinov2_linear	5	2023-05-25	0.5	0.75	0.9	40	392	2	0.00510204081632653	2	0.00510204081632653
all_candidate_frozen_dinov2_linear	5	2023-05-25	0.75	0.25	0.5	40	392	6	0.015306122448979591	6	0.015306122448979591
all_candidate_frozen_dinov2_linear	5	2023-05-25	0.75	0.25	0.75	40	392	6	0.015306122448979591	6	0.015306122448979591
all_candidate_frozen_dinov2_linear	5	2023-05-25	0.75	0.25	0.9	40	392	6	0.015306122448979591	6	0.015306122448979591
all_candidate_frozen_dinov2_linear	5	2023-05-25	0.75	0.5	0.5	40	392	4	0.01020408163265306	4	0.01020408163265306
all_candidate_frozen_dinov2_linear	5	2023-05-25	0.75	0.5	0.75	40	392	4	0.01020408163265306	4	0.01020408163265306
all_candidate_frozen_dinov2_linear	5	2023-05-25	0.75	0.5	0.9	40	392	4	0.01020408163265306	4	0.01020408163265306
all_candidate_frozen_dinov2_linear	5	2023-05-25	0.75	0.75	0.5	40	392	1	0.002551020408163265	1	0.002551020408163265
all_candidate_frozen_dinov2_linear	5	2023-05-25	0.75	0.75	0.75	40	392	1	0.002551020408163265	1	0.002551020408163265
all_candidate_frozen_dinov2_linear	5	2023-05-25	0.75	0.75	0.9	40	392	1	0.002551020408163265	1	0.002551020408163265
all_candidate_frozen_dinov2_linear	5	2023-05-30	0.25	0.25	0.5	40	440	42	0.09545454545454546	34	0.07727272727272727
all_candidate_frozen_dinov2_linear	5	2023-05-30	0.25	0.25	0.75	40	440	42	0.09545454545454546	34	0.07727272727272727
all_candidate_frozen_dinov2_linear	5	2023-05-30	0.25	0.25	0.9	40	440	42	0.09545454545454546	34	0.07727272727272727
all_candidate_frozen_dinov2_linear	5	2023-05-30	0.25	0.5	0.5	40	440	33	0.075	25	0.056818181818181816
all_candidate_frozen_dinov2_linear	5	2023-05-30	0.25	0.5	0.75	40	440	33	0.075	25	0.056818181818181816
all_candidate_frozen_dinov2_linear	5	2023-05-30	0.25	0.5	0.9	40	440	33	0.075	25	0.056818181818181816
all_candidate_frozen_dinov2_linear	5	2023-05-30	0.25	0.75	0.5	40	440	7	0.015909090909090907	7	0.015909090909090907
all_candidate_frozen_dinov2_linear	5	2023-05-30	0.25	0.75	0.75	40	440	7	0.015909090909090907	7	0.015909090909090907
all_candidate_frozen_dinov2_linear	5	2023-05-30	0.25	0.75	0.9	40	440	7	0.015909090909090907	7	0.015909090909090907
all_candidate_frozen_dinov2_linear	5	2023-05-30	0.5	0.25	0.5	40	440	37	0.08409090909090909	31	0.07045454545454545
all_candidate_frozen_dinov2_linear	5	2023-05-30	0.5	0.25	0.75	40	440	37	0.08409090909090909	31	0.07045454545454545
all_candidate_frozen_dinov2_linear	5	2023-05-30	0.5	0.25	0.9	40	440	37	0.08409090909090909	31	0.07045454545454545
all_candidate_frozen_dinov2_linear	5	2023-05-30	0.5	0.5	0.5	40	440	29	0.0659090909090909	23	0.05227272727272727
all_candidate_frozen_dinov2_linear	5	2023-05-30	0.5	0.5	0.75	40	440	29	0.0659090909090909	23	0.05227272727272727
all_candidate_frozen_dinov2_linear	5	2023-05-30	0.5	0.5	0.9	40	440	29	0.0659090909090909	23	0.05227272727272727
all_candidate_frozen_dinov2_linear	5	2023-05-30	0.5	0.75	0.5	40	440	5	0.011363636363636364	5	0.011363636363636364
all_candidate_frozen_dinov2_linear	5	2023-05-30	0.5	0.75	0.75	40	440	5	0.011363636363636364	5	0.011363636363636364
all_candidate_frozen_dinov2_linear	5	2023-05-30	0.5	0.75	0.9	40	440	5	0.011363636363636364	5	0.011363636363636364
all_candidate_frozen_dinov2_linear	5	2023-05-30	0.75	0.25	0.5	40	440	28	0.06363636363636363	24	0.05454545454545454
all_candidate_frozen_dinov2_linear	5	2023-05-30	0.75	0.25	0.75	40	440	28	0.06363636363636363	24	0.05454545454545454
all_candidate_frozen_dinov2_linear	5	2023-05-30	0.75	0.25	0.9	40	440	28	0.06363636363636363	24	0.05454545454545454
all_candidate_frozen_dinov2_linear	5	2023-05-30	0.75	0.5	0.5	40	440	24	0.05454545454545454	20	0.045454545454545456
all_candidate_frozen_dinov2_linear	5	2023-05-30	0.75	0.5	0.75	40	440	24	0.05454545454545454	20	0.045454545454545456
all_candidate_frozen_dinov2_linear	5	2023-05-30	0.75	0.5	0.9	40	440	24	0.05454545454545454	20	0.045454545454545456
all_candidate_frozen_dinov2_linear	5	2023-05-30	0.75	0.75	0.5	40	440	2	0.004545454545454545	2	0.004545454545454545
all_candidate_frozen_dinov2_linear	5	2023-05-30	0.75	0.75	0.75	40	440	2	0.004545454545454545	2	0.004545454545454545
all_candidate_frozen_dinov2_linear	5	2023-05-30	0.75	0.75	0.9	40	440	2	0.004545454545454545	2	0.004545454545454545
all_candidate_frozen_dinov2_linear	5	2023-06-06	0.25	0.25	0.5	40	726	47	0.06473829201101929	40	0.05509641873278237
all_candidate_frozen_dinov2_linear	5	2023-06-06	0.25	0.25	0.75	40	726	47	0.06473829201101929	40	0.05509641873278237
all_candidate_frozen_dinov2_linear	5	2023-06-06	0.25	0.25	0.9	40	726	47	0.06473829201101929	40	0.05509641873278237
all_candidate_frozen_dinov2_linear	5	2023-06-06	0.25	0.5	0.5	40	726	45	0.06198347107438017	38	0.05234159779614325
all_candidate_frozen_dinov2_linear	5	2023-06-06	0.25	0.5	0.75	40	726	45	0.06198347107438017	38	0.05234159779614325
all_candidate_frozen_dinov2_linear	5	2023-06-06	0.25	0.5	0.9	40	726	45	0.06198347107438017	38	0.05234159779614325
all_candidate_frozen_dinov2_linear	5	2023-06-06	0.25	0.75	0.5	40	726	26	0.03581267217630854	24	0.03305785123966942
all_candidate_frozen_dinov2_linear	5	2023-06-06	0.25	0.75	0.75	40	726	26	0.03581267217630854	24	0.03305785123966942
all_candidate_frozen_dinov2_linear	5	2023-06-06	0.25	0.75	0.9	40	726	26	0.03581267217630854	24	0.03305785123966942
all_candidate_frozen_dinov2_linear	5	2023-06-06	0.5	0.25	0.5	40	726	45	0.06198347107438017	39	0.05371900826446281
all_candidate_frozen_dinov2_linear	5	2023-06-06	0.5	0.25	0.75	40	726	45	0.06198347107438017	39	0.05371900826446281
all_candidate_frozen_dinov2_linear	5	2023-06-06	0.5	0.25	0.9	40	726	45	0.06198347107438017	39	0.05371900826446281
all_candidate_frozen_dinov2_linear	5	2023-06-06	0.5	0.5	0.5	40	726	43	0.05922865013774105	37	0.05096418732782369
all_candidate_frozen_dinov2_linear	5	2023-06-06	0.5	0.5	0.75	40	726	43	0.05922865013774105	37	0.05096418732782369
all_candidate_frozen_dinov2_linear	5	2023-06-06	0.5	0.5	0.9	40	726	43	0.05922865013774105	37	0.05096418732782369
all_candidate_frozen_dinov2_linear	5	2023-06-06	0.5	0.75	0.5	40	726	25	0.03443526170798898	23	0.03168044077134986
all_candidate_frozen_dinov2_linear	5	2023-06-06	0.5	0.75	0.75	40	726	25	0.03443526170798898	23	0.03168044077134986
all_candidate_frozen_dinov2_linear	5	2023-06-06	0.5	0.75	0.9	40	726	25	0.03443526170798898	23	0.03168044077134986
all_candidate_frozen_dinov2_linear	5	2023-06-06	0.75	0.25	0.5	40	726	35	0.048209366391184574	32	0.0440771349862259
all_candidate_frozen_dinov2_linear	5	2023-06-06	0.75	0.25	0.75	40	726	35	0.048209366391184574	32	0.0440771349862259
all_candidate_frozen_dinov2_linear	5	2023-06-06	0.75	0.25	0.9	40	726	35	0.048209366391184574	32	0.0440771349862259
all_candidate_frozen_dinov2_linear	5	2023-06-06	0.75	0.5	0.5	40	726	33	0.045454545454545456	30	0.04132231404958678
all_candidate_frozen_dinov2_linear	5	2023-06-06	0.75	0.5	0.75	40	726	33	0.045454545454545456	30	0.04132231404958678
all_candidate_frozen_dinov2_linear	5	2023-06-06	0.75	0.5	0.9	40	726	33	0.045454545454545456	30	0.04132231404958678
all_candidate_frozen_dinov2_linear	5	2023-06-06	0.75	0.75	0.5	40	726	17	0.023415977961432508	17	0.023415977961432508
all_candidate_frozen_dinov2_linear	5	2023-06-06	0.75	0.75	0.75	40	726	17	0.023415977961432508	17	0.023415977961432508
all_candidate_frozen_dinov2_linear	5	2023-06-06	0.75	0.75	0.9	40	726	17	0.023415977961432508	17	0.023415977961432508
all_candidate_frozen_dinov2_linear	5	2023-06-15	0.25	0.25	0.5	10	154	4	0.025974025974025976	4	0.025974025974025976
all_candidate_frozen_dinov2_linear	5	2023-06-15	0.25	0.25	0.75	10	154	4	0.025974025974025976	4	0.025974025974025976
all_candidate_frozen_dinov2_linear	5	2023-06-15	0.25	0.25	0.9	10	154	4	0.025974025974025976	4	0.025974025974025976
all_candidate_frozen_dinov2_linear	5	2023-06-15	0.25	0.5	0.5	10	154	4	0.025974025974025976	4	0.025974025974025976
all_candidate_frozen_dinov2_linear	5	2023-06-15	0.25	0.5	0.75	10	154	4	0.025974025974025976	4	0.025974025974025976
all_candidate_frozen_dinov2_linear	5	2023-06-15	0.25	0.5	0.9	10	154	4	0.025974025974025976	4	0.025974025974025976
all_candidate_frozen_dinov2_linear	5	2023-06-15	0.25	0.75	0.5	10	154	2	0.012987012987012988	2	0.012987012987012988
all_candidate_frozen_dinov2_linear	5	2023-06-15	0.25	0.75	0.75	10	154	2	0.012987012987012988	2	0.012987012987012988
all_candidate_frozen_dinov2_linear	5	2023-06-15	0.25	0.75	0.9	10	154	2	0.012987012987012988	2	0.012987012987012988
all_candidate_frozen_dinov2_linear	5	2023-06-15	0.5	0.25	0.5	10	154	4	0.025974025974025976	4	0.025974025974025976
all_candidate_frozen_dinov2_linear	5	2023-06-15	0.5	0.25	0.75	10	154	4	0.025974025974025976	4	0.025974025974025976
all_candidate_frozen_dinov2_linear	5	2023-06-15	0.5	0.25	0.9	10	154	4	0.025974025974025976	4	0.025974025974025976
all_candidate_frozen_dinov2_linear	5	2023-06-15	0.5	0.5	0.5	10	154	4	0.025974025974025976	4	0.025974025974025976
all_candidate_frozen_dinov2_linear	5	2023-06-15	0.5	0.5	0.75	10	154	4	0.025974025974025976	4	0.025974025974025976
all_candidate_frozen_dinov2_linear	5	2023-06-15	0.5	0.5	0.9	10	154	4	0.025974025974025976	4	0.025974025974025976
all_candidate_frozen_dinov2_linear	5	2023-06-15	0.5	0.75	0.5	10	154	2	0.012987012987012988	2	0.012987012987012988
all_candidate_frozen_dinov2_linear	5	2023-06-15	0.5	0.75	0.75	10	154	2	0.012987012987012988	2	0.012987012987012988
all_candidate_frozen_dinov2_linear	5	2023-06-15	0.5	0.75	0.9	10	154	2	0.012987012987012988	2	0.012987012987012988
all_candidate_frozen_dinov2_linear	5	2023-06-15	0.75	0.25	0.5	10	154	3	0.01948051948051948	3	0.01948051948051948
all_candidate_frozen_dinov2_linear	5	2023-06-15	0.75	0.25	0.75	10	154	3	0.01948051948051948	3	0.01948051948051948
all_candidate_frozen_dinov2_linear	5	2023-06-15	0.75	0.25	0.9	10	154	3	0.01948051948051948	3	0.01948051948051948
all_candidate_frozen_dinov2_linear	5	2023-06-15	0.75	0.5	0.5	10	154	3	0.01948051948051948	3	0.01948051948051948
all_candidate_frozen_dinov2_linear	5	2023-06-15	0.75	0.5	0.75	10	154	3	0.01948051948051948	3	0.01948051948051948
all_candidate_frozen_dinov2_linear	5	2023-06-15	0.75	0.5	0.9	10	154	3	0.01948051948051948	3	0.01948051948051948
all_candidate_frozen_dinov2_linear	5	2023-06-15	0.75	0.75	0.5	10	154	1	0.006493506493506494	1	0.006493506493506494
all_candidate_frozen_dinov2_linear	5	2023-06-15	0.75	0.75	0.75	10	154	1	0.006493506493506494	1	0.006493506493506494
all_candidate_frozen_dinov2_linear	5	2023-06-15	0.75	0.75	0.9	10	154	1	0.006493506493506494	1	0.006493506493506494
all_candidate_frozen_dinov2_linear	10	ALL	0.25	0.25	0.5	260	1712	288	0.16822429906542055	174	0.10163551401869159
all_candidate_frozen_dinov2_linear	10	ALL	0.25	0.25	0.75	260	1712	288	0.16822429906542055	174	0.10163551401869159
all_candidate_frozen_dinov2_linear	10	ALL	0.25	0.25	0.9	260	1712	219	0.12792056074766356	172	0.10046728971962617
all_candidate_frozen_dinov2_linear	10	ALL	0.25	0.5	0.5	260	1712	258	0.15070093457943926	145	0.084696261682243
all_candidate_frozen_dinov2_linear	10	ALL	0.25	0.5	0.75	260	1712	258	0.15070093457943926	145	0.084696261682243
all_candidate_frozen_dinov2_linear	10	ALL	0.25	0.5	0.9	260	1712	189	0.11039719626168225	143	0.08352803738317757
all_candidate_frozen_dinov2_linear	10	ALL	0.25	0.75	0.5	260	1712	143	0.08352803738317757	61	0.035630841121495324
all_candidate_frozen_dinov2_linear	10	ALL	0.25	0.75	0.75	260	1712	143	0.08352803738317757	61	0.035630841121495324
all_candidate_frozen_dinov2_linear	10	ALL	0.25	0.75	0.9	260	1712	74	0.04322429906542056	59	0.0344626168224299
all_candidate_frozen_dinov2_linear	10	ALL	0.5	0.25	0.5	260	1712	267	0.15595794392523366	161	0.09404205607476636
all_candidate_frozen_dinov2_linear	10	ALL	0.5	0.25	0.75	260	1712	267	0.15595794392523366	161	0.09404205607476636
all_candidate_frozen_dinov2_linear	10	ALL	0.5	0.25	0.9	260	1712	200	0.11682242990654206	159	0.09287383177570094
all_candidate_frozen_dinov2_linear	10	ALL	0.5	0.5	0.5	260	1712	238	0.13901869158878505	133	0.07768691588785047
all_candidate_frozen_dinov2_linear	10	ALL	0.5	0.5	0.75	260	1712	238	0.13901869158878505	133	0.07768691588785047
all_candidate_frozen_dinov2_linear	10	ALL	0.5	0.5	0.9	260	1712	171	0.09988317757009346	131	0.07651869158878505
all_candidate_frozen_dinov2_linear	10	ALL	0.5	0.75	0.5	260	1712	134	0.07827102803738317	54	0.03154205607476635
all_candidate_frozen_dinov2_linear	10	ALL	0.5	0.75	0.75	260	1712	134	0.07827102803738317	54	0.03154205607476635
all_candidate_frozen_dinov2_linear	10	ALL	0.5	0.75	0.9	260	1712	67	0.039135514018691586	52	0.030373831775700934
all_candidate_frozen_dinov2_linear	10	ALL	0.75	0.25	0.5	260	1712	218	0.12733644859813084	125	0.07301401869158879
all_candidate_frozen_dinov2_linear	10	ALL	0.75	0.25	0.75	260	1712	218	0.12733644859813084	125	0.07301401869158879
all_candidate_frozen_dinov2_linear	10	ALL	0.75	0.25	0.9	260	1712	157	0.09170560747663552	124	0.07242990654205607
all_candidate_frozen_dinov2_linear	10	ALL	0.75	0.5	0.5	260	1712	198	0.11565420560747663	106	0.06191588785046729
all_candidate_frozen_dinov2_linear	10	ALL	0.75	0.5	0.75	260	1712	198	0.11565420560747663	106	0.06191588785046729
all_candidate_frozen_dinov2_linear	10	ALL	0.75	0.5	0.9	260	1712	137	0.08002336448598131	105	0.06133177570093458
all_candidate_frozen_dinov2_linear	10	ALL	0.75	0.75	0.5	260	1712	108	0.0630841121495327	38	0.02219626168224299
all_candidate_frozen_dinov2_linear	10	ALL	0.75	0.75	0.75	260	1712	108	0.0630841121495327	38	0.02219626168224299
all_candidate_frozen_dinov2_linear	10	ALL	0.75	0.75	0.9	260	1712	47	0.027453271028037383	37	0.02161214953271028
all_candidate_frozen_dinov2_linear	10	2023-05-25	0.25	0.25	0.5	80	392	19	0.04846938775510204	19	0.04846938775510204
all_candidate_frozen_dinov2_linear	10	2023-05-25	0.25	0.25	0.75	80	392	19	0.04846938775510204	19	0.04846938775510204
all_candidate_frozen_dinov2_linear	10	2023-05-25	0.25	0.25	0.9	80	392	18	0.04591836734693878	18	0.04591836734693878
all_candidate_frozen_dinov2_linear	10	2023-05-25	0.25	0.5	0.5	80	392	12	0.030612244897959183	12	0.030612244897959183
all_candidate_frozen_dinov2_linear	10	2023-05-25	0.25	0.5	0.75	80	392	12	0.030612244897959183	12	0.030612244897959183
all_candidate_frozen_dinov2_linear	10	2023-05-25	0.25	0.5	0.9	80	392	11	0.02806122448979592	11	0.02806122448979592
all_candidate_frozen_dinov2_linear	10	2023-05-25	0.25	0.75	0.5	80	392	3	0.007653061224489796	3	0.007653061224489796
all_candidate_frozen_dinov2_linear	10	2023-05-25	0.25	0.75	0.75	80	392	3	0.007653061224489796	3	0.007653061224489796
all_candidate_frozen_dinov2_linear	10	2023-05-25	0.25	0.75	0.9	80	392	2	0.00510204081632653	2	0.00510204081632653
all_candidate_frozen_dinov2_linear	10	2023-05-25	0.5	0.25	0.5	80	392	17	0.04336734693877551	17	0.04336734693877551
all_candidate_frozen_dinov2_linear	10	2023-05-25	0.5	0.25	0.75	80	392	17	0.04336734693877551	17	0.04336734693877551
all_candidate_frozen_dinov2_linear	10	2023-05-25	0.5	0.25	0.9	80	392	16	0.04081632653061224	16	0.04081632653061224
all_candidate_frozen_dinov2_linear	10	2023-05-25	0.5	0.5	0.5	80	392	10	0.025510204081632654	10	0.025510204081632654
all_candidate_frozen_dinov2_linear	10	2023-05-25	0.5	0.5	0.75	80	392	10	0.025510204081632654	10	0.025510204081632654
all_candidate_frozen_dinov2_linear	10	2023-05-25	0.5	0.5	0.9	80	392	9	0.02295918367346939	9	0.02295918367346939
all_candidate_frozen_dinov2_linear	10	2023-05-25	0.5	0.75	0.5	80	392	3	0.007653061224489796	3	0.007653061224489796
all_candidate_frozen_dinov2_linear	10	2023-05-25	0.5	0.75	0.75	80	392	3	0.007653061224489796	3	0.007653061224489796
all_candidate_frozen_dinov2_linear	10	2023-05-25	0.5	0.75	0.9	80	392	2	0.00510204081632653	2	0.00510204081632653
all_candidate_frozen_dinov2_linear	10	2023-05-25	0.75	0.25	0.5	80	392	10	0.025510204081632654	10	0.025510204081632654
all_candidate_frozen_dinov2_linear	10	2023-05-25	0.75	0.25	0.75	80	392	10	0.025510204081632654	10	0.025510204081632654
all_candidate_frozen_dinov2_linear	10	2023-05-25	0.75	0.25	0.9	80	392	10	0.025510204081632654	10	0.025510204081632654
all_candidate_frozen_dinov2_linear	10	2023-05-25	0.75	0.5	0.5	80	392	6	0.015306122448979591	6	0.015306122448979591
all_candidate_frozen_dinov2_linear	10	2023-05-25	0.75	0.5	0.75	80	392	6	0.015306122448979591	6	0.015306122448979591
all_candidate_frozen_dinov2_linear	10	2023-05-25	0.75	0.5	0.9	80	392	6	0.015306122448979591	6	0.015306122448979591
all_candidate_frozen_dinov2_linear	10	2023-05-25	0.75	0.75	0.5	80	392	1	0.002551020408163265	1	0.002551020408163265
all_candidate_frozen_dinov2_linear	10	2023-05-25	0.75	0.75	0.75	80	392	1	0.002551020408163265	1	0.002551020408163265
all_candidate_frozen_dinov2_linear	10	2023-05-25	0.75	0.75	0.9	80	392	1	0.002551020408163265	1	0.002551020408163265
all_candidate_frozen_dinov2_linear	10	2023-05-30	0.25	0.25	0.5	80	440	80	0.18181818181818182	66	0.15
all_candidate_frozen_dinov2_linear	10	2023-05-30	0.25	0.25	0.75	80	440	80	0.18181818181818182	66	0.15
all_candidate_frozen_dinov2_linear	10	2023-05-30	0.25	0.25	0.9	80	440	80	0.18181818181818182	66	0.15
all_candidate_frozen_dinov2_linear	10	2023-05-30	0.25	0.5	0.5	80	440	62	0.1409090909090909	49	0.11136363636363636
all_candidate_frozen_dinov2_linear	10	2023-05-30	0.25	0.5	0.75	80	440	62	0.1409090909090909	49	0.11136363636363636
all_candidate_frozen_dinov2_linear	10	2023-05-30	0.25	0.5	0.9	80	440	62	0.1409090909090909	49	0.11136363636363636
all_candidate_frozen_dinov2_linear	10	2023-05-30	0.25	0.75	0.5	80	440	13	0.029545454545454545	12	0.02727272727272727
all_candidate_frozen_dinov2_linear	10	2023-05-30	0.25	0.75	0.75	80	440	13	0.029545454545454545	12	0.02727272727272727
all_candidate_frozen_dinov2_linear	10	2023-05-30	0.25	0.75	0.9	80	440	13	0.029545454545454545	12	0.02727272727272727
all_candidate_frozen_dinov2_linear	10	2023-05-30	0.5	0.25	0.5	80	440	67	0.15227272727272728	58	0.1318181818181818
all_candidate_frozen_dinov2_linear	10	2023-05-30	0.5	0.25	0.75	80	440	67	0.15227272727272728	58	0.1318181818181818
all_candidate_frozen_dinov2_linear	10	2023-05-30	0.5	0.25	0.9	80	440	67	0.15227272727272728	58	0.1318181818181818
all_candidate_frozen_dinov2_linear	10	2023-05-30	0.5	0.5	0.5	80	440	50	0.11363636363636363	42	0.09545454545454546
all_candidate_frozen_dinov2_linear	10	2023-05-30	0.5	0.5	0.75	80	440	50	0.11363636363636363	42	0.09545454545454546
all_candidate_frozen_dinov2_linear	10	2023-05-30	0.5	0.5	0.9	80	440	50	0.11363636363636363	42	0.09545454545454546
all_candidate_frozen_dinov2_linear	10	2023-05-30	0.5	0.75	0.5	80	440	8	0.01818181818181818	7	0.015909090909090907
all_candidate_frozen_dinov2_linear	10	2023-05-30	0.5	0.75	0.75	80	440	8	0.01818181818181818	7	0.015909090909090907
all_candidate_frozen_dinov2_linear	10	2023-05-30	0.5	0.75	0.9	80	440	8	0.01818181818181818	7	0.015909090909090907
all_candidate_frozen_dinov2_linear	10	2023-05-30	0.75	0.25	0.5	80	440	51	0.1159090909090909	45	0.10227272727272728
all_candidate_frozen_dinov2_linear	10	2023-05-30	0.75	0.25	0.75	80	440	51	0.1159090909090909	45	0.10227272727272728
all_candidate_frozen_dinov2_linear	10	2023-05-30	0.75	0.25	0.9	80	440	51	0.1159090909090909	45	0.10227272727272728
all_candidate_frozen_dinov2_linear	10	2023-05-30	0.75	0.5	0.5	80	440	39	0.08863636363636364	34	0.07727272727272727
all_candidate_frozen_dinov2_linear	10	2023-05-30	0.75	0.5	0.75	80	440	39	0.08863636363636364	34	0.07727272727272727
all_candidate_frozen_dinov2_linear	10	2023-05-30	0.75	0.5	0.9	80	440	39	0.08863636363636364	34	0.07727272727272727
all_candidate_frozen_dinov2_linear	10	2023-05-30	0.75	0.75	0.5	80	440	3	0.006818181818181818	3	0.006818181818181818
all_candidate_frozen_dinov2_linear	10	2023-05-30	0.75	0.75	0.75	80	440	3	0.006818181818181818	3	0.006818181818181818
all_candidate_frozen_dinov2_linear	10	2023-05-30	0.75	0.75	0.9	80	440	3	0.006818181818181818	3	0.006818181818181818
all_candidate_frozen_dinov2_linear	10	2023-06-06	0.25	0.25	0.5	80	726	112	0.15426997245179064	80	0.11019283746556474
all_candidate_frozen_dinov2_linear	10	2023-06-06	0.25	0.25	0.75	80	726	112	0.15426997245179064	80	0.11019283746556474
all_candidate_frozen_dinov2_linear	10	2023-06-06	0.25	0.25	0.9	80	726	112	0.15426997245179064	80	0.11019283746556474
all_candidate_frozen_dinov2_linear	10	2023-06-06	0.25	0.5	0.5	80	726	107	0.14738292011019283	75	0.10330578512396695
all_candidate_frozen_dinov2_linear	10	2023-06-06	0.25	0.5	0.75	80	726	107	0.14738292011019283	75	0.10330578512396695
all_candidate_frozen_dinov2_linear	10	2023-06-06	0.25	0.5	0.9	80	726	107	0.14738292011019283	75	0.10330578512396695
all_candidate_frozen_dinov2_linear	10	2023-06-06	0.25	0.75	0.5	80	726	53	0.07300275482093664	40	0.05509641873278237
all_candidate_frozen_dinov2_linear	10	2023-06-06	0.25	0.75	0.75	80	726	53	0.07300275482093664	40	0.05509641873278237
all_candidate_frozen_dinov2_linear	10	2023-06-06	0.25	0.75	0.9	80	726	53	0.07300275482093664	40	0.05509641873278237
all_candidate_frozen_dinov2_linear	10	2023-06-06	0.5	0.25	0.5	80	726	108	0.1487603305785124	77	0.10606060606060606
all_candidate_frozen_dinov2_linear	10	2023-06-06	0.5	0.25	0.75	80	726	108	0.1487603305785124	77	0.10606060606060606
all_candidate_frozen_dinov2_linear	10	2023-06-06	0.5	0.25	0.9	80	726	108	0.1487603305785124	77	0.10606060606060606
all_candidate_frozen_dinov2_linear	10	2023-06-06	0.5	0.5	0.5	80	726	103	0.1418732782369146	72	0.09917355371900827
all_candidate_frozen_dinov2_linear	10	2023-06-06	0.5	0.5	0.75	80	726	103	0.1418732782369146	72	0.09917355371900827
all_candidate_frozen_dinov2_linear	10	2023-06-06	0.5	0.5	0.9	80	726	103	0.1418732782369146	72	0.09917355371900827
all_candidate_frozen_dinov2_linear	10	2023-06-06	0.5	0.75	0.5	80	726	51	0.07024793388429752	38	0.05234159779614325
all_candidate_frozen_dinov2_linear	10	2023-06-06	0.5	0.75	0.75	80	726	51	0.07024793388429752	38	0.05234159779614325
all_candidate_frozen_dinov2_linear	10	2023-06-06	0.5	0.75	0.9	80	726	51	0.07024793388429752	38	0.05234159779614325
all_candidate_frozen_dinov2_linear	10	2023-06-06	0.75	0.25	0.5	80	726	89	0.12258953168044077	63	0.08677685950413223
all_candidate_frozen_dinov2_linear	10	2023-06-06	0.75	0.25	0.75	80	726	89	0.12258953168044077	63	0.08677685950413223
all_candidate_frozen_dinov2_linear	10	2023-06-06	0.75	0.25	0.9	80	726	89	0.12258953168044077	63	0.08677685950413223
all_candidate_frozen_dinov2_linear	10	2023-06-06	0.75	0.5	0.5	80	726	85	0.11707988980716254	59	0.081267217630854
all_candidate_frozen_dinov2_linear	10	2023-06-06	0.75	0.5	0.75	80	726	85	0.11707988980716254	59	0.081267217630854
all_candidate_frozen_dinov2_linear	10	2023-06-06	0.75	0.5	0.9	80	726	85	0.11707988980716254	59	0.081267217630854
all_candidate_frozen_dinov2_linear	10	2023-06-06	0.75	0.75	0.5	80	726	39	0.05371900826446281	30	0.04132231404958678
all_candidate_frozen_dinov2_linear	10	2023-06-06	0.75	0.75	0.75	80	726	39	0.05371900826446281	30	0.04132231404958678
all_candidate_frozen_dinov2_linear	10	2023-06-06	0.75	0.75	0.9	80	726	39	0.05371900826446281	30	0.04132231404958678
all_candidate_frozen_dinov2_linear	10	2023-06-15	0.25	0.25	0.5	20	154	77	0.5	9	0.05844155844155844
all_candidate_frozen_dinov2_linear	10	2023-06-15	0.25	0.25	0.75	20	154	77	0.5	9	0.05844155844155844
all_candidate_frozen_dinov2_linear	10	2023-06-15	0.25	0.25	0.9	20	154	9	0.05844155844155844	8	0.05194805194805195
all_candidate_frozen_dinov2_linear	10	2023-06-15	0.25	0.5	0.5	20	154	77	0.5	9	0.05844155844155844
all_candidate_frozen_dinov2_linear	10	2023-06-15	0.25	0.5	0.75	20	154	77	0.5	9	0.05844155844155844
all_candidate_frozen_dinov2_linear	10	2023-06-15	0.25	0.5	0.9	20	154	9	0.05844155844155844	8	0.05194805194805195
all_candidate_frozen_dinov2_linear	10	2023-06-15	0.25	0.75	0.5	20	154	74	0.4805194805194805	6	0.03896103896103896
all_candidate_frozen_dinov2_linear	10	2023-06-15	0.25	0.75	0.75	20	154	74	0.4805194805194805	6	0.03896103896103896
all_candidate_frozen_dinov2_linear	10	2023-06-15	0.25	0.75	0.9	20	154	6	0.03896103896103896	5	0.032467532467532464
all_candidate_frozen_dinov2_linear	10	2023-06-15	0.5	0.25	0.5	20	154	75	0.487012987012987	9	0.05844155844155844
all_candidate_frozen_dinov2_linear	10	2023-06-15	0.5	0.25	0.75	20	154	75	0.487012987012987	9	0.05844155844155844
all_candidate_frozen_dinov2_linear	10	2023-06-15	0.5	0.25	0.9	20	154	9	0.05844155844155844	8	0.05194805194805195
all_candidate_frozen_dinov2_linear	10	2023-06-15	0.5	0.5	0.5	20	154	75	0.487012987012987	9	0.05844155844155844
all_candidate_frozen_dinov2_linear	10	2023-06-15	0.5	0.5	0.75	20	154	75	0.487012987012987	9	0.05844155844155844
all_candidate_frozen_dinov2_linear	10	2023-06-15	0.5	0.5	0.9	20	154	9	0.05844155844155844	8	0.05194805194805195
all_candidate_frozen_dinov2_linear	10	2023-06-15	0.5	0.75	0.5	20	154	72	0.4675324675324675	6	0.03896103896103896
all_candidate_frozen_dinov2_linear	10	2023-06-15	0.5	0.75	0.75	20	154	72	0.4675324675324675	6	0.03896103896103896
all_candidate_frozen_dinov2_linear	10	2023-06-15	0.5	0.75	0.9	20	154	6	0.03896103896103896	5	0.032467532467532464
all_candidate_frozen_dinov2_linear	10	2023-06-15	0.75	0.25	0.5	20	154	68	0.44155844155844154	7	0.045454545454545456
all_candidate_frozen_dinov2_linear	10	2023-06-15	0.75	0.25	0.75	20	154	68	0.44155844155844154	7	0.045454545454545456
all_candidate_frozen_dinov2_linear	10	2023-06-15	0.75	0.25	0.9	20	154	7	0.045454545454545456	6	0.03896103896103896
all_candidate_frozen_dinov2_linear	10	2023-06-15	0.75	0.5	0.5	20	154	68	0.44155844155844154	7	0.045454545454545456
all_candidate_frozen_dinov2_linear	10	2023-06-15	0.75	0.5	0.75	20	154	68	0.44155844155844154	7	0.045454545454545456
all_candidate_frozen_dinov2_linear	10	2023-06-15	0.75	0.5	0.9	20	154	7	0.045454545454545456	6	0.03896103896103896
all_candidate_frozen_dinov2_linear	10	2023-06-15	0.75	0.75	0.5	20	154	65	0.42207792207792205	4	0.025974025974025976
all_candidate_frozen_dinov2_linear	10	2023-06-15	0.75	0.75	0.75	20	154	65	0.42207792207792205	4	0.025974025974025976
all_candidate_frozen_dinov2_linear	10	2023-06-15	0.75	0.75	0.9	20	154	4	0.025974025974025976	3	0.01948051948051948
all_candidate_frozen_dinov2_linear	20	ALL	0.25	0.25	0.5	520	1712	470	0.27453271028037385	311	0.1816588785046729
all_candidate_frozen_dinov2_linear	20	ALL	0.25	0.25	0.75	520	1712	470	0.27453271028037385	311	0.1816588785046729
all_candidate_frozen_dinov2_linear	20	ALL	0.25	0.25	0.9	520	1712	401	0.23422897196261683	309	0.18049065420560748
all_candidate_frozen_dinov2_linear	20	ALL	0.25	0.5	0.5	520	1712	413	0.24123831775700935	256	0.14953271028037382
all_candidate_frozen_dinov2_linear	20	ALL	0.25	0.5	0.75	520	1712	413	0.24123831775700935	256	0.14953271028037382
all_candidate_frozen_dinov2_linear	20	ALL	0.25	0.5	0.9	520	1712	344	0.20093457943925233	254	0.1483644859813084
all_candidate_frozen_dinov2_linear	20	ALL	0.25	0.75	0.5	520	1712	219	0.12792056074766356	113	0.06600467289719626
all_candidate_frozen_dinov2_linear	20	ALL	0.25	0.75	0.75	520	1712	219	0.12792056074766356	113	0.06600467289719626
all_candidate_frozen_dinov2_linear	20	ALL	0.25	0.75	0.9	520	1712	150	0.08761682242990654	111	0.06483644859813084
all_candidate_frozen_dinov2_linear	20	ALL	0.5	0.25	0.5	520	1712	425	0.24824766355140188	278	0.16238317757009346
all_candidate_frozen_dinov2_linear	20	ALL	0.5	0.25	0.75	520	1712	425	0.24824766355140188	278	0.16238317757009346
all_candidate_frozen_dinov2_linear	20	ALL	0.5	0.25	0.9	520	1712	358	0.2091121495327103	276	0.16121495327102803
all_candidate_frozen_dinov2_linear	20	ALL	0.5	0.5	0.5	520	1712	372	0.21728971962616822	227	0.13259345794392524
all_candidate_frozen_dinov2_linear	20	ALL	0.5	0.5	0.75	520	1712	372	0.21728971962616822	227	0.13259345794392524
all_candidate_frozen_dinov2_linear	20	ALL	0.5	0.5	0.9	520	1712	305	0.17815420560747663	225	0.1314252336448598
all_candidate_frozen_dinov2_linear	20	ALL	0.5	0.75	0.5	520	1712	196	0.11448598130841121	95	0.055490654205607476
all_candidate_frozen_dinov2_linear	20	ALL	0.5	0.75	0.75	520	1712	196	0.11448598130841121	95	0.055490654205607476
all_candidate_frozen_dinov2_linear	20	ALL	0.5	0.75	0.9	520	1712	129	0.07535046728971963	93	0.054322429906542055
all_candidate_frozen_dinov2_linear	20	ALL	0.75	0.25	0.5	520	1712	336	0.19626168224299065	210	0.12266355140186916
all_candidate_frozen_dinov2_linear	20	ALL	0.75	0.25	0.75	520	1712	336	0.19626168224299065	210	0.12266355140186916
all_candidate_frozen_dinov2_linear	20	ALL	0.75	0.25	0.9	520	1712	275	0.16063084112149534	209	0.12207943925233646
all_candidate_frozen_dinov2_linear	20	ALL	0.75	0.5	0.5	520	1712	295	0.17231308411214954	171	0.09988317757009346
all_candidate_frozen_dinov2_linear	20	ALL	0.75	0.5	0.75	520	1712	295	0.17231308411214954	171	0.09988317757009346
all_candidate_frozen_dinov2_linear	20	ALL	0.75	0.5	0.9	520	1712	234	0.1366822429906542	170	0.09929906542056074
all_candidate_frozen_dinov2_linear	20	ALL	0.75	0.75	0.5	520	1712	148	0.08644859813084112	62	0.036214953271028034
all_candidate_frozen_dinov2_linear	20	ALL	0.75	0.75	0.75	520	1712	148	0.08644859813084112	62	0.036214953271028034
all_candidate_frozen_dinov2_linear	20	ALL	0.75	0.75	0.9	520	1712	87	0.05081775700934579	61	0.035630841121495324
all_candidate_frozen_dinov2_linear	20	2023-05-25	0.25	0.25	0.5	160	392	24	0.061224489795918366	24	0.061224489795918366
all_candidate_frozen_dinov2_linear	20	2023-05-25	0.25	0.25	0.75	160	392	24	0.061224489795918366	24	0.061224489795918366
all_candidate_frozen_dinov2_linear	20	2023-05-25	0.25	0.25	0.9	160	392	23	0.058673469387755105	23	0.058673469387755105
all_candidate_frozen_dinov2_linear	20	2023-05-25	0.25	0.5	0.5	160	392	14	0.03571428571428571	14	0.03571428571428571
all_candidate_frozen_dinov2_linear	20	2023-05-25	0.25	0.5	0.75	160	392	14	0.03571428571428571	14	0.03571428571428571
all_candidate_frozen_dinov2_linear	20	2023-05-25	0.25	0.5	0.9	160	392	13	0.03316326530612245	13	0.03316326530612245
all_candidate_frozen_dinov2_linear	20	2023-05-25	0.25	0.75	0.5	160	392	4	0.01020408163265306	4	0.01020408163265306
all_candidate_frozen_dinov2_linear	20	2023-05-25	0.25	0.75	0.75	160	392	4	0.01020408163265306	4	0.01020408163265306
all_candidate_frozen_dinov2_linear	20	2023-05-25	0.25	0.75	0.9	160	392	3	0.007653061224489796	3	0.007653061224489796
all_candidate_frozen_dinov2_linear	20	2023-05-25	0.5	0.25	0.5	160	392	22	0.05612244897959184	22	0.05612244897959184
all_candidate_frozen_dinov2_linear	20	2023-05-25	0.5	0.25	0.75	160	392	22	0.05612244897959184	22	0.05612244897959184
all_candidate_frozen_dinov2_linear	20	2023-05-25	0.5	0.25	0.9	160	392	21	0.05357142857142857	21	0.05357142857142857
all_candidate_frozen_dinov2_linear	20	2023-05-25	0.5	0.5	0.5	160	392	12	0.030612244897959183	12	0.030612244897959183
all_candidate_frozen_dinov2_linear	20	2023-05-25	0.5	0.5	0.75	160	392	12	0.030612244897959183	12	0.030612244897959183
all_candidate_frozen_dinov2_linear	20	2023-05-25	0.5	0.5	0.9	160	392	11	0.02806122448979592	11	0.02806122448979592
all_candidate_frozen_dinov2_linear	20	2023-05-25	0.5	0.75	0.5	160	392	4	0.01020408163265306	4	0.01020408163265306
all_candidate_frozen_dinov2_linear	20	2023-05-25	0.5	0.75	0.75	160	392	4	0.01020408163265306	4	0.01020408163265306
all_candidate_frozen_dinov2_linear	20	2023-05-25	0.5	0.75	0.9	160	392	3	0.007653061224489796	3	0.007653061224489796
all_candidate_frozen_dinov2_linear	20	2023-05-25	0.75	0.25	0.5	160	392	13	0.03316326530612245	13	0.03316326530612245
all_candidate_frozen_dinov2_linear	20	2023-05-25	0.75	0.25	0.75	160	392	13	0.03316326530612245	13	0.03316326530612245
all_candidate_frozen_dinov2_linear	20	2023-05-25	0.75	0.25	0.9	160	392	13	0.03316326530612245	13	0.03316326530612245
all_candidate_frozen_dinov2_linear	20	2023-05-25	0.75	0.5	0.5	160	392	7	0.017857142857142856	7	0.017857142857142856
all_candidate_frozen_dinov2_linear	20	2023-05-25	0.75	0.5	0.75	160	392	7	0.017857142857142856	7	0.017857142857142856
all_candidate_frozen_dinov2_linear	20	2023-05-25	0.75	0.5	0.9	160	392	7	0.017857142857142856	7	0.017857142857142856
all_candidate_frozen_dinov2_linear	20	2023-05-25	0.75	0.75	0.5	160	392	1	0.002551020408163265	1	0.002551020408163265
all_candidate_frozen_dinov2_linear	20	2023-05-25	0.75	0.75	0.75	160	392	1	0.002551020408163265	1	0.002551020408163265
all_candidate_frozen_dinov2_linear	20	2023-05-25	0.75	0.75	0.9	160	392	1	0.002551020408163265	1	0.002551020408163265
all_candidate_frozen_dinov2_linear	20	2023-05-30	0.25	0.25	0.5	160	440	134	0.30454545454545456	117	0.26590909090909093
all_candidate_frozen_dinov2_linear	20	2023-05-30	0.25	0.25	0.75	160	440	134	0.30454545454545456	117	0.26590909090909093
all_candidate_frozen_dinov2_linear	20	2023-05-30	0.25	0.25	0.9	160	440	134	0.30454545454545456	117	0.26590909090909093
all_candidate_frozen_dinov2_linear	20	2023-05-30	0.25	0.5	0.5	160	440	100	0.22727272727272727	85	0.19318181818181818
all_candidate_frozen_dinov2_linear	20	2023-05-30	0.25	0.5	0.75	160	440	100	0.22727272727272727	85	0.19318181818181818
all_candidate_frozen_dinov2_linear	20	2023-05-30	0.25	0.5	0.9	160	440	100	0.22727272727272727	85	0.19318181818181818
all_candidate_frozen_dinov2_linear	20	2023-05-30	0.25	0.75	0.5	160	440	25	0.056818181818181816	23	0.05227272727272727
all_candidate_frozen_dinov2_linear	20	2023-05-30	0.25	0.75	0.75	160	440	25	0.056818181818181816	23	0.05227272727272727
all_candidate_frozen_dinov2_linear	20	2023-05-30	0.25	0.75	0.9	160	440	25	0.056818181818181816	23	0.05227272727272727
all_candidate_frozen_dinov2_linear	20	2023-05-30	0.5	0.25	0.5	160	440	109	0.24772727272727274	97	0.22045454545454546
all_candidate_frozen_dinov2_linear	20	2023-05-30	0.5	0.25	0.75	160	440	109	0.24772727272727274	97	0.22045454545454546
all_candidate_frozen_dinov2_linear	20	2023-05-30	0.5	0.25	0.9	160	440	109	0.24772727272727274	97	0.22045454545454546
all_candidate_frozen_dinov2_linear	20	2023-05-30	0.5	0.5	0.5	160	440	78	0.17727272727272728	68	0.15454545454545454
all_candidate_frozen_dinov2_linear	20	2023-05-30	0.5	0.5	0.75	160	440	78	0.17727272727272728	68	0.15454545454545454
all_candidate_frozen_dinov2_linear	20	2023-05-30	0.5	0.5	0.9	160	440	78	0.17727272727272728	68	0.15454545454545454
all_candidate_frozen_dinov2_linear	20	2023-05-30	0.5	0.75	0.5	160	440	15	0.03409090909090909	13	0.029545454545454545
all_candidate_frozen_dinov2_linear	20	2023-05-30	0.5	0.75	0.75	160	440	15	0.03409090909090909	13	0.029545454545454545
all_candidate_frozen_dinov2_linear	20	2023-05-30	0.5	0.75	0.9	160	440	15	0.03409090909090909	13	0.029545454545454545
all_candidate_frozen_dinov2_linear	20	2023-05-30	0.75	0.25	0.5	160	440	85	0.19318181818181818	77	0.175
all_candidate_frozen_dinov2_linear	20	2023-05-30	0.75	0.25	0.75	160	440	85	0.19318181818181818	77	0.175
all_candidate_frozen_dinov2_linear	20	2023-05-30	0.75	0.25	0.9	160	440	85	0.19318181818181818	77	0.175
all_candidate_frozen_dinov2_linear	20	2023-05-30	0.75	0.5	0.5	160	440	59	0.1340909090909091	53	0.12045454545454545
all_candidate_frozen_dinov2_linear	20	2023-05-30	0.75	0.5	0.75	160	440	59	0.1340909090909091	53	0.12045454545454545
all_candidate_frozen_dinov2_linear	20	2023-05-30	0.75	0.5	0.9	160	440	59	0.1340909090909091	53	0.12045454545454545
all_candidate_frozen_dinov2_linear	20	2023-05-30	0.75	0.75	0.5	160	440	7	0.015909090909090907	6	0.013636363636363636
all_candidate_frozen_dinov2_linear	20	2023-05-30	0.75	0.75	0.75	160	440	7	0.015909090909090907	6	0.013636363636363636
all_candidate_frozen_dinov2_linear	20	2023-05-30	0.75	0.75	0.9	160	440	7	0.015909090909090907	6	0.013636363636363636
all_candidate_frozen_dinov2_linear	20	2023-06-06	0.25	0.25	0.5	160	726	230	0.3168044077134986	157	0.2162534435261708
all_candidate_frozen_dinov2_linear	20	2023-06-06	0.25	0.25	0.75	160	726	230	0.3168044077134986	157	0.2162534435261708
all_candidate_frozen_dinov2_linear	20	2023-06-06	0.25	0.25	0.9	160	726	230	0.3168044077134986	157	0.2162534435261708
all_candidate_frozen_dinov2_linear	20	2023-06-06	0.25	0.5	0.5	160	726	217	0.2988980716253444	144	0.19834710743801653
all_candidate_frozen_dinov2_linear	20	2023-06-06	0.25	0.5	0.75	160	726	217	0.2988980716253444	144	0.19834710743801653
all_candidate_frozen_dinov2_linear	20	2023-06-06	0.25	0.5	0.9	160	726	217	0.2988980716253444	144	0.19834710743801653
all_candidate_frozen_dinov2_linear	20	2023-06-06	0.25	0.75	0.5	160	726	111	0.15289256198347106	76	0.1046831955922865
all_candidate_frozen_dinov2_linear	20	2023-06-06	0.25	0.75	0.75	160	726	111	0.15289256198347106	76	0.1046831955922865
all_candidate_frozen_dinov2_linear	20	2023-06-06	0.25	0.75	0.9	160	726	111	0.15289256198347106	76	0.1046831955922865
all_candidate_frozen_dinov2_linear	20	2023-06-06	0.5	0.25	0.5	160	726	217	0.2988980716253444	148	0.20385674931129477
all_candidate_frozen_dinov2_linear	20	2023-06-06	0.5	0.25	0.75	160	726	217	0.2988980716253444	148	0.20385674931129477
all_candidate_frozen_dinov2_linear	20	2023-06-06	0.5	0.25	0.9	160	726	217	0.2988980716253444	148	0.20385674931129477
all_candidate_frozen_dinov2_linear	20	2023-06-06	0.5	0.5	0.5	160	726	205	0.28236914600550966	136	0.18732782369146006
all_candidate_frozen_dinov2_linear	20	2023-06-06	0.5	0.5	0.75	160	726	205	0.28236914600550966	136	0.18732782369146006
all_candidate_frozen_dinov2_linear	20	2023-06-06	0.5	0.5	0.9	160	726	205	0.28236914600550966	136	0.18732782369146006
all_candidate_frozen_dinov2_linear	20	2023-06-06	0.5	0.75	0.5	160	726	103	0.1418732782369146	70	0.09641873278236915
all_candidate_frozen_dinov2_linear	20	2023-06-06	0.5	0.75	0.75	160	726	103	0.1418732782369146	70	0.09641873278236915
all_candidate_frozen_dinov2_linear	20	2023-06-06	0.5	0.75	0.9	160	726	103	0.1418732782369146	70	0.09641873278236915
all_candidate_frozen_dinov2_linear	20	2023-06-06	0.75	0.25	0.5	160	726	169	0.2327823691460055	112	0.15426997245179064
all_candidate_frozen_dinov2_linear	20	2023-06-06	0.75	0.25	0.75	160	726	169	0.2327823691460055	112	0.15426997245179064
all_candidate_frozen_dinov2_linear	20	2023-06-06	0.75	0.25	0.9	160	726	169	0.2327823691460055	112	0.15426997245179064
all_candidate_frozen_dinov2_linear	20	2023-06-06	0.75	0.5	0.5	160	726	160	0.22038567493112948	103	0.1418732782369146
all_candidate_frozen_dinov2_linear	20	2023-06-06	0.75	0.5	0.75	160	726	160	0.22038567493112948	103	0.1418732782369146
all_candidate_frozen_dinov2_linear	20	2023-06-06	0.75	0.5	0.9	160	726	160	0.22038567493112948	103	0.1418732782369146
all_candidate_frozen_dinov2_linear	20	2023-06-06	0.75	0.75	0.5	160	726	74	0.10192837465564739	50	0.06887052341597796
all_candidate_frozen_dinov2_linear	20	2023-06-06	0.75	0.75	0.75	160	726	74	0.10192837465564739	50	0.06887052341597796
all_candidate_frozen_dinov2_linear	20	2023-06-06	0.75	0.75	0.9	160	726	74	0.10192837465564739	50	0.06887052341597796
all_candidate_frozen_dinov2_linear	20	2023-06-15	0.25	0.25	0.5	40	154	82	0.5324675324675324	13	0.08441558441558442
all_candidate_frozen_dinov2_linear	20	2023-06-15	0.25	0.25	0.75	40	154	82	0.5324675324675324	13	0.08441558441558442
all_candidate_frozen_dinov2_linear	20	2023-06-15	0.25	0.25	0.9	40	154	14	0.09090909090909091	12	0.07792207792207792
all_candidate_frozen_dinov2_linear	20	2023-06-15	0.25	0.5	0.5	40	154	82	0.5324675324675324	13	0.08441558441558442
all_candidate_frozen_dinov2_linear	20	2023-06-15	0.25	0.5	0.75	40	154	82	0.5324675324675324	13	0.08441558441558442
all_candidate_frozen_dinov2_linear	20	2023-06-15	0.25	0.5	0.9	40	154	14	0.09090909090909091	12	0.07792207792207792
all_candidate_frozen_dinov2_linear	20	2023-06-15	0.25	0.75	0.5	40	154	79	0.512987012987013	10	0.06493506493506493
all_candidate_frozen_dinov2_linear	20	2023-06-15	0.25	0.75	0.75	40	154	79	0.512987012987013	10	0.06493506493506493
all_candidate_frozen_dinov2_linear	20	2023-06-15	0.25	0.75	0.9	40	154	11	0.07142857142857142	9	0.05844155844155844
all_candidate_frozen_dinov2_linear	20	2023-06-15	0.5	0.25	0.5	40	154	77	0.5	11	0.07142857142857142
all_candidate_frozen_dinov2_linear	20	2023-06-15	0.5	0.25	0.75	40	154	77	0.5	11	0.07142857142857142
all_candidate_frozen_dinov2_linear	20	2023-06-15	0.5	0.25	0.9	40	154	11	0.07142857142857142	10	0.06493506493506493
all_candidate_frozen_dinov2_linear	20	2023-06-15	0.5	0.5	0.5	40	154	77	0.5	11	0.07142857142857142
all_candidate_frozen_dinov2_linear	20	2023-06-15	0.5	0.5	0.75	40	154	77	0.5	11	0.07142857142857142
all_candidate_frozen_dinov2_linear	20	2023-06-15	0.5	0.5	0.9	40	154	11	0.07142857142857142	10	0.06493506493506493
all_candidate_frozen_dinov2_linear	20	2023-06-15	0.5	0.75	0.5	40	154	74	0.4805194805194805	8	0.05194805194805195
all_candidate_frozen_dinov2_linear	20	2023-06-15	0.5	0.75	0.75	40	154	74	0.4805194805194805	8	0.05194805194805195
all_candidate_frozen_dinov2_linear	20	2023-06-15	0.5	0.75	0.9	40	154	8	0.05194805194805195	7	0.045454545454545456
all_candidate_frozen_dinov2_linear	20	2023-06-15	0.75	0.25	0.5	40	154	69	0.44805194805194803	8	0.05194805194805195
all_candidate_frozen_dinov2_linear	20	2023-06-15	0.75	0.25	0.75	40	154	69	0.44805194805194803	8	0.05194805194805195
all_candidate_frozen_dinov2_linear	20	2023-06-15	0.75	0.25	0.9	40	154	8	0.05194805194805195	7	0.045454545454545456
all_candidate_frozen_dinov2_linear	20	2023-06-15	0.75	0.5	0.5	40	154	69	0.44805194805194803	8	0.05194805194805195
all_candidate_frozen_dinov2_linear	20	2023-06-15	0.75	0.5	0.75	40	154	69	0.44805194805194803	8	0.05194805194805195
all_candidate_frozen_dinov2_linear	20	2023-06-15	0.75	0.5	0.9	40	154	8	0.05194805194805195	7	0.045454545454545456
all_candidate_frozen_dinov2_linear	20	2023-06-15	0.75	0.75	0.5	40	154	66	0.42857142857142855	5	0.032467532467532464
all_candidate_frozen_dinov2_linear	20	2023-06-15	0.75	0.75	0.75	40	154	66	0.42857142857142855	5	0.032467532467532464
all_candidate_frozen_dinov2_linear	20	2023-06-15	0.75	0.75	0.9	40	154	5	0.032467532467532464	4	0.025974025974025976
all_candidate_frozen_dinov2_linear	50	ALL	0.25	0.25	0.5	1237	1712	850	0.49649532710280375	554	0.3235981308411215
all_candidate_frozen_dinov2_linear	50	ALL	0.25	0.25	0.75	1237	1712	784	0.45794392523364486	548	0.32009345794392524
all_candidate_frozen_dinov2_linear	50	ALL	0.25	0.25	0.9	1237	1712	715	0.41764018691588783	546	0.3189252336448598
all_candidate_frozen_dinov2_linear	50	ALL	0.25	0.5	0.5	1237	1712	689	0.4024532710280374	411	0.24007009345794392
all_candidate_frozen_dinov2_linear	50	ALL	0.25	0.5	0.75	1237	1712	623	0.3639018691588785	405	0.23656542056074767
all_candidate_frozen_dinov2_linear	50	ALL	0.25	0.5	0.9	1237	1712	554	0.3235981308411215	403	0.23539719626168223
all_candidate_frozen_dinov2_linear	50	ALL	0.25	0.75	0.5	1237	1712	319	0.1863317757009346	173	0.10105140186915888
all_candidate_frozen_dinov2_linear	50	ALL	0.25	0.75	0.75	1237	1712	293	0.1711448598130841	171	0.09988317757009346
all_candidate_frozen_dinov2_linear	50	ALL	0.25	0.75	0.9	1237	1712	224	0.1308411214953271	169	0.09871495327102804
all_candidate_frozen_dinov2_linear	50	ALL	0.5	0.25	0.5	1237	1712	775	0.4526869158878505	496	0.2897196261682243
all_candidate_frozen_dinov2_linear	50	ALL	0.5	0.25	0.75	1237	1712	711	0.415303738317757	490	0.286214953271028
all_candidate_frozen_dinov2_linear	50	ALL	0.5	0.25	0.9	1237	1712	644	0.37616822429906543	488	0.2850467289719626
all_candidate_frozen_dinov2_linear	50	ALL	0.5	0.5	0.5	1237	1712	624	0.3644859813084112	362	0.21144859813084113
all_candidate_frozen_dinov2_linear	50	ALL	0.5	0.5	0.75	1237	1712	560	0.32710280373831774	356	0.20794392523364486
all_candidate_frozen_dinov2_linear	50	ALL	0.5	0.5	0.9	1237	1712	493	0.28796728971962615	354	0.20677570093457945
all_candidate_frozen_dinov2_linear	50	ALL	0.5	0.75	0.5	1237	1712	281	0.1641355140186916	143	0.08352803738317757
all_candidate_frozen_dinov2_linear	50	ALL	0.5	0.75	0.75	1237	1712	257	0.15011682242990654	141	0.08235981308411215
all_candidate_frozen_dinov2_linear	50	ALL	0.5	0.75	0.9	1237	1712	190	0.11098130841121495	139	0.08119158878504673
all_candidate_frozen_dinov2_linear	50	ALL	0.75	0.25	0.5	1237	1712	597	0.348714953271028	365	0.21320093457943926
all_candidate_frozen_dinov2_linear	50	ALL	0.75	0.25	0.75	1237	1712	541	0.31600467289719625	359	0.20969626168224298
all_candidate_frozen_dinov2_linear	50	ALL	0.75	0.25	0.9	1237	1712	480	0.2803738317757009	358	0.2091121495327103
all_candidate_frozen_dinov2_linear	50	ALL	0.75	0.5	0.5	1237	1712	479	0.2797897196261682	256	0.14953271028037382
all_candidate_frozen_dinov2_linear	50	ALL	0.75	0.5	0.75	1237	1712	423	0.24707943925233644	250	0.14602803738317757
all_candidate_frozen_dinov2_linear	50	ALL	0.75	0.5	0.9	1237	1712	362	0.21144859813084113	249	0.14544392523364486
all_candidate_frozen_dinov2_linear	50	ALL	0.75	0.75	0.5	1237	1712	197	0.11507009345794393	82	0.04789719626168224
all_candidate_frozen_dinov2_linear	50	ALL	0.75	0.75	0.75	1237	1712	177	0.10338785046728972	80	0.04672897196261682
all_candidate_frozen_dinov2_linear	50	ALL	0.75	0.75	0.9	1237	1712	116	0.06775700934579439	79	0.04614485981308411
all_candidate_frozen_dinov2_linear	50	2023-05-25	0.25	0.25	0.5	382	392	33	0.08418367346938775	32	0.08163265306122448
all_candidate_frozen_dinov2_linear	50	2023-05-25	0.25	0.25	0.75	382	392	33	0.08418367346938775	32	0.08163265306122448
all_candidate_frozen_dinov2_linear	50	2023-05-25	0.25	0.25	0.9	382	392	32	0.08163265306122448	31	0.07908163265306123
all_candidate_frozen_dinov2_linear	50	2023-05-25	0.25	0.5	0.5	382	392	16	0.04081632653061224	15	0.03826530612244898
all_candidate_frozen_dinov2_linear	50	2023-05-25	0.25	0.5	0.75	382	392	16	0.04081632653061224	15	0.03826530612244898
all_candidate_frozen_dinov2_linear	50	2023-05-25	0.25	0.5	0.9	382	392	15	0.03826530612244898	14	0.03571428571428571
all_candidate_frozen_dinov2_linear	50	2023-05-25	0.25	0.75	0.5	382	392	4	0.01020408163265306	4	0.01020408163265306
all_candidate_frozen_dinov2_linear	50	2023-05-25	0.25	0.75	0.75	382	392	4	0.01020408163265306	4	0.01020408163265306
all_candidate_frozen_dinov2_linear	50	2023-05-25	0.25	0.75	0.9	382	392	3	0.007653061224489796	3	0.007653061224489796
all_candidate_frozen_dinov2_linear	50	2023-05-25	0.5	0.25	0.5	382	392	30	0.07653061224489796	29	0.07397959183673469
all_candidate_frozen_dinov2_linear	50	2023-05-25	0.5	0.25	0.75	382	392	30	0.07653061224489796	29	0.07397959183673469
all_candidate_frozen_dinov2_linear	50	2023-05-25	0.5	0.25	0.9	382	392	29	0.07397959183673469	28	0.07142857142857142
all_candidate_frozen_dinov2_linear	50	2023-05-25	0.5	0.5	0.5	382	392	14	0.03571428571428571	13	0.03316326530612245
all_candidate_frozen_dinov2_linear	50	2023-05-25	0.5	0.5	0.75	382	392	14	0.03571428571428571	13	0.03316326530612245
all_candidate_frozen_dinov2_linear	50	2023-05-25	0.5	0.5	0.9	382	392	13	0.03316326530612245	12	0.030612244897959183
all_candidate_frozen_dinov2_linear	50	2023-05-25	0.5	0.75	0.5	382	392	4	0.01020408163265306	4	0.01020408163265306
all_candidate_frozen_dinov2_linear	50	2023-05-25	0.5	0.75	0.75	382	392	4	0.01020408163265306	4	0.01020408163265306
all_candidate_frozen_dinov2_linear	50	2023-05-25	0.5	0.75	0.9	382	392	3	0.007653061224489796	3	0.007653061224489796
all_candidate_frozen_dinov2_linear	50	2023-05-25	0.75	0.25	0.5	382	392	19	0.04846938775510204	19	0.04846938775510204
all_candidate_frozen_dinov2_linear	50	2023-05-25	0.75	0.25	0.75	382	392	19	0.04846938775510204	19	0.04846938775510204
all_candidate_frozen_dinov2_linear	50	2023-05-25	0.75	0.25	0.9	382	392	19	0.04846938775510204	19	0.04846938775510204
all_candidate_frozen_dinov2_linear	50	2023-05-25	0.75	0.5	0.5	382	392	8	0.02040816326530612	8	0.02040816326530612
all_candidate_frozen_dinov2_linear	50	2023-05-25	0.75	0.5	0.75	382	392	8	0.02040816326530612	8	0.02040816326530612
all_candidate_frozen_dinov2_linear	50	2023-05-25	0.75	0.5	0.9	382	392	8	0.02040816326530612	8	0.02040816326530612
all_candidate_frozen_dinov2_linear	50	2023-05-25	0.75	0.75	0.5	382	392	1	0.002551020408163265	1	0.002551020408163265
all_candidate_frozen_dinov2_linear	50	2023-05-25	0.75	0.75	0.75	382	392	1	0.002551020408163265	1	0.002551020408163265
all_candidate_frozen_dinov2_linear	50	2023-05-25	0.75	0.75	0.9	382	392	1	0.002551020408163265	1	0.002551020408163265
all_candidate_frozen_dinov2_linear	50	2023-05-30	0.25	0.25	0.5	400	440	224	0.509090909090909	192	0.43636363636363634
all_candidate_frozen_dinov2_linear	50	2023-05-30	0.25	0.25	0.75	400	440	224	0.509090909090909	192	0.43636363636363634
all_candidate_frozen_dinov2_linear	50	2023-05-30	0.25	0.25	0.9	400	440	224	0.509090909090909	192	0.43636363636363634
all_candidate_frozen_dinov2_linear	50	2023-05-30	0.25	0.5	0.5	400	440	144	0.32727272727272727	120	0.2727272727272727
all_candidate_frozen_dinov2_linear	50	2023-05-30	0.25	0.5	0.75	400	440	144	0.32727272727272727	120	0.2727272727272727
all_candidate_frozen_dinov2_linear	50	2023-05-30	0.25	0.5	0.9	400	440	144	0.32727272727272727	120	0.2727272727272727
all_candidate_frozen_dinov2_linear	50	2023-05-30	0.25	0.75	0.5	400	440	33	0.075	31	0.07045454545454545
all_candidate_frozen_dinov2_linear	50	2023-05-30	0.25	0.75	0.75	400	440	33	0.075	31	0.07045454545454545
all_candidate_frozen_dinov2_linear	50	2023-05-30	0.25	0.75	0.9	400	440	33	0.075	31	0.07045454545454545
all_candidate_frozen_dinov2_linear	50	2023-05-30	0.5	0.25	0.5	400	440	187	0.425	161	0.3659090909090909
all_candidate_frozen_dinov2_linear	50	2023-05-30	0.5	0.25	0.75	400	440	187	0.425	161	0.3659090909090909
all_candidate_frozen_dinov2_linear	50	2023-05-30	0.5	0.25	0.9	400	440	187	0.425	161	0.3659090909090909
all_candidate_frozen_dinov2_linear	50	2023-05-30	0.5	0.5	0.5	400	440	114	0.2590909090909091	95	0.2159090909090909
all_candidate_frozen_dinov2_linear	50	2023-05-30	0.5	0.5	0.75	400	440	114	0.2590909090909091	95	0.2159090909090909
all_candidate_frozen_dinov2_linear	50	2023-05-30	0.5	0.5	0.9	400	440	114	0.2590909090909091	95	0.2159090909090909
all_candidate_frozen_dinov2_linear	50	2023-05-30	0.5	0.75	0.5	400	440	20	0.045454545454545456	18	0.04090909090909091
all_candidate_frozen_dinov2_linear	50	2023-05-30	0.5	0.75	0.75	400	440	20	0.045454545454545456	18	0.04090909090909091
all_candidate_frozen_dinov2_linear	50	2023-05-30	0.5	0.75	0.9	400	440	20	0.045454545454545456	18	0.04090909090909091
all_candidate_frozen_dinov2_linear	50	2023-05-30	0.75	0.25	0.5	400	440	149	0.3386363636363636	130	0.29545454545454547
all_candidate_frozen_dinov2_linear	50	2023-05-30	0.75	0.25	0.75	400	440	149	0.3386363636363636	130	0.29545454545454547
all_candidate_frozen_dinov2_linear	50	2023-05-30	0.75	0.25	0.9	400	440	149	0.3386363636363636	130	0.29545454545454547
all_candidate_frozen_dinov2_linear	50	2023-05-30	0.75	0.5	0.5	400	440	85	0.19318181818181818	72	0.16363636363636364
all_candidate_frozen_dinov2_linear	50	2023-05-30	0.75	0.5	0.75	400	440	85	0.19318181818181818	72	0.16363636363636364
all_candidate_frozen_dinov2_linear	50	2023-05-30	0.75	0.5	0.9	400	440	85	0.19318181818181818	72	0.16363636363636364
all_candidate_frozen_dinov2_linear	50	2023-05-30	0.75	0.75	0.5	400	440	9	0.020454545454545454	8	0.01818181818181818
all_candidate_frozen_dinov2_linear	50	2023-05-30	0.75	0.75	0.75	400	440	9	0.020454545454545454	8	0.01818181818181818
all_candidate_frozen_dinov2_linear	50	2023-05-30	0.75	0.75	0.9	400	440	9	0.020454545454545454	8	0.01818181818181818
all_candidate_frozen_dinov2_linear	50	2023-06-06	0.25	0.25	0.5	398	726	488	0.6721763085399449	311	0.4283746556473829
all_candidate_frozen_dinov2_linear	50	2023-06-06	0.25	0.25	0.75	398	726	439	0.6046831955922864	306	0.4214876033057851
all_candidate_frozen_dinov2_linear	50	2023-06-06	0.25	0.25	0.9	398	726	439	0.6046831955922864	306	0.4214876033057851
all_candidate_frozen_dinov2_linear	50	2023-06-06	0.25	0.5	0.5	398	726	424	0.5840220385674931	257	0.35399449035812675
all_candidate_frozen_dinov2_linear	50	2023-06-06	0.25	0.5	0.75	398	726	375	0.5165289256198347	252	0.34710743801652894
all_candidate_frozen_dinov2_linear	50	2023-06-06	0.25	0.5	0.9	398	726	375	0.5165289256198347	252	0.34710743801652894
all_candidate_frozen_dinov2_linear	50	2023-06-06	0.25	0.75	0.5	398	726	180	0.24793388429752067	122	0.16804407713498623
all_candidate_frozen_dinov2_linear	50	2023-06-06	0.25	0.75	0.75	398	726	171	0.23553719008264462	121	0.16666666666666666
all_candidate_frozen_dinov2_linear	50	2023-06-06	0.25	0.75	0.9	398	726	171	0.23553719008264462	121	0.16666666666666666
all_candidate_frozen_dinov2_linear	50	2023-06-06	0.5	0.25	0.5	398	726	461	0.6349862258953168	291	0.40082644628099173
all_candidate_frozen_dinov2_linear	50	2023-06-06	0.5	0.25	0.75	398	726	413	0.568870523415978	286	0.3939393939393939
all_candidate_frozen_dinov2_linear	50	2023-06-06	0.5	0.25	0.9	398	726	413	0.568870523415978	286	0.3939393939393939
all_candidate_frozen_dinov2_linear	50	2023-06-06	0.5	0.5	0.5	398	726	399	0.5495867768595041	239	0.32920110192837465
all_candidate_frozen_dinov2_linear	50	2023-06-06	0.5	0.5	0.75	398	726	351	0.4834710743801653	234	0.32231404958677684
all_candidate_frozen_dinov2_linear	50	2023-06-06	0.5	0.5	0.9	398	726	351	0.4834710743801653	234	0.32231404958677684
all_candidate_frozen_dinov2_linear	50	2023-06-06	0.5	0.75	0.5	398	726	163	0.22451790633608815	109	0.15013774104683195
all_candidate_frozen_dinov2_linear	50	2023-06-06	0.5	0.75	0.75	398	726	155	0.21349862258953167	108	0.1487603305785124
all_candidate_frozen_dinov2_linear	50	2023-06-06	0.5	0.75	0.9	398	726	155	0.21349862258953167	108	0.1487603305785124
all_candidate_frozen_dinov2_linear	50	2023-06-06	0.75	0.25	0.5	398	726	346	0.4765840220385675	205	0.28236914600550966
all_candidate_frozen_dinov2_linear	50	2023-06-06	0.75	0.25	0.75	398	726	302	0.41597796143250687	200	0.27548209366391185
all_candidate_frozen_dinov2_linear	50	2023-06-06	0.75	0.25	0.9	398	726	302	0.41597796143250687	200	0.27548209366391185
all_candidate_frozen_dinov2_linear	50	2023-06-06	0.75	0.5	0.5	398	726	303	0.41735537190082644	165	0.22727272727272727
all_candidate_frozen_dinov2_linear	50	2023-06-06	0.75	0.5	0.75	398	726	259	0.35674931129476584	160	0.22038567493112948
all_candidate_frozen_dinov2_linear	50	2023-06-06	0.75	0.5	0.9	398	726	259	0.35674931129476584	160	0.22038567493112948
all_candidate_frozen_dinov2_linear	50	2023-06-06	0.75	0.75	0.5	398	726	107	0.14738292011019283	65	0.08953168044077135
all_candidate_frozen_dinov2_linear	50	2023-06-06	0.75	0.75	0.75	398	726	99	0.13636363636363635	64	0.0881542699724518
all_candidate_frozen_dinov2_linear	50	2023-06-06	0.75	0.75	0.9	398	726	99	0.13636363636363635	64	0.0881542699724518
all_candidate_frozen_dinov2_linear	50	2023-06-15	0.25	0.25	0.5	57	154	105	0.6818181818181818	19	0.12337662337662338
all_candidate_frozen_dinov2_linear	50	2023-06-15	0.25	0.25	0.75	57	154	88	0.5714285714285714	18	0.11688311688311688
all_candidate_frozen_dinov2_linear	50	2023-06-15	0.25	0.25	0.9	57	154	20	0.12987012987012986	17	0.11038961038961038
all_candidate_frozen_dinov2_linear	50	2023-06-15	0.25	0.5	0.5	57	154	105	0.6818181818181818	19	0.12337662337662338
all_candidate_frozen_dinov2_linear	50	2023-06-15	0.25	0.5	0.75	57	154	88	0.5714285714285714	18	0.11688311688311688
all_candidate_frozen_dinov2_linear	50	2023-06-15	0.25	0.5	0.9	57	154	20	0.12987012987012986	17	0.11038961038961038
all_candidate_frozen_dinov2_linear	50	2023-06-15	0.25	0.75	0.5	57	154	102	0.6623376623376623	16	0.1038961038961039
all_candidate_frozen_dinov2_linear	50	2023-06-15	0.25	0.75	0.75	57	154	85	0.551948051948052	15	0.09740259740259741
all_candidate_frozen_dinov2_linear	50	2023-06-15	0.25	0.75	0.9	57	154	17	0.11038961038961038	14	0.09090909090909091
all_candidate_frozen_dinov2_linear	50	2023-06-15	0.5	0.25	0.5	57	154	97	0.6298701298701299	15	0.09740259740259741
all_candidate_frozen_dinov2_linear	50	2023-06-15	0.5	0.25	0.75	57	154	81	0.525974025974026	14	0.09090909090909091
all_candidate_frozen_dinov2_linear	50	2023-06-15	0.5	0.25	0.9	57	154	15	0.09740259740259741	13	0.08441558441558442
all_candidate_frozen_dinov2_linear	50	2023-06-15	0.5	0.5	0.5	57	154	97	0.6298701298701299	15	0.09740259740259741
all_candidate_frozen_dinov2_linear	50	2023-06-15	0.5	0.5	0.75	57	154	81	0.525974025974026	14	0.09090909090909091
all_candidate_frozen_dinov2_linear	50	2023-06-15	0.5	0.5	0.9	57	154	15	0.09740259740259741	13	0.08441558441558442
all_candidate_frozen_dinov2_linear	50	2023-06-15	0.5	0.75	0.5	57	154	94	0.6103896103896104	12	0.07792207792207792
all_candidate_frozen_dinov2_linear	50	2023-06-15	0.5	0.75	0.75	57	154	78	0.5064935064935064	11	0.07142857142857142
all_candidate_frozen_dinov2_linear	50	2023-06-15	0.5	0.75	0.9	57	154	12	0.07792207792207792	10	0.06493506493506493
all_candidate_frozen_dinov2_linear	50	2023-06-15	0.75	0.25	0.5	57	154	83	0.538961038961039	11	0.07142857142857142
all_candidate_frozen_dinov2_linear	50	2023-06-15	0.75	0.25	0.75	57	154	71	0.461038961038961	10	0.06493506493506493
all_candidate_frozen_dinov2_linear	50	2023-06-15	0.75	0.25	0.9	57	154	10	0.06493506493506493	9	0.05844155844155844
all_candidate_frozen_dinov2_linear	50	2023-06-15	0.75	0.5	0.5	57	154	83	0.538961038961039	11	0.07142857142857142
all_candidate_frozen_dinov2_linear	50	2023-06-15	0.75	0.5	0.75	57	154	71	0.461038961038961	10	0.06493506493506493
all_candidate_frozen_dinov2_linear	50	2023-06-15	0.75	0.5	0.9	57	154	10	0.06493506493506493	9	0.05844155844155844
all_candidate_frozen_dinov2_linear	50	2023-06-15	0.75	0.75	0.5	57	154	80	0.5194805194805194	8	0.05194805194805195
all_candidate_frozen_dinov2_linear	50	2023-06-15	0.75	0.75	0.75	57	154	68	0.44155844155844154	7	0.045454545454545456
all_candidate_frozen_dinov2_linear	50	2023-06-15	0.75	0.75	0.9	57	154	7	0.045454545454545456	6	0.03896103896103896
all_candidate_component_masked_dinov2_linear	1	ALL	0.25	0.25	0.5	26	1712	24	0.014018691588785047	21	0.012266355140186916
all_candidate_component_masked_dinov2_linear	1	ALL	0.25	0.25	0.75	26	1712	24	0.014018691588785047	21	0.012266355140186916
all_candidate_component_masked_dinov2_linear	1	ALL	0.25	0.25	0.9	26	1712	23	0.013434579439252336	20	0.011682242990654205
all_candidate_component_masked_dinov2_linear	1	ALL	0.25	0.5	0.5	26	1712	22	0.012850467289719626	19	0.011098130841121495
all_candidate_component_masked_dinov2_linear	1	ALL	0.25	0.5	0.75	26	1712	22	0.012850467289719626	19	0.011098130841121495
all_candidate_component_masked_dinov2_linear	1	ALL	0.25	0.5	0.9	26	1712	21	0.012266355140186916	18	0.010514018691588784
all_candidate_component_masked_dinov2_linear	1	ALL	0.25	0.75	0.5	26	1712	13	0.007593457943925234	12	0.007009345794392523
all_candidate_component_masked_dinov2_linear	1	ALL	0.25	0.75	0.75	26	1712	13	0.007593457943925234	12	0.007009345794392523
all_candidate_component_masked_dinov2_linear	1	ALL	0.25	0.75	0.9	26	1712	12	0.007009345794392523	11	0.006425233644859813
all_candidate_component_masked_dinov2_linear	1	ALL	0.5	0.25	0.5	26	1712	23	0.013434579439252336	21	0.012266355140186916
all_candidate_component_masked_dinov2_linear	1	ALL	0.5	0.25	0.75	26	1712	23	0.013434579439252336	21	0.012266355140186916
all_candidate_component_masked_dinov2_linear	1	ALL	0.5	0.25	0.9	26	1712	22	0.012850467289719626	20	0.011682242990654205
all_candidate_component_masked_dinov2_linear	1	ALL	0.5	0.5	0.5	26	1712	21	0.012266355140186916	19	0.011098130841121495
all_candidate_component_masked_dinov2_linear	1	ALL	0.5	0.5	0.75	26	1712	21	0.012266355140186916	19	0.011098130841121495
all_candidate_component_masked_dinov2_linear	1	ALL	0.5	0.5	0.9	26	1712	20	0.011682242990654205	18	0.010514018691588784
all_candidate_component_masked_dinov2_linear	1	ALL	0.5	0.75	0.5	26	1712	13	0.007593457943925234	12	0.007009345794392523
all_candidate_component_masked_dinov2_linear	1	ALL	0.5	0.75	0.75	26	1712	13	0.007593457943925234	12	0.007009345794392523
all_candidate_component_masked_dinov2_linear	1	ALL	0.5	0.75	0.9	26	1712	12	0.007009345794392523	11	0.006425233644859813
all_candidate_component_masked_dinov2_linear	1	ALL	0.75	0.25	0.5	26	1712	16	0.009345794392523364	15	0.008761682242990653
all_candidate_component_masked_dinov2_linear	1	ALL	0.75	0.25	0.75	26	1712	16	0.009345794392523364	15	0.008761682242990653
all_candidate_component_masked_dinov2_linear	1	ALL	0.75	0.25	0.9	26	1712	16	0.009345794392523364	15	0.008761682242990653
all_candidate_component_masked_dinov2_linear	1	ALL	0.75	0.5	0.5	26	1712	14	0.008177570093457943	13	0.007593457943925234
all_candidate_component_masked_dinov2_linear	1	ALL	0.75	0.5	0.75	26	1712	14	0.008177570093457943	13	0.007593457943925234
all_candidate_component_masked_dinov2_linear	1	ALL	0.75	0.5	0.9	26	1712	14	0.008177570093457943	13	0.007593457943925234
all_candidate_component_masked_dinov2_linear	1	ALL	0.75	0.75	0.5	26	1712	8	0.004672897196261682	8	0.004672897196261682
all_candidate_component_masked_dinov2_linear	1	ALL	0.75	0.75	0.75	26	1712	8	0.004672897196261682	8	0.004672897196261682
all_candidate_component_masked_dinov2_linear	1	ALL	0.75	0.75	0.9	26	1712	8	0.004672897196261682	8	0.004672897196261682
all_candidate_component_masked_dinov2_linear	1	2023-05-25	0.25	0.25	0.5	8	392	5	0.012755102040816327	5	0.012755102040816327
all_candidate_component_masked_dinov2_linear	1	2023-05-25	0.25	0.25	0.75	8	392	5	0.012755102040816327	5	0.012755102040816327
all_candidate_component_masked_dinov2_linear	1	2023-05-25	0.25	0.25	0.9	8	392	4	0.01020408163265306	4	0.01020408163265306
all_candidate_component_masked_dinov2_linear	1	2023-05-25	0.25	0.5	0.5	8	392	4	0.01020408163265306	4	0.01020408163265306
all_candidate_component_masked_dinov2_linear	1	2023-05-25	0.25	0.5	0.75	8	392	4	0.01020408163265306	4	0.01020408163265306
all_candidate_component_masked_dinov2_linear	1	2023-05-25	0.25	0.5	0.9	8	392	3	0.007653061224489796	3	0.007653061224489796
all_candidate_component_masked_dinov2_linear	1	2023-05-25	0.25	0.75	0.5	8	392	2	0.00510204081632653	2	0.00510204081632653
all_candidate_component_masked_dinov2_linear	1	2023-05-25	0.25	0.75	0.75	8	392	2	0.00510204081632653	2	0.00510204081632653
all_candidate_component_masked_dinov2_linear	1	2023-05-25	0.25	0.75	0.9	8	392	1	0.002551020408163265	1	0.002551020408163265
all_candidate_component_masked_dinov2_linear	1	2023-05-25	0.5	0.25	0.5	8	392	5	0.012755102040816327	5	0.012755102040816327
all_candidate_component_masked_dinov2_linear	1	2023-05-25	0.5	0.25	0.75	8	392	5	0.012755102040816327	5	0.012755102040816327
all_candidate_component_masked_dinov2_linear	1	2023-05-25	0.5	0.25	0.9	8	392	4	0.01020408163265306	4	0.01020408163265306
all_candidate_component_masked_dinov2_linear	1	2023-05-25	0.5	0.5	0.5	8	392	4	0.01020408163265306	4	0.01020408163265306
all_candidate_component_masked_dinov2_linear	1	2023-05-25	0.5	0.5	0.75	8	392	4	0.01020408163265306	4	0.01020408163265306
all_candidate_component_masked_dinov2_linear	1	2023-05-25	0.5	0.5	0.9	8	392	3	0.007653061224489796	3	0.007653061224489796
all_candidate_component_masked_dinov2_linear	1	2023-05-25	0.5	0.75	0.5	8	392	2	0.00510204081632653	2	0.00510204081632653
all_candidate_component_masked_dinov2_linear	1	2023-05-25	0.5	0.75	0.75	8	392	2	0.00510204081632653	2	0.00510204081632653
all_candidate_component_masked_dinov2_linear	1	2023-05-25	0.5	0.75	0.9	8	392	1	0.002551020408163265	1	0.002551020408163265
all_candidate_component_masked_dinov2_linear	1	2023-05-25	0.75	0.25	0.5	8	392	4	0.01020408163265306	4	0.01020408163265306
all_candidate_component_masked_dinov2_linear	1	2023-05-25	0.75	0.25	0.75	8	392	4	0.01020408163265306	4	0.01020408163265306
all_candidate_component_masked_dinov2_linear	1	2023-05-25	0.75	0.25	0.9	8	392	4	0.01020408163265306	4	0.01020408163265306
all_candidate_component_masked_dinov2_linear	1	2023-05-25	0.75	0.5	0.5	8	392	3	0.007653061224489796	3	0.007653061224489796
all_candidate_component_masked_dinov2_linear	1	2023-05-25	0.75	0.5	0.75	8	392	3	0.007653061224489796	3	0.007653061224489796
all_candidate_component_masked_dinov2_linear	1	2023-05-25	0.75	0.5	0.9	8	392	3	0.007653061224489796	3	0.007653061224489796
all_candidate_component_masked_dinov2_linear	1	2023-05-25	0.75	0.75	0.5	8	392	1	0.002551020408163265	1	0.002551020408163265
all_candidate_component_masked_dinov2_linear	1	2023-05-25	0.75	0.75	0.75	8	392	1	0.002551020408163265	1	0.002551020408163265
all_candidate_component_masked_dinov2_linear	1	2023-05-25	0.75	0.75	0.9	8	392	1	0.002551020408163265	1	0.002551020408163265
all_candidate_component_masked_dinov2_linear	1	2023-05-30	0.25	0.25	0.5	8	440	8	0.01818181818181818	6	0.013636363636363636
all_candidate_component_masked_dinov2_linear	1	2023-05-30	0.25	0.25	0.75	8	440	8	0.01818181818181818	6	0.013636363636363636
all_candidate_component_masked_dinov2_linear	1	2023-05-30	0.25	0.25	0.9	8	440	8	0.01818181818181818	6	0.013636363636363636
all_candidate_component_masked_dinov2_linear	1	2023-05-30	0.25	0.5	0.5	8	440	7	0.015909090909090907	5	0.011363636363636364
all_candidate_component_masked_dinov2_linear	1	2023-05-30	0.25	0.5	0.75	8	440	7	0.015909090909090907	5	0.011363636363636364
all_candidate_component_masked_dinov2_linear	1	2023-05-30	0.25	0.5	0.9	8	440	7	0.015909090909090907	5	0.011363636363636364
all_candidate_component_masked_dinov2_linear	1	2023-05-30	0.25	0.75	0.5	8	440	3	0.006818181818181818	3	0.006818181818181818
all_candidate_component_masked_dinov2_linear	1	2023-05-30	0.25	0.75	0.75	8	440	3	0.006818181818181818	3	0.006818181818181818
all_candidate_component_masked_dinov2_linear	1	2023-05-30	0.25	0.75	0.9	8	440	3	0.006818181818181818	3	0.006818181818181818
all_candidate_component_masked_dinov2_linear	1	2023-05-30	0.5	0.25	0.5	8	440	7	0.015909090909090907	6	0.013636363636363636
all_candidate_component_masked_dinov2_linear	1	2023-05-30	0.5	0.25	0.75	8	440	7	0.015909090909090907	6	0.013636363636363636
all_candidate_component_masked_dinov2_linear	1	2023-05-30	0.5	0.25	0.9	8	440	7	0.015909090909090907	6	0.013636363636363636
all_candidate_component_masked_dinov2_linear	1	2023-05-30	0.5	0.5	0.5	8	440	6	0.013636363636363636	5	0.011363636363636364
all_candidate_component_masked_dinov2_linear	1	2023-05-30	0.5	0.5	0.75	8	440	6	0.013636363636363636	5	0.011363636363636364
all_candidate_component_masked_dinov2_linear	1	2023-05-30	0.5	0.5	0.9	8	440	6	0.013636363636363636	5	0.011363636363636364
all_candidate_component_masked_dinov2_linear	1	2023-05-30	0.5	0.75	0.5	8	440	3	0.006818181818181818	3	0.006818181818181818
all_candidate_component_masked_dinov2_linear	1	2023-05-30	0.5	0.75	0.75	8	440	3	0.006818181818181818	3	0.006818181818181818
all_candidate_component_masked_dinov2_linear	1	2023-05-30	0.5	0.75	0.9	8	440	3	0.006818181818181818	3	0.006818181818181818
all_candidate_component_masked_dinov2_linear	1	2023-05-30	0.75	0.25	0.5	8	440	5	0.011363636363636364	4	0.00909090909090909
all_candidate_component_masked_dinov2_linear	1	2023-05-30	0.75	0.25	0.75	8	440	5	0.011363636363636364	4	0.00909090909090909
all_candidate_component_masked_dinov2_linear	1	2023-05-30	0.75	0.25	0.9	8	440	5	0.011363636363636364	4	0.00909090909090909
all_candidate_component_masked_dinov2_linear	1	2023-05-30	0.75	0.5	0.5	8	440	4	0.00909090909090909	3	0.006818181818181818
all_candidate_component_masked_dinov2_linear	1	2023-05-30	0.75	0.5	0.75	8	440	4	0.00909090909090909	3	0.006818181818181818
all_candidate_component_masked_dinov2_linear	1	2023-05-30	0.75	0.5	0.9	8	440	4	0.00909090909090909	3	0.006818181818181818
all_candidate_component_masked_dinov2_linear	1	2023-05-30	0.75	0.75	0.5	8	440	2	0.004545454545454545	2	0.004545454545454545
all_candidate_component_masked_dinov2_linear	1	2023-05-30	0.75	0.75	0.75	8	440	2	0.004545454545454545	2	0.004545454545454545
all_candidate_component_masked_dinov2_linear	1	2023-05-30	0.75	0.75	0.9	8	440	2	0.004545454545454545	2	0.004545454545454545
all_candidate_component_masked_dinov2_linear	1	2023-06-06	0.25	0.25	0.5	8	726	9	0.012396694214876033	8	0.011019283746556474
all_candidate_component_masked_dinov2_linear	1	2023-06-06	0.25	0.25	0.75	8	726	9	0.012396694214876033	8	0.011019283746556474
all_candidate_component_masked_dinov2_linear	1	2023-06-06	0.25	0.25	0.9	8	726	9	0.012396694214876033	8	0.011019283746556474
all_candidate_component_masked_dinov2_linear	1	2023-06-06	0.25	0.5	0.5	8	726	9	0.012396694214876033	8	0.011019283746556474
all_candidate_component_masked_dinov2_linear	1	2023-06-06	0.25	0.5	0.75	8	726	9	0.012396694214876033	8	0.011019283746556474
all_candidate_component_masked_dinov2_linear	1	2023-06-06	0.25	0.5	0.9	8	726	9	0.012396694214876033	8	0.011019283746556474
all_candidate_component_masked_dinov2_linear	1	2023-06-06	0.25	0.75	0.5	8	726	6	0.008264462809917356	5	0.006887052341597796
all_candidate_component_masked_dinov2_linear	1	2023-06-06	0.25	0.75	0.75	8	726	6	0.008264462809917356	5	0.006887052341597796
all_candidate_component_masked_dinov2_linear	1	2023-06-06	0.25	0.75	0.9	8	726	6	0.008264462809917356	5	0.006887052341597796
all_candidate_component_masked_dinov2_linear	1	2023-06-06	0.5	0.25	0.5	8	726	9	0.012396694214876033	8	0.011019283746556474
all_candidate_component_masked_dinov2_linear	1	2023-06-06	0.5	0.25	0.75	8	726	9	0.012396694214876033	8	0.011019283746556474
all_candidate_component_masked_dinov2_linear	1	2023-06-06	0.5	0.25	0.9	8	726	9	0.012396694214876033	8	0.011019283746556474
all_candidate_component_masked_dinov2_linear	1	2023-06-06	0.5	0.5	0.5	8	726	9	0.012396694214876033	8	0.011019283746556474
all_candidate_component_masked_dinov2_linear	1	2023-06-06	0.5	0.5	0.75	8	726	9	0.012396694214876033	8	0.011019283746556474
all_candidate_component_masked_dinov2_linear	1	2023-06-06	0.5	0.5	0.9	8	726	9	0.012396694214876033	8	0.011019283746556474
all_candidate_component_masked_dinov2_linear	1	2023-06-06	0.5	0.75	0.5	8	726	6	0.008264462809917356	5	0.006887052341597796
all_candidate_component_masked_dinov2_linear	1	2023-06-06	0.5	0.75	0.75	8	726	6	0.008264462809917356	5	0.006887052341597796
all_candidate_component_masked_dinov2_linear	1	2023-06-06	0.5	0.75	0.9	8	726	6	0.008264462809917356	5	0.006887052341597796
all_candidate_component_masked_dinov2_linear	1	2023-06-06	0.75	0.25	0.5	8	726	6	0.008264462809917356	6	0.008264462809917356
all_candidate_component_masked_dinov2_linear	1	2023-06-06	0.75	0.25	0.75	8	726	6	0.008264462809917356	6	0.008264462809917356
all_candidate_component_masked_dinov2_linear	1	2023-06-06	0.75	0.25	0.9	8	726	6	0.008264462809917356	6	0.008264462809917356
all_candidate_component_masked_dinov2_linear	1	2023-06-06	0.75	0.5	0.5	8	726	6	0.008264462809917356	6	0.008264462809917356
all_candidate_component_masked_dinov2_linear	1	2023-06-06	0.75	0.5	0.75	8	726	6	0.008264462809917356	6	0.008264462809917356
all_candidate_component_masked_dinov2_linear	1	2023-06-06	0.75	0.5	0.9	8	726	6	0.008264462809917356	6	0.008264462809917356
all_candidate_component_masked_dinov2_linear	1	2023-06-06	0.75	0.75	0.5	8	726	4	0.005509641873278237	4	0.005509641873278237
all_candidate_component_masked_dinov2_linear	1	2023-06-06	0.75	0.75	0.75	8	726	4	0.005509641873278237	4	0.005509641873278237
all_candidate_component_masked_dinov2_linear	1	2023-06-06	0.75	0.75	0.9	8	726	4	0.005509641873278237	4	0.005509641873278237
all_candidate_component_masked_dinov2_linear	1	2023-06-15	0.25	0.25	0.5	2	154	2	0.012987012987012988	2	0.012987012987012988
all_candidate_component_masked_dinov2_linear	1	2023-06-15	0.25	0.25	0.75	2	154	2	0.012987012987012988	2	0.012987012987012988
all_candidate_component_masked_dinov2_linear	1	2023-06-15	0.25	0.25	0.9	2	154	2	0.012987012987012988	2	0.012987012987012988
all_candidate_component_masked_dinov2_linear	1	2023-06-15	0.25	0.5	0.5	2	154	2	0.012987012987012988	2	0.012987012987012988
all_candidate_component_masked_dinov2_linear	1	2023-06-15	0.25	0.5	0.75	2	154	2	0.012987012987012988	2	0.012987012987012988
all_candidate_component_masked_dinov2_linear	1	2023-06-15	0.25	0.5	0.9	2	154	2	0.012987012987012988	2	0.012987012987012988
all_candidate_component_masked_dinov2_linear	1	2023-06-15	0.25	0.75	0.5	2	154	2	0.012987012987012988	2	0.012987012987012988
all_candidate_component_masked_dinov2_linear	1	2023-06-15	0.25	0.75	0.75	2	154	2	0.012987012987012988	2	0.012987012987012988
all_candidate_component_masked_dinov2_linear	1	2023-06-15	0.25	0.75	0.9	2	154	2	0.012987012987012988	2	0.012987012987012988
all_candidate_component_masked_dinov2_linear	1	2023-06-15	0.5	0.25	0.5	2	154	2	0.012987012987012988	2	0.012987012987012988
all_candidate_component_masked_dinov2_linear	1	2023-06-15	0.5	0.25	0.75	2	154	2	0.012987012987012988	2	0.012987012987012988
all_candidate_component_masked_dinov2_linear	1	2023-06-15	0.5	0.25	0.9	2	154	2	0.012987012987012988	2	0.012987012987012988
all_candidate_component_masked_dinov2_linear	1	2023-06-15	0.5	0.5	0.5	2	154	2	0.012987012987012988	2	0.012987012987012988
all_candidate_component_masked_dinov2_linear	1	2023-06-15	0.5	0.5	0.75	2	154	2	0.012987012987012988	2	0.012987012987012988
all_candidate_component_masked_dinov2_linear	1	2023-06-15	0.5	0.5	0.9	2	154	2	0.012987012987012988	2	0.012987012987012988
all_candidate_component_masked_dinov2_linear	1	2023-06-15	0.5	0.75	0.5	2	154	2	0.012987012987012988	2	0.012987012987012988
all_candidate_component_masked_dinov2_linear	1	2023-06-15	0.5	0.75	0.75	2	154	2	0.012987012987012988	2	0.012987012987012988
all_candidate_component_masked_dinov2_linear	1	2023-06-15	0.5	0.75	0.9	2	154	2	0.012987012987012988	2	0.012987012987012988
all_candidate_component_masked_dinov2_linear	1	2023-06-15	0.75	0.25	0.5	2	154	1	0.006493506493506494	1	0.006493506493506494
all_candidate_component_masked_dinov2_linear	1	2023-06-15	0.75	0.25	0.75	2	154	1	0.006493506493506494	1	0.006493506493506494
all_candidate_component_masked_dinov2_linear	1	2023-06-15	0.75	0.25	0.9	2	154	1	0.006493506493506494	1	0.006493506493506494
all_candidate_component_masked_dinov2_linear	1	2023-06-15	0.75	0.5	0.5	2	154	1	0.006493506493506494	1	0.006493506493506494
all_candidate_component_masked_dinov2_linear	1	2023-06-15	0.75	0.5	0.75	2	154	1	0.006493506493506494	1	0.006493506493506494
all_candidate_component_masked_dinov2_linear	1	2023-06-15	0.75	0.5	0.9	2	154	1	0.006493506493506494	1	0.006493506493506494
all_candidate_component_masked_dinov2_linear	1	2023-06-15	0.75	0.75	0.5	2	154	1	0.006493506493506494	1	0.006493506493506494
all_candidate_component_masked_dinov2_linear	1	2023-06-15	0.75	0.75	0.75	2	154	1	0.006493506493506494	1	0.006493506493506494
all_candidate_component_masked_dinov2_linear	1	2023-06-15	0.75	0.75	0.9	2	154	1	0.006493506493506494	1	0.006493506493506494
all_candidate_component_masked_dinov2_linear	5	ALL	0.25	0.25	0.5	130	1712	119	0.06950934579439252	94	0.054906542056074766
all_candidate_component_masked_dinov2_linear	5	ALL	0.25	0.25	0.75	130	1712	119	0.06950934579439252	94	0.054906542056074766
all_candidate_component_masked_dinov2_linear	5	ALL	0.25	0.25	0.9	130	1712	118	0.0689252336448598	93	0.054322429906542055
all_candidate_component_masked_dinov2_linear	5	ALL	0.25	0.5	0.5	130	1712	105	0.06133177570093458	80	0.04672897196261682
all_candidate_component_masked_dinov2_linear	5	ALL	0.25	0.5	0.75	130	1712	105	0.06133177570093458	80	0.04672897196261682
all_candidate_component_masked_dinov2_linear	5	ALL	0.25	0.5	0.9	130	1712	104	0.06074766355140187	79	0.04614485981308411
all_candidate_component_masked_dinov2_linear	5	ALL	0.25	0.75	0.5	130	1712	39	0.0227803738317757	34	0.01985981308411215
all_candidate_component_masked_dinov2_linear	5	ALL	0.25	0.75	0.75	130	1712	39	0.0227803738317757	34	0.01985981308411215
all_candidate_component_masked_dinov2_linear	5	ALL	0.25	0.75	0.9	130	1712	38	0.02219626168224299	33	0.019275700934579438
all_candidate_component_masked_dinov2_linear	5	ALL	0.5	0.25	0.5	130	1712	109	0.06366822429906542	88	0.0514018691588785
all_candidate_component_masked_dinov2_linear	5	ALL	0.5	0.25	0.75	130	1712	109	0.06366822429906542	88	0.0514018691588785
all_candidate_component_masked_dinov2_linear	5	ALL	0.5	0.25	0.9	130	1712	108	0.0630841121495327	87	0.05081775700934579
all_candidate_component_masked_dinov2_linear	5	ALL	0.5	0.5	0.5	130	1712	96	0.056074766355140186	75	0.04380841121495327
all_candidate_component_masked_dinov2_linear	5	ALL	0.5	0.5	0.75	130	1712	96	0.056074766355140186	75	0.04380841121495327
all_candidate_component_masked_dinov2_linear	5	ALL	0.5	0.5	0.9	130	1712	95	0.055490654205607476	74	0.04322429906542056
all_candidate_component_masked_dinov2_linear	5	ALL	0.5	0.75	0.5	130	1712	36	0.02102803738317757	31	0.018107476635514017
all_candidate_component_masked_dinov2_linear	5	ALL	0.5	0.75	0.75	130	1712	36	0.02102803738317757	31	0.018107476635514017
all_candidate_component_masked_dinov2_linear	5	ALL	0.5	0.75	0.9	130	1712	35	0.02044392523364486	30	0.017523364485981307
all_candidate_component_masked_dinov2_linear	5	ALL	0.75	0.25	0.5	130	1712	84	0.04906542056074766	69	0.04030373831775701
all_candidate_component_masked_dinov2_linear	5	ALL	0.75	0.25	0.75	130	1712	84	0.04906542056074766	69	0.04030373831775701
all_candidate_component_masked_dinov2_linear	5	ALL	0.75	0.25	0.9	130	1712	84	0.04906542056074766	69	0.04030373831775701
all_candidate_component_masked_dinov2_linear	5	ALL	0.75	0.5	0.5	130	1712	76	0.04439252336448598	61	0.035630841121495324
all_candidate_component_masked_dinov2_linear	5	ALL	0.75	0.5	0.75	130	1712	76	0.04439252336448598	61	0.035630841121495324
all_candidate_component_masked_dinov2_linear	5	ALL	0.75	0.5	0.9	130	1712	76	0.04439252336448598	61	0.035630841121495324
all_candidate_component_masked_dinov2_linear	5	ALL	0.75	0.75	0.5	130	1712	22	0.012850467289719626	21	0.012266355140186916
all_candidate_component_masked_dinov2_linear	5	ALL	0.75	0.75	0.75	130	1712	22	0.012850467289719626	21	0.012266355140186916
all_candidate_component_masked_dinov2_linear	5	ALL	0.75	0.75	0.9	130	1712	22	0.012850467289719626	21	0.012266355140186916
all_candidate_component_masked_dinov2_linear	5	2023-05-25	0.25	0.25	0.5	40	392	15	0.03826530612244898	15	0.03826530612244898
all_candidate_component_masked_dinov2_linear	5	2023-05-25	0.25	0.25	0.75	40	392	15	0.03826530612244898	15	0.03826530612244898
all_candidate_component_masked_dinov2_linear	5	2023-05-25	0.25	0.25	0.9	40	392	14	0.03571428571428571	14	0.03571428571428571
all_candidate_component_masked_dinov2_linear	5	2023-05-25	0.25	0.5	0.5	40	392	8	0.02040816326530612	8	0.02040816326530612
all_candidate_component_masked_dinov2_linear	5	2023-05-25	0.25	0.5	0.75	40	392	8	0.02040816326530612	8	0.02040816326530612
all_candidate_component_masked_dinov2_linear	5	2023-05-25	0.25	0.5	0.9	40	392	7	0.017857142857142856	7	0.017857142857142856
all_candidate_component_masked_dinov2_linear	5	2023-05-25	0.25	0.75	0.5	40	392	3	0.007653061224489796	3	0.007653061224489796
all_candidate_component_masked_dinov2_linear	5	2023-05-25	0.25	0.75	0.75	40	392	3	0.007653061224489796	3	0.007653061224489796
all_candidate_component_masked_dinov2_linear	5	2023-05-25	0.25	0.75	0.9	40	392	2	0.00510204081632653	2	0.00510204081632653
all_candidate_component_masked_dinov2_linear	5	2023-05-25	0.5	0.25	0.5	40	392	14	0.03571428571428571	14	0.03571428571428571
all_candidate_component_masked_dinov2_linear	5	2023-05-25	0.5	0.25	0.75	40	392	14	0.03571428571428571	14	0.03571428571428571
all_candidate_component_masked_dinov2_linear	5	2023-05-25	0.5	0.25	0.9	40	392	13	0.03316326530612245	13	0.03316326530612245
all_candidate_component_masked_dinov2_linear	5	2023-05-25	0.5	0.5	0.5	40	392	7	0.017857142857142856	7	0.017857142857142856
all_candidate_component_masked_dinov2_linear	5	2023-05-25	0.5	0.5	0.75	40	392	7	0.017857142857142856	7	0.017857142857142856
all_candidate_component_masked_dinov2_linear	5	2023-05-25	0.5	0.5	0.9	40	392	6	0.015306122448979591	6	0.015306122448979591
all_candidate_component_masked_dinov2_linear	5	2023-05-25	0.5	0.75	0.5	40	392	3	0.007653061224489796	3	0.007653061224489796
all_candidate_component_masked_dinov2_linear	5	2023-05-25	0.5	0.75	0.75	40	392	3	0.007653061224489796	3	0.007653061224489796
all_candidate_component_masked_dinov2_linear	5	2023-05-25	0.5	0.75	0.9	40	392	2	0.00510204081632653	2	0.00510204081632653
all_candidate_component_masked_dinov2_linear	5	2023-05-25	0.75	0.25	0.5	40	392	8	0.02040816326530612	8	0.02040816326530612
all_candidate_component_masked_dinov2_linear	5	2023-05-25	0.75	0.25	0.75	40	392	8	0.02040816326530612	8	0.02040816326530612
all_candidate_component_masked_dinov2_linear	5	2023-05-25	0.75	0.25	0.9	40	392	8	0.02040816326530612	8	0.02040816326530612
all_candidate_component_masked_dinov2_linear	5	2023-05-25	0.75	0.5	0.5	40	392	4	0.01020408163265306	4	0.01020408163265306
all_candidate_component_masked_dinov2_linear	5	2023-05-25	0.75	0.5	0.75	40	392	4	0.01020408163265306	4	0.01020408163265306
all_candidate_component_masked_dinov2_linear	5	2023-05-25	0.75	0.5	0.9	40	392	4	0.01020408163265306	4	0.01020408163265306
all_candidate_component_masked_dinov2_linear	5	2023-05-25	0.75	0.75	0.5	40	392	1	0.002551020408163265	1	0.002551020408163265
all_candidate_component_masked_dinov2_linear	5	2023-05-25	0.75	0.75	0.75	40	392	1	0.002551020408163265	1	0.002551020408163265
all_candidate_component_masked_dinov2_linear	5	2023-05-25	0.75	0.75	0.9	40	392	1	0.002551020408163265	1	0.002551020408163265
all_candidate_component_masked_dinov2_linear	5	2023-05-30	0.25	0.25	0.5	40	440	44	0.1	35	0.07954545454545454
all_candidate_component_masked_dinov2_linear	5	2023-05-30	0.25	0.25	0.75	40	440	44	0.1	35	0.07954545454545454
all_candidate_component_masked_dinov2_linear	5	2023-05-30	0.25	0.25	0.9	40	440	44	0.1	35	0.07954545454545454
all_candidate_component_masked_dinov2_linear	5	2023-05-30	0.25	0.5	0.5	40	440	37	0.08409090909090909	28	0.06363636363636363
all_candidate_component_masked_dinov2_linear	5	2023-05-30	0.25	0.5	0.75	40	440	37	0.08409090909090909	28	0.06363636363636363
all_candidate_component_masked_dinov2_linear	5	2023-05-30	0.25	0.5	0.9	40	440	37	0.08409090909090909	28	0.06363636363636363
all_candidate_component_masked_dinov2_linear	5	2023-05-30	0.25	0.75	0.5	40	440	10	0.022727272727272728	9	0.020454545454545454
all_candidate_component_masked_dinov2_linear	5	2023-05-30	0.25	0.75	0.75	40	440	10	0.022727272727272728	9	0.020454545454545454
all_candidate_component_masked_dinov2_linear	5	2023-05-30	0.25	0.75	0.9	40	440	10	0.022727272727272728	9	0.020454545454545454
all_candidate_component_masked_dinov2_linear	5	2023-05-30	0.5	0.25	0.5	40	440	36	0.08181818181818182	30	0.06818181818181818
all_candidate_component_masked_dinov2_linear	5	2023-05-30	0.5	0.25	0.75	40	440	36	0.08181818181818182	30	0.06818181818181818
all_candidate_component_masked_dinov2_linear	5	2023-05-30	0.5	0.25	0.9	40	440	36	0.08181818181818182	30	0.06818181818181818
all_candidate_component_masked_dinov2_linear	5	2023-05-30	0.5	0.5	0.5	40	440	30	0.06818181818181818	24	0.05454545454545454
all_candidate_component_masked_dinov2_linear	5	2023-05-30	0.5	0.5	0.75	40	440	30	0.06818181818181818	24	0.05454545454545454
all_candidate_component_masked_dinov2_linear	5	2023-05-30	0.5	0.5	0.9	40	440	30	0.06818181818181818	24	0.05454545454545454
all_candidate_component_masked_dinov2_linear	5	2023-05-30	0.5	0.75	0.5	40	440	7	0.015909090909090907	6	0.013636363636363636
all_candidate_component_masked_dinov2_linear	5	2023-05-30	0.5	0.75	0.75	40	440	7	0.015909090909090907	6	0.013636363636363636
all_candidate_component_masked_dinov2_linear	5	2023-05-30	0.5	0.75	0.9	40	440	7	0.015909090909090907	6	0.013636363636363636
all_candidate_component_masked_dinov2_linear	5	2023-05-30	0.75	0.25	0.5	40	440	28	0.06363636363636363	24	0.05454545454545454
all_candidate_component_masked_dinov2_linear	5	2023-05-30	0.75	0.25	0.75	40	440	28	0.06363636363636363	24	0.05454545454545454
all_candidate_component_masked_dinov2_linear	5	2023-05-30	0.75	0.25	0.9	40	440	28	0.06363636363636363	24	0.05454545454545454
all_candidate_component_masked_dinov2_linear	5	2023-05-30	0.75	0.5	0.5	40	440	24	0.05454545454545454	20	0.045454545454545456
all_candidate_component_masked_dinov2_linear	5	2023-05-30	0.75	0.5	0.75	40	440	24	0.05454545454545454	20	0.045454545454545456
all_candidate_component_masked_dinov2_linear	5	2023-05-30	0.75	0.5	0.9	40	440	24	0.05454545454545454	20	0.045454545454545456
all_candidate_component_masked_dinov2_linear	5	2023-05-30	0.75	0.75	0.5	40	440	3	0.006818181818181818	3	0.006818181818181818
all_candidate_component_masked_dinov2_linear	5	2023-05-30	0.75	0.75	0.75	40	440	3	0.006818181818181818	3	0.006818181818181818
all_candidate_component_masked_dinov2_linear	5	2023-05-30	0.75	0.75	0.9	40	440	3	0.006818181818181818	3	0.006818181818181818
all_candidate_component_masked_dinov2_linear	5	2023-06-06	0.25	0.25	0.5	40	726	55	0.07575757575757576	39	0.05371900826446281
all_candidate_component_masked_dinov2_linear	5	2023-06-06	0.25	0.25	0.75	40	726	55	0.07575757575757576	39	0.05371900826446281
all_candidate_component_masked_dinov2_linear	5	2023-06-06	0.25	0.25	0.9	40	726	55	0.07575757575757576	39	0.05371900826446281
all_candidate_component_masked_dinov2_linear	5	2023-06-06	0.25	0.5	0.5	40	726	55	0.07575757575757576	39	0.05371900826446281
all_candidate_component_masked_dinov2_linear	5	2023-06-06	0.25	0.5	0.75	40	726	55	0.07575757575757576	39	0.05371900826446281
all_candidate_component_masked_dinov2_linear	5	2023-06-06	0.25	0.5	0.9	40	726	55	0.07575757575757576	39	0.05371900826446281
all_candidate_component_masked_dinov2_linear	5	2023-06-06	0.25	0.75	0.5	40	726	23	0.03168044077134986	19	0.026170798898071626
all_candidate_component_masked_dinov2_linear	5	2023-06-06	0.25	0.75	0.75	40	726	23	0.03168044077134986	19	0.026170798898071626
all_candidate_component_masked_dinov2_linear	5	2023-06-06	0.25	0.75	0.9	40	726	23	0.03168044077134986	19	0.026170798898071626
all_candidate_component_masked_dinov2_linear	5	2023-06-06	0.5	0.25	0.5	40	726	54	0.0743801652892562	39	0.05371900826446281
all_candidate_component_masked_dinov2_linear	5	2023-06-06	0.5	0.25	0.75	40	726	54	0.0743801652892562	39	0.05371900826446281
all_candidate_component_masked_dinov2_linear	5	2023-06-06	0.5	0.25	0.9	40	726	54	0.0743801652892562	39	0.05371900826446281
all_candidate_component_masked_dinov2_linear	5	2023-06-06	0.5	0.5	0.5	40	726	54	0.0743801652892562	39	0.05371900826446281
all_candidate_component_masked_dinov2_linear	5	2023-06-06	0.5	0.5	0.75	40	726	54	0.0743801652892562	39	0.05371900826446281
all_candidate_component_masked_dinov2_linear	5	2023-06-06	0.5	0.5	0.9	40	726	54	0.0743801652892562	39	0.05371900826446281
all_candidate_component_masked_dinov2_linear	5	2023-06-06	0.5	0.75	0.5	40	726	23	0.03168044077134986	19	0.026170798898071626
all_candidate_component_masked_dinov2_linear	5	2023-06-06	0.5	0.75	0.75	40	726	23	0.03168044077134986	19	0.026170798898071626
all_candidate_component_masked_dinov2_linear	5	2023-06-06	0.5	0.75	0.9	40	726	23	0.03168044077134986	19	0.026170798898071626
all_candidate_component_masked_dinov2_linear	5	2023-06-06	0.75	0.25	0.5	40	726	45	0.06198347107438017	34	0.046831955922865015
all_candidate_component_masked_dinov2_linear	5	2023-06-06	0.75	0.25	0.75	40	726	45	0.06198347107438017	34	0.046831955922865015
all_candidate_component_masked_dinov2_linear	5	2023-06-06	0.75	0.25	0.9	40	726	45	0.06198347107438017	34	0.046831955922865015
all_candidate_component_masked_dinov2_linear	5	2023-06-06	0.75	0.5	0.5	40	726	45	0.06198347107438017	34	0.046831955922865015
all_candidate_component_masked_dinov2_linear	5	2023-06-06	0.75	0.5	0.75	40	726	45	0.06198347107438017	34	0.046831955922865015
all_candidate_component_masked_dinov2_linear	5	2023-06-06	0.75	0.5	0.9	40	726	45	0.06198347107438017	34	0.046831955922865015
all_candidate_component_masked_dinov2_linear	5	2023-06-06	0.75	0.75	0.5	40	726	17	0.023415977961432508	16	0.02203856749311295
all_candidate_component_masked_dinov2_linear	5	2023-06-06	0.75	0.75	0.75	40	726	17	0.023415977961432508	16	0.02203856749311295
all_candidate_component_masked_dinov2_linear	5	2023-06-06	0.75	0.75	0.9	40	726	17	0.023415977961432508	16	0.02203856749311295
all_candidate_component_masked_dinov2_linear	5	2023-06-15	0.25	0.25	0.5	10	154	5	0.032467532467532464	5	0.032467532467532464
all_candidate_component_masked_dinov2_linear	5	2023-06-15	0.25	0.25	0.75	10	154	5	0.032467532467532464	5	0.032467532467532464
all_candidate_component_masked_dinov2_linear	5	2023-06-15	0.25	0.25	0.9	10	154	5	0.032467532467532464	5	0.032467532467532464
all_candidate_component_masked_dinov2_linear	5	2023-06-15	0.25	0.5	0.5	10	154	5	0.032467532467532464	5	0.032467532467532464
all_candidate_component_masked_dinov2_linear	5	2023-06-15	0.25	0.5	0.75	10	154	5	0.032467532467532464	5	0.032467532467532464
all_candidate_component_masked_dinov2_linear	5	2023-06-15	0.25	0.5	0.9	10	154	5	0.032467532467532464	5	0.032467532467532464
all_candidate_component_masked_dinov2_linear	5	2023-06-15	0.25	0.75	0.5	10	154	3	0.01948051948051948	3	0.01948051948051948
all_candidate_component_masked_dinov2_linear	5	2023-06-15	0.25	0.75	0.75	10	154	3	0.01948051948051948	3	0.01948051948051948
all_candidate_component_masked_dinov2_linear	5	2023-06-15	0.25	0.75	0.9	10	154	3	0.01948051948051948	3	0.01948051948051948
all_candidate_component_masked_dinov2_linear	5	2023-06-15	0.5	0.25	0.5	10	154	5	0.032467532467532464	5	0.032467532467532464
all_candidate_component_masked_dinov2_linear	5	2023-06-15	0.5	0.25	0.75	10	154	5	0.032467532467532464	5	0.032467532467532464
all_candidate_component_masked_dinov2_linear	5	2023-06-15	0.5	0.25	0.9	10	154	5	0.032467532467532464	5	0.032467532467532464
all_candidate_component_masked_dinov2_linear	5	2023-06-15	0.5	0.5	0.5	10	154	5	0.032467532467532464	5	0.032467532467532464
all_candidate_component_masked_dinov2_linear	5	2023-06-15	0.5	0.5	0.75	10	154	5	0.032467532467532464	5	0.032467532467532464
all_candidate_component_masked_dinov2_linear	5	2023-06-15	0.5	0.5	0.9	10	154	5	0.032467532467532464	5	0.032467532467532464
all_candidate_component_masked_dinov2_linear	5	2023-06-15	0.5	0.75	0.5	10	154	3	0.01948051948051948	3	0.01948051948051948
all_candidate_component_masked_dinov2_linear	5	2023-06-15	0.5	0.75	0.75	10	154	3	0.01948051948051948	3	0.01948051948051948
all_candidate_component_masked_dinov2_linear	5	2023-06-15	0.5	0.75	0.9	10	154	3	0.01948051948051948	3	0.01948051948051948
all_candidate_component_masked_dinov2_linear	5	2023-06-15	0.75	0.25	0.5	10	154	3	0.01948051948051948	3	0.01948051948051948
all_candidate_component_masked_dinov2_linear	5	2023-06-15	0.75	0.25	0.75	10	154	3	0.01948051948051948	3	0.01948051948051948
all_candidate_component_masked_dinov2_linear	5	2023-06-15	0.75	0.25	0.9	10	154	3	0.01948051948051948	3	0.01948051948051948
all_candidate_component_masked_dinov2_linear	5	2023-06-15	0.75	0.5	0.5	10	154	3	0.01948051948051948	3	0.01948051948051948
all_candidate_component_masked_dinov2_linear	5	2023-06-15	0.75	0.5	0.75	10	154	3	0.01948051948051948	3	0.01948051948051948
all_candidate_component_masked_dinov2_linear	5	2023-06-15	0.75	0.5	0.9	10	154	3	0.01948051948051948	3	0.01948051948051948
all_candidate_component_masked_dinov2_linear	5	2023-06-15	0.75	0.75	0.5	10	154	1	0.006493506493506494	1	0.006493506493506494
all_candidate_component_masked_dinov2_linear	5	2023-06-15	0.75	0.75	0.75	10	154	1	0.006493506493506494	1	0.006493506493506494
all_candidate_component_masked_dinov2_linear	5	2023-06-15	0.75	0.75	0.9	10	154	1	0.006493506493506494	1	0.006493506493506494
all_candidate_component_masked_dinov2_linear	10	ALL	0.25	0.25	0.5	260	1712	220	0.12850467289719625	173	0.10105140186915888
all_candidate_component_masked_dinov2_linear	10	ALL	0.25	0.25	0.75	260	1712	220	0.12850467289719625	173	0.10105140186915888
all_candidate_component_masked_dinov2_linear	10	ALL	0.25	0.25	0.9	260	1712	219	0.12792056074766356	172	0.10046728971962617
all_candidate_component_masked_dinov2_linear	10	ALL	0.25	0.5	0.5	260	1712	194	0.1133177570093458	148	0.08644859813084112
all_candidate_component_masked_dinov2_linear	10	ALL	0.25	0.5	0.75	260	1712	194	0.1133177570093458	148	0.08644859813084112
all_candidate_component_masked_dinov2_linear	10	ALL	0.25	0.5	0.9	260	1712	193	0.11273364485981309	147	0.08586448598130841
all_candidate_component_masked_dinov2_linear	10	ALL	0.25	0.75	0.5	260	1712	75	0.04380841121495327	66	0.038551401869158876
all_candidate_component_masked_dinov2_linear	10	ALL	0.25	0.75	0.75	260	1712	75	0.04380841121495327	66	0.038551401869158876
all_candidate_component_masked_dinov2_linear	10	ALL	0.25	0.75	0.9	260	1712	74	0.04322429906542056	65	0.037967289719626166
all_candidate_component_masked_dinov2_linear	10	ALL	0.5	0.25	0.5	260	1712	202	0.11799065420560748	159	0.09287383177570094
all_candidate_component_masked_dinov2_linear	10	ALL	0.5	0.25	0.75	260	1712	202	0.11799065420560748	159	0.09287383177570094
all_candidate_component_masked_dinov2_linear	10	ALL	0.5	0.25	0.9	260	1712	201	0.11740654205607477	158	0.09228971962616822
all_candidate_component_masked_dinov2_linear	10	ALL	0.5	0.5	0.5	260	1712	177	0.10338785046728972	135	0.07885514018691589
all_candidate_component_masked_dinov2_linear	10	ALL	0.5	0.5	0.75	260	1712	177	0.10338785046728972	135	0.07885514018691589
all_candidate_component_masked_dinov2_linear	10	ALL	0.5	0.5	0.9	260	1712	176	0.102803738317757	134	0.07827102803738317
all_candidate_component_masked_dinov2_linear	10	ALL	0.5	0.75	0.5	260	1712	66	0.038551401869158876	57	0.03329439252336448
all_candidate_component_masked_dinov2_linear	10	ALL	0.5	0.75	0.75	260	1712	66	0.038551401869158876	57	0.03329439252336448
all_candidate_component_masked_dinov2_linear	10	ALL	0.5	0.75	0.9	260	1712	65	0.037967289719626166	56	0.03271028037383177
all_candidate_component_masked_dinov2_linear	10	ALL	0.75	0.25	0.5	260	1712	163	0.09521028037383178	128	0.07476635514018691
all_candidate_component_masked_dinov2_linear	10	ALL	0.75	0.25	0.75	260	1712	163	0.09521028037383178	128	0.07476635514018691
all_candidate_component_masked_dinov2_linear	10	ALL	0.75	0.25	0.9	260	1712	163	0.09521028037383178	128	0.07476635514018691
all_candidate_component_masked_dinov2_linear	10	ALL	0.75	0.5	0.5	260	1712	144	0.08411214953271028	110	0.06425233644859812
all_candidate_component_masked_dinov2_linear	10	ALL	0.75	0.5	0.75	260	1712	144	0.08411214953271028	110	0.06425233644859812
all_candidate_component_masked_dinov2_linear	10	ALL	0.75	0.5	0.9	260	1712	144	0.08411214953271028	110	0.06425233644859812
all_candidate_component_masked_dinov2_linear	10	ALL	0.75	0.75	0.5	260	1712	44	0.02570093457943925	40	0.02336448598130841
all_candidate_component_masked_dinov2_linear	10	ALL	0.75	0.75	0.75	260	1712	44	0.02570093457943925	40	0.02336448598130841
all_candidate_component_masked_dinov2_linear	10	ALL	0.75	0.75	0.9	260	1712	44	0.02570093457943925	40	0.02336448598130841
all_candidate_component_masked_dinov2_linear	10	2023-05-25	0.25	0.25	0.5	80	392	18	0.04591836734693878	18	0.04591836734693878
all_candidate_component_masked_dinov2_linear	10	2023-05-25	0.25	0.25	0.75	80	392	18	0.04591836734693878	18	0.04591836734693878
all_candidate_component_masked_dinov2_linear	10	2023-05-25	0.25	0.25	0.9	80	392	17	0.04336734693877551	17	0.04336734693877551
all_candidate_component_masked_dinov2_linear	10	2023-05-25	0.25	0.5	0.5	80	392	10	0.025510204081632654	10	0.025510204081632654
all_candidate_component_masked_dinov2_linear	10	2023-05-25	0.25	0.5	0.75	80	392	10	0.025510204081632654	10	0.025510204081632654
all_candidate_component_masked_dinov2_linear	10	2023-05-25	0.25	0.5	0.9	80	392	9	0.02295918367346939	9	0.02295918367346939
all_candidate_component_masked_dinov2_linear	10	2023-05-25	0.25	0.75	0.5	80	392	3	0.007653061224489796	3	0.007653061224489796
all_candidate_component_masked_dinov2_linear	10	2023-05-25	0.25	0.75	0.75	80	392	3	0.007653061224489796	3	0.007653061224489796
all_candidate_component_masked_dinov2_linear	10	2023-05-25	0.25	0.75	0.9	80	392	2	0.00510204081632653	2	0.00510204081632653
all_candidate_component_masked_dinov2_linear	10	2023-05-25	0.5	0.25	0.5	80	392	16	0.04081632653061224	16	0.04081632653061224
all_candidate_component_masked_dinov2_linear	10	2023-05-25	0.5	0.25	0.75	80	392	16	0.04081632653061224	16	0.04081632653061224
all_candidate_component_masked_dinov2_linear	10	2023-05-25	0.5	0.25	0.9	80	392	15	0.03826530612244898	15	0.03826530612244898
all_candidate_component_masked_dinov2_linear	10	2023-05-25	0.5	0.5	0.5	80	392	8	0.02040816326530612	8	0.02040816326530612
all_candidate_component_masked_dinov2_linear	10	2023-05-25	0.5	0.5	0.75	80	392	8	0.02040816326530612	8	0.02040816326530612
all_candidate_component_masked_dinov2_linear	10	2023-05-25	0.5	0.5	0.9	80	392	7	0.017857142857142856	7	0.017857142857142856
all_candidate_component_masked_dinov2_linear	10	2023-05-25	0.5	0.75	0.5	80	392	3	0.007653061224489796	3	0.007653061224489796
all_candidate_component_masked_dinov2_linear	10	2023-05-25	0.5	0.75	0.75	80	392	3	0.007653061224489796	3	0.007653061224489796
all_candidate_component_masked_dinov2_linear	10	2023-05-25	0.5	0.75	0.9	80	392	2	0.00510204081632653	2	0.00510204081632653
all_candidate_component_masked_dinov2_linear	10	2023-05-25	0.75	0.25	0.5	80	392	10	0.025510204081632654	10	0.025510204081632654
all_candidate_component_masked_dinov2_linear	10	2023-05-25	0.75	0.25	0.75	80	392	10	0.025510204081632654	10	0.025510204081632654
all_candidate_component_masked_dinov2_linear	10	2023-05-25	0.75	0.25	0.9	80	392	10	0.025510204081632654	10	0.025510204081632654
all_candidate_component_masked_dinov2_linear	10	2023-05-25	0.75	0.5	0.5	80	392	5	0.012755102040816327	5	0.012755102040816327
all_candidate_component_masked_dinov2_linear	10	2023-05-25	0.75	0.5	0.75	80	392	5	0.012755102040816327	5	0.012755102040816327
all_candidate_component_masked_dinov2_linear	10	2023-05-25	0.75	0.5	0.9	80	392	5	0.012755102040816327	5	0.012755102040816327
all_candidate_component_masked_dinov2_linear	10	2023-05-25	0.75	0.75	0.5	80	392	1	0.002551020408163265	1	0.002551020408163265
all_candidate_component_masked_dinov2_linear	10	2023-05-25	0.75	0.75	0.75	80	392	1	0.002551020408163265	1	0.002551020408163265
all_candidate_component_masked_dinov2_linear	10	2023-05-25	0.75	0.75	0.9	80	392	1	0.002551020408163265	1	0.002551020408163265
all_candidate_component_masked_dinov2_linear	10	2023-05-30	0.25	0.25	0.5	80	440	80	0.18181818181818182	67	0.15227272727272728
all_candidate_component_masked_dinov2_linear	10	2023-05-30	0.25	0.25	0.75	80	440	80	0.18181818181818182	67	0.15227272727272728
all_candidate_component_masked_dinov2_linear	10	2023-05-30	0.25	0.25	0.9	80	440	80	0.18181818181818182	67	0.15227272727272728
all_candidate_component_masked_dinov2_linear	10	2023-05-30	0.25	0.5	0.5	80	440	64	0.14545454545454545	52	0.11818181818181818
all_candidate_component_masked_dinov2_linear	10	2023-05-30	0.25	0.5	0.75	80	440	64	0.14545454545454545	52	0.11818181818181818
all_candidate_component_masked_dinov2_linear	10	2023-05-30	0.25	0.5	0.9	80	440	64	0.14545454545454545	52	0.11818181818181818
all_candidate_component_masked_dinov2_linear	10	2023-05-30	0.25	0.75	0.5	80	440	19	0.04318181818181818	17	0.038636363636363635
all_candidate_component_masked_dinov2_linear	10	2023-05-30	0.25	0.75	0.75	80	440	19	0.04318181818181818	17	0.038636363636363635
all_candidate_component_masked_dinov2_linear	10	2023-05-30	0.25	0.75	0.9	80	440	19	0.04318181818181818	17	0.038636363636363635
all_candidate_component_masked_dinov2_linear	10	2023-05-30	0.5	0.25	0.5	80	440	67	0.15227272727272728	57	0.12954545454545455
all_candidate_component_masked_dinov2_linear	10	2023-05-30	0.5	0.25	0.75	80	440	67	0.15227272727272728	57	0.12954545454545455
all_candidate_component_masked_dinov2_linear	10	2023-05-30	0.5	0.25	0.9	80	440	67	0.15227272727272728	57	0.12954545454545455
all_candidate_component_masked_dinov2_linear	10	2023-05-30	0.5	0.5	0.5	80	440	52	0.11818181818181818	43	0.09772727272727273
all_candidate_component_masked_dinov2_linear	10	2023-05-30	0.5	0.5	0.75	80	440	52	0.11818181818181818	43	0.09772727272727273
all_candidate_component_masked_dinov2_linear	10	2023-05-30	0.5	0.5	0.9	80	440	52	0.11818181818181818	43	0.09772727272727273
all_candidate_component_masked_dinov2_linear	10	2023-05-30	0.5	0.75	0.5	80	440	12	0.02727272727272727	10	0.022727272727272728
all_candidate_component_masked_dinov2_linear	10	2023-05-30	0.5	0.75	0.75	80	440	12	0.02727272727272727	10	0.022727272727272728
all_candidate_component_masked_dinov2_linear	10	2023-05-30	0.5	0.75	0.9	80	440	12	0.02727272727272727	10	0.022727272727272728
all_candidate_component_masked_dinov2_linear	10	2023-05-30	0.75	0.25	0.5	80	440	53	0.12045454545454545	46	0.10454545454545454
all_candidate_component_masked_dinov2_linear	10	2023-05-30	0.75	0.25	0.75	80	440	53	0.12045454545454545	46	0.10454545454545454
all_candidate_component_masked_dinov2_linear	10	2023-05-30	0.75	0.25	0.9	80	440	53	0.12045454545454545	46	0.10454545454545454
all_candidate_component_masked_dinov2_linear	10	2023-05-30	0.75	0.5	0.5	80	440	41	0.09318181818181819	35	0.07954545454545454
all_candidate_component_masked_dinov2_linear	10	2023-05-30	0.75	0.5	0.75	80	440	41	0.09318181818181819	35	0.07954545454545454
all_candidate_component_masked_dinov2_linear	10	2023-05-30	0.75	0.5	0.9	80	440	41	0.09318181818181819	35	0.07954545454545454
all_candidate_component_masked_dinov2_linear	10	2023-05-30	0.75	0.75	0.5	80	440	6	0.013636363636363636	5	0.011363636363636364
all_candidate_component_masked_dinov2_linear	10	2023-05-30	0.75	0.75	0.75	80	440	6	0.013636363636363636	5	0.011363636363636364
all_candidate_component_masked_dinov2_linear	10	2023-05-30	0.75	0.75	0.9	80	440	6	0.013636363636363636	5	0.011363636363636364
all_candidate_component_masked_dinov2_linear	10	2023-06-06	0.25	0.25	0.5	80	726	112	0.15426997245179064	79	0.10881542699724518
all_candidate_component_masked_dinov2_linear	10	2023-06-06	0.25	0.25	0.75	80	726	112	0.15426997245179064	79	0.10881542699724518
all_candidate_component_masked_dinov2_linear	10	2023-06-06	0.25	0.25	0.9	80	726	112	0.15426997245179064	79	0.10881542699724518
all_candidate_component_masked_dinov2_linear	10	2023-06-06	0.25	0.5	0.5	80	726	110	0.15151515151515152	77	0.10606060606060606
all_candidate_component_masked_dinov2_linear	10	2023-06-06	0.25	0.5	0.75	80	726	110	0.15151515151515152	77	0.10606060606060606
all_candidate_component_masked_dinov2_linear	10	2023-06-06	0.25	0.5	0.9	80	726	110	0.15151515151515152	77	0.10606060606060606
all_candidate_component_masked_dinov2_linear	10	2023-06-06	0.25	0.75	0.5	80	726	46	0.06336088154269973	40	0.05509641873278237
all_candidate_component_masked_dinov2_linear	10	2023-06-06	0.25	0.75	0.75	80	726	46	0.06336088154269973	40	0.05509641873278237
all_candidate_component_masked_dinov2_linear	10	2023-06-06	0.25	0.75	0.9	80	726	46	0.06336088154269973	40	0.05509641873278237
all_candidate_component_masked_dinov2_linear	10	2023-06-06	0.5	0.25	0.5	80	726	110	0.15151515151515152	78	0.10743801652892562
all_candidate_component_masked_dinov2_linear	10	2023-06-06	0.5	0.25	0.75	80	726	110	0.15151515151515152	78	0.10743801652892562
all_candidate_component_masked_dinov2_linear	10	2023-06-06	0.5	0.25	0.9	80	726	110	0.15151515151515152	78	0.10743801652892562
all_candidate_component_masked_dinov2_linear	10	2023-06-06	0.5	0.5	0.5	80	726	108	0.1487603305785124	76	0.1046831955922865
all_candidate_component_masked_dinov2_linear	10	2023-06-06	0.5	0.5	0.75	80	726	108	0.1487603305785124	76	0.1046831955922865
all_candidate_component_masked_dinov2_linear	10	2023-06-06	0.5	0.5	0.9	80	726	108	0.1487603305785124	76	0.1046831955922865
all_candidate_component_masked_dinov2_linear	10	2023-06-06	0.5	0.75	0.5	80	726	45	0.06198347107438017	39	0.05371900826446281
all_candidate_component_masked_dinov2_linear	10	2023-06-06	0.5	0.75	0.75	80	726	45	0.06198347107438017	39	0.05371900826446281
all_candidate_component_masked_dinov2_linear	10	2023-06-06	0.5	0.75	0.9	80	726	45	0.06198347107438017	39	0.05371900826446281
all_candidate_component_masked_dinov2_linear	10	2023-06-06	0.75	0.25	0.5	80	726	94	0.12947658402203857	67	0.09228650137741047
all_candidate_component_masked_dinov2_linear	10	2023-06-06	0.75	0.25	0.75	80	726	94	0.12947658402203857	67	0.09228650137741047
all_candidate_component_masked_dinov2_linear	10	2023-06-06	0.75	0.25	0.9	80	726	94	0.12947658402203857	67	0.09228650137741047
all_candidate_component_masked_dinov2_linear	10	2023-06-06	0.75	0.5	0.5	80	726	92	0.12672176308539945	65	0.08953168044077135
all_candidate_component_masked_dinov2_linear	10	2023-06-06	0.75	0.5	0.75	80	726	92	0.12672176308539945	65	0.08953168044077135
all_candidate_component_masked_dinov2_linear	10	2023-06-06	0.75	0.5	0.9	80	726	92	0.12672176308539945	65	0.08953168044077135
all_candidate_component_masked_dinov2_linear	10	2023-06-06	0.75	0.75	0.5	80	726	34	0.046831955922865015	32	0.0440771349862259
all_candidate_component_masked_dinov2_linear	10	2023-06-06	0.75	0.75	0.75	80	726	34	0.046831955922865015	32	0.0440771349862259
all_candidate_component_masked_dinov2_linear	10	2023-06-06	0.75	0.75	0.9	80	726	34	0.046831955922865015	32	0.0440771349862259
all_candidate_component_masked_dinov2_linear	10	2023-06-15	0.25	0.25	0.5	20	154	10	0.06493506493506493	9	0.05844155844155844
all_candidate_component_masked_dinov2_linear	10	2023-06-15	0.25	0.25	0.75	20	154	10	0.06493506493506493	9	0.05844155844155844
all_candidate_component_masked_dinov2_linear	10	2023-06-15	0.25	0.25	0.9	20	154	10	0.06493506493506493	9	0.05844155844155844
all_candidate_component_masked_dinov2_linear	10	2023-06-15	0.25	0.5	0.5	20	154	10	0.06493506493506493	9	0.05844155844155844
all_candidate_component_masked_dinov2_linear	10	2023-06-15	0.25	0.5	0.75	20	154	10	0.06493506493506493	9	0.05844155844155844
all_candidate_component_masked_dinov2_linear	10	2023-06-15	0.25	0.5	0.9	20	154	10	0.06493506493506493	9	0.05844155844155844
all_candidate_component_masked_dinov2_linear	10	2023-06-15	0.25	0.75	0.5	20	154	7	0.045454545454545456	6	0.03896103896103896
all_candidate_component_masked_dinov2_linear	10	2023-06-15	0.25	0.75	0.75	20	154	7	0.045454545454545456	6	0.03896103896103896
all_candidate_component_masked_dinov2_linear	10	2023-06-15	0.25	0.75	0.9	20	154	7	0.045454545454545456	6	0.03896103896103896
all_candidate_component_masked_dinov2_linear	10	2023-06-15	0.5	0.25	0.5	20	154	9	0.05844155844155844	8	0.05194805194805195
all_candidate_component_masked_dinov2_linear	10	2023-06-15	0.5	0.25	0.75	20	154	9	0.05844155844155844	8	0.05194805194805195
all_candidate_component_masked_dinov2_linear	10	2023-06-15	0.5	0.25	0.9	20	154	9	0.05844155844155844	8	0.05194805194805195
all_candidate_component_masked_dinov2_linear	10	2023-06-15	0.5	0.5	0.5	20	154	9	0.05844155844155844	8	0.05194805194805195
all_candidate_component_masked_dinov2_linear	10	2023-06-15	0.5	0.5	0.75	20	154	9	0.05844155844155844	8	0.05194805194805195
all_candidate_component_masked_dinov2_linear	10	2023-06-15	0.5	0.5	0.9	20	154	9	0.05844155844155844	8	0.05194805194805195
all_candidate_component_masked_dinov2_linear	10	2023-06-15	0.5	0.75	0.5	20	154	6	0.03896103896103896	5	0.032467532467532464
all_candidate_component_masked_dinov2_linear	10	2023-06-15	0.5	0.75	0.75	20	154	6	0.03896103896103896	5	0.032467532467532464
all_candidate_component_masked_dinov2_linear	10	2023-06-15	0.5	0.75	0.9	20	154	6	0.03896103896103896	5	0.032467532467532464
all_candidate_component_masked_dinov2_linear	10	2023-06-15	0.75	0.25	0.5	20	154	6	0.03896103896103896	5	0.032467532467532464
all_candidate_component_masked_dinov2_linear	10	2023-06-15	0.75	0.25	0.75	20	154	6	0.03896103896103896	5	0.032467532467532464
all_candidate_component_masked_dinov2_linear	10	2023-06-15	0.75	0.25	0.9	20	154	6	0.03896103896103896	5	0.032467532467532464
all_candidate_component_masked_dinov2_linear	10	2023-06-15	0.75	0.5	0.5	20	154	6	0.03896103896103896	5	0.032467532467532464
all_candidate_component_masked_dinov2_linear	10	2023-06-15	0.75	0.5	0.75	20	154	6	0.03896103896103896	5	0.032467532467532464
all_candidate_component_masked_dinov2_linear	10	2023-06-15	0.75	0.5	0.9	20	154	6	0.03896103896103896	5	0.032467532467532464
all_candidate_component_masked_dinov2_linear	10	2023-06-15	0.75	0.75	0.5	20	154	3	0.01948051948051948	2	0.012987012987012988
all_candidate_component_masked_dinov2_linear	10	2023-06-15	0.75	0.75	0.75	20	154	3	0.01948051948051948	2	0.012987012987012988
all_candidate_component_masked_dinov2_linear	10	2023-06-15	0.75	0.75	0.9	20	154	3	0.01948051948051948	2	0.012987012987012988
all_candidate_component_masked_dinov2_linear	20	ALL	0.25	0.25	0.5	520	1712	494	0.2885514018691589	322	0.18808411214953272
all_candidate_component_masked_dinov2_linear	20	ALL	0.25	0.25	0.75	520	1712	494	0.2885514018691589	322	0.18808411214953272
all_candidate_component_masked_dinov2_linear	20	ALL	0.25	0.25	0.9	520	1712	425	0.24824766355140188	320	0.18691588785046728
all_candidate_component_masked_dinov2_linear	20	ALL	0.25	0.5	0.5	520	1712	424	0.24766355140186916	260	0.15186915887850466
all_candidate_component_masked_dinov2_linear	20	ALL	0.25	0.5	0.75	520	1712	424	0.24766355140186916	260	0.15186915887850466
all_candidate_component_masked_dinov2_linear	20	ALL	0.25	0.5	0.9	520	1712	355	0.20735981308411214	258	0.15070093457943926
all_candidate_component_masked_dinov2_linear	20	ALL	0.25	0.75	0.5	520	1712	218	0.12733644859813084	120	0.07009345794392523
all_candidate_component_masked_dinov2_linear	20	ALL	0.25	0.75	0.75	520	1712	218	0.12733644859813084	120	0.07009345794392523
all_candidate_component_masked_dinov2_linear	20	ALL	0.25	0.75	0.9	520	1712	149	0.08703271028037383	118	0.0689252336448598
all_candidate_component_masked_dinov2_linear	20	ALL	0.5	0.25	0.5	520	1712	450	0.2628504672897196	289	0.16880841121495327
all_candidate_component_masked_dinov2_linear	20	ALL	0.5	0.25	0.75	520	1712	450	0.2628504672897196	289	0.16880841121495327
all_candidate_component_masked_dinov2_linear	20	ALL	0.5	0.25	0.9	520	1712	383	0.22371495327102803	287	0.16764018691588786
all_candidate_component_masked_dinov2_linear	20	ALL	0.5	0.5	0.5	520	1712	386	0.22546728971962618	232	0.13551401869158877
all_candidate_component_masked_dinov2_linear	20	ALL	0.5	0.5	0.75	520	1712	386	0.22546728971962618	232	0.13551401869158877
all_candidate_component_masked_dinov2_linear	20	ALL	0.5	0.5	0.9	520	1712	319	0.1863317757009346	230	0.13434579439252337
all_candidate_component_masked_dinov2_linear	20	ALL	0.5	0.75	0.5	520	1712	195	0.11390186915887851	101	0.05899532710280374
all_candidate_component_masked_dinov2_linear	20	ALL	0.5	0.75	0.75	520	1712	195	0.11390186915887851	101	0.05899532710280374
all_candidate_component_masked_dinov2_linear	20	ALL	0.5	0.75	0.9	520	1712	128	0.07476635514018691	99	0.05782710280373832
all_candidate_component_masked_dinov2_linear	20	ALL	0.75	0.25	0.5	520	1712	359	0.20969626168224298	226	0.13200934579439252
all_candidate_component_masked_dinov2_linear	20	ALL	0.75	0.25	0.75	520	1712	359	0.20969626168224298	226	0.13200934579439252
all_candidate_component_masked_dinov2_linear	20	ALL	0.75	0.25	0.9	520	1712	298	0.17406542056074767	225	0.1314252336448598
all_candidate_component_masked_dinov2_linear	20	ALL	0.75	0.5	0.5	520	1712	310	0.1810747663551402	182	0.10630841121495327
all_candidate_component_masked_dinov2_linear	20	ALL	0.75	0.5	0.75	520	1712	310	0.1810747663551402	182	0.10630841121495327
all_candidate_component_masked_dinov2_linear	20	ALL	0.75	0.5	0.9	520	1712	249	0.14544392523364486	181	0.10572429906542057
all_candidate_component_masked_dinov2_linear	20	ALL	0.75	0.75	0.5	520	1712	144	0.08411214953271028	65	0.037967289719626166
all_candidate_component_masked_dinov2_linear	20	ALL	0.75	0.75	0.75	520	1712	144	0.08411214953271028	65	0.037967289719626166
all_candidate_component_masked_dinov2_linear	20	ALL	0.75	0.75	0.9	520	1712	83	0.04848130841121495	64	0.037383177570093455
all_candidate_component_masked_dinov2_linear	20	2023-05-25	0.25	0.25	0.5	160	392	29	0.07397959183673469	28	0.07142857142857142
all_candidate_component_masked_dinov2_linear	20	2023-05-25	0.25	0.25	0.75	160	392	29	0.07397959183673469	28	0.07142857142857142
all_candidate_component_masked_dinov2_linear	20	2023-05-25	0.25	0.25	0.9	160	392	28	0.07142857142857142	27	0.06887755102040816
all_candidate_component_masked_dinov2_linear	20	2023-05-25	0.25	0.5	0.5	160	392	15	0.03826530612244898	14	0.03571428571428571
all_candidate_component_masked_dinov2_linear	20	2023-05-25	0.25	0.5	0.75	160	392	15	0.03826530612244898	14	0.03571428571428571
all_candidate_component_masked_dinov2_linear	20	2023-05-25	0.25	0.5	0.9	160	392	14	0.03571428571428571	13	0.03316326530612245
all_candidate_component_masked_dinov2_linear	20	2023-05-25	0.25	0.75	0.5	160	392	4	0.01020408163265306	4	0.01020408163265306
all_candidate_component_masked_dinov2_linear	20	2023-05-25	0.25	0.75	0.75	160	392	4	0.01020408163265306	4	0.01020408163265306
all_candidate_component_masked_dinov2_linear	20	2023-05-25	0.25	0.75	0.9	160	392	3	0.007653061224489796	3	0.007653061224489796
all_candidate_component_masked_dinov2_linear	20	2023-05-25	0.5	0.25	0.5	160	392	27	0.06887755102040816	26	0.0663265306122449
all_candidate_component_masked_dinov2_linear	20	2023-05-25	0.5	0.25	0.75	160	392	27	0.06887755102040816	26	0.0663265306122449
all_candidate_component_masked_dinov2_linear	20	2023-05-25	0.5	0.25	0.9	160	392	26	0.0663265306122449	25	0.06377551020408163
all_candidate_component_masked_dinov2_linear	20	2023-05-25	0.5	0.5	0.5	160	392	13	0.03316326530612245	12	0.030612244897959183
all_candidate_component_masked_dinov2_linear	20	2023-05-25	0.5	0.5	0.75	160	392	13	0.03316326530612245	12	0.030612244897959183
all_candidate_component_masked_dinov2_linear	20	2023-05-25	0.5	0.5	0.9	160	392	12	0.030612244897959183	11	0.02806122448979592
all_candidate_component_masked_dinov2_linear	20	2023-05-25	0.5	0.75	0.5	160	392	4	0.01020408163265306	4	0.01020408163265306
all_candidate_component_masked_dinov2_linear	20	2023-05-25	0.5	0.75	0.75	160	392	4	0.01020408163265306	4	0.01020408163265306
all_candidate_component_masked_dinov2_linear	20	2023-05-25	0.5	0.75	0.9	160	392	3	0.007653061224489796	3	0.007653061224489796
all_candidate_component_masked_dinov2_linear	20	2023-05-25	0.75	0.25	0.5	160	392	16	0.04081632653061224	16	0.04081632653061224
all_candidate_component_masked_dinov2_linear	20	2023-05-25	0.75	0.25	0.75	160	392	16	0.04081632653061224	16	0.04081632653061224
all_candidate_component_masked_dinov2_linear	20	2023-05-25	0.75	0.25	0.9	160	392	16	0.04081632653061224	16	0.04081632653061224
all_candidate_component_masked_dinov2_linear	20	2023-05-25	0.75	0.5	0.5	160	392	8	0.02040816326530612	8	0.02040816326530612
all_candidate_component_masked_dinov2_linear	20	2023-05-25	0.75	0.5	0.75	160	392	8	0.02040816326530612	8	0.02040816326530612
all_candidate_component_masked_dinov2_linear	20	2023-05-25	0.75	0.5	0.9	160	392	8	0.02040816326530612	8	0.02040816326530612
all_candidate_component_masked_dinov2_linear	20	2023-05-25	0.75	0.75	0.5	160	392	1	0.002551020408163265	1	0.002551020408163265
all_candidate_component_masked_dinov2_linear	20	2023-05-25	0.75	0.75	0.75	160	392	1	0.002551020408163265	1	0.002551020408163265
all_candidate_component_masked_dinov2_linear	20	2023-05-25	0.75	0.75	0.9	160	392	1	0.002551020408163265	1	0.002551020408163265
all_candidate_component_masked_dinov2_linear	20	2023-05-30	0.25	0.25	0.5	160	440	150	0.3409090909090909	123	0.27954545454545454
all_candidate_component_masked_dinov2_linear	20	2023-05-30	0.25	0.25	0.75	160	440	150	0.3409090909090909	123	0.27954545454545454
all_candidate_component_masked_dinov2_linear	20	2023-05-30	0.25	0.25	0.9	160	440	150	0.3409090909090909	123	0.27954545454545454
all_candidate_component_masked_dinov2_linear	20	2023-05-30	0.25	0.5	0.5	160	440	105	0.23863636363636365	85	0.19318181818181818
all_candidate_component_masked_dinov2_linear	20	2023-05-30	0.25	0.5	0.75	160	440	105	0.23863636363636365	85	0.19318181818181818
all_candidate_component_masked_dinov2_linear	20	2023-05-30	0.25	0.5	0.9	160	440	105	0.23863636363636365	85	0.19318181818181818
all_candidate_component_masked_dinov2_linear	20	2023-05-30	0.25	0.75	0.5	160	440	26	0.05909090909090909	24	0.05454545454545454
all_candidate_component_masked_dinov2_linear	20	2023-05-30	0.25	0.75	0.75	160	440	26	0.05909090909090909	24	0.05454545454545454
all_candidate_component_masked_dinov2_linear	20	2023-05-30	0.25	0.75	0.9	160	440	26	0.05909090909090909	24	0.05454545454545454
all_candidate_component_masked_dinov2_linear	20	2023-05-30	0.5	0.25	0.5	160	440	124	0.2818181818181818	103	0.2340909090909091
all_candidate_component_masked_dinov2_linear	20	2023-05-30	0.5	0.25	0.75	160	440	124	0.2818181818181818	103	0.2340909090909091
all_candidate_component_masked_dinov2_linear	20	2023-05-30	0.5	0.25	0.9	160	440	124	0.2818181818181818	103	0.2340909090909091
all_candidate_component_masked_dinov2_linear	20	2023-05-30	0.5	0.5	0.5	160	440	84	0.19090909090909092	69	0.15681818181818183
all_candidate_component_masked_dinov2_linear	20	2023-05-30	0.5	0.5	0.75	160	440	84	0.19090909090909092	69	0.15681818181818183
all_candidate_component_masked_dinov2_linear	20	2023-05-30	0.5	0.5	0.9	160	440	84	0.19090909090909092	69	0.15681818181818183
all_candidate_component_masked_dinov2_linear	20	2023-05-30	0.5	0.75	0.5	160	440	17	0.038636363636363635	15	0.03409090909090909
all_candidate_component_masked_dinov2_linear	20	2023-05-30	0.5	0.75	0.75	160	440	17	0.038636363636363635	15	0.03409090909090909
all_candidate_component_masked_dinov2_linear	20	2023-05-30	0.5	0.75	0.9	160	440	17	0.038636363636363635	15	0.03409090909090909
all_candidate_component_masked_dinov2_linear	20	2023-05-30	0.75	0.25	0.5	160	440	99	0.225	85	0.19318181818181818
all_candidate_component_masked_dinov2_linear	20	2023-05-30	0.75	0.25	0.75	160	440	99	0.225	85	0.19318181818181818
all_candidate_component_masked_dinov2_linear	20	2023-05-30	0.75	0.25	0.9	160	440	99	0.225	85	0.19318181818181818
all_candidate_component_masked_dinov2_linear	20	2023-05-30	0.75	0.5	0.5	160	440	65	0.14772727272727273	56	0.12727272727272726
all_candidate_component_masked_dinov2_linear	20	2023-05-30	0.75	0.5	0.75	160	440	65	0.14772727272727273	56	0.12727272727272726
all_candidate_component_masked_dinov2_linear	20	2023-05-30	0.75	0.5	0.9	160	440	65	0.14772727272727273	56	0.12727272727272726
all_candidate_component_masked_dinov2_linear	20	2023-05-30	0.75	0.75	0.5	160	440	8	0.01818181818181818	7	0.015909090909090907
all_candidate_component_masked_dinov2_linear	20	2023-05-30	0.75	0.75	0.75	160	440	8	0.01818181818181818	7	0.015909090909090907
all_candidate_component_masked_dinov2_linear	20	2023-05-30	0.75	0.75	0.9	160	440	8	0.01818181818181818	7	0.015909090909090907
all_candidate_component_masked_dinov2_linear	20	2023-06-06	0.25	0.25	0.5	160	726	232	0.31955922865013775	157	0.2162534435261708
all_candidate_component_masked_dinov2_linear	20	2023-06-06	0.25	0.25	0.75	160	726	232	0.31955922865013775	157	0.2162534435261708
all_candidate_component_masked_dinov2_linear	20	2023-06-06	0.25	0.25	0.9	160	726	232	0.31955922865013775	157	0.2162534435261708
all_candidate_component_masked_dinov2_linear	20	2023-06-06	0.25	0.5	0.5	160	726	221	0.3044077134986226	147	0.2024793388429752
all_candidate_component_masked_dinov2_linear	20	2023-06-06	0.25	0.5	0.75	160	726	221	0.3044077134986226	147	0.2024793388429752
all_candidate_component_masked_dinov2_linear	20	2023-06-06	0.25	0.5	0.9	160	726	221	0.3044077134986226	147	0.2024793388429752
all_candidate_component_masked_dinov2_linear	20	2023-06-06	0.25	0.75	0.5	160	726	108	0.1487603305785124	81	0.1115702479338843
all_candidate_component_masked_dinov2_linear	20	2023-06-06	0.25	0.75	0.75	160	726	108	0.1487603305785124	81	0.1115702479338843
all_candidate_component_masked_dinov2_linear	20	2023-06-06	0.25	0.75	0.9	160	726	108	0.1487603305785124	81	0.1115702479338843
all_candidate_component_masked_dinov2_linear	20	2023-06-06	0.5	0.25	0.5	160	726	220	0.30303030303030304	148	0.20385674931129477
all_candidate_component_masked_dinov2_linear	20	2023-06-06	0.5	0.25	0.75	160	726	220	0.30303030303030304	148	0.20385674931129477
all_candidate_component_masked_dinov2_linear	20	2023-06-06	0.5	0.25	0.9	160	726	220	0.30303030303030304	148	0.20385674931129477
all_candidate_component_masked_dinov2_linear	20	2023-06-06	0.5	0.5	0.5	160	726	210	0.2892561983471074	139	0.19146005509641872
all_candidate_component_masked_dinov2_linear	20	2023-06-06	0.5	0.5	0.75	160	726	210	0.2892561983471074	139	0.19146005509641872
all_candidate_component_masked_dinov2_linear	20	2023-06-06	0.5	0.5	0.9	160	726	210	0.2892561983471074	139	0.19146005509641872
all_candidate_component_masked_dinov2_linear	20	2023-06-06	0.5	0.75	0.5	160	726	98	0.1349862258953168	73	0.10055096418732783
all_candidate_component_masked_dinov2_linear	20	2023-06-06	0.5	0.75	0.75	160	726	98	0.1349862258953168	73	0.10055096418732783
all_candidate_component_masked_dinov2_linear	20	2023-06-06	0.5	0.75	0.9	160	726	98	0.1349862258953168	73	0.10055096418732783
all_candidate_component_masked_dinov2_linear	20	2023-06-06	0.75	0.25	0.5	160	726	175	0.24104683195592286	117	0.16115702479338842
all_candidate_component_masked_dinov2_linear	20	2023-06-06	0.75	0.25	0.75	160	726	175	0.24104683195592286	117	0.16115702479338842
all_candidate_component_masked_dinov2_linear	20	2023-06-06	0.75	0.25	0.9	160	726	175	0.24104683195592286	117	0.16115702479338842
all_candidate_component_masked_dinov2_linear	20	2023-06-06	0.75	0.5	0.5	160	726	168	0.23140495867768596	110	0.15151515151515152
all_candidate_component_masked_dinov2_linear	20	2023-06-06	0.75	0.5	0.75	160	726	168	0.23140495867768596	110	0.15151515151515152
all_candidate_component_masked_dinov2_linear	20	2023-06-06	0.75	0.5	0.9	160	726	168	0.23140495867768596	110	0.15151515151515152
all_candidate_component_masked_dinov2_linear	20	2023-06-06	0.75	0.75	0.5	160	726	69	0.09504132231404959	52	0.07162534435261708
all_candidate_component_masked_dinov2_linear	20	2023-06-06	0.75	0.75	0.75	160	726	69	0.09504132231404959	52	0.07162534435261708
all_candidate_component_masked_dinov2_linear	20	2023-06-06	0.75	0.75	0.9	160	726	69	0.09504132231404959	52	0.07162534435261708
all_candidate_component_masked_dinov2_linear	20	2023-06-15	0.25	0.25	0.5	40	154	83	0.538961038961039	14	0.09090909090909091
all_candidate_component_masked_dinov2_linear	20	2023-06-15	0.25	0.25	0.75	40	154	83	0.538961038961039	14	0.09090909090909091
all_candidate_component_masked_dinov2_linear	20	2023-06-15	0.25	0.25	0.9	40	154	15	0.09740259740259741	13	0.08441558441558442
all_candidate_component_masked_dinov2_linear	20	2023-06-15	0.25	0.5	0.5	40	154	83	0.538961038961039	14	0.09090909090909091
all_candidate_component_masked_dinov2_linear	20	2023-06-15	0.25	0.5	0.75	40	154	83	0.538961038961039	14	0.09090909090909091
all_candidate_component_masked_dinov2_linear	20	2023-06-15	0.25	0.5	0.9	40	154	15	0.09740259740259741	13	0.08441558441558442
all_candidate_component_masked_dinov2_linear	20	2023-06-15	0.25	0.75	0.5	40	154	80	0.5194805194805194	11	0.07142857142857142
all_candidate_component_masked_dinov2_linear	20	2023-06-15	0.25	0.75	0.75	40	154	80	0.5194805194805194	11	0.07142857142857142
all_candidate_component_masked_dinov2_linear	20	2023-06-15	0.25	0.75	0.9	40	154	12	0.07792207792207792	10	0.06493506493506493
all_candidate_component_masked_dinov2_linear	20	2023-06-15	0.5	0.25	0.5	40	154	79	0.512987012987013	12	0.07792207792207792
all_candidate_component_masked_dinov2_linear	20	2023-06-15	0.5	0.25	0.75	40	154	79	0.512987012987013	12	0.07792207792207792
all_candidate_component_masked_dinov2_linear	20	2023-06-15	0.5	0.25	0.9	40	154	13	0.08441558441558442	11	0.07142857142857142
all_candidate_component_masked_dinov2_linear	20	2023-06-15	0.5	0.5	0.5	40	154	79	0.512987012987013	12	0.07792207792207792
all_candidate_component_masked_dinov2_linear	20	2023-06-15	0.5	0.5	0.75	40	154	79	0.512987012987013	12	0.07792207792207792
all_candidate_component_masked_dinov2_linear	20	2023-06-15	0.5	0.5	0.9	40	154	13	0.08441558441558442	11	0.07142857142857142
all_candidate_component_masked_dinov2_linear	20	2023-06-15	0.5	0.75	0.5	40	154	76	0.4935064935064935	9	0.05844155844155844
all_candidate_component_masked_dinov2_linear	20	2023-06-15	0.5	0.75	0.75	40	154	76	0.4935064935064935	9	0.05844155844155844
all_candidate_component_masked_dinov2_linear	20	2023-06-15	0.5	0.75	0.9	40	154	10	0.06493506493506493	8	0.05194805194805195
all_candidate_component_masked_dinov2_linear	20	2023-06-15	0.75	0.25	0.5	40	154	69	0.44805194805194803	8	0.05194805194805195
all_candidate_component_masked_dinov2_linear	20	2023-06-15	0.75	0.25	0.75	40	154	69	0.44805194805194803	8	0.05194805194805195
all_candidate_component_masked_dinov2_linear	20	2023-06-15	0.75	0.25	0.9	40	154	8	0.05194805194805195	7	0.045454545454545456
all_candidate_component_masked_dinov2_linear	20	2023-06-15	0.75	0.5	0.5	40	154	69	0.44805194805194803	8	0.05194805194805195
all_candidate_component_masked_dinov2_linear	20	2023-06-15	0.75	0.5	0.75	40	154	69	0.44805194805194803	8	0.05194805194805195
all_candidate_component_masked_dinov2_linear	20	2023-06-15	0.75	0.5	0.9	40	154	8	0.05194805194805195	7	0.045454545454545456
all_candidate_component_masked_dinov2_linear	20	2023-06-15	0.75	0.75	0.5	40	154	66	0.42857142857142855	5	0.032467532467532464
all_candidate_component_masked_dinov2_linear	20	2023-06-15	0.75	0.75	0.75	40	154	66	0.42857142857142855	5	0.032467532467532464
all_candidate_component_masked_dinov2_linear	20	2023-06-15	0.75	0.75	0.9	40	154	5	0.032467532467532464	4	0.025974025974025976
all_candidate_component_masked_dinov2_linear	50	ALL	0.25	0.25	0.5	1237	1712	847	0.4947429906542056	554	0.3235981308411215
all_candidate_component_masked_dinov2_linear	50	ALL	0.25	0.25	0.75	1237	1712	787	0.459696261682243	547	0.3195093457943925
all_candidate_component_masked_dinov2_linear	50	ALL	0.25	0.25	0.9	1237	1712	718	0.41939252336448596	545	0.3183411214953271
all_candidate_component_masked_dinov2_linear	50	ALL	0.25	0.5	0.5	1237	1712	692	0.40420560747663553	413	0.24123831775700935
all_candidate_component_masked_dinov2_linear	50	ALL	0.25	0.5	0.75	1237	1712	632	0.3691588785046729	406	0.2371495327102804
all_candidate_component_masked_dinov2_linear	50	ALL	0.25	0.5	0.9	1237	1712	563	0.32885514018691586	404	0.23598130841121495
all_candidate_component_masked_dinov2_linear	50	ALL	0.25	0.75	0.5	1237	1712	312	0.1822429906542056	172	0.10046728971962617
all_candidate_component_masked_dinov2_linear	50	ALL	0.25	0.75	0.75	1237	1712	294	0.17172897196261683	170	0.09929906542056074
all_candidate_component_masked_dinov2_linear	50	ALL	0.25	0.75	0.9	1237	1712	225	0.1314252336448598	168	0.09813084112149532
all_candidate_component_masked_dinov2_linear	50	ALL	0.5	0.25	0.5	1237	1712	774	0.45210280373831774	497	0.290303738317757
all_candidate_component_masked_dinov2_linear	50	ALL	0.5	0.25	0.75	1237	1712	715	0.41764018691588783	490	0.286214953271028
all_candidate_component_masked_dinov2_linear	50	ALL	0.5	0.25	0.9	1237	1712	648	0.37850467289719625	488	0.2850467289719626
all_candidate_component_masked_dinov2_linear	50	ALL	0.5	0.5	0.5	1237	1712	628	0.36682242990654207	364	0.21261682242990654
all_candidate_component_masked_dinov2_linear	50	ALL	0.5	0.5	0.75	1237	1712	569	0.33235981308411217	357	0.20852803738317757
all_candidate_component_masked_dinov2_linear	50	ALL	0.5	0.5	0.9	1237	1712	502	0.2932242990654206	355	0.20735981308411214
all_candidate_component_masked_dinov2_linear	50	ALL	0.5	0.75	0.5	1237	1712	275	0.16063084112149534	142	0.08294392523364486
all_candidate_component_masked_dinov2_linear	50	ALL	0.5	0.75	0.75	1237	1712	258	0.15070093457943926	140	0.08177570093457943
all_candidate_component_masked_dinov2_linear	50	ALL	0.5	0.75	0.9	1237	1712	191	0.11156542056074767	138	0.08060747663551401
all_candidate_component_masked_dinov2_linear	50	ALL	0.75	0.25	0.5	1237	1712	605	0.3533878504672897	373	0.21787383177570094
all_candidate_component_masked_dinov2_linear	50	ALL	0.75	0.25	0.75	1237	1712	555	0.3241822429906542	366	0.21378504672897197
all_candidate_component_masked_dinov2_linear	50	ALL	0.75	0.25	0.9	1237	1712	494	0.2885514018691589	365	0.21320093457943926
all_candidate_component_masked_dinov2_linear	50	ALL	0.75	0.5	0.5	1237	1712	487	0.2844626168224299	264	0.1542056074766355
all_candidate_component_masked_dinov2_linear	50	ALL	0.75	0.5	0.75	1237	1712	437	0.2552570093457944	257	0.15011682242990654
all_candidate_component_masked_dinov2_linear	50	ALL	0.75	0.5	0.9	1237	1712	376	0.21962616822429906	256	0.14953271028037382
all_candidate_component_masked_dinov2_linear	50	ALL	0.75	0.75	0.5	1237	1712	193	0.11273364485981309	83	0.04848130841121495
all_candidate_component_masked_dinov2_linear	50	ALL	0.75	0.75	0.75	1237	1712	180	0.10514018691588785	81	0.04731308411214953
all_candidate_component_masked_dinov2_linear	50	ALL	0.75	0.75	0.9	1237	1712	119	0.06950934579439252	80	0.04672897196261682
all_candidate_component_masked_dinov2_linear	50	2023-05-25	0.25	0.25	0.5	382	392	33	0.08418367346938775	32	0.08163265306122448
all_candidate_component_masked_dinov2_linear	50	2023-05-25	0.25	0.25	0.75	382	392	33	0.08418367346938775	32	0.08163265306122448
all_candidate_component_masked_dinov2_linear	50	2023-05-25	0.25	0.25	0.9	382	392	32	0.08163265306122448	31	0.07908163265306123
all_candidate_component_masked_dinov2_linear	50	2023-05-25	0.25	0.5	0.5	382	392	16	0.04081632653061224	15	0.03826530612244898
all_candidate_component_masked_dinov2_linear	50	2023-05-25	0.25	0.5	0.75	382	392	16	0.04081632653061224	15	0.03826530612244898
all_candidate_component_masked_dinov2_linear	50	2023-05-25	0.25	0.5	0.9	382	392	15	0.03826530612244898	14	0.03571428571428571
all_candidate_component_masked_dinov2_linear	50	2023-05-25	0.25	0.75	0.5	382	392	4	0.01020408163265306	4	0.01020408163265306
all_candidate_component_masked_dinov2_linear	50	2023-05-25	0.25	0.75	0.75	382	392	4	0.01020408163265306	4	0.01020408163265306
all_candidate_component_masked_dinov2_linear	50	2023-05-25	0.25	0.75	0.9	382	392	3	0.007653061224489796	3	0.007653061224489796
all_candidate_component_masked_dinov2_linear	50	2023-05-25	0.5	0.25	0.5	382	392	31	0.07908163265306123	30	0.07653061224489796
all_candidate_component_masked_dinov2_linear	50	2023-05-25	0.5	0.25	0.75	382	392	31	0.07908163265306123	30	0.07653061224489796
all_candidate_component_masked_dinov2_linear	50	2023-05-25	0.5	0.25	0.9	382	392	30	0.07653061224489796	29	0.07397959183673469
all_candidate_component_masked_dinov2_linear	50	2023-05-25	0.5	0.5	0.5	382	392	14	0.03571428571428571	13	0.03316326530612245
all_candidate_component_masked_dinov2_linear	50	2023-05-25	0.5	0.5	0.75	382	392	14	0.03571428571428571	13	0.03316326530612245
all_candidate_component_masked_dinov2_linear	50	2023-05-25	0.5	0.5	0.9	382	392	13	0.03316326530612245	12	0.030612244897959183
all_candidate_component_masked_dinov2_linear	50	2023-05-25	0.5	0.75	0.5	382	392	4	0.01020408163265306	4	0.01020408163265306
all_candidate_component_masked_dinov2_linear	50	2023-05-25	0.5	0.75	0.75	382	392	4	0.01020408163265306	4	0.01020408163265306
all_candidate_component_masked_dinov2_linear	50	2023-05-25	0.5	0.75	0.9	382	392	3	0.007653061224489796	3	0.007653061224489796
all_candidate_component_masked_dinov2_linear	50	2023-05-25	0.75	0.25	0.5	382	392	19	0.04846938775510204	19	0.04846938775510204
all_candidate_component_masked_dinov2_linear	50	2023-05-25	0.75	0.25	0.75	382	392	19	0.04846938775510204	19	0.04846938775510204
all_candidate_component_masked_dinov2_linear	50	2023-05-25	0.75	0.25	0.9	382	392	19	0.04846938775510204	19	0.04846938775510204
all_candidate_component_masked_dinov2_linear	50	2023-05-25	0.75	0.5	0.5	382	392	8	0.02040816326530612	8	0.02040816326530612
all_candidate_component_masked_dinov2_linear	50	2023-05-25	0.75	0.5	0.75	382	392	8	0.02040816326530612	8	0.02040816326530612
all_candidate_component_masked_dinov2_linear	50	2023-05-25	0.75	0.5	0.9	382	392	8	0.02040816326530612	8	0.02040816326530612
all_candidate_component_masked_dinov2_linear	50	2023-05-25	0.75	0.75	0.5	382	392	1	0.002551020408163265	1	0.002551020408163265
all_candidate_component_masked_dinov2_linear	50	2023-05-25	0.75	0.75	0.75	382	392	1	0.002551020408163265	1	0.002551020408163265
all_candidate_component_masked_dinov2_linear	50	2023-05-25	0.75	0.75	0.9	382	392	1	0.002551020408163265	1	0.002551020408163265
all_candidate_component_masked_dinov2_linear	50	2023-05-30	0.25	0.25	0.5	400	440	229	0.5204545454545455	195	0.4431818181818182
all_candidate_component_masked_dinov2_linear	50	2023-05-30	0.25	0.25	0.75	400	440	229	0.5204545454545455	195	0.4431818181818182
all_candidate_component_masked_dinov2_linear	50	2023-05-30	0.25	0.25	0.9	400	440	229	0.5204545454545455	195	0.4431818181818182
all_candidate_component_masked_dinov2_linear	50	2023-05-30	0.25	0.5	0.5	400	440	147	0.3340909090909091	121	0.275
all_candidate_component_masked_dinov2_linear	50	2023-05-30	0.25	0.5	0.75	400	440	147	0.3340909090909091	121	0.275
all_candidate_component_masked_dinov2_linear	50	2023-05-30	0.25	0.5	0.9	400	440	147	0.3340909090909091	121	0.275
all_candidate_component_masked_dinov2_linear	50	2023-05-30	0.25	0.75	0.5	400	440	33	0.075	31	0.07045454545454545
all_candidate_component_masked_dinov2_linear	50	2023-05-30	0.25	0.75	0.75	400	440	33	0.075	31	0.07045454545454545
all_candidate_component_masked_dinov2_linear	50	2023-05-30	0.25	0.75	0.9	400	440	33	0.075	31	0.07045454545454545
all_candidate_component_masked_dinov2_linear	50	2023-05-30	0.5	0.25	0.5	400	440	193	0.43863636363636366	165	0.375
all_candidate_component_masked_dinov2_linear	50	2023-05-30	0.5	0.25	0.75	400	440	193	0.43863636363636366	165	0.375
all_candidate_component_masked_dinov2_linear	50	2023-05-30	0.5	0.25	0.9	400	440	193	0.43863636363636366	165	0.375
all_candidate_component_masked_dinov2_linear	50	2023-05-30	0.5	0.5	0.5	400	440	118	0.2681818181818182	97	0.22045454545454546
all_candidate_component_masked_dinov2_linear	50	2023-05-30	0.5	0.5	0.75	400	440	118	0.2681818181818182	97	0.22045454545454546
all_candidate_component_masked_dinov2_linear	50	2023-05-30	0.5	0.5	0.9	400	440	118	0.2681818181818182	97	0.22045454545454546
all_candidate_component_masked_dinov2_linear	50	2023-05-30	0.5	0.75	0.5	400	440	20	0.045454545454545456	18	0.04090909090909091
all_candidate_component_masked_dinov2_linear	50	2023-05-30	0.5	0.75	0.75	400	440	20	0.045454545454545456	18	0.04090909090909091
all_candidate_component_masked_dinov2_linear	50	2023-05-30	0.5	0.75	0.9	400	440	20	0.045454545454545456	18	0.04090909090909091
all_candidate_component_masked_dinov2_linear	50	2023-05-30	0.75	0.25	0.5	400	440	155	0.3522727272727273	134	0.30454545454545456
all_candidate_component_masked_dinov2_linear	50	2023-05-30	0.75	0.25	0.75	400	440	155	0.3522727272727273	134	0.30454545454545456
all_candidate_component_masked_dinov2_linear	50	2023-05-30	0.75	0.25	0.9	400	440	155	0.3522727272727273	134	0.30454545454545456
all_candidate_component_masked_dinov2_linear	50	2023-05-30	0.75	0.5	0.5	400	440	89	0.20227272727272727	74	0.16818181818181818
all_candidate_component_masked_dinov2_linear	50	2023-05-30	0.75	0.5	0.75	400	440	89	0.20227272727272727	74	0.16818181818181818
all_candidate_component_masked_dinov2_linear	50	2023-05-30	0.75	0.5	0.9	400	440	89	0.20227272727272727	74	0.16818181818181818
all_candidate_component_masked_dinov2_linear	50	2023-05-30	0.75	0.75	0.5	400	440	9	0.020454545454545454	8	0.01818181818181818
all_candidate_component_masked_dinov2_linear	50	2023-05-30	0.75	0.75	0.75	400	440	9	0.020454545454545454	8	0.01818181818181818
all_candidate_component_masked_dinov2_linear	50	2023-05-30	0.75	0.75	0.9	400	440	9	0.020454545454545454	8	0.01818181818181818
all_candidate_component_masked_dinov2_linear	50	2023-06-06	0.25	0.25	0.5	398	726	480	0.6611570247933884	308	0.42424242424242425
all_candidate_component_masked_dinov2_linear	50	2023-06-06	0.25	0.25	0.75	398	726	437	0.6019283746556474	302	0.41597796143250687
all_candidate_component_masked_dinov2_linear	50	2023-06-06	0.25	0.25	0.9	398	726	437	0.6019283746556474	302	0.41597796143250687
all_candidate_component_masked_dinov2_linear	50	2023-06-06	0.25	0.5	0.5	398	726	424	0.5840220385674931	258	0.35537190082644626
all_candidate_component_masked_dinov2_linear	50	2023-06-06	0.25	0.5	0.75	398	726	381	0.5247933884297521	252	0.34710743801652894
all_candidate_component_masked_dinov2_linear	50	2023-06-06	0.25	0.5	0.9	398	726	381	0.5247933884297521	252	0.34710743801652894
all_candidate_component_masked_dinov2_linear	50	2023-06-06	0.25	0.75	0.5	398	726	173	0.23829201101928374	121	0.16666666666666666
all_candidate_component_masked_dinov2_linear	50	2023-06-06	0.25	0.75	0.75	398	726	172	0.2369146005509642	120	0.1652892561983471
all_candidate_component_masked_dinov2_linear	50	2023-06-06	0.25	0.75	0.9	398	726	172	0.2369146005509642	120	0.1652892561983471
all_candidate_component_masked_dinov2_linear	50	2023-06-06	0.5	0.25	0.5	398	726	453	0.6239669421487604	287	0.3953168044077135
all_candidate_component_masked_dinov2_linear	50	2023-06-06	0.5	0.25	0.75	398	726	410	0.5647382920110193	281	0.38705234159779617
all_candidate_component_masked_dinov2_linear	50	2023-06-06	0.5	0.25	0.9	398	726	410	0.5647382920110193	281	0.38705234159779617
all_candidate_component_masked_dinov2_linear	50	2023-06-06	0.5	0.5	0.5	398	726	399	0.5495867768595041	239	0.32920110192837465
all_candidate_component_masked_dinov2_linear	50	2023-06-06	0.5	0.5	0.75	398	726	356	0.4903581267217631	233	0.3209366391184573
all_candidate_component_masked_dinov2_linear	50	2023-06-06	0.5	0.5	0.9	398	726	356	0.4903581267217631	233	0.3209366391184573
all_candidate_component_masked_dinov2_linear	50	2023-06-06	0.5	0.75	0.5	398	726	157	0.2162534435261708	108	0.1487603305785124
all_candidate_component_masked_dinov2_linear	50	2023-06-06	0.5	0.75	0.75	398	726	156	0.21487603305785125	107	0.14738292011019283
all_candidate_component_masked_dinov2_linear	50	2023-06-06	0.5	0.75	0.9	398	726	156	0.21487603305785125	107	0.14738292011019283
all_candidate_component_masked_dinov2_linear	50	2023-06-06	0.75	0.25	0.5	398	726	348	0.4793388429752066	209	0.2878787878787879
all_candidate_component_masked_dinov2_linear	50	2023-06-06	0.75	0.25	0.75	398	726	310	0.42699724517906334	203	0.2796143250688705
all_candidate_component_masked_dinov2_linear	50	2023-06-06	0.75	0.25	0.9	398	726	310	0.42699724517906334	203	0.2796143250688705
all_candidate_component_masked_dinov2_linear	50	2023-06-06	0.75	0.5	0.5	398	726	307	0.4228650137741047	171	0.23553719008264462
all_candidate_component_masked_dinov2_linear	50	2023-06-06	0.75	0.5	0.75	398	726	269	0.37052341597796146	165	0.22727272727272727
all_candidate_component_masked_dinov2_linear	50	2023-06-06	0.75	0.5	0.9	398	726	269	0.37052341597796146	165	0.22727272727272727
all_candidate_component_masked_dinov2_linear	50	2023-06-06	0.75	0.75	0.5	398	726	103	0.1418732782369146	66	0.09090909090909091
all_candidate_component_masked_dinov2_linear	50	2023-06-06	0.75	0.75	0.75	398	726	102	0.14049586776859505	65	0.08953168044077135
all_candidate_component_masked_dinov2_linear	50	2023-06-06	0.75	0.75	0.9	398	726	102	0.14049586776859505	65	0.08953168044077135
all_candidate_component_masked_dinov2_linear	50	2023-06-15	0.25	0.25	0.5	57	154	105	0.6818181818181818	19	0.12337662337662338
all_candidate_component_masked_dinov2_linear	50	2023-06-15	0.25	0.25	0.75	57	154	88	0.5714285714285714	18	0.11688311688311688
all_candidate_component_masked_dinov2_linear	50	2023-06-15	0.25	0.25	0.9	57	154	20	0.12987012987012986	17	0.11038961038961038
all_candidate_component_masked_dinov2_linear	50	2023-06-15	0.25	0.5	0.5	57	154	105	0.6818181818181818	19	0.12337662337662338
all_candidate_component_masked_dinov2_linear	50	2023-06-15	0.25	0.5	0.75	57	154	88	0.5714285714285714	18	0.11688311688311688
all_candidate_component_masked_dinov2_linear	50	2023-06-15	0.25	0.5	0.9	57	154	20	0.12987012987012986	17	0.11038961038961038
all_candidate_component_masked_dinov2_linear	50	2023-06-15	0.25	0.75	0.5	57	154	102	0.6623376623376623	16	0.1038961038961039
all_candidate_component_masked_dinov2_linear	50	2023-06-15	0.25	0.75	0.75	57	154	85	0.551948051948052	15	0.09740259740259741
all_candidate_component_masked_dinov2_linear	50	2023-06-15	0.25	0.75	0.9	57	154	17	0.11038961038961038	14	0.09090909090909091
all_candidate_component_masked_dinov2_linear	50	2023-06-15	0.5	0.25	0.5	57	154	97	0.6298701298701299	15	0.09740259740259741
all_candidate_component_masked_dinov2_linear	50	2023-06-15	0.5	0.25	0.75	57	154	81	0.525974025974026	14	0.09090909090909091
all_candidate_component_masked_dinov2_linear	50	2023-06-15	0.5	0.25	0.9	57	154	15	0.09740259740259741	13	0.08441558441558442
all_candidate_component_masked_dinov2_linear	50	2023-06-15	0.5	0.5	0.5	57	154	97	0.6298701298701299	15	0.09740259740259741
all_candidate_component_masked_dinov2_linear	50	2023-06-15	0.5	0.5	0.75	57	154	81	0.525974025974026	14	0.09090909090909091
all_candidate_component_masked_dinov2_linear	50	2023-06-15	0.5	0.5	0.9	57	154	15	0.09740259740259741	13	0.08441558441558442
all_candidate_component_masked_dinov2_linear	50	2023-06-15	0.5	0.75	0.5	57	154	94	0.6103896103896104	12	0.07792207792207792
all_candidate_component_masked_dinov2_linear	50	2023-06-15	0.5	0.75	0.75	57	154	78	0.5064935064935064	11	0.07142857142857142
all_candidate_component_masked_dinov2_linear	50	2023-06-15	0.5	0.75	0.9	57	154	12	0.07792207792207792	10	0.06493506493506493
all_candidate_component_masked_dinov2_linear	50	2023-06-15	0.75	0.25	0.5	57	154	83	0.538961038961039	11	0.07142857142857142
all_candidate_component_masked_dinov2_linear	50	2023-06-15	0.75	0.25	0.75	57	154	71	0.461038961038961	10	0.06493506493506493
all_candidate_component_masked_dinov2_linear	50	2023-06-15	0.75	0.25	0.9	57	154	10	0.06493506493506493	9	0.05844155844155844
all_candidate_component_masked_dinov2_linear	50	2023-06-15	0.75	0.5	0.5	57	154	83	0.538961038961039	11	0.07142857142857142
all_candidate_component_masked_dinov2_linear	50	2023-06-15	0.75	0.5	0.75	57	154	71	0.461038961038961	10	0.06493506493506493
all_candidate_component_masked_dinov2_linear	50	2023-06-15	0.75	0.5	0.9	57	154	10	0.06493506493506493	9	0.05844155844155844
all_candidate_component_masked_dinov2_linear	50	2023-06-15	0.75	0.75	0.5	57	154	80	0.5194805194805194	8	0.05194805194805195
all_candidate_component_masked_dinov2_linear	50	2023-06-15	0.75	0.75	0.75	57	154	68	0.44155844155844154	7	0.045454545454545456
all_candidate_component_masked_dinov2_linear	50	2023-06-15	0.75	0.75	0.9	57	154	7	0.045454545454545456	6	0.03896103896103896
