repeat	seed	k	aggregation	stratum	images	accepted_candidates	weed_candidates	all_candidate_queue_precision	weed_truth_instances	spatial_recalled_weed_instances	queued_spatial_weed_instance_recall	role_qualified_recalled_weed_instances	queued_role_qualified_weed_instance_recall	one_to_one_spatial_matches	one_to_one_spatial_recall	one_to_one_role_qualified_matches	one_to_one_role_qualified_recall	crop_overlap_scene_numerator_0.00	crop_overlap_scene_frequency_0.00	crop_overlap_scene_numerator_0.01	crop_overlap_scene_frequency_0.01	crop_overlap_scene_numerator_0.10	crop_overlap_scene_frequency_0.10	crop_overlap_scene_numerator_0.50	crop_overlap_scene_frequency_0.50
0	2026081000	20	pooled_test	ALL	26	520	140	0.2692307692307692	1712	305	0.1781542056074766	151	0.0882009345794392	167	0.0975467289719626	108	0.0630841121495327	21	0.8076923076923077	21	0.8076923076923077	21	0.8076923076923077	15	0.5769230769230769
1	2026081000	20	pooled_test	ALL	26	520	133	0.2557692307692307	1712	303	0.1769859813084112	142	0.0829439252336448	166	0.0969626168224299	101	0.0589953271028037	21	0.8076923076923077	21	0.8076923076923077	21	0.8076923076923077	12	0.4615384615384615
2	2026081000	20	pooled_test	ALL	26	520	145	0.2788461538461538	1712	320	0.1869158878504672	154	0.0899532710280373	183	0.1068925233644859	111	0.0648364485981308	20	0.7692307692307693	20	0.7692307692307693	20	0.7692307692307693	14	0.5384615384615384
3	2026081000	20	pooled_test	ALL	26	520	140	0.2692307692307692	1712	350	0.2044392523364486	160	0.0934579439252336	178	0.1039719626168224	111	0.0648364485981308	21	0.8076923076923077	21	0.8076923076923077	21	0.8076923076923077	17	0.6538461538461539
4	2026081000	20	pooled_test	ALL	26	520	132	0.2538461538461538	1712	328	0.1915887850467289	157	0.0917056074766355	169	0.098714953271028	98	0.0572429906542056	22	0.8461538461538461	22	0.8461538461538461	22	0.8461538461538461	14	0.5384615384615384
5	2026081000	20	pooled_test	ALL	26	520	145	0.2788461538461538	1712	340	0.1985981308411215	164	0.0957943925233644	167	0.0975467289719626	112	0.0654205607476635	22	0.8461538461538461	22	0.8461538461538461	22	0.8461538461538461	15	0.5769230769230769
6	2026081000	20	pooled_test	ALL	26	520	144	0.2769230769230769	1712	316	0.1845794392523364	142	0.0829439252336448	165	0.0963785046728972	107	0.0625	20	0.7692307692307693	20	0.7692307692307693	20	0.7692307692307693	15	0.5769230769230769
7	2026081000	20	pooled_test	ALL	26	520	134	0.2576923076923076	1712	311	0.1816588785046729	155	0.0905373831775701	167	0.0975467289719626	100	0.058411214953271	21	0.8076923076923077	21	0.8076923076923077	21	0.8076923076923077	14	0.5384615384615384
8	2026081000	20	pooled_test	ALL	26	520	155	0.2980769230769231	1712	358	0.2091121495327103	175	0.1022196261682243	180	0.1051401869158878	122	0.0712616822429906	21	0.8076923076923077	21	0.8076923076923077	21	0.8076923076923077	12	0.4615384615384615
9	2026081000	20	pooled_test	ALL	26	520	131	0.2519230769230769	1712	296	0.1728971962616822	154	0.0899532710280373	168	0.0981308411214953	107	0.0625	22	0.8461538461538461	22	0.8461538461538461	22	0.8461538461538461	14	0.5384615384615384
10	2026081000	20	pooled_test	ALL	26	520	142	0.273076923076923	1712	306	0.1787383177570093	144	0.0841121495327102	162	0.094626168224299	105	0.0613317757009345	21	0.8076923076923077	21	0.8076923076923077	21	0.8076923076923077	15	0.5769230769230769
11	2026081000	20	pooled_test	ALL	26	520	142	0.273076923076923	1712	353	0.2061915887850467	133	0.0776869158878504	171	0.0998831775700934	105	0.0613317757009345	20	0.7692307692307693	20	0.7692307692307693	20	0.7692307692307693	12	0.4615384615384615
12	2026081000	20	pooled_test	ALL	26	520	145	0.2788461538461538	1712	337	0.1968457943925233	159	0.0928738317757009	168	0.0981308411214953	113	0.0660046728971962	20	0.7692307692307693	20	0.7692307692307693	20	0.7692307692307693	15	0.5769230769230769
13	2026081000	20	pooled_test	ALL	26	520	137	0.2634615384615384	1712	220	0.1285046728971962	155	0.0905373831775701	157	0.0917056074766355	109	0.0636682242990654	18	0.6923076923076923	18	0.6923076923076923	18	0.6923076923076923	15	0.5769230769230769
14	2026081000	20	pooled_test	ALL	26	520	133	0.2557692307692307	1712	302	0.1764018691588785	156	0.0911214953271028	154	0.0899532710280373	99	0.0578271028037383	19	0.7307692307692307	19	0.7307692307692307	19	0.7307692307692307	14	0.5384615384615384
15	2026081000	20	pooled_test	ALL	26	520	147	0.2826923076923077	1712	330	0.1927570093457944	188	0.1098130841121495	173	0.1010514018691588	116	0.0677570093457943	19	0.7307692307692307	19	0.7307692307692307	19	0.7307692307692307	10	0.3846153846153846
16	2026081000	20	pooled_test	ALL	26	520	133	0.2557692307692307	1712	356	0.2079439252336448	160	0.0934579439252336	174	0.1016355140186915	107	0.0625	21	0.8076923076923077	21	0.8076923076923077	21	0.8076923076923077	13	0.5
17	2026081000	20	pooled_test	ALL	26	520	138	0.2653846153846154	1712	360	0.2102803738317757	161	0.0940420560747663	179	0.1045560747663551	110	0.0642523364485981	23	0.8846153846153846	23	0.8846153846153846	23	0.8846153846153846	16	0.6153846153846154
18	2026081000	20	pooled_test	ALL	26	520	146	0.2807692307692307	1712	313	0.1828271028037383	146	0.0852803738317757	173	0.1010514018691588	107	0.0625	20	0.7692307692307693	20	0.7692307692307693	20	0.7692307692307693	13	0.5
19	2026081000	20	pooled_test	ALL	26	520	137	0.2634615384615384	1712	246	0.1436915887850467	144	0.0841121495327102	171	0.0998831775700934	101	0.0589953271028037	16	0.6153846153846154	16	0.6153846153846154	16	0.6153846153846154	11	0.4230769230769231
20	2026081000	20	pooled_test	ALL	26	520	139	0.2673076923076923	1712	278	0.1623831775700934	143	0.0835280373831775	157	0.0917056074766355	103	0.0601635514018691	19	0.7307692307692307	19	0.7307692307692307	19	0.7307692307692307	11	0.4230769230769231
21	2026081000	20	pooled_test	ALL	26	520	145	0.2788461538461538	1712	304	0.1775700934579439	152	0.0887850467289719	170	0.0992990654205607	111	0.0648364485981308	20	0.7692307692307693	20	0.7692307692307693	20	0.7692307692307693	14	0.5384615384615384
22	2026081000	20	pooled_test	ALL	26	520	142	0.273076923076923	1712	316	0.1845794392523364	154	0.0899532710280373	176	0.102803738317757	112	0.0654205607476635	24	0.9230769230769232	24	0.9230769230769232	24	0.9230769230769232	16	0.6153846153846154
23	2026081000	20	pooled_test	ALL	26	520	134	0.2576923076923076	1712	291	0.1699766355140187	139	0.0811915887850467	163	0.0952102803738317	101	0.0589953271028037	20	0.7692307692307693	20	0.7692307692307693	20	0.7692307692307693	13	0.5
24	2026081000	20	pooled_test	ALL	26	520	135	0.2596153846153846	1712	327	0.1910046728971962	150	0.0876168224299065	171	0.0998831775700934	104	0.0607476635514018	21	0.8076923076923077	21	0.8076923076923077	21	0.8076923076923077	14	0.5384615384615384
25	2026081000	20	pooled_test	ALL	26	520	146	0.2807692307692307	1712	347	0.2026869158878504	163	0.0952102803738317	172	0.1004672897196261	112	0.0654205607476635	21	0.8076923076923077	21	0.8076923076923077	21	0.8076923076923077	15	0.5769230769230769
26	2026081000	20	pooled_test	ALL	26	520	151	0.2903846153846154	1712	313	0.1828271028037383	178	0.1039719626168224	162	0.094626168224299	117	0.0683411214953271	19	0.7307692307692307	19	0.7307692307692307	19	0.7307692307692307	17	0.6538461538461539
27	2026081000	20	pooled_test	ALL	26	520	139	0.2673076923076923	1712	309	0.1804906542056074	148	0.0864485981308411	168	0.0981308411214953	106	0.0619158878504672	21	0.8076923076923077	21	0.8076923076923077	21	0.8076923076923077	17	0.6538461538461539
28	2026081000	20	pooled_test	ALL	26	520	139	0.2673076923076923	1712	281	0.1641355140186916	132	0.0771028037383177	166	0.0969626168224299	107	0.0625	21	0.8076923076923077	21	0.8076923076923077	21	0.8076923076923077	13	0.5
29	2026081000	20	pooled_test	ALL	26	520	144	0.2769230769230769	1712	362	0.2114485981308411	158	0.0922897196261682	183	0.1068925233644859	114	0.0665887850467289	22	0.8461538461538461	22	0.8461538461538461	22	0.8461538461538461	14	0.5384615384615384
30	2026081000	20	pooled_test	ALL	26	520	146	0.2807692307692307	1712	319	0.1863317757009346	148	0.0864485981308411	173	0.1010514018691588	112	0.0654205607476635	21	0.8076923076923077	21	0.8076923076923077	21	0.8076923076923077	15	0.5769230769230769
31	2026081000	20	pooled_test	ALL	26	520	137	0.2634615384615384	1712	317	0.1851635514018691	147	0.0858644859813084	163	0.0952102803738317	104	0.0607476635514018	23	0.8846153846153846	23	0.8846153846153846	23	0.8846153846153846	14	0.5384615384615384
32	2026081000	20	pooled_test	ALL	26	520	140	0.2692307692307692	1712	342	0.1997663551401869	141	0.0823598130841121	171	0.0998831775700934	106	0.0619158878504672	22	0.8461538461538461	22	0.8461538461538461	22	0.8461538461538461	15	0.5769230769230769
33	2026081000	20	pooled_test	ALL	26	520	141	0.2711538461538461	1712	305	0.1781542056074766	176	0.102803738317757	170	0.0992990654205607	110	0.0642523364485981	20	0.7692307692307693	20	0.7692307692307693	20	0.7692307692307693	13	0.5
34	2026081000	20	pooled_test	ALL	26	520	139	0.2673076923076923	1712	349	0.2038551401869159	158	0.0922897196261682	169	0.098714953271028	104	0.0607476635514018	22	0.8461538461538461	22	0.8461538461538461	22	0.8461538461538461	16	0.6153846153846154
35	2026081000	20	pooled_test	ALL	26	520	135	0.2596153846153846	1712	235	0.1372663551401869	146	0.0852803738317757	156	0.0911214953271028	98	0.0572429906542056	19	0.7307692307692307	19	0.7307692307692307	19	0.7307692307692307	15	0.5769230769230769
36	2026081000	20	pooled_test	ALL	26	520	151	0.2903846153846154	1712	260	0.1518691588785046	167	0.0975467289719626	174	0.1016355140186915	117	0.0683411214953271	22	0.8461538461538461	22	0.8461538461538461	22	0.8461538461538461	18	0.6923076923076923
37	2026081000	20	pooled_test	ALL	26	520	136	0.2615384615384615	1712	352	0.205607476635514	143	0.0835280373831775	163	0.0952102803738317	100	0.058411214953271	21	0.8076923076923077	21	0.8076923076923077	21	0.8076923076923077	12	0.4615384615384615
38	2026081000	20	pooled_test	ALL	26	520	137	0.2634615384615384	1712	320	0.1869158878504672	167	0.0975467289719626	167	0.0975467289719626	113	0.0660046728971962	20	0.7692307692307693	20	0.7692307692307693	20	0.7692307692307693	16	0.6153846153846154
39	2026081000	20	pooled_test	ALL	26	520	146	0.2807692307692307	1712	309	0.1804906542056074	169	0.098714953271028	163	0.0952102803738317	109	0.0636682242990654	22	0.8461538461538461	22	0.8461538461538461	22	0.8461538461538461	15	0.5769230769230769
40	2026081000	20	pooled_test	ALL	26	520	141	0.2711538461538461	1712	336	0.1962616822429906	152	0.0887850467289719	159	0.0928738317757009	104	0.0607476635514018	21	0.8076923076923077	21	0.8076923076923077	21	0.8076923076923077	16	0.6153846153846154
41	2026081000	20	pooled_test	ALL	26	520	135	0.2596153846153846	1712	315	0.1839953271028037	152	0.0887850467289719	171	0.0998831775700934	105	0.0613317757009345	22	0.8461538461538461	22	0.8461538461538461	22	0.8461538461538461	12	0.4615384615384615
42	2026081000	20	pooled_test	ALL	26	520	137	0.2634615384615384	1712	374	0.2184579439252336	160	0.0934579439252336	174	0.1016355140186915	106	0.0619158878504672	21	0.8076923076923077	21	0.8076923076923077	21	0.8076923076923077	11	0.4230769230769231
43	2026081000	20	pooled_test	ALL	26	520	142	0.273076923076923	1712	310	0.1810747663551402	144	0.0841121495327102	163	0.0952102803738317	109	0.0636682242990654	22	0.8461538461538461	22	0.8461538461538461	22	0.8461538461538461	15	0.5769230769230769
44	2026081000	20	pooled_test	ALL	26	520	151	0.2903846153846154	1712	323	0.1886682242990654	170	0.0992990654205607	181	0.1057242990654205	119	0.0695093457943925	22	0.8461538461538461	22	0.8461538461538461	22	0.8461538461538461	16	0.6153846153846154
45	2026081000	20	pooled_test	ALL	26	520	144	0.2769230769230769	1712	348	0.2032710280373831	168	0.0981308411214953	163	0.0952102803738317	110	0.0642523364485981	20	0.7692307692307693	20	0.7692307692307693	20	0.7692307692307693	15	0.5769230769230769
46	2026081000	20	pooled_test	ALL	26	520	137	0.2634615384615384	1712	355	0.2073598130841121	159	0.0928738317757009	173	0.1010514018691588	109	0.0636682242990654	20	0.7692307692307693	20	0.7692307692307693	20	0.7692307692307693	14	0.5384615384615384
47	2026081000	20	pooled_test	ALL	26	520	145	0.2788461538461538	1712	304	0.1775700934579439	166	0.0969626168224299	167	0.0975467289719626	114	0.0665887850467289	20	0.7692307692307693	20	0.7692307692307693	20	0.7692307692307693	14	0.5384615384615384
48	2026081000	20	pooled_test	ALL	26	520	137	0.2634615384615384	1712	318	0.1857476635514018	153	0.0893691588785046	164	0.0957943925233644	106	0.0619158878504672	22	0.8461538461538461	22	0.8461538461538461	22	0.8461538461538461	15	0.5769230769230769
49	2026081000	20	pooled_test	ALL	26	520	151	0.2903846153846154	1712	236	0.1378504672897196	154	0.0899532710280373	168	0.0981308411214953	121	0.0706775700934579	19	0.7307692307692307	19	0.7307692307692307	19	0.7307692307692307	15	0.5769230769230769
50	2026081000	20	pooled_test	ALL	26	520	139	0.2673076923076923	1712	310	0.1810747663551402	151	0.0882009345794392	173	0.1010514018691588	109	0.0636682242990654	20	0.7692307692307693	20	0.7692307692307693	20	0.7692307692307693	15	0.5769230769230769
51	2026081000	20	pooled_test	ALL	26	520	130	0.25	1712	265	0.1547897196261682	132	0.0771028037383177	154	0.0899532710280373	102	0.0595794392523364	22	0.8461538461538461	22	0.8461538461538461	22	0.8461538461538461	15	0.5769230769230769
52	2026081000	20	pooled_test	ALL	26	520	148	0.2846153846153846	1712	370	0.2161214953271028	154	0.0899532710280373	177	0.1033878504672897	110	0.0642523364485981	20	0.7692307692307693	20	0.7692307692307693	20	0.7692307692307693	14	0.5384615384615384
53	2026081000	20	pooled_test	ALL	26	520	146	0.2807692307692307	1712	332	0.1939252336448598	156	0.0911214953271028	166	0.0969626168224299	111	0.0648364485981308	20	0.7692307692307693	20	0.7692307692307693	20	0.7692307692307693	10	0.3846153846153846
54	2026081000	20	pooled_test	ALL	26	520	145	0.2788461538461538	1712	358	0.2091121495327103	162	0.094626168224299	169	0.098714953271028	111	0.0648364485981308	18	0.6923076923076923	18	0.6923076923076923	18	0.6923076923076923	14	0.5384615384615384
55	2026081000	20	pooled_test	ALL	26	520	148	0.2846153846153846	1712	353	0.2061915887850467	177	0.1033878504672897	174	0.1016355140186915	115	0.0671728971962616	20	0.7692307692307693	20	0.7692307692307693	20	0.7692307692307693	15	0.5769230769230769
56	2026081000	20	pooled_test	ALL	26	520	132	0.2538461538461538	1712	304	0.1775700934579439	138	0.080607476635514	159	0.0928738317757009	99	0.0578271028037383	21	0.8076923076923077	21	0.8076923076923077	21	0.8076923076923077	16	0.6153846153846154
57	2026081000	20	pooled_test	ALL	26	520	139	0.2673076923076923	1712	308	0.1799065420560747	149	0.0870327102803738	170	0.0992990654205607	110	0.0642523364485981	21	0.8076923076923077	21	0.8076923076923077	21	0.8076923076923077	17	0.6538461538461539
58	2026081000	20	pooled_test	ALL	26	520	150	0.2884615384615384	1712	347	0.2026869158878504	172	0.1004672897196261	174	0.1016355140186915	111	0.0648364485981308	17	0.6538461538461539	17	0.6538461538461539	17	0.6538461538461539	12	0.4615384615384615
59	2026081000	20	pooled_test	ALL	26	520	137	0.2634615384615384	1712	283	0.165303738317757	147	0.0858644859813084	174	0.1016355140186915	107	0.0625	21	0.8076923076923077	21	0.8076923076923077	21	0.8076923076923077	16	0.6153846153846154
60	2026081000	20	pooled_test	ALL	26	520	146	0.2807692307692307	1712	322	0.1880841121495327	159	0.0928738317757009	181	0.1057242990654205	110	0.0642523364485981	21	0.8076923076923077	21	0.8076923076923077	21	0.8076923076923077	13	0.5
61	2026081000	20	pooled_test	ALL	26	520	136	0.2615384615384615	1712	362	0.2114485981308411	160	0.0934579439252336	167	0.0975467289719626	100	0.058411214953271	21	0.8076923076923077	21	0.8076923076923077	21	0.8076923076923077	15	0.5769230769230769
62	2026081000	20	pooled_test	ALL	26	520	150	0.2884615384615384	1712	338	0.197429906542056	161	0.0940420560747663	172	0.1004672897196261	116	0.0677570093457943	23	0.8846153846153846	23	0.8846153846153846	23	0.8846153846153846	17	0.6538461538461539
63	2026081000	20	pooled_test	ALL	26	520	149	0.2865384615384615	1712	304	0.1775700934579439	152	0.0887850467289719	171	0.0998831775700934	108	0.0630841121495327	21	0.8076923076923077	21	0.8076923076923077	21	0.8076923076923077	15	0.5769230769230769
64	2026081000	20	pooled_test	ALL	26	520	141	0.2711538461538461	1712	332	0.1939252336448598	148	0.0864485981308411	174	0.1016355140186915	110	0.0642523364485981	21	0.8076923076923077	21	0.8076923076923077	21	0.8076923076923077	14	0.5384615384615384
65	2026081000	20	pooled_test	ALL	26	520	138	0.2653846153846154	1712	317	0.1851635514018691	151	0.0882009345794392	165	0.0963785046728972	110	0.0642523364485981	19	0.7307692307692307	19	0.7307692307692307	19	0.7307692307692307	11	0.4230769230769231
66	2026081000	20	pooled_test	ALL	26	520	132	0.2538461538461538	1712	334	0.1950934579439252	146	0.0852803738317757	156	0.0911214953271028	99	0.0578271028037383	17	0.6538461538461539	17	0.6538461538461539	17	0.6538461538461539	10	0.3846153846153846
67	2026081000	20	pooled_test	ALL	26	520	137	0.2634615384615384	1712	334	0.1950934579439252	139	0.0811915887850467	160	0.0934579439252336	105	0.0613317757009345	19	0.7307692307692307	19	0.7307692307692307	19	0.7307692307692307	14	0.5384615384615384
68	2026081000	20	pooled_test	ALL	26	520	142	0.273076923076923	1712	360	0.2102803738317757	162	0.094626168224299	166	0.0969626168224299	106	0.0619158878504672	22	0.8461538461538461	22	0.8461538461538461	22	0.8461538461538461	14	0.5384615384615384
69	2026081000	20	pooled_test	ALL	26	520	148	0.2846153846153846	1712	328	0.1915887850467289	165	0.0963785046728972	163	0.0952102803738317	116	0.0677570093457943	21	0.8076923076923077	21	0.8076923076923077	21	0.8076923076923077	14	0.5384615384615384
70	2026081000	20	pooled_test	ALL	26	520	140	0.2692307692307692	1712	351	0.2050233644859813	169	0.098714953271028	179	0.1045560747663551	113	0.0660046728971962	20	0.7692307692307693	20	0.7692307692307693	20	0.7692307692307693	14	0.5384615384615384
71	2026081000	20	pooled_test	ALL	26	520	143	0.275	1712	360	0.2102803738317757	173	0.1010514018691588	173	0.1010514018691588	113	0.0660046728971962	19	0.7307692307692307	19	0.7307692307692307	19	0.7307692307692307	13	0.5
72	2026081000	20	pooled_test	ALL	26	520	141	0.2711538461538461	1712	338	0.197429906542056	168	0.0981308411214953	176	0.102803738317757	115	0.0671728971962616	20	0.7692307692307693	20	0.7692307692307693	20	0.7692307692307693	17	0.6538461538461539
73	2026081000	20	pooled_test	ALL	26	520	140	0.2692307692307692	1712	286	0.1670560747663551	152	0.0887850467289719	157	0.0917056074766355	108	0.0630841121495327	20	0.7692307692307693	20	0.7692307692307693	20	0.7692307692307693	14	0.5384615384615384
74	2026081000	20	pooled_test	ALL	26	520	136	0.2615384615384615	1712	350	0.2044392523364486	149	0.0870327102803738	165	0.0963785046728972	102	0.0595794392523364	23	0.8846153846153846	23	0.8846153846153846	23	0.8846153846153846	17	0.6538461538461539
75	2026081000	20	pooled_test	ALL	26	520	149	0.2865384615384615	1712	278	0.1623831775700934	143	0.0835280373831775	163	0.0952102803738317	107	0.0625	21	0.8076923076923077	21	0.8076923076923077	21	0.8076923076923077	17	0.6538461538461539
76	2026081000	20	pooled_test	ALL	26	520	134	0.2576923076923076	1712	324	0.1892523364485981	144	0.0841121495327102	159	0.0928738317757009	102	0.0595794392523364	21	0.8076923076923077	21	0.8076923076923077	21	0.8076923076923077	15	0.5769230769230769
77	2026081000	20	pooled_test	ALL	26	520	139	0.2673076923076923	1712	312	0.1822429906542056	157	0.0917056074766355	159	0.0928738317757009	104	0.0607476635514018	21	0.8076923076923077	21	0.8076923076923077	21	0.8076923076923077	12	0.4615384615384615
78	2026081000	20	pooled_test	ALL	26	520	159	0.3057692307692308	1712	301	0.1758177570093458	178	0.1039719626168224	173	0.1010514018691588	127	0.0741822429906542	19	0.7307692307692307	19	0.7307692307692307	19	0.7307692307692307	16	0.6153846153846154
79	2026081000	20	pooled_test	ALL	26	520	136	0.2615384615384615	1712	341	0.1991822429906542	149	0.0870327102803738	164	0.0957943925233644	103	0.0601635514018691	22	0.8461538461538461	22	0.8461538461538461	22	0.8461538461538461	14	0.5384615384615384
80	2026081000	20	pooled_test	ALL	26	520	130	0.25	1712	334	0.1950934579439252	145	0.084696261682243	158	0.0922897196261682	98	0.0572429906542056	20	0.7692307692307693	20	0.7692307692307693	20	0.7692307692307693	16	0.6153846153846154
81	2026081000	20	pooled_test	ALL	26	520	133	0.2557692307692307	1712	367	0.2143691588785046	153	0.0893691588785046	168	0.0981308411214953	104	0.0607476635514018	21	0.8076923076923077	21	0.8076923076923077	21	0.8076923076923077	15	0.5769230769230769
82	2026081000	20	pooled_test	ALL	26	520	134	0.2576923076923076	1712	361	0.2108644859813084	155	0.0905373831775701	172	0.1004672897196261	104	0.0607476635514018	20	0.7692307692307693	20	0.7692307692307693	20	0.7692307692307693	16	0.6153846153846154
83	2026081000	20	pooled_test	ALL	26	520	138	0.2653846153846154	1712	334	0.1950934579439252	155	0.0905373831775701	171	0.0998831775700934	105	0.0613317757009345	21	0.8076923076923077	21	0.8076923076923077	21	0.8076923076923077	16	0.6153846153846154
84	2026081000	20	pooled_test	ALL	26	520	151	0.2903846153846154	1712	288	0.1682242990654205	155	0.0905373831775701	157	0.0917056074766355	107	0.0625	22	0.8461538461538461	22	0.8461538461538461	22	0.8461538461538461	14	0.5384615384615384
85	2026081000	20	pooled_test	ALL	26	520	150	0.2884615384615384	1712	262	0.1530373831775701	184	0.1074766355140186	179	0.1045560747663551	119	0.0695093457943925	20	0.7692307692307693	20	0.7692307692307693	20	0.7692307692307693	14	0.5384615384615384
86	2026081000	20	pooled_test	ALL	26	520	146	0.2807692307692307	1712	298	0.1740654205607476	159	0.0928738317757009	171	0.0998831775700934	115	0.0671728971962616	20	0.7692307692307693	20	0.7692307692307693	20	0.7692307692307693	13	0.5
87	2026081000	20	pooled_test	ALL	26	520	139	0.2673076923076923	1712	324	0.1892523364485981	160	0.0934579439252336	170	0.0992990654205607	111	0.0648364485981308	19	0.7307692307692307	19	0.7307692307692307	19	0.7307692307692307	14	0.5384615384615384
88	2026081000	20	pooled_test	ALL	26	520	129	0.248076923076923	1712	311	0.1816588785046729	161	0.0940420560747663	154	0.0899532710280373	98	0.0572429906542056	19	0.7307692307692307	19	0.7307692307692307	19	0.7307692307692307	12	0.4615384615384615
89	2026081000	20	pooled_test	ALL	26	520	152	0.2923076923076923	1712	355	0.2073598130841121	184	0.1074766355140186	186	0.1086448598130841	124	0.072429906542056	19	0.7307692307692307	19	0.7307692307692307	19	0.7307692307692307	11	0.4230769230769231
90	2026081000	20	pooled_test	ALL	26	520	149	0.2865384615384615	1712	312	0.1822429906542056	155	0.0905373831775701	168	0.0981308411214953	117	0.0683411214953271	23	0.8846153846153846	23	0.8846153846153846	23	0.8846153846153846	18	0.6923076923076923
91	2026081000	20	pooled_test	ALL	26	520	133	0.2557692307692307	1712	321	0.1875	141	0.0823598130841121	182	0.1063084112149532	105	0.0613317757009345	21	0.8076923076923077	21	0.8076923076923077	21	0.8076923076923077	14	0.5384615384615384
92	2026081000	20	pooled_test	ALL	26	520	130	0.25	1712	324	0.1892523364485981	123	0.0718457943925233	159	0.0928738317757009	94	0.0549065420560747	21	0.8076923076923077	21	0.8076923076923077	21	0.8076923076923077	18	0.6923076923076923
93	2026081000	20	pooled_test	ALL	26	520	147	0.2826923076923077	1712	314	0.183411214953271	152	0.0887850467289719	159	0.0928738317757009	109	0.0636682242990654	18	0.6923076923076923	18	0.6923076923076923	18	0.6923076923076923	14	0.5384615384615384
94	2026081000	20	pooled_test	ALL	26	520	151	0.2903846153846154	1712	348	0.2032710280373831	178	0.1039719626168224	177	0.1033878504672897	119	0.0695093457943925	18	0.6923076923076923	18	0.6923076923076923	18	0.6923076923076923	13	0.5
95	2026081000	20	pooled_test	ALL	26	520	137	0.2634615384615384	1712	282	0.1647196261682243	147	0.0858644859813084	151	0.0882009345794392	103	0.0601635514018691	22	0.8461538461538461	22	0.8461538461538461	22	0.8461538461538461	8	0.3076923076923077
96	2026081000	20	pooled_test	ALL	26	520	152	0.2923076923076923	1712	361	0.2108644859813084	181	0.1057242990654205	164	0.0957943925233644	115	0.0671728971962616	22	0.8461538461538461	22	0.8461538461538461	21	0.8076923076923077	13	0.5
97	2026081000	20	pooled_test	ALL	26	520	153	0.2942307692307692	1712	245	0.143107476635514	162	0.094626168224299	176	0.102803738317757	122	0.0712616822429906	18	0.6923076923076923	18	0.6923076923076923	18	0.6923076923076923	14	0.5384615384615384
98	2026081000	20	pooled_test	ALL	26	520	133	0.2557692307692307	1712	297	0.1734813084112149	140	0.0817757009345794	153	0.0893691588785046	100	0.058411214953271	23	0.8846153846153846	23	0.8846153846153846	23	0.8846153846153846	13	0.5
99	2026081000	20	pooled_test	ALL	26	520	143	0.275	1712	306	0.1787383177570093	166	0.0969626168224299	175	0.1022196261682243	114	0.0665887850467289	19	0.7307692307692307	19	0.7307692307692307	19	0.7307692307692307	14	0.5384615384615384
100	2026081000	20	pooled_test	ALL	26	520	147	0.2826923076923077	1712	336	0.1962616822429906	168	0.0981308411214953	177	0.1033878504672897	114	0.0665887850467289	18	0.6923076923076923	18	0.6923076923076923	18	0.6923076923076923	12	0.4615384615384615
101	2026081000	20	pooled_test	ALL	26	520	134	0.2576923076923076	1712	308	0.1799065420560747	125	0.0730140186915887	161	0.0940420560747663	99	0.0578271028037383	22	0.8461538461538461	22	0.8461538461538461	22	0.8461538461538461	14	0.5384615384615384
102	2026081000	20	pooled_test	ALL	26	520	134	0.2576923076923076	1712	338	0.197429906542056	135	0.0788551401869158	168	0.0981308411214953	104	0.0607476635514018	22	0.8461538461538461	22	0.8461538461538461	22	0.8461538461538461	15	0.5769230769230769
103	2026081000	20	pooled_test	ALL	26	520	135	0.2596153846153846	1712	307	0.179322429906542	132	0.0771028037383177	169	0.098714953271028	101	0.0589953271028037	22	0.8461538461538461	22	0.8461538461538461	22	0.8461538461538461	16	0.6153846153846154
104	2026081000	20	pooled_test	ALL	26	520	148	0.2846153846153846	1712	252	0.1471962616822429	149	0.0870327102803738	176	0.102803738317757	114	0.0665887850467289	19	0.7307692307692307	19	0.7307692307692307	19	0.7307692307692307	15	0.5769230769230769
105	2026081000	20	pooled_test	ALL	26	520	145	0.2788461538461538	1712	317	0.1851635514018691	153	0.0893691588785046	170	0.0992990654205607	111	0.0648364485981308	21	0.8076923076923077	21	0.8076923076923077	21	0.8076923076923077	16	0.6153846153846154
106	2026081000	20	pooled_test	ALL	26	520	144	0.2769230769230769	1712	282	0.1647196261682243	153	0.0893691588785046	164	0.0957943925233644	110	0.0642523364485981	22	0.8461538461538461	22	0.8461538461538461	22	0.8461538461538461	16	0.6153846153846154
107	2026081000	20	pooled_test	ALL	26	520	150	0.2884615384615384	1712	316	0.1845794392523364	178	0.1039719626168224	185	0.1080607476635514	121	0.0706775700934579	19	0.7307692307692307	19	0.7307692307692307	19	0.7307692307692307	14	0.5384615384615384
108	2026081000	20	pooled_test	ALL	26	520	146	0.2807692307692307	1712	318	0.1857476635514018	141	0.0823598130841121	168	0.0981308411214953	110	0.0642523364485981	20	0.7692307692307693	20	0.7692307692307693	20	0.7692307692307693	14	0.5384615384615384
109	2026081000	20	pooled_test	ALL	26	520	140	0.2692307692307692	1712	351	0.2050233644859813	157	0.0917056074766355	167	0.0975467289719626	105	0.0613317757009345	20	0.7692307692307693	20	0.7692307692307693	20	0.7692307692307693	13	0.5
110	2026081000	20	pooled_test	ALL	26	520	143	0.275	1712	279	0.1629672897196261	146	0.0852803738317757	166	0.0969626168224299	108	0.0630841121495327	21	0.8076923076923077	21	0.8076923076923077	21	0.8076923076923077	15	0.5769230769230769
111	2026081000	20	pooled_test	ALL	26	520	132	0.2538461538461538	1712	271	0.1582943925233645	133	0.0776869158878504	158	0.0922897196261682	100	0.058411214953271	21	0.8076923076923077	21	0.8076923076923077	21	0.8076923076923077	13	0.5
112	2026081000	20	pooled_test	ALL	26	520	135	0.2596153846153846	1712	309	0.1804906542056074	150	0.0876168224299065	171	0.0998831775700934	106	0.0619158878504672	23	0.8846153846153846	23	0.8846153846153846	23	0.8846153846153846	15	0.5769230769230769
113	2026081000	20	pooled_test	ALL	26	520	143	0.275	1712	356	0.2079439252336448	151	0.0882009345794392	178	0.1039719626168224	108	0.0630841121495327	23	0.8846153846153846	23	0.8846153846153846	23	0.8846153846153846	19	0.7307692307692307
114	2026081000	20	pooled_test	ALL	26	520	139	0.2673076923076923	1712	314	0.183411214953271	147	0.0858644859813084	162	0.094626168224299	104	0.0607476635514018	20	0.7692307692307693	20	0.7692307692307693	20	0.7692307692307693	12	0.4615384615384615
115	2026081000	20	pooled_test	ALL	26	520	134	0.2576923076923076	1712	335	0.1956775700934579	135	0.0788551401869158	162	0.094626168224299	101	0.0589953271028037	20	0.7692307692307693	20	0.7692307692307693	20	0.7692307692307693	12	0.4615384615384615
116	2026081000	20	pooled_test	ALL	26	520	134	0.2576923076923076	1712	307	0.179322429906542	140	0.0817757009345794	163	0.0952102803738317	103	0.0601635514018691	22	0.8461538461538461	22	0.8461538461538461	22	0.8461538461538461	16	0.6153846153846154
117	2026081000	20	pooled_test	ALL	26	520	134	0.2576923076923076	1712	316	0.1845794392523364	163	0.0952102803738317	158	0.0922897196261682	102	0.0595794392523364	19	0.7307692307692307	19	0.7307692307692307	19	0.7307692307692307	14	0.5384615384615384
118	2026081000	20	pooled_test	ALL	26	520	157	0.3019230769230769	1712	367	0.2143691588785046	177	0.1033878504672897	176	0.102803738317757	123	0.0718457943925233	22	0.8461538461538461	22	0.8461538461538461	22	0.8461538461538461	17	0.6538461538461539
119	2026081000	20	pooled_test	ALL	26	520	136	0.2615384615384615	1712	344	0.2009345794392523	151	0.0882009345794392	166	0.0969626168224299	102	0.0595794392523364	21	0.8076923076923077	21	0.8076923076923077	21	0.8076923076923077	15	0.5769230769230769
120	2026081000	20	pooled_test	ALL	26	520	151	0.2903846153846154	1712	326	0.1904205607476635	151	0.0882009345794392	186	0.1086448598130841	117	0.0683411214953271	20	0.7692307692307693	20	0.7692307692307693	20	0.7692307692307693	13	0.5
121	2026081000	20	pooled_test	ALL	26	520	141	0.2711538461538461	1712	303	0.1769859813084112	143	0.0835280373831775	169	0.098714953271028	107	0.0625	19	0.7307692307692307	19	0.7307692307692307	19	0.7307692307692307	13	0.5
122	2026081000	20	pooled_test	ALL	26	520	133	0.2557692307692307	1712	308	0.1799065420560747	132	0.0771028037383177	160	0.0934579439252336	99	0.0578271028037383	21	0.8076923076923077	21	0.8076923076923077	21	0.8076923076923077	14	0.5384615384615384
123	2026081000	20	pooled_test	ALL	26	520	143	0.275	1712	295	0.1723130841121495	161	0.0940420560747663	163	0.0952102803738317	109	0.0636682242990654	21	0.8076923076923077	21	0.8076923076923077	21	0.8076923076923077	13	0.5
124	2026081000	20	pooled_test	ALL	26	520	145	0.2788461538461538	1712	333	0.1945093457943925	167	0.0975467289719626	169	0.098714953271028	110	0.0642523364485981	21	0.8076923076923077	21	0.8076923076923077	21	0.8076923076923077	17	0.6538461538461539
125	2026081000	20	pooled_test	ALL	26	520	148	0.2846153846153846	1712	303	0.1769859813084112	166	0.0969626168224299	173	0.1010514018691588	118	0.0689252336448598	19	0.7307692307692307	19	0.7307692307692307	19	0.7307692307692307	14	0.5384615384615384
126	2026081000	20	pooled_test	ALL	26	520	144	0.2769230769230769	1712	321	0.1875	158	0.0922897196261682	170	0.0992990654205607	105	0.0613317757009345	20	0.7692307692307693	20	0.7692307692307693	20	0.7692307692307693	9	0.3461538461538461
127	2026081000	20	pooled_test	ALL	26	520	147	0.2826923076923077	1712	311	0.1816588785046729	166	0.0969626168224299	168	0.0981308411214953	112	0.0654205607476635	19	0.7307692307692307	19	0.7307692307692307	19	0.7307692307692307	15	0.5769230769230769
128	2026081000	20	pooled_test	ALL	26	520	156	0.3	1712	368	0.2149532710280373	177	0.1033878504672897	173	0.1010514018691588	120	0.0700934579439252	20	0.7692307692307693	20	0.7692307692307693	20	0.7692307692307693	14	0.5384615384615384
129	2026081000	20	pooled_test	ALL	26	520	135	0.2596153846153846	1712	249	0.1454439252336448	170	0.0992990654205607	163	0.0952102803738317	106	0.0619158878504672	20	0.7692307692307693	20	0.7692307692307693	20	0.7692307692307693	11	0.4230769230769231
130	2026081000	20	pooled_test	ALL	26	520	138	0.2653846153846154	1712	313	0.1828271028037383	145	0.084696261682243	157	0.0917056074766355	100	0.058411214953271	22	0.8461538461538461	22	0.8461538461538461	22	0.8461538461538461	14	0.5384615384615384
131	2026081000	20	pooled_test	ALL	26	520	134	0.2576923076923076	1712	311	0.1816588785046729	147	0.0858644859813084	162	0.094626168224299	105	0.0613317757009345	22	0.8461538461538461	22	0.8461538461538461	21	0.8076923076923077	16	0.6153846153846154
132	2026081000	20	pooled_test	ALL	26	520	137	0.2634615384615384	1712	366	0.2137850467289719	171	0.0998831775700934	165	0.0963785046728972	104	0.0607476635514018	20	0.7692307692307693	20	0.7692307692307693	20	0.7692307692307693	13	0.5
133	2026081000	20	pooled_test	ALL	26	520	136	0.2615384615384615	1712	321	0.1875	152	0.0887850467289719	174	0.1016355140186915	105	0.0613317757009345	21	0.8076923076923077	21	0.8076923076923077	21	0.8076923076923077	13	0.5
134	2026081000	20	pooled_test	ALL	26	520	145	0.2788461538461538	1712	317	0.1851635514018691	164	0.0957943925233644	167	0.0975467289719626	111	0.0648364485981308	22	0.8461538461538461	22	0.8461538461538461	22	0.8461538461538461	17	0.6538461538461539
135	2026081000	20	pooled_test	ALL	26	520	142	0.273076923076923	1712	308	0.1799065420560747	148	0.0864485981308411	171	0.0998831775700934	104	0.0607476635514018	19	0.7307692307692307	19	0.7307692307692307	19	0.7307692307692307	15	0.5769230769230769
136	2026081000	20	pooled_test	ALL	26	520	132	0.2538461538461538	1712	306	0.1787383177570093	132	0.0771028037383177	172	0.1004672897196261	105	0.0613317757009345	20	0.7692307692307693	20	0.7692307692307693	20	0.7692307692307693	16	0.6153846153846154
137	2026081000	20	pooled_test	ALL	26	520	134	0.2576923076923076	1712	308	0.1799065420560747	150	0.0876168224299065	154	0.0899532710280373	98	0.0572429906542056	19	0.7307692307692307	19	0.7307692307692307	19	0.7307692307692307	13	0.5
138	2026081000	20	pooled_test	ALL	26	520	137	0.2634615384615384	1712	216	0.1261682242990654	139	0.0811915887850467	161	0.0940420560747663	100	0.058411214953271	20	0.7692307692307693	20	0.7692307692307693	20	0.7692307692307693	14	0.5384615384615384
139	2026081000	20	pooled_test	ALL	26	520	141	0.2711538461538461	1712	317	0.1851635514018691	152	0.0887850467289719	166	0.0969626168224299	109	0.0636682242990654	19	0.7307692307692307	19	0.7307692307692307	19	0.7307692307692307	13	0.5
140	2026081000	20	pooled_test	ALL	26	520	141	0.2711538461538461	1712	324	0.1892523364485981	152	0.0887850467289719	162	0.094626168224299	108	0.0630841121495327	22	0.8461538461538461	22	0.8461538461538461	22	0.8461538461538461	16	0.6153846153846154
141	2026081000	20	pooled_test	ALL	26	520	145	0.2788461538461538	1712	308	0.1799065420560747	158	0.0922897196261682	176	0.102803738317757	112	0.0654205607476635	21	0.8076923076923077	21	0.8076923076923077	21	0.8076923076923077	16	0.6153846153846154
142	2026081000	20	pooled_test	ALL	26	520	143	0.275	1712	354	0.2067757009345794	172	0.1004672897196261	173	0.1010514018691588	111	0.0648364485981308	20	0.7692307692307693	20	0.7692307692307693	20	0.7692307692307693	16	0.6153846153846154
143	2026081000	20	pooled_test	ALL	26	520	142	0.273076923076923	1712	330	0.1927570093457944	162	0.094626168224299	180	0.1051401869158878	109	0.0636682242990654	20	0.7692307692307693	20	0.7692307692307693	20	0.7692307692307693	15	0.5769230769230769
144	2026081000	20	pooled_test	ALL	26	520	147	0.2826923076923077	1712	251	0.1466121495327103	156	0.0911214953271028	165	0.0963785046728972	113	0.0660046728971962	19	0.7307692307692307	19	0.7307692307692307	19	0.7307692307692307	13	0.5
145	2026081000	20	pooled_test	ALL	26	520	151	0.2903846153846154	1712	355	0.2073598130841121	172	0.1004672897196261	171	0.0998831775700934	117	0.0683411214953271	21	0.8076923076923077	21	0.8076923076923077	21	0.8076923076923077	15	0.5769230769230769
146	2026081000	20	pooled_test	ALL	26	520	141	0.2711538461538461	1712	365	0.2132009345794392	151	0.0882009345794392	176	0.102803738317757	108	0.0630841121495327	21	0.8076923076923077	21	0.8076923076923077	21	0.8076923076923077	14	0.5384615384615384
147	2026081000	20	pooled_test	ALL	26	520	139	0.2673076923076923	1712	335	0.1956775700934579	156	0.0911214953271028	168	0.0981308411214953	109	0.0636682242990654	22	0.8461538461538461	22	0.8461538461538461	22	0.8461538461538461	15	0.5769230769230769
148	2026081000	20	pooled_test	ALL	26	520	156	0.3	1712	361	0.2108644859813084	169	0.098714953271028	179	0.1045560747663551	116	0.0677570093457943	21	0.8076923076923077	21	0.8076923076923077	21	0.8076923076923077	15	0.5769230769230769
149	2026081000	20	pooled_test	ALL	26	520	148	0.2846153846153846	1712	340	0.1985981308411215	149	0.0870327102803738	178	0.1039719626168224	114	0.0665887850467289	19	0.7307692307692307	19	0.7307692307692307	19	0.7307692307692307	12	0.4615384615384615
150	2026081000	20	pooled_test	ALL	26	520	139	0.2673076923076923	1712	316	0.1845794392523364	150	0.0876168224299065	167	0.0975467289719626	109	0.0636682242990654	20	0.7692307692307693	20	0.7692307692307693	20	0.7692307692307693	15	0.5769230769230769
151	2026081000	20	pooled_test	ALL	26	520	141	0.2711538461538461	1712	323	0.1886682242990654	156	0.0911214953271028	169	0.098714953271028	110	0.0642523364485981	19	0.7307692307692307	19	0.7307692307692307	19	0.7307692307692307	13	0.5
152	2026081000	20	pooled_test	ALL	26	520	133	0.2557692307692307	1712	245	0.143107476635514	145	0.084696261682243	161	0.0940420560747663	103	0.0601635514018691	17	0.6538461538461539	17	0.6538461538461539	17	0.6538461538461539	13	0.5
153	2026081000	20	pooled_test	ALL	26	520	134	0.2576923076923076	1712	307	0.179322429906542	156	0.0911214953271028	163	0.0952102803738317	104	0.0607476635514018	21	0.8076923076923077	21	0.8076923076923077	21	0.8076923076923077	14	0.5384615384615384
154	2026081000	20	pooled_test	ALL	26	520	149	0.2865384615384615	1712	312	0.1822429906542056	166	0.0969626168224299	175	0.1022196261682243	114	0.0665887850467289	21	0.8076923076923077	21	0.8076923076923077	21	0.8076923076923077	15	0.5769230769230769
155	2026081000	20	pooled_test	ALL	26	520	150	0.2884615384615384	1712	342	0.1997663551401869	186	0.1086448598130841	175	0.1022196261682243	117	0.0683411214953271	18	0.6923076923076923	18	0.6923076923076923	18	0.6923076923076923	12	0.4615384615384615
156	2026081000	20	pooled_test	ALL	26	520	143	0.275	1712	325	0.1898364485981308	153	0.0893691588785046	170	0.0992990654205607	107	0.0625	19	0.7307692307692307	19	0.7307692307692307	19	0.7307692307692307	13	0.5
157	2026081000	20	pooled_test	ALL	26	520	143	0.275	1712	302	0.1764018691588785	142	0.0829439252336448	169	0.098714953271028	103	0.0601635514018691	20	0.7692307692307693	20	0.7692307692307693	20	0.7692307692307693	15	0.5769230769230769
158	2026081000	20	pooled_test	ALL	26	520	135	0.2596153846153846	1712	300	0.175233644859813	145	0.084696261682243	155	0.0905373831775701	100	0.058411214953271	20	0.7692307692307693	20	0.7692307692307693	20	0.7692307692307693	13	0.5
159	2026081000	20	pooled_test	ALL	26	520	145	0.2788461538461538	1712	352	0.205607476635514	188	0.1098130841121495	172	0.1004672897196261	117	0.0683411214953271	22	0.8461538461538461	22	0.8461538461538461	22	0.8461538461538461	16	0.6153846153846154
160	2026081000	20	pooled_test	ALL	26	520	136	0.2615384615384615	1712	297	0.1734813084112149	160	0.0934579439252336	167	0.0975467289719626	106	0.0619158878504672	21	0.8076923076923077	21	0.8076923076923077	21	0.8076923076923077	15	0.5769230769230769
161	2026081000	20	pooled_test	ALL	26	520	150	0.2884615384615384	1712	375	0.2190420560747663	181	0.1057242990654205	176	0.102803738317757	115	0.0671728971962616	22	0.8461538461538461	22	0.8461538461538461	22	0.8461538461538461	12	0.4615384615384615
162	2026081000	20	pooled_test	ALL	26	520	135	0.2596153846153846	1712	334	0.1950934579439252	146	0.0852803738317757	175	0.1022196261682243	102	0.0595794392523364	22	0.8461538461538461	22	0.8461538461538461	22	0.8461538461538461	15	0.5769230769230769
163	2026081000	20	pooled_test	ALL	26	520	138	0.2653846153846154	1712	344	0.2009345794392523	151	0.0882009345794392	172	0.1004672897196261	110	0.0642523364485981	20	0.7692307692307693	20	0.7692307692307693	20	0.7692307692307693	11	0.4230769230769231
164	2026081000	20	pooled_test	ALL	26	520	137	0.2634615384615384	1712	287	0.1676401869158878	143	0.0835280373831775	162	0.094626168224299	106	0.0619158878504672	21	0.8076923076923077	21	0.8076923076923077	21	0.8076923076923077	12	0.4615384615384615
165	2026081000	20	pooled_test	ALL	26	520	139	0.2673076923076923	1712	315	0.1839953271028037	150	0.0876168224299065	175	0.1022196261682243	105	0.0613317757009345	18	0.6923076923076923	18	0.6923076923076923	18	0.6923076923076923	15	0.5769230769230769
166	2026081000	20	pooled_test	ALL	26	520	145	0.2788461538461538	1712	351	0.2050233644859813	162	0.094626168224299	169	0.098714953271028	111	0.0648364485981308	20	0.7692307692307693	20	0.7692307692307693	20	0.7692307692307693	15	0.5769230769230769
167	2026081000	20	pooled_test	ALL	26	520	134	0.2576923076923076	1712	315	0.1839953271028037	141	0.0823598130841121	159	0.0928738317757009	97	0.0566588785046729	20	0.7692307692307693	20	0.7692307692307693	20	0.7692307692307693	14	0.5384615384615384
168	2026081000	20	pooled_test	ALL	26	520	125	0.2403846153846154	1712	368	0.2149532710280373	152	0.0887850467289719	173	0.1010514018691588	101	0.0589953271028037	22	0.8461538461538461	22	0.8461538461538461	22	0.8461538461538461	19	0.7307692307692307
169	2026081000	20	pooled_test	ALL	26	520	145	0.2788461538461538	1712	323	0.1886682242990654	159	0.0928738317757009	173	0.1010514018691588	116	0.0677570093457943	17	0.6538461538461539	17	0.6538461538461539	17	0.6538461538461539	13	0.5
170	2026081000	20	pooled_test	ALL	26	520	149	0.2865384615384615	1712	315	0.1839953271028037	172	0.1004672897196261	161	0.0940420560747663	115	0.0671728971962616	23	0.8846153846153846	23	0.8846153846153846	23	0.8846153846153846	19	0.7307692307692307
171	2026081000	20	pooled_test	ALL	26	520	136	0.2615384615384615	1712	292	0.1705607476635514	132	0.0771028037383177	170	0.0992990654205607	106	0.0619158878504672	21	0.8076923076923077	21	0.8076923076923077	21	0.8076923076923077	15	0.5769230769230769
172	2026081000	20	pooled_test	ALL	26	520	136	0.2615384615384615	1712	394	0.2301401869158878	175	0.1022196261682243	177	0.1033878504672897	109	0.0636682242990654	20	0.7692307692307693	20	0.7692307692307693	20	0.7692307692307693	10	0.3846153846153846
173	2026081000	20	pooled_test	ALL	26	520	135	0.2596153846153846	1712	303	0.1769859813084112	153	0.0893691588785046	161	0.0940420560747663	100	0.058411214953271	21	0.8076923076923077	21	0.8076923076923077	21	0.8076923076923077	13	0.5
174	2026081000	20	pooled_test	ALL	26	520	134	0.2576923076923076	1712	347	0.2026869158878504	157	0.0917056074766355	158	0.0922897196261682	97	0.0566588785046729	21	0.8076923076923077	21	0.8076923076923077	21	0.8076923076923077	19	0.7307692307692307
175	2026081000	20	pooled_test	ALL	26	520	142	0.273076923076923	1712	303	0.1769859813084112	157	0.0917056074766355	174	0.1016355140186915	110	0.0642523364485981	20	0.7692307692307693	20	0.7692307692307693	20	0.7692307692307693	15	0.5769230769230769
176	2026081000	20	pooled_test	ALL	26	520	143	0.275	1712	345	0.201518691588785	159	0.0928738317757009	169	0.098714953271028	110	0.0642523364485981	20	0.7692307692307693	20	0.7692307692307693	20	0.7692307692307693	16	0.6153846153846154
177	2026081000	20	pooled_test	ALL	26	520	142	0.273076923076923	1712	327	0.1910046728971962	167	0.0975467289719626	174	0.1016355140186915	110	0.0642523364485981	20	0.7692307692307693	20	0.7692307692307693	20	0.7692307692307693	13	0.5
178	2026081000	20	pooled_test	ALL	26	520	142	0.273076923076923	1712	325	0.1898364485981308	162	0.094626168224299	167	0.0975467289719626	104	0.0607476635514018	22	0.8461538461538461	22	0.8461538461538461	22	0.8461538461538461	16	0.6153846153846154
179	2026081000	20	pooled_test	ALL	26	520	144	0.2769230769230769	1712	353	0.2061915887850467	154	0.0899532710280373	162	0.094626168224299	109	0.0636682242990654	19	0.7307692307692307	19	0.7307692307692307	19	0.7307692307692307	14	0.5384615384615384
180	2026081000	20	pooled_test	ALL	26	520	142	0.273076923076923	1712	301	0.1758177570093458	145	0.084696261682243	176	0.102803738317757	110	0.0642523364485981	21	0.8076923076923077	21	0.8076923076923077	21	0.8076923076923077	15	0.5769230769230769
181	2026081000	20	pooled_test	ALL	26	520	146	0.2807692307692307	1712	356	0.2079439252336448	178	0.1039719626168224	176	0.102803738317757	117	0.0683411214953271	21	0.8076923076923077	21	0.8076923076923077	20	0.7692307692307693	13	0.5
182	2026081000	20	pooled_test	ALL	26	520	147	0.2826923076923077	1712	316	0.1845794392523364	160	0.0934579439252336	185	0.1080607476635514	114	0.0665887850467289	21	0.8076923076923077	21	0.8076923076923077	21	0.8076923076923077	16	0.6153846153846154
183	2026081000	20	pooled_test	ALL	26	520	143	0.275	1712	306	0.1787383177570093	177	0.1033878504672897	166	0.0969626168224299	112	0.0654205607476635	22	0.8461538461538461	22	0.8461538461538461	22	0.8461538461538461	18	0.6923076923076923
184	2026081000	20	pooled_test	ALL	26	520	144	0.2769230769230769	1712	367	0.2143691588785046	169	0.098714953271028	178	0.1039719626168224	115	0.0671728971962616	23	0.8846153846153846	23	0.8846153846153846	23	0.8846153846153846	18	0.6923076923076923
185	2026081000	20	pooled_test	ALL	26	520	134	0.2576923076923076	1712	356	0.2079439252336448	157	0.0917056074766355	169	0.098714953271028	108	0.0630841121495327	20	0.7692307692307693	20	0.7692307692307693	20	0.7692307692307693	13	0.5
186	2026081000	20	pooled_test	ALL	26	520	141	0.2711538461538461	1712	326	0.1904205607476635	151	0.0882009345794392	175	0.1022196261682243	107	0.0625	22	0.8461538461538461	22	0.8461538461538461	22	0.8461538461538461	13	0.5
187	2026081000	20	pooled_test	ALL	26	520	145	0.2788461538461538	1712	305	0.1781542056074766	163	0.0952102803738317	163	0.0952102803738317	114	0.0665887850467289	20	0.7692307692307693	20	0.7692307692307693	20	0.7692307692307693	15	0.5769230769230769
188	2026081000	20	pooled_test	ALL	26	520	146	0.2807692307692307	1712	310	0.1810747663551402	167	0.0975467289719626	167	0.0975467289719626	108	0.0630841121495327	21	0.8076923076923077	21	0.8076923076923077	21	0.8076923076923077	16	0.6153846153846154
189	2026081000	20	pooled_test	ALL	26	520	153	0.2942307692307692	1712	314	0.183411214953271	178	0.1039719626168224	177	0.1033878504672897	124	0.072429906542056	19	0.7307692307692307	19	0.7307692307692307	19	0.7307692307692307	13	0.5
190	2026081000	20	pooled_test	ALL	26	520	136	0.2615384615384615	1712	308	0.1799065420560747	159	0.0928738317757009	170	0.0992990654205607	109	0.0636682242990654	20	0.7692307692307693	20	0.7692307692307693	20	0.7692307692307693	13	0.5
191	2026081000	20	pooled_test	ALL	26	520	134	0.2576923076923076	1712	323	0.1886682242990654	135	0.0788551401869158	166	0.0969626168224299	102	0.0595794392523364	19	0.7307692307692307	19	0.7307692307692307	18	0.6923076923076923	14	0.5384615384615384
192	2026081000	20	pooled_test	ALL	26	520	140	0.2692307692307692	1712	335	0.1956775700934579	153	0.0893691588785046	165	0.0963785046728972	101	0.0589953271028037	19	0.7307692307692307	19	0.7307692307692307	19	0.7307692307692307	13	0.5
193	2026081000	20	pooled_test	ALL	26	520	139	0.2673076923076923	1712	313	0.1828271028037383	160	0.0934579439252336	159	0.0928738317757009	102	0.0595794392523364	21	0.8076923076923077	21	0.8076923076923077	21	0.8076923076923077	17	0.6538461538461539
194	2026081000	20	pooled_test	ALL	26	520	139	0.2673076923076923	1712	342	0.1997663551401869	143	0.0835280373831775	170	0.0992990654205607	104	0.0607476635514018	21	0.8076923076923077	21	0.8076923076923077	21	0.8076923076923077	14	0.5384615384615384
195	2026081000	20	pooled_test	ALL	26	520	146	0.2807692307692307	1712	299	0.1746495327102804	138	0.080607476635514	167	0.0975467289719626	111	0.0648364485981308	20	0.7692307692307693	20	0.7692307692307693	20	0.7692307692307693	13	0.5
196	2026081000	20	pooled_test	ALL	26	520	135	0.2596153846153846	1712	300	0.175233644859813	138	0.080607476635514	155	0.0905373831775701	101	0.0589953271028037	20	0.7692307692307693	20	0.7692307692307693	20	0.7692307692307693	15	0.5769230769230769
197	2026081000	20	pooled_test	ALL	26	520	137	0.2634615384615384	1712	277	0.1617990654205607	154	0.0899532710280373	167	0.0975467289719626	104	0.0607476635514018	19	0.7307692307692307	19	0.7307692307692307	19	0.7307692307692307	14	0.5384615384615384
198	2026081000	20	pooled_test	ALL	26	520	137	0.2634615384615384	1712	345	0.201518691588785	142	0.0829439252336448	164	0.0957943925233644	100	0.058411214953271	21	0.8076923076923077	21	0.8076923076923077	21	0.8076923076923077	12	0.4615384615384615
199	2026081000	20	pooled_test	ALL	26	520	133	0.2557692307692307	1712	311	0.1816588785046729	130	0.0759345794392523	169	0.098714953271028	96	0.0560747663551401	22	0.8461538461538461	22	0.8461538461538461	22	0.8461538461538461	15	0.5769230769230769
200	2026081000	20	pooled_test	ALL	26	520	119	0.2288461538461538	1712	213	0.1244158878504673	125	0.0730140186915887	158	0.0922897196261682	91	0.0531542056074766	21	0.8076923076923077	21	0.8076923076923077	21	0.8076923076923077	13	0.5
201	2026081000	20	pooled_test	ALL	26	520	136	0.2615384615384615	1712	358	0.2091121495327103	139	0.0811915887850467	166	0.0969626168224299	99	0.0578271028037383	21	0.8076923076923077	21	0.8076923076923077	21	0.8076923076923077	17	0.6538461538461539
202	2026081000	20	pooled_test	ALL	26	520	155	0.2980769230769231	1712	321	0.1875	168	0.0981308411214953	171	0.0998831775700934	118	0.0689252336448598	20	0.7692307692307693	20	0.7692307692307693	20	0.7692307692307693	12	0.4615384615384615
203	2026081000	20	pooled_test	ALL	26	520	130	0.25	1712	290	0.169392523364486	139	0.0811915887850467	156	0.0911214953271028	95	0.0554906542056074	21	0.8076923076923077	21	0.8076923076923077	21	0.8076923076923077	15	0.5769230769230769
204	2026081000	20	pooled_test	ALL	26	520	137	0.2634615384615384	1712	332	0.1939252336448598	170	0.0992990654205607	172	0.1004672897196261	108	0.0630841121495327	23	0.8846153846153846	23	0.8846153846153846	23	0.8846153846153846	18	0.6923076923076923
205	2026081000	20	pooled_test	ALL	26	520	136	0.2615384615384615	1712	302	0.1764018691588785	145	0.084696261682243	161	0.0940420560747663	104	0.0607476635514018	17	0.6538461538461539	17	0.6538461538461539	17	0.6538461538461539	14	0.5384615384615384
206	2026081000	20	pooled_test	ALL	26	520	145	0.2788461538461538	1712	310	0.1810747663551402	142	0.0829439252336448	166	0.0969626168224299	111	0.0648364485981308	18	0.6923076923076923	18	0.6923076923076923	18	0.6923076923076923	13	0.5
207	2026081000	20	pooled_test	ALL	26	520	139	0.2673076923076923	1712	308	0.1799065420560747	152	0.0887850467289719	157	0.0917056074766355	104	0.0607476635514018	22	0.8461538461538461	22	0.8461538461538461	22	0.8461538461538461	18	0.6923076923076923
208	2026081000	20	pooled_test	ALL	26	520	148	0.2846153846153846	1712	291	0.1699766355140187	157	0.0917056074766355	171	0.0998831775700934	111	0.0648364485981308	19	0.7307692307692307	19	0.7307692307692307	19	0.7307692307692307	14	0.5384615384615384
209	2026081000	20	pooled_test	ALL	26	520	144	0.2769230769230769	1712	309	0.1804906542056074	154	0.0899532710280373	161	0.0940420560747663	109	0.0636682242990654	18	0.6923076923076923	18	0.6923076923076923	18	0.6923076923076923	16	0.6153846153846154
210	2026081000	20	pooled_test	ALL	26	520	148	0.2846153846153846	1712	301	0.1758177570093458	146	0.0852803738317757	174	0.1016355140186915	117	0.0683411214953271	21	0.8076923076923077	21	0.8076923076923077	21	0.8076923076923077	16	0.6153846153846154
211	2026081000	20	pooled_test	ALL	26	520	146	0.2807692307692307	1712	366	0.2137850467289719	155	0.0905373831775701	175	0.1022196261682243	108	0.0630841121495327	21	0.8076923076923077	21	0.8076923076923077	21	0.8076923076923077	13	0.5
212	2026081000	20	pooled_test	ALL	26	520	135	0.2596153846153846	1712	303	0.1769859813084112	139	0.0811915887850467	162	0.094626168224299	102	0.0595794392523364	21	0.8076923076923077	21	0.8076923076923077	21	0.8076923076923077	14	0.5384615384615384
213	2026081000	20	pooled_test	ALL	26	520	143	0.275	1712	340	0.1985981308411215	163	0.0952102803738317	174	0.1016355140186915	115	0.0671728971962616	20	0.7692307692307693	20	0.7692307692307693	20	0.7692307692307693	14	0.5384615384615384
214	2026081000	20	pooled_test	ALL	26	520	143	0.275	1712	292	0.1705607476635514	156	0.0911214953271028	157	0.0917056074766355	105	0.0613317757009345	18	0.6923076923076923	18	0.6923076923076923	18	0.6923076923076923	14	0.5384615384615384
215	2026081000	20	pooled_test	ALL	26	520	137	0.2634615384615384	1712	370	0.2161214953271028	145	0.084696261682243	185	0.1080607476635514	111	0.0648364485981308	20	0.7692307692307693	20	0.7692307692307693	20	0.7692307692307693	13	0.5
216	2026081000	20	pooled_test	ALL	26	520	139	0.2673076923076923	1712	347	0.2026869158878504	175	0.1022196261682243	178	0.1039719626168224	109	0.0636682242990654	20	0.7692307692307693	20	0.7692307692307693	20	0.7692307692307693	11	0.4230769230769231
217	2026081000	20	pooled_test	ALL	26	520	150	0.2884615384615384	1712	316	0.1845794392523364	159	0.0928738317757009	171	0.0998831775700934	116	0.0677570093457943	24	0.9230769230769232	24	0.9230769230769232	24	0.9230769230769232	13	0.5
218	2026081000	20	pooled_test	ALL	26	520	131	0.2519230769230769	1712	290	0.169392523364486	149	0.0870327102803738	165	0.0963785046728972	102	0.0595794392523364	20	0.7692307692307693	20	0.7692307692307693	20	0.7692307692307693	15	0.5769230769230769
219	2026081000	20	pooled_test	ALL	26	520	148	0.2846153846153846	1712	314	0.183411214953271	147	0.0858644859813084	181	0.1057242990654205	115	0.0671728971962616	20	0.7692307692307693	20	0.7692307692307693	20	0.7692307692307693	14	0.5384615384615384
220	2026081000	20	pooled_test	ALL	26	520	132	0.2538461538461538	1712	326	0.1904205607476635	167	0.0975467289719626	174	0.1016355140186915	110	0.0642523364485981	18	0.6923076923076923	18	0.6923076923076923	18	0.6923076923076923	13	0.5
221	2026081000	20	pooled_test	ALL	26	520	144	0.2769230769230769	1712	315	0.1839953271028037	155	0.0905373831775701	171	0.0998831775700934	111	0.0648364485981308	21	0.8076923076923077	21	0.8076923076923077	21	0.8076923076923077	14	0.5384615384615384
222	2026081000	20	pooled_test	ALL	26	520	150	0.2884615384615384	1712	330	0.1927570093457944	161	0.0940420560747663	158	0.0922897196261682	111	0.0648364485981308	19	0.7307692307692307	19	0.7307692307692307	19	0.7307692307692307	13	0.5
223	2026081000	20	pooled_test	ALL	26	520	139	0.2673076923076923	1712	316	0.1845794392523364	147	0.0858644859813084	164	0.0957943925233644	104	0.0607476635514018	21	0.8076923076923077	21	0.8076923076923077	21	0.8076923076923077	17	0.6538461538461539
224	2026081000	20	pooled_test	ALL	26	520	135	0.2596153846153846	1712	324	0.1892523364485981	154	0.0899532710280373	163	0.0952102803738317	102	0.0595794392523364	20	0.7692307692307693	20	0.7692307692307693	20	0.7692307692307693	11	0.4230769230769231
225	2026081000	20	pooled_test	ALL	26	520	143	0.275	1712	274	0.1600467289719626	169	0.098714953271028	173	0.1010514018691588	109	0.0636682242990654	18	0.6923076923076923	18	0.6923076923076923	18	0.6923076923076923	12	0.4615384615384615
226	2026081000	20	pooled_test	ALL	26	520	139	0.2673076923076923	1712	299	0.1746495327102804	142	0.0829439252336448	169	0.098714953271028	110	0.0642523364485981	22	0.8461538461538461	22	0.8461538461538461	22	0.8461538461538461	17	0.6538461538461539
227	2026081000	20	pooled_test	ALL	26	520	142	0.273076923076923	1712	335	0.1956775700934579	138	0.080607476635514	165	0.0963785046728972	110	0.0642523364485981	19	0.7307692307692307	19	0.7307692307692307	19	0.7307692307692307	12	0.4615384615384615
228	2026081000	20	pooled_test	ALL	26	520	146	0.2807692307692307	1712	293	0.1711448598130841	150	0.0876168224299065	166	0.0969626168224299	112	0.0654205607476635	20	0.7692307692307693	20	0.7692307692307693	20	0.7692307692307693	14	0.5384615384615384
229	2026081000	20	pooled_test	ALL	26	520	144	0.2769230769230769	1712	327	0.1910046728971962	172	0.1004672897196261	185	0.1080607476635514	116	0.0677570093457943	20	0.7692307692307693	20	0.7692307692307693	20	0.7692307692307693	14	0.5384615384615384
230	2026081000	20	pooled_test	ALL	26	520	150	0.2884615384615384	1712	300	0.175233644859813	154	0.0899532710280373	165	0.0963785046728972	114	0.0665887850467289	22	0.8461538461538461	22	0.8461538461538461	22	0.8461538461538461	15	0.5769230769230769
231	2026081000	20	pooled_test	ALL	26	520	133	0.2557692307692307	1712	320	0.1869158878504672	150	0.0876168224299065	169	0.098714953271028	103	0.0601635514018691	22	0.8461538461538461	22	0.8461538461538461	22	0.8461538461538461	16	0.6153846153846154
232	2026081000	20	pooled_test	ALL	26	520	141	0.2711538461538461	1712	348	0.2032710280373831	159	0.0928738317757009	172	0.1004672897196261	108	0.0630841121495327	19	0.7307692307692307	19	0.7307692307692307	19	0.7307692307692307	13	0.5
233	2026081000	20	pooled_test	ALL	26	520	137	0.2634615384615384	1712	276	0.161214953271028	142	0.0829439252336448	153	0.0893691588785046	101	0.0589953271028037	21	0.8076923076923077	21	0.8076923076923077	21	0.8076923076923077	16	0.6153846153846154
234	2026081000	20	pooled_test	ALL	26	520	148	0.2846153846153846	1712	336	0.1962616822429906	167	0.0975467289719626	168	0.0981308411214953	112	0.0654205607476635	21	0.8076923076923077	21	0.8076923076923077	21	0.8076923076923077	14	0.5384615384615384
235	2026081000	20	pooled_test	ALL	26	520	137	0.2634615384615384	1712	236	0.1378504672897196	142	0.0829439252336448	159	0.0928738317757009	99	0.0578271028037383	19	0.7307692307692307	19	0.7307692307692307	19	0.7307692307692307	16	0.6153846153846154
236	2026081000	20	pooled_test	ALL	26	520	139	0.2673076923076923	1712	328	0.1915887850467289	158	0.0922897196261682	164	0.0957943925233644	107	0.0625	21	0.8076923076923077	21	0.8076923076923077	21	0.8076923076923077	14	0.5384615384615384
237	2026081000	20	pooled_test	ALL	26	520	141	0.2711538461538461	1712	300	0.175233644859813	169	0.098714953271028	162	0.094626168224299	112	0.0654205607476635	22	0.8461538461538461	22	0.8461538461538461	22	0.8461538461538461	12	0.4615384615384615
238	2026081000	20	pooled_test	ALL	26	520	138	0.2653846153846154	1712	354	0.2067757009345794	156	0.0911214953271028	165	0.0963785046728972	104	0.0607476635514018	22	0.8461538461538461	22	0.8461538461538461	22	0.8461538461538461	15	0.5769230769230769
239	2026081000	20	pooled_test	ALL	26	520	142	0.273076923076923	1712	317	0.1851635514018691	153	0.0893691588785046	176	0.102803738317757	106	0.0619158878504672	20	0.7692307692307693	20	0.7692307692307693	20	0.7692307692307693	14	0.5384615384615384
240	2026081000	20	pooled_test	ALL	26	520	136	0.2615384615384615	1712	307	0.179322429906542	151	0.0882009345794392	166	0.0969626168224299	106	0.0619158878504672	19	0.7307692307692307	19	0.7307692307692307	19	0.7307692307692307	14	0.5384615384615384
241	2026081000	20	pooled_test	ALL	26	520	140	0.2692307692307692	1712	302	0.1764018691588785	150	0.0876168224299065	163	0.0952102803738317	107	0.0625	20	0.7692307692307693	20	0.7692307692307693	20	0.7692307692307693	12	0.4615384615384615
242	2026081000	20	pooled_test	ALL	26	520	133	0.2557692307692307	1712	333	0.1945093457943925	155	0.0905373831775701	164	0.0957943925233644	103	0.0601635514018691	17	0.6538461538461539	17	0.6538461538461539	17	0.6538461538461539	15	0.5769230769230769
243	2026081000	20	pooled_test	ALL	26	520	129	0.248076923076923	1712	337	0.1968457943925233	138	0.080607476635514	166	0.0969626168224299	100	0.058411214953271	20	0.7692307692307693	20	0.7692307692307693	20	0.7692307692307693	15	0.5769230769230769
244	2026081000	20	pooled_test	ALL	26	520	138	0.2653846153846154	1712	288	0.1682242990654205	134	0.0782710280373831	174	0.1016355140186915	107	0.0625	22	0.8461538461538461	22	0.8461538461538461	22	0.8461538461538461	14	0.5384615384615384
245	2026081000	20	pooled_test	ALL	26	520	141	0.2711538461538461	1712	338	0.197429906542056	160	0.0934579439252336	170	0.0992990654205607	107	0.0625	21	0.8076923076923077	21	0.8076923076923077	21	0.8076923076923077	16	0.6153846153846154
246	2026081000	20	pooled_test	ALL	26	520	138	0.2653846153846154	1712	350	0.2044392523364486	152	0.0887850467289719	157	0.0917056074766355	98	0.0572429906542056	22	0.8461538461538461	22	0.8461538461538461	22	0.8461538461538461	17	0.6538461538461539
247	2026081000	20	pooled_test	ALL	26	520	136	0.2615384615384615	1712	253	0.1477803738317757	159	0.0928738317757009	161	0.0940420560747663	103	0.0601635514018691	19	0.7307692307692307	19	0.7307692307692307	19	0.7307692307692307	14	0.5384615384615384
248	2026081000	20	pooled_test	ALL	26	520	132	0.2538461538461538	1712	243	0.1419392523364486	159	0.0928738317757009	159	0.0928738317757009	101	0.0589953271028037	20	0.7692307692307693	20	0.7692307692307693	20	0.7692307692307693	14	0.5384615384615384
249	2026081000	20	pooled_test	ALL	26	520	128	0.2461538461538461	1712	298	0.1740654205607476	153	0.0893691588785046	162	0.094626168224299	103	0.0601635514018691	19	0.7307692307692307	19	0.7307692307692307	19	0.7307692307692307	16	0.6153846153846154
250	2026081000	20	pooled_test	ALL	26	520	129	0.248076923076923	1712	304	0.1775700934579439	138	0.080607476635514	161	0.0940420560747663	95	0.0554906542056074	19	0.7307692307692307	19	0.7307692307692307	19	0.7307692307692307	15	0.5769230769230769
251	2026081000	20	pooled_test	ALL	26	520	144	0.2769230769230769	1712	305	0.1781542056074766	148	0.0864485981308411	168	0.0981308411214953	108	0.0630841121495327	21	0.8076923076923077	21	0.8076923076923077	21	0.8076923076923077	16	0.6153846153846154
252	2026081000	20	pooled_test	ALL	26	520	132	0.2538461538461538	1712	326	0.1904205607476635	135	0.0788551401869158	159	0.0928738317757009	98	0.0572429906542056	20	0.7692307692307693	20	0.7692307692307693	20	0.7692307692307693	12	0.4615384615384615
253	2026081000	20	pooled_test	ALL	26	520	144	0.2769230769230769	1712	327	0.1910046728971962	143	0.0835280373831775	158	0.0922897196261682	100	0.058411214953271	20	0.7692307692307693	20	0.7692307692307693	20	0.7692307692307693	9	0.3461538461538461
254	2026081000	20	pooled_test	ALL	26	520	127	0.2442307692307692	1712	348	0.2032710280373831	150	0.0876168224299065	163	0.0952102803738317	98	0.0572429906542056	20	0.7692307692307693	20	0.7692307692307693	20	0.7692307692307693	14	0.5384615384615384
255	2026081000	20	pooled_test	ALL	26	520	145	0.2788461538461538	1712	371	0.2167056074766355	181	0.1057242990654205	175	0.1022196261682243	114	0.0665887850467289	20	0.7692307692307693	20	0.7692307692307693	20	0.7692307692307693	13	0.5
256	2026081000	20	pooled_test	ALL	26	520	143	0.275	1712	224	0.1308411214953271	139	0.0811915887850467	158	0.0922897196261682	106	0.0619158878504672	19	0.7307692307692307	19	0.7307692307692307	19	0.7307692307692307	14	0.5384615384615384
257	2026081000	20	pooled_test	ALL	26	520	144	0.2769230769230769	1712	325	0.1898364485981308	147	0.0858644859813084	180	0.1051401869158878	114	0.0665887850467289	21	0.8076923076923077	21	0.8076923076923077	21	0.8076923076923077	12	0.4615384615384615
258	2026081000	20	pooled_test	ALL	26	520	134	0.2576923076923076	1712	358	0.2091121495327103	150	0.0876168224299065	165	0.0963785046728972	98	0.0572429906542056	20	0.7692307692307693	20	0.7692307692307693	20	0.7692307692307693	13	0.5
259	2026081000	20	pooled_test	ALL	26	520	142	0.273076923076923	1712	324	0.1892523364485981	164	0.0957943925233644	171	0.0998831775700934	109	0.0636682242990654	20	0.7692307692307693	20	0.7692307692307693	20	0.7692307692307693	14	0.5384615384615384
260	2026081000	20	pooled_test	ALL	26	520	146	0.2807692307692307	1712	355	0.2073598130841121	158	0.0922897196261682	175	0.1022196261682243	113	0.0660046728971962	20	0.7692307692307693	20	0.7692307692307693	20	0.7692307692307693	13	0.5
261	2026081000	20	pooled_test	ALL	26	520	138	0.2653846153846154	1712	355	0.2073598130841121	152	0.0887850467289719	166	0.0969626168224299	104	0.0607476635514018	22	0.8461538461538461	22	0.8461538461538461	22	0.8461538461538461	11	0.4230769230769231
262	2026081000	20	pooled_test	ALL	26	520	144	0.2769230769230769	1712	346	0.2021028037383177	156	0.0911214953271028	162	0.094626168224299	106	0.0619158878504672	19	0.7307692307692307	19	0.7307692307692307	19	0.7307692307692307	11	0.4230769230769231
263	2026081000	20	pooled_test	ALL	26	520	133	0.2557692307692307	1712	321	0.1875	144	0.0841121495327102	158	0.0922897196261682	103	0.0601635514018691	21	0.8076923076923077	21	0.8076923076923077	20	0.7692307692307693	12	0.4615384615384615
264	2026081000	20	pooled_test	ALL	26	520	137	0.2634615384615384	1712	310	0.1810747663551402	150	0.0876168224299065	162	0.094626168224299	102	0.0595794392523364	17	0.6538461538461539	17	0.6538461538461539	17	0.6538461538461539	13	0.5
265	2026081000	20	pooled_test	ALL	26	520	136	0.2615384615384615	1712	278	0.1623831775700934	148	0.0864485981308411	162	0.094626168224299	103	0.0601635514018691	21	0.8076923076923077	21	0.8076923076923077	21	0.8076923076923077	15	0.5769230769230769
266	2026081000	20	pooled_test	ALL	26	520	129	0.248076923076923	1712	356	0.2079439252336448	146	0.0852803738317757	168	0.0981308411214953	99	0.0578271028037383	20	0.7692307692307693	20	0.7692307692307693	20	0.7692307692307693	12	0.4615384615384615
267	2026081000	20	pooled_test	ALL	26	520	140	0.2692307692307692	1712	309	0.1804906542056074	150	0.0876168224299065	161	0.0940420560747663	107	0.0625	20	0.7692307692307693	20	0.7692307692307693	20	0.7692307692307693	15	0.5769230769230769
268	2026081000	20	pooled_test	ALL	26	520	131	0.2519230769230769	1712	279	0.1629672897196261	137	0.0800233644859813	162	0.094626168224299	98	0.0572429906542056	16	0.6153846153846154	16	0.6153846153846154	16	0.6153846153846154	12	0.4615384615384615
269	2026081000	20	pooled_test	ALL	26	520	135	0.2596153846153846	1712	338	0.197429906542056	165	0.0963785046728972	164	0.0957943925233644	103	0.0601635514018691	21	0.8076923076923077	21	0.8076923076923077	21	0.8076923076923077	15	0.5769230769230769
270	2026081000	20	pooled_test	ALL	26	520	150	0.2884615384615384	1712	339	0.1980140186915887	156	0.0911214953271028	169	0.098714953271028	110	0.0642523364485981	20	0.7692307692307693	20	0.7692307692307693	20	0.7692307692307693	15	0.5769230769230769
271	2026081000	20	pooled_test	ALL	26	520	130	0.25	1712	285	0.1664719626168224	137	0.0800233644859813	160	0.0934579439252336	97	0.0566588785046729	22	0.8461538461538461	22	0.8461538461538461	22	0.8461538461538461	15	0.5769230769230769
272	2026081000	20	pooled_test	ALL	26	520	138	0.2653846153846154	1712	295	0.1723130841121495	156	0.0911214953271028	167	0.0975467289719626	106	0.0619158878504672	20	0.7692307692307693	20	0.7692307692307693	20	0.7692307692307693	16	0.6153846153846154
273	2026081000	20	pooled_test	ALL	26	520	143	0.275	1712	316	0.1845794392523364	148	0.0864485981308411	163	0.0952102803738317	107	0.0625	18	0.6923076923076923	18	0.6923076923076923	18	0.6923076923076923	15	0.5769230769230769
274	2026081000	20	pooled_test	ALL	26	520	151	0.2903846153846154	1712	338	0.197429906542056	162	0.094626168224299	172	0.1004672897196261	117	0.0683411214953271	20	0.7692307692307693	20	0.7692307692307693	19	0.7307692307692307	14	0.5384615384615384
275	2026081000	20	pooled_test	ALL	26	520	138	0.2653846153846154	1712	339	0.1980140186915887	156	0.0911214953271028	167	0.0975467289719626	100	0.058411214953271	21	0.8076923076923077	21	0.8076923076923077	21	0.8076923076923077	14	0.5384615384615384
276	2026081000	20	pooled_test	ALL	26	520	145	0.2788461538461538	1712	345	0.201518691588785	168	0.0981308411214953	170	0.0992990654205607	110	0.0642523364485981	19	0.7307692307692307	19	0.7307692307692307	19	0.7307692307692307	14	0.5384615384615384
277	2026081000	20	pooled_test	ALL	26	520	133	0.2557692307692307	1712	333	0.1945093457943925	136	0.0794392523364486	171	0.0998831775700934	101	0.0589953271028037	20	0.7692307692307693	20	0.7692307692307693	20	0.7692307692307693	14	0.5384615384615384
278	2026081000	20	pooled_test	ALL	26	520	137	0.2634615384615384	1712	340	0.1985981308411215	133	0.0776869158878504	167	0.0975467289719626	101	0.0589953271028037	20	0.7692307692307693	20	0.7692307692307693	20	0.7692307692307693	14	0.5384615384615384
279	2026081000	20	pooled_test	ALL	26	520	140	0.2692307692307692	1712	328	0.1915887850467289	152	0.0887850467289719	159	0.0928738317757009	106	0.0619158878504672	20	0.7692307692307693	20	0.7692307692307693	20	0.7692307692307693	14	0.5384615384615384
280	2026081000	20	pooled_test	ALL	26	520	144	0.2769230769230769	1712	295	0.1723130841121495	150	0.0876168224299065	166	0.0969626168224299	111	0.0648364485981308	21	0.8076923076923077	21	0.8076923076923077	21	0.8076923076923077	13	0.5
281	2026081000	20	pooled_test	ALL	26	520	142	0.273076923076923	1712	322	0.1880841121495327	160	0.0934579439252336	183	0.1068925233644859	113	0.0660046728971962	19	0.7307692307692307	19	0.7307692307692307	19	0.7307692307692307	15	0.5769230769230769
282	2026081000	20	pooled_test	ALL	26	520	151	0.2903846153846154	1712	343	0.2003504672897196	173	0.1010514018691588	170	0.0992990654205607	119	0.0695093457943925	19	0.7307692307692307	19	0.7307692307692307	19	0.7307692307692307	14	0.5384615384615384
283	2026081000	20	pooled_test	ALL	26	520	140	0.2692307692307692	1712	310	0.1810747663551402	146	0.0852803738317757	161	0.0940420560747663	106	0.0619158878504672	20	0.7692307692307693	20	0.7692307692307693	20	0.7692307692307693	15	0.5769230769230769
284	2026081000	20	pooled_test	ALL	26	520	137	0.2634615384615384	1712	311	0.1816588785046729	148	0.0864485981308411	166	0.0969626168224299	107	0.0625	22	0.8461538461538461	22	0.8461538461538461	22	0.8461538461538461	18	0.6923076923076923
285	2026081000	20	pooled_test	ALL	26	520	145	0.2788461538461538	1712	331	0.1933411214953271	154	0.0899532710280373	180	0.1051401869158878	114	0.0665887850467289	21	0.8076923076923077	21	0.8076923076923077	21	0.8076923076923077	16	0.6153846153846154
286	2026081000	20	pooled_test	ALL	26	520	137	0.2634615384615384	1712	291	0.1699766355140187	146	0.0852803738317757	162	0.094626168224299	105	0.0613317757009345	22	0.8461538461538461	22	0.8461538461538461	22	0.8461538461538461	17	0.6538461538461539
287	2026081000	20	pooled_test	ALL	26	520	145	0.2788461538461538	1712	313	0.1828271028037383	144	0.0841121495327102	160	0.0934579439252336	107	0.0625	21	0.8076923076923077	21	0.8076923076923077	21	0.8076923076923077	15	0.5769230769230769
288	2026081000	20	pooled_test	ALL	26	520	144	0.2769230769230769	1712	311	0.1816588785046729	148	0.0864485981308411	175	0.1022196261682243	108	0.0630841121495327	22	0.8461538461538461	22	0.8461538461538461	22	0.8461538461538461	13	0.5
289	2026081000	20	pooled_test	ALL	26	520	143	0.275	1712	351	0.2050233644859813	161	0.0940420560747663	164	0.0957943925233644	107	0.0625	18	0.6923076923076923	18	0.6923076923076923	18	0.6923076923076923	12	0.4615384615384615
290	2026081000	20	pooled_test	ALL	26	520	134	0.2576923076923076	1712	336	0.1962616822429906	141	0.0823598130841121	172	0.1004672897196261	102	0.0595794392523364	20	0.7692307692307693	20	0.7692307692307693	20	0.7692307692307693	15	0.5769230769230769
291	2026081000	20	pooled_test	ALL	26	520	147	0.2826923076923077	1712	330	0.1927570093457944	162	0.094626168224299	179	0.1045560747663551	117	0.0683411214953271	19	0.7307692307692307	19	0.7307692307692307	19	0.7307692307692307	13	0.5
292	2026081000	20	pooled_test	ALL	26	520	137	0.2634615384615384	1712	308	0.1799065420560747	134	0.0782710280373831	165	0.0963785046728972	102	0.0595794392523364	19	0.7307692307692307	19	0.7307692307692307	19	0.7307692307692307	15	0.5769230769230769
293	2026081000	20	pooled_test	ALL	26	520	141	0.2711538461538461	1712	333	0.1945093457943925	168	0.0981308411214953	175	0.1022196261682243	111	0.0648364485981308	20	0.7692307692307693	20	0.7692307692307693	20	0.7692307692307693	13	0.5
294	2026081000	20	pooled_test	ALL	26	520	145	0.2788461538461538	1712	346	0.2021028037383177	146	0.0852803738317757	182	0.1063084112149532	114	0.0665887850467289	21	0.8076923076923077	21	0.8076923076923077	21	0.8076923076923077	15	0.5769230769230769
295	2026081000	20	pooled_test	ALL	26	520	139	0.2673076923076923	1712	289	0.1688084112149532	160	0.0934579439252336	163	0.0952102803738317	108	0.0630841121495327	20	0.7692307692307693	20	0.7692307692307693	20	0.7692307692307693	15	0.5769230769230769
296	2026081000	20	pooled_test	ALL	26	520	150	0.2884615384615384	1712	335	0.1956775700934579	164	0.0957943925233644	183	0.1068925233644859	123	0.0718457943925233	21	0.8076923076923077	21	0.8076923076923077	21	0.8076923076923077	13	0.5
297	2026081000	20	pooled_test	ALL	26	520	143	0.275	1712	319	0.1863317757009346	145	0.084696261682243	176	0.102803738317757	106	0.0619158878504672	21	0.8076923076923077	21	0.8076923076923077	21	0.8076923076923077	16	0.6153846153846154
298	2026081000	20	pooled_test	ALL	26	520	135	0.2596153846153846	1712	315	0.1839953271028037	138	0.080607476635514	158	0.0922897196261682	102	0.0595794392523364	22	0.8461538461538461	22	0.8461538461538461	22	0.8461538461538461	16	0.6153846153846154
299	2026081000	20	pooled_test	ALL	26	520	134	0.2576923076923076	1712	334	0.1950934579439252	141	0.0823598130841121	160	0.0934579439252336	102	0.0595794392523364	21	0.8076923076923077	21	0.8076923076923077	21	0.8076923076923077	14	0.5384615384615384
300	2026081000	20	pooled_test	ALL	26	520	137	0.2634615384615384	1712	295	0.1723130841121495	154	0.0899532710280373	161	0.0940420560747663	104	0.0607476635514018	20	0.7692307692307693	20	0.7692307692307693	20	0.7692307692307693	14	0.5384615384615384
301	2026081000	20	pooled_test	ALL	26	520	142	0.273076923076923	1712	351	0.2050233644859813	153	0.0893691588785046	169	0.098714953271028	108	0.0630841121495327	17	0.6538461538461539	17	0.6538461538461539	17	0.6538461538461539	12	0.4615384615384615
302	2026081000	20	pooled_test	ALL	26	520	138	0.2653846153846154	1712	369	0.2155373831775701	156	0.0911214953271028	178	0.1039719626168224	109	0.0636682242990654	22	0.8461538461538461	22	0.8461538461538461	22	0.8461538461538461	14	0.5384615384615384
303	2026081000	20	pooled_test	ALL	26	520	134	0.2576923076923076	1712	292	0.1705607476635514	139	0.0811915887850467	159	0.0928738317757009	97	0.0566588785046729	18	0.6923076923076923	18	0.6923076923076923	18	0.6923076923076923	14	0.5384615384615384
304	2026081000	20	pooled_test	ALL	26	520	149	0.2865384615384615	1712	321	0.1875	158	0.0922897196261682	162	0.094626168224299	116	0.0677570093457943	20	0.7692307692307693	20	0.7692307692307693	20	0.7692307692307693	14	0.5384615384615384
305	2026081000	20	pooled_test	ALL	26	520	144	0.2769230769230769	1712	301	0.1758177570093458	149	0.0870327102803738	167	0.0975467289719626	104	0.0607476635514018	21	0.8076923076923077	21	0.8076923076923077	21	0.8076923076923077	15	0.5769230769230769
306	2026081000	20	pooled_test	ALL	26	520	125	0.2403846153846154	1712	331	0.1933411214953271	132	0.0771028037383177	158	0.0922897196261682	94	0.0549065420560747	17	0.6538461538461539	17	0.6538461538461539	16	0.6153846153846154	12	0.4615384615384615
307	2026081000	20	pooled_test	ALL	26	520	133	0.2557692307692307	1712	316	0.1845794392523364	162	0.094626168224299	170	0.0992990654205607	109	0.0636682242990654	21	0.8076923076923077	21	0.8076923076923077	21	0.8076923076923077	16	0.6153846153846154
308	2026081000	20	pooled_test	ALL	26	520	144	0.2769230769230769	1712	334	0.1950934579439252	155	0.0905373831775701	168	0.0981308411214953	111	0.0648364485981308	21	0.8076923076923077	21	0.8076923076923077	21	0.8076923076923077	16	0.6153846153846154
309	2026081000	20	pooled_test	ALL	26	520	140	0.2692307692307692	1712	302	0.1764018691588785	152	0.0887850467289719	162	0.094626168224299	100	0.058411214953271	19	0.7307692307692307	19	0.7307692307692307	19	0.7307692307692307	14	0.5384615384615384
310	2026081000	20	pooled_test	ALL	26	520	138	0.2653846153846154	1712	318	0.1857476635514018	149	0.0870327102803738	172	0.1004672897196261	104	0.0607476635514018	21	0.8076923076923077	21	0.8076923076923077	21	0.8076923076923077	17	0.6538461538461539
311	2026081000	20	pooled_test	ALL	26	520	141	0.2711538461538461	1712	344	0.2009345794392523	160	0.0934579439252336	166	0.0969626168224299	109	0.0636682242990654	21	0.8076923076923077	21	0.8076923076923077	21	0.8076923076923077	12	0.4615384615384615
312	2026081000	20	pooled_test	ALL	26	520	127	0.2442307692307692	1712	302	0.1764018691588785	145	0.084696261682243	164	0.0957943925233644	96	0.0560747663551401	20	0.7692307692307693	20	0.7692307692307693	20	0.7692307692307693	13	0.5
313	2026081000	20	pooled_test	ALL	26	520	133	0.2557692307692307	1712	318	0.1857476635514018	138	0.080607476635514	154	0.0899532710280373	96	0.0560747663551401	21	0.8076923076923077	21	0.8076923076923077	21	0.8076923076923077	16	0.6153846153846154
314	2026081000	20	pooled_test	ALL	26	520	137	0.2634615384615384	1712	349	0.2038551401869159	144	0.0841121495327102	169	0.098714953271028	107	0.0625	19	0.7307692307692307	19	0.7307692307692307	19	0.7307692307692307	12	0.4615384615384615
315	2026081000	20	pooled_test	ALL	26	520	154	0.2961538461538461	1712	323	0.1886682242990654	163	0.0952102803738317	171	0.0998831775700934	114	0.0665887850467289	21	0.8076923076923077	21	0.8076923076923077	21	0.8076923076923077	15	0.5769230769230769
316	2026081000	20	pooled_test	ALL	26	520	155	0.2980769230769231	1712	349	0.2038551401869159	181	0.1057242990654205	185	0.1080607476635514	125	0.0730140186915887	22	0.8461538461538461	22	0.8461538461538461	21	0.8076923076923077	10	0.3846153846153846
317	2026081000	20	pooled_test	ALL	26	520	142	0.273076923076923	1712	331	0.1933411214953271	156	0.0911214953271028	171	0.0998831775700934	110	0.0642523364485981	22	0.8461538461538461	22	0.8461538461538461	22	0.8461538461538461	15	0.5769230769230769
318	2026081000	20	pooled_test	ALL	26	520	135	0.2596153846153846	1712	299	0.1746495327102804	139	0.0811915887850467	163	0.0952102803738317	106	0.0619158878504672	20	0.7692307692307693	20	0.7692307692307693	20	0.7692307692307693	14	0.5384615384615384
319	2026081000	20	pooled_test	ALL	26	520	134	0.2576923076923076	1712	311	0.1816588785046729	148	0.0864485981308411	169	0.098714953271028	106	0.0619158878504672	20	0.7692307692307693	20	0.7692307692307693	20	0.7692307692307693	12	0.4615384615384615
320	2026081000	20	pooled_test	ALL	26	520	139	0.2673076923076923	1712	311	0.1816588785046729	164	0.0957943925233644	167	0.0975467289719626	108	0.0630841121495327	20	0.7692307692307693	20	0.7692307692307693	20	0.7692307692307693	12	0.4615384615384615
321	2026081000	20	pooled_test	ALL	26	520	118	0.2269230769230769	1712	325	0.1898364485981308	116	0.0677570093457943	162	0.094626168224299	89	0.0519859813084112	21	0.8076923076923077	21	0.8076923076923077	21	0.8076923076923077	15	0.5769230769230769
322	2026081000	20	pooled_test	ALL	26	520	133	0.2557692307692307	1712	267	0.1559579439252336	121	0.0706775700934579	155	0.0905373831775701	93	0.054322429906542	20	0.7692307692307693	20	0.7692307692307693	20	0.7692307692307693	13	0.5
323	2026081000	20	pooled_test	ALL	26	520	139	0.2673076923076923	1712	359	0.2096962616822429	167	0.0975467289719626	182	0.1063084112149532	112	0.0654205607476635	21	0.8076923076923077	21	0.8076923076923077	21	0.8076923076923077	13	0.5
324	2026081000	20	pooled_test	ALL	26	520	139	0.2673076923076923	1712	334	0.1950934579439252	155	0.0905373831775701	172	0.1004672897196261	109	0.0636682242990654	19	0.7307692307692307	19	0.7307692307692307	19	0.7307692307692307	13	0.5
325	2026081000	20	pooled_test	ALL	26	520	128	0.2461538461538461	1712	357	0.2085280373831775	139	0.0811915887850467	170	0.0992990654205607	98	0.0572429906542056	22	0.8461538461538461	22	0.8461538461538461	22	0.8461538461538461	17	0.6538461538461539
326	2026081000	20	pooled_test	ALL	26	520	154	0.2961538461538461	1712	272	0.1588785046728972	168	0.0981308411214953	170	0.0992990654205607	116	0.0677570093457943	20	0.7692307692307693	20	0.7692307692307693	20	0.7692307692307693	12	0.4615384615384615
327	2026081000	20	pooled_test	ALL	26	520	137	0.2634615384615384	1712	305	0.1781542056074766	142	0.0829439252336448	173	0.1010514018691588	105	0.0613317757009345	20	0.7692307692307693	20	0.7692307692307693	20	0.7692307692307693	13	0.5
328	2026081000	20	pooled_test	ALL	26	520	137	0.2634615384615384	1712	335	0.1956775700934579	139	0.0811915887850467	169	0.098714953271028	102	0.0595794392523364	20	0.7692307692307693	20	0.7692307692307693	20	0.7692307692307693	16	0.6153846153846154
329	2026081000	20	pooled_test	ALL	26	520	129	0.248076923076923	1712	298	0.1740654205607476	136	0.0794392523364486	165	0.0963785046728972	97	0.0566588785046729	21	0.8076923076923077	21	0.8076923076923077	21	0.8076923076923077	14	0.5384615384615384
330	2026081000	20	pooled_test	ALL	26	520	144	0.2769230769230769	1712	365	0.2132009345794392	178	0.1039719626168224	168	0.0981308411214953	115	0.0671728971962616	22	0.8461538461538461	22	0.8461538461538461	22	0.8461538461538461	17	0.6538461538461539
331	2026081000	20	pooled_test	ALL	26	520	129	0.248076923076923	1712	282	0.1647196261682243	135	0.0788551401869158	158	0.0922897196261682	104	0.0607476635514018	22	0.8461538461538461	22	0.8461538461538461	22	0.8461538461538461	15	0.5769230769230769
332	2026081000	20	pooled_test	ALL	26	520	140	0.2692307692307692	1712	304	0.1775700934579439	144	0.0841121495327102	159	0.0928738317757009	106	0.0619158878504672	23	0.8846153846153846	23	0.8846153846153846	23	0.8846153846153846	18	0.6923076923076923
333	2026081000	20	pooled_test	ALL	26	520	151	0.2903846153846154	1712	321	0.1875	166	0.0969626168224299	168	0.0981308411214953	114	0.0665887850467289	20	0.7692307692307693	20	0.7692307692307693	20	0.7692307692307693	13	0.5
334	2026081000	20	pooled_test	ALL	26	520	130	0.25	1712	344	0.2009345794392523	135	0.0788551401869158	162	0.094626168224299	95	0.0554906542056074	23	0.8846153846153846	23	0.8846153846153846	23	0.8846153846153846	10	0.3846153846153846
335	2026081000	20	pooled_test	ALL	26	520	128	0.2461538461538461	1712	298	0.1740654205607476	139	0.0811915887850467	158	0.0922897196261682	92	0.0537383177570093	22	0.8461538461538461	22	0.8461538461538461	22	0.8461538461538461	14	0.5384615384615384
336	2026081000	20	pooled_test	ALL	26	520	152	0.2923076923076923	1712	334	0.1950934579439252	170	0.0992990654205607	168	0.0981308411214953	117	0.0683411214953271	20	0.7692307692307693	20	0.7692307692307693	20	0.7692307692307693	15	0.5769230769230769
337	2026081000	20	pooled_test	ALL	26	520	146	0.2807692307692307	1712	294	0.1717289719626168	162	0.094626168224299	160	0.0934579439252336	110	0.0642523364485981	20	0.7692307692307693	20	0.7692307692307693	20	0.7692307692307693	13	0.5
338	2026081000	20	pooled_test	ALL	26	520	144	0.2769230769230769	1712	313	0.1828271028037383	171	0.0998831775700934	177	0.1033878504672897	114	0.0665887850467289	20	0.7692307692307693	20	0.7692307692307693	20	0.7692307692307693	15	0.5769230769230769
339	2026081000	20	pooled_test	ALL	26	520	140	0.2692307692307692	1712	324	0.1892523364485981	141	0.0823598130841121	158	0.0922897196261682	101	0.0589953271028037	20	0.7692307692307693	20	0.7692307692307693	20	0.7692307692307693	14	0.5384615384615384
340	2026081000	20	pooled_test	ALL	26	520	136	0.2615384615384615	1712	284	0.1658878504672897	141	0.0823598130841121	159	0.0928738317757009	104	0.0607476635514018	17	0.6538461538461539	17	0.6538461538461539	17	0.6538461538461539	11	0.4230769230769231
341	2026081000	20	pooled_test	ALL	26	520	134	0.2576923076923076	1712	310	0.1810747663551402	143	0.0835280373831775	163	0.0952102803738317	99	0.0578271028037383	21	0.8076923076923077	21	0.8076923076923077	21	0.8076923076923077	16	0.6153846153846154
342	2026081000	20	pooled_test	ALL	26	520	130	0.25	1712	271	0.1582943925233645	129	0.0753504672897196	155	0.0905373831775701	96	0.0560747663551401	20	0.7692307692307693	20	0.7692307692307693	20	0.7692307692307693	13	0.5
343	2026081000	20	pooled_test	ALL	26	520	132	0.2538461538461538	1712	355	0.2073598130841121	146	0.0852803738317757	166	0.0969626168224299	96	0.0560747663551401	20	0.7692307692307693	20	0.7692307692307693	20	0.7692307692307693	16	0.6153846153846154
344	2026081000	20	pooled_test	ALL	26	520	128	0.2461538461538461	1712	310	0.1810747663551402	132	0.0771028037383177	164	0.0957943925233644	98	0.0572429906542056	22	0.8461538461538461	22	0.8461538461538461	22	0.8461538461538461	16	0.6153846153846154
345	2026081000	20	pooled_test	ALL	26	520	148	0.2846153846153846	1712	316	0.1845794392523364	166	0.0969626168224299	164	0.0957943925233644	112	0.0654205607476635	19	0.7307692307692307	19	0.7307692307692307	19	0.7307692307692307	11	0.4230769230769231
346	2026081000	20	pooled_test	ALL	26	520	134	0.2576923076923076	1712	327	0.1910046728971962	138	0.080607476635514	174	0.1016355140186915	102	0.0595794392523364	20	0.7692307692307693	20	0.7692307692307693	20	0.7692307692307693	12	0.4615384615384615
347	2026081000	20	pooled_test	ALL	26	520	157	0.3019230769230769	1712	334	0.1950934579439252	166	0.0969626168224299	186	0.1086448598130841	126	0.0735981308411214	22	0.8461538461538461	22	0.8461538461538461	22	0.8461538461538461	14	0.5384615384615384
348	2026081000	20	pooled_test	ALL	26	520	130	0.25	1712	340	0.1985981308411215	138	0.080607476635514	160	0.0934579439252336	98	0.0572429906542056	21	0.8076923076923077	21	0.8076923076923077	21	0.8076923076923077	14	0.5384615384615384
349	2026081000	20	pooled_test	ALL	26	520	154	0.2961538461538461	1712	323	0.1886682242990654	174	0.1016355140186915	183	0.1068925233644859	120	0.0700934579439252	21	0.8076923076923077	21	0.8076923076923077	21	0.8076923076923077	16	0.6153846153846154
350	2026081000	20	pooled_test	ALL	26	520	139	0.2673076923076923	1712	295	0.1723130841121495	141	0.0823598130841121	152	0.0887850467289719	104	0.0607476635514018	22	0.8461538461538461	22	0.8461538461538461	22	0.8461538461538461	15	0.5769230769230769
351	2026081000	20	pooled_test	ALL	26	520	132	0.2538461538461538	1712	309	0.1804906542056074	141	0.0823598130841121	159	0.0928738317757009	98	0.0572429906542056	21	0.8076923076923077	21	0.8076923076923077	21	0.8076923076923077	13	0.5
352	2026081000	20	pooled_test	ALL	26	520	138	0.2653846153846154	1712	341	0.1991822429906542	157	0.0917056074766355	174	0.1016355140186915	103	0.0601635514018691	20	0.7692307692307693	20	0.7692307692307693	20	0.7692307692307693	15	0.5769230769230769
353	2026081000	20	pooled_test	ALL	26	520	140	0.2692307692307692	1712	283	0.165303738317757	140	0.0817757009345794	167	0.0975467289719626	108	0.0630841121495327	20	0.7692307692307693	20	0.7692307692307693	20	0.7692307692307693	17	0.6538461538461539
354	2026081000	20	pooled_test	ALL	26	520	135	0.2596153846153846	1712	305	0.1781542056074766	143	0.0835280373831775	153	0.0893691588785046	95	0.0554906542056074	21	0.8076923076923077	21	0.8076923076923077	21	0.8076923076923077	16	0.6153846153846154
355	2026081000	20	pooled_test	ALL	26	520	129	0.248076923076923	1712	357	0.2085280373831775	142	0.0829439252336448	166	0.0969626168224299	94	0.0549065420560747	23	0.8846153846153846	23	0.8846153846153846	23	0.8846153846153846	15	0.5769230769230769
356	2026081000	20	pooled_test	ALL	26	520	147	0.2826923076923077	1712	294	0.1717289719626168	151	0.0882009345794392	185	0.1080607476635514	114	0.0665887850467289	19	0.7307692307692307	19	0.7307692307692307	19	0.7307692307692307	13	0.5
357	2026081000	20	pooled_test	ALL	26	520	137	0.2634615384615384	1712	337	0.1968457943925233	151	0.0882009345794392	166	0.0969626168224299	103	0.0601635514018691	23	0.8846153846153846	23	0.8846153846153846	23	0.8846153846153846	15	0.5769230769230769
358	2026081000	20	pooled_test	ALL	26	520	156	0.3	1712	360	0.2102803738317757	181	0.1057242990654205	184	0.1074766355140186	125	0.0730140186915887	21	0.8076923076923077	21	0.8076923076923077	21	0.8076923076923077	14	0.5384615384615384
359	2026081000	20	pooled_test	ALL	26	520	132	0.2538461538461538	1712	307	0.179322429906542	152	0.0887850467289719	166	0.0969626168224299	99	0.0578271028037383	20	0.7692307692307693	20	0.7692307692307693	20	0.7692307692307693	15	0.5769230769230769
360	2026081000	20	pooled_test	ALL	26	520	134	0.2576923076923076	1712	293	0.1711448598130841	138	0.080607476635514	157	0.0917056074766355	99	0.0578271028037383	21	0.8076923076923077	21	0.8076923076923077	21	0.8076923076923077	16	0.6153846153846154
361	2026081000	20	pooled_test	ALL	26	520	149	0.2865384615384615	1712	348	0.2032710280373831	160	0.0934579439252336	191	0.1115654205607476	121	0.0706775700934579	21	0.8076923076923077	21	0.8076923076923077	21	0.8076923076923077	15	0.5769230769230769
362	2026081000	20	pooled_test	ALL	26	520	144	0.2769230769230769	1712	263	0.1536214953271028	160	0.0934579439252336	174	0.1016355140186915	113	0.0660046728971962	20	0.7692307692307693	20	0.7692307692307693	20	0.7692307692307693	14	0.5384615384615384
363	2026081000	20	pooled_test	ALL	26	520	145	0.2788461538461538	1712	303	0.1769859813084112	152	0.0887850467289719	170	0.0992990654205607	105	0.0613317757009345	15	0.5769230769230769	15	0.5769230769230769	15	0.5769230769230769	12	0.4615384615384615
364	2026081000	20	pooled_test	ALL	26	520	133	0.2557692307692307	1712	299	0.1746495327102804	136	0.0794392523364486	162	0.094626168224299	102	0.0595794392523364	18	0.6923076923076923	18	0.6923076923076923	18	0.6923076923076923	14	0.5384615384615384
365	2026081000	20	pooled_test	ALL	26	520	144	0.2769230769230769	1712	327	0.1910046728971962	164	0.0957943925233644	179	0.1045560747663551	119	0.0695093457943925	20	0.7692307692307693	20	0.7692307692307693	20	0.7692307692307693	12	0.4615384615384615
366	2026081000	20	pooled_test	ALL	26	520	141	0.2711538461538461	1712	276	0.161214953271028	172	0.1004672897196261	170	0.0992990654205607	110	0.0642523364485981	21	0.8076923076923077	21	0.8076923076923077	21	0.8076923076923077	15	0.5769230769230769
367	2026081000	20	pooled_test	ALL	26	520	142	0.273076923076923	1712	336	0.1962616822429906	152	0.0887850467289719	166	0.0969626168224299	109	0.0636682242990654	20	0.7692307692307693	20	0.7692307692307693	20	0.7692307692307693	15	0.5769230769230769
368	2026081000	20	pooled_test	ALL	26	520	133	0.2557692307692307	1712	343	0.2003504672897196	168	0.0981308411214953	163	0.0952102803738317	104	0.0607476635514018	17	0.6538461538461539	17	0.6538461538461539	17	0.6538461538461539	12	0.4615384615384615
369	2026081000	20	pooled_test	ALL	26	520	146	0.2807692307692307	1712	333	0.1945093457943925	164	0.0957943925233644	178	0.1039719626168224	114	0.0665887850467289	19	0.7307692307692307	19	0.7307692307692307	19	0.7307692307692307	9	0.3461538461538461
370	2026081000	20	pooled_test	ALL	26	520	146	0.2807692307692307	1712	299	0.1746495327102804	150	0.0876168224299065	157	0.0917056074766355	103	0.0601635514018691	20	0.7692307692307693	20	0.7692307692307693	20	0.7692307692307693	15	0.5769230769230769
371	2026081000	20	pooled_test	ALL	26	520	157	0.3019230769230769	1712	354	0.2067757009345794	175	0.1022196261682243	176	0.102803738317757	126	0.0735981308411214	22	0.8461538461538461	22	0.8461538461538461	22	0.8461538461538461	11	0.4230769230769231
372	2026081000	20	pooled_test	ALL	26	520	146	0.2807692307692307	1712	349	0.2038551401869159	166	0.0969626168224299	168	0.0981308411214953	112	0.0654205607476635	19	0.7307692307692307	19	0.7307692307692307	19	0.7307692307692307	12	0.4615384615384615
373	2026081000	20	pooled_test	ALL	26	520	136	0.2615384615384615	1712	310	0.1810747663551402	149	0.0870327102803738	165	0.0963785046728972	106	0.0619158878504672	19	0.7307692307692307	19	0.7307692307692307	19	0.7307692307692307	16	0.6153846153846154
374	2026081000	20	pooled_test	ALL	26	520	136	0.2615384615384615	1712	370	0.2161214953271028	160	0.0934579439252336	177	0.1033878504672897	108	0.0630841121495327	22	0.8461538461538461	22	0.8461538461538461	22	0.8461538461538461	15	0.5769230769230769
375	2026081000	20	pooled_test	ALL	26	520	143	0.275	1712	283	0.165303738317757	145	0.084696261682243	163	0.0952102803738317	102	0.0595794392523364	19	0.7307692307692307	19	0.7307692307692307	19	0.7307692307692307	17	0.6538461538461539
376	2026081000	20	pooled_test	ALL	26	520	151	0.2903846153846154	1712	303	0.1769859813084112	167	0.0975467289719626	163	0.0952102803738317	111	0.0648364485981308	23	0.8846153846153846	23	0.8846153846153846	23	0.8846153846153846	18	0.6923076923076923
377	2026081000	20	pooled_test	ALL	26	520	136	0.2615384615384615	1712	279	0.1629672897196261	142	0.0829439252336448	157	0.0917056074766355	103	0.0601635514018691	22	0.8461538461538461	22	0.8461538461538461	22	0.8461538461538461	14	0.5384615384615384
378	2026081000	20	pooled_test	ALL	26	520	143	0.275	1712	287	0.1676401869158878	161	0.0940420560747663	161	0.0940420560747663	110	0.0642523364485981	22	0.8461538461538461	22	0.8461538461538461	21	0.8076923076923077	16	0.6153846153846154
379	2026081000	20	pooled_test	ALL	26	520	142	0.273076923076923	1712	355	0.2073598130841121	170	0.0992990654205607	172	0.1004672897196261	114	0.0665887850467289	20	0.7692307692307693	20	0.7692307692307693	20	0.7692307692307693	12	0.4615384615384615
380	2026081000	20	pooled_test	ALL	26	520	151	0.2903846153846154	1712	320	0.1869158878504672	167	0.0975467289719626	172	0.1004672897196261	120	0.0700934579439252	20	0.7692307692307693	20	0.7692307692307693	20	0.7692307692307693	15	0.5769230769230769
381	2026081000	20	pooled_test	ALL	26	520	143	0.275	1712	382	0.2231308411214953	178	0.1039719626168224	184	0.1074766355140186	112	0.0654205607476635	22	0.8461538461538461	22	0.8461538461538461	22	0.8461538461538461	14	0.5384615384615384
382	2026081000	20	pooled_test	ALL	26	520	152	0.2923076923076923	1712	372	0.2172897196261682	173	0.1010514018691588	182	0.1063084112149532	123	0.0718457943925233	19	0.7307692307692307	19	0.7307692307692307	19	0.7307692307692307	14	0.5384615384615384
383	2026081000	20	pooled_test	ALL	26	520	131	0.2519230769230769	1712	248	0.1448598130841121	139	0.0811915887850467	162	0.094626168224299	97	0.0566588785046729	19	0.7307692307692307	19	0.7307692307692307	19	0.7307692307692307	15	0.5769230769230769
384	2026081000	20	pooled_test	ALL	26	520	137	0.2634615384615384	1712	352	0.205607476635514	173	0.1010514018691588	154	0.0899532710280373	106	0.0619158878504672	21	0.8076923076923077	21	0.8076923076923077	21	0.8076923076923077	13	0.5
385	2026081000	20	pooled_test	ALL	26	520	138	0.2653846153846154	1712	336	0.1962616822429906	157	0.0917056074766355	178	0.1039719626168224	114	0.0665887850467289	18	0.6923076923076923	18	0.6923076923076923	18	0.6923076923076923	14	0.5384615384615384
386	2026081000	20	pooled_test	ALL	26	520	137	0.2634615384615384	1712	348	0.2032710280373831	142	0.0829439252336448	173	0.1010514018691588	107	0.0625	21	0.8076923076923077	21	0.8076923076923077	21	0.8076923076923077	16	0.6153846153846154
387	2026081000	20	pooled_test	ALL	26	520	133	0.2557692307692307	1712	315	0.1839953271028037	150	0.0876168224299065	174	0.1016355140186915	108	0.0630841121495327	21	0.8076923076923077	21	0.8076923076923077	21	0.8076923076923077	15	0.5769230769230769
388	2026081000	20	pooled_test	ALL	26	520	138	0.2653846153846154	1712	297	0.1734813084112149	138	0.080607476635514	174	0.1016355140186915	109	0.0636682242990654	19	0.7307692307692307	19	0.7307692307692307	19	0.7307692307692307	13	0.5
389	2026081000	20	pooled_test	ALL	26	520	135	0.2596153846153846	1712	324	0.1892523364485981	140	0.0817757009345794	168	0.0981308411214953	107	0.0625	23	0.8846153846153846	23	0.8846153846153846	23	0.8846153846153846	15	0.5769230769230769
390	2026081000	20	pooled_test	ALL	26	520	137	0.2634615384615384	1712	294	0.1717289719626168	163	0.0952102803738317	157	0.0917056074766355	104	0.0607476635514018	21	0.8076923076923077	21	0.8076923076923077	21	0.8076923076923077	12	0.4615384615384615
391	2026081000	20	pooled_test	ALL	26	520	144	0.2769230769230769	1712	285	0.1664719626168224	145	0.084696261682243	167	0.0975467289719626	113	0.0660046728971962	18	0.6923076923076923	18	0.6923076923076923	18	0.6923076923076923	15	0.5769230769230769
392	2026081000	20	pooled_test	ALL	26	520	134	0.2576923076923076	1712	322	0.1880841121495327	152	0.0887850467289719	161	0.0940420560747663	105	0.0613317757009345	21	0.8076923076923077	21	0.8076923076923077	21	0.8076923076923077	17	0.6538461538461539
393	2026081000	20	pooled_test	ALL	26	520	145	0.2788461538461538	1712	258	0.1507009345794392	157	0.0917056074766355	171	0.0998831775700934	116	0.0677570093457943	19	0.7307692307692307	19	0.7307692307692307	19	0.7307692307692307	13	0.5
394	2026081000	20	pooled_test	ALL	26	520	134	0.2576923076923076	1712	259	0.1512850467289719	153	0.0893691588785046	167	0.0975467289719626	104	0.0607476635514018	20	0.7692307692307693	20	0.7692307692307693	20	0.7692307692307693	16	0.6153846153846154
395	2026081000	20	pooled_test	ALL	26	520	138	0.2653846153846154	1712	331	0.1933411214953271	143	0.0835280373831775	170	0.0992990654205607	104	0.0607476635514018	21	0.8076923076923077	21	0.8076923076923077	21	0.8076923076923077	15	0.5769230769230769
396	2026081000	20	pooled_test	ALL	26	520	138	0.2653846153846154	1712	333	0.1945093457943925	144	0.0841121495327102	161	0.0940420560747663	99	0.0578271028037383	21	0.8076923076923077	21	0.8076923076923077	21	0.8076923076923077	15	0.5769230769230769
397	2026081000	20	pooled_test	ALL	26	520	138	0.2653846153846154	1712	239	0.1396028037383177	157	0.0917056074766355	159	0.0928738317757009	106	0.0619158878504672	21	0.8076923076923077	21	0.8076923076923077	21	0.8076923076923077	15	0.5769230769230769
398	2026081000	20	pooled_test	ALL	26	520	140	0.2692307692307692	1712	323	0.1886682242990654	165	0.0963785046728972	168	0.0981308411214953	108	0.0630841121495327	22	0.8461538461538461	22	0.8461538461538461	22	0.8461538461538461	16	0.6153846153846154
399	2026081000	20	pooled_test	ALL	26	520	145	0.2788461538461538	1712	301	0.1758177570093458	162	0.094626168224299	165	0.0963785046728972	115	0.0671728971962616	19	0.7307692307692307	19	0.7307692307692307	19	0.7307692307692307	14	0.5384615384615384
400	2026081000	20	pooled_test	ALL	26	520	134	0.2576923076923076	1712	341	0.1991822429906542	141	0.0823598130841121	169	0.098714953271028	100	0.058411214953271	20	0.7692307692307693	20	0.7692307692307693	20	0.7692307692307693	17	0.6538461538461539
401	2026081000	20	pooled_test	ALL	26	520	150	0.2884615384615384	1712	350	0.2044392523364486	167	0.0975467289719626	183	0.1068925233644859	116	0.0677570093457943	23	0.8846153846153846	23	0.8846153846153846	23	0.8846153846153846	15	0.5769230769230769
402	2026081000	20	pooled_test	ALL	26	520	142	0.273076923076923	1712	372	0.2172897196261682	166	0.0969626168224299	181	0.1057242990654205	113	0.0660046728971962	22	0.8461538461538461	22	0.8461538461538461	22	0.8461538461538461	15	0.5769230769230769
403	2026081000	20	pooled_test	ALL	26	520	135	0.2596153846153846	1712	376	0.219626168224299	163	0.0952102803738317	176	0.102803738317757	106	0.0619158878504672	22	0.8461538461538461	22	0.8461538461538461	22	0.8461538461538461	18	0.6923076923076923
404	2026081000	20	pooled_test	ALL	26	520	130	0.25	1712	326	0.1904205607476635	142	0.0829439252336448	171	0.0998831775700934	102	0.0595794392523364	21	0.8076923076923077	21	0.8076923076923077	21	0.8076923076923077	16	0.6153846153846154
405	2026081000	20	pooled_test	ALL	26	520	134	0.2576923076923076	1712	312	0.1822429906542056	144	0.0841121495327102	159	0.0928738317757009	101	0.0589953271028037	22	0.8461538461538461	22	0.8461538461538461	22	0.8461538461538461	18	0.6923076923076923
406	2026081000	20	pooled_test	ALL	26	520	132	0.2538461538461538	1712	313	0.1828271028037383	141	0.0823598130841121	169	0.098714953271028	104	0.0607476635514018	22	0.8461538461538461	22	0.8461538461538461	22	0.8461538461538461	18	0.6923076923076923
407	2026081000	20	pooled_test	ALL	26	520	130	0.25	1712	319	0.1863317757009346	145	0.084696261682243	169	0.098714953271028	104	0.0607476635514018	24	0.9230769230769232	24	0.9230769230769232	24	0.9230769230769232	15	0.5769230769230769
408	2026081000	20	pooled_test	ALL	26	520	129	0.248076923076923	1712	313	0.1828271028037383	129	0.0753504672897196	161	0.0940420560747663	96	0.0560747663551401	19	0.7307692307692307	19	0.7307692307692307	19	0.7307692307692307	16	0.6153846153846154
409	2026081000	20	pooled_test	ALL	26	520	146	0.2807692307692307	1712	299	0.1746495327102804	154	0.0899532710280373	168	0.0981308411214953	113	0.0660046728971962	19	0.7307692307692307	19	0.7307692307692307	19	0.7307692307692307	12	0.4615384615384615
410	2026081000	20	pooled_test	ALL	26	520	133	0.2557692307692307	1712	336	0.1962616822429906	152	0.0887850467289719	159	0.0928738317757009	101	0.0589953271028037	21	0.8076923076923077	21	0.8076923076923077	21	0.8076923076923077	15	0.5769230769230769
411	2026081000	20	pooled_test	ALL	26	520	144	0.2769230769230769	1712	286	0.1670560747663551	155	0.0905373831775701	161	0.0940420560747663	106	0.0619158878504672	18	0.6923076923076923	18	0.6923076923076923	18	0.6923076923076923	12	0.4615384615384615
412	2026081000	20	pooled_test	ALL	26	520	133	0.2557692307692307	1712	371	0.2167056074766355	171	0.0998831775700934	164	0.0957943925233644	101	0.0589953271028037	20	0.7692307692307693	20	0.7692307692307693	20	0.7692307692307693	16	0.6153846153846154
413	2026081000	20	pooled_test	ALL	26	520	141	0.2711538461538461	1712	295	0.1723130841121495	150	0.0876168224299065	164	0.0957943925233644	111	0.0648364485981308	21	0.8076923076923077	21	0.8076923076923077	21	0.8076923076923077	14	0.5384615384615384
414	2026081000	20	pooled_test	ALL	26	520	138	0.2653846153846154	1712	355	0.2073598130841121	171	0.0998831775700934	167	0.0975467289719626	106	0.0619158878504672	22	0.8461538461538461	22	0.8461538461538461	22	0.8461538461538461	14	0.5384615384615384
415	2026081000	20	pooled_test	ALL	26	520	143	0.275	1712	295	0.1723130841121495	155	0.0905373831775701	167	0.0975467289719626	107	0.0625	18	0.6923076923076923	18	0.6923076923076923	18	0.6923076923076923	15	0.5769230769230769
416	2026081000	20	pooled_test	ALL	26	520	138	0.2653846153846154	1712	292	0.1705607476635514	151	0.0882009345794392	166	0.0969626168224299	108	0.0630841121495327	21	0.8076923076923077	21	0.8076923076923077	21	0.8076923076923077	13	0.5
417	2026081000	20	pooled_test	ALL	26	520	142	0.273076923076923	1712	367	0.2143691588785046	162	0.094626168224299	179	0.1045560747663551	106	0.0619158878504672	19	0.7307692307692307	19	0.7307692307692307	19	0.7307692307692307	12	0.4615384615384615
418	2026081000	20	pooled_test	ALL	26	520	135	0.2596153846153846	1712	304	0.1775700934579439	151	0.0882009345794392	166	0.0969626168224299	108	0.0630841121495327	20	0.7692307692307693	20	0.7692307692307693	20	0.7692307692307693	13	0.5
419	2026081000	20	pooled_test	ALL	26	520	128	0.2461538461538461	1712	322	0.1880841121495327	122	0.0712616822429906	164	0.0957943925233644	98	0.0572429906542056	21	0.8076923076923077	21	0.8076923076923077	21	0.8076923076923077	15	0.5769230769230769
420	2026081000	20	pooled_test	ALL	26	520	145	0.2788461538461538	1712	344	0.2009345794392523	166	0.0969626168224299	168	0.0981308411214953	114	0.0665887850467289	20	0.7692307692307693	20	0.7692307692307693	20	0.7692307692307693	12	0.4615384615384615
421	2026081000	20	pooled_test	ALL	26	520	145	0.2788461538461538	1712	308	0.1799065420560747	146	0.0852803738317757	172	0.1004672897196261	107	0.0625	21	0.8076923076923077	21	0.8076923076923077	21	0.8076923076923077	16	0.6153846153846154
422	2026081000	20	pooled_test	ALL	26	520	146	0.2807692307692307	1712	322	0.1880841121495327	151	0.0882009345794392	169	0.098714953271028	110	0.0642523364485981	21	0.8076923076923077	21	0.8076923076923077	21	0.8076923076923077	15	0.5769230769230769
423	2026081000	20	pooled_test	ALL	26	520	139	0.2673076923076923	1712	320	0.1869158878504672	157	0.0917056074766355	173	0.1010514018691588	111	0.0648364485981308	20	0.7692307692307693	20	0.7692307692307693	20	0.7692307692307693	15	0.5769230769230769
424	2026081000	20	pooled_test	ALL	26	520	129	0.248076923076923	1712	250	0.1460280373831775	132	0.0771028037383177	165	0.0963785046728972	98	0.0572429906542056	21	0.8076923076923077	21	0.8076923076923077	21	0.8076923076923077	16	0.6153846153846154
425	2026081000	20	pooled_test	ALL	26	520	153	0.2942307692307692	1712	332	0.1939252336448598	160	0.0934579439252336	183	0.1068925233644859	116	0.0677570093457943	21	0.8076923076923077	21	0.8076923076923077	21	0.8076923076923077	14	0.5384615384615384
426	2026081000	20	pooled_test	ALL	26	520	141	0.2711538461538461	1712	326	0.1904205607476635	145	0.084696261682243	172	0.1004672897196261	105	0.0613317757009345	22	0.8461538461538461	22	0.8461538461538461	22	0.8461538461538461	17	0.6538461538461539
427	2026081000	20	pooled_test	ALL	26	520	136	0.2615384615384615	1712	360	0.2102803738317757	163	0.0952102803738317	173	0.1010514018691588	110	0.0642523364485981	21	0.8076923076923077	21	0.8076923076923077	21	0.8076923076923077	15	0.5769230769230769
428	2026081000	20	pooled_test	ALL	26	520	135	0.2596153846153846	1712	300	0.175233644859813	143	0.0835280373831775	169	0.098714953271028	104	0.0607476635514018	22	0.8461538461538461	22	0.8461538461538461	22	0.8461538461538461	16	0.6153846153846154
429	2026081000	20	pooled_test	ALL	26	520	129	0.248076923076923	1712	353	0.2061915887850467	146	0.0852803738317757	170	0.0992990654205607	93	0.054322429906542	21	0.8076923076923077	21	0.8076923076923077	21	0.8076923076923077	13	0.5
430	2026081000	20	pooled_test	ALL	26	520	132	0.2538461538461538	1712	315	0.1839953271028037	152	0.0887850467289719	178	0.1039719626168224	105	0.0613317757009345	21	0.8076923076923077	21	0.8076923076923077	21	0.8076923076923077	15	0.5769230769230769
431	2026081000	20	pooled_test	ALL	26	520	134	0.2576923076923076	1712	354	0.2067757009345794	151	0.0882009345794392	174	0.1016355140186915	108	0.0630841121495327	22	0.8461538461538461	22	0.8461538461538461	22	0.8461538461538461	15	0.5769230769230769
432	2026081000	20	pooled_test	ALL	26	520	143	0.275	1712	297	0.1734813084112149	152	0.0887850467289719	171	0.0998831775700934	108	0.0630841121495327	21	0.8076923076923077	21	0.8076923076923077	21	0.8076923076923077	17	0.6538461538461539
433	2026081000	20	pooled_test	ALL	26	520	142	0.273076923076923	1712	289	0.1688084112149532	148	0.0864485981308411	165	0.0963785046728972	108	0.0630841121495327	21	0.8076923076923077	21	0.8076923076923077	21	0.8076923076923077	16	0.6153846153846154
434	2026081000	20	pooled_test	ALL	26	520	132	0.2538461538461538	1712	281	0.1641355140186916	146	0.0852803738317757	156	0.0911214953271028	99	0.0578271028037383	19	0.7307692307692307	19	0.7307692307692307	19	0.7307692307692307	16	0.6153846153846154
435	2026081000	20	pooled_test	ALL	26	520	140	0.2692307692307692	1712	301	0.1758177570093458	140	0.0817757009345794	167	0.0975467289719626	107	0.0625	22	0.8461538461538461	22	0.8461538461538461	22	0.8461538461538461	15	0.5769230769230769
436	2026081000	20	pooled_test	ALL	26	520	135	0.2596153846153846	1712	344	0.2009345794392523	153	0.0893691588785046	168	0.0981308411214953	106	0.0619158878504672	20	0.7692307692307693	20	0.7692307692307693	20	0.7692307692307693	14	0.5384615384615384
437	2026081000	20	pooled_test	ALL	26	520	148	0.2846153846153846	1712	337	0.1968457943925233	187	0.1092289719626168	166	0.0969626168224299	113	0.0660046728971962	22	0.8461538461538461	22	0.8461538461538461	22	0.8461538461538461	16	0.6153846153846154
438	2026081000	20	pooled_test	ALL	26	520	137	0.2634615384615384	1712	341	0.1991822429906542	156	0.0911214953271028	156	0.0911214953271028	105	0.0613317757009345	22	0.8461538461538461	22	0.8461538461538461	22	0.8461538461538461	16	0.6153846153846154
439	2026081000	20	pooled_test	ALL	26	520	144	0.2769230769230769	1712	350	0.2044392523364486	163	0.0952102803738317	175	0.1022196261682243	114	0.0665887850467289	22	0.8461538461538461	22	0.8461538461538461	22	0.8461538461538461	15	0.5769230769230769
440	2026081000	20	pooled_test	ALL	26	520	148	0.2846153846153846	1712	301	0.1758177570093458	151	0.0882009345794392	166	0.0969626168224299	112	0.0654205607476635	22	0.8461538461538461	22	0.8461538461538461	22	0.8461538461538461	13	0.5
441	2026081000	20	pooled_test	ALL	26	520	135	0.2596153846153846	1712	345	0.201518691588785	147	0.0858644859813084	162	0.094626168224299	101	0.0589953271028037	19	0.7307692307692307	19	0.7307692307692307	19	0.7307692307692307	14	0.5384615384615384
442	2026081000	20	pooled_test	ALL	26	520	138	0.2653846153846154	1712	332	0.1939252336448598	159	0.0928738317757009	169	0.098714953271028	103	0.0601635514018691	23	0.8846153846153846	23	0.8846153846153846	23	0.8846153846153846	15	0.5769230769230769
443	2026081000	20	pooled_test	ALL	26	520	137	0.2634615384615384	1712	337	0.1968457943925233	141	0.0823598130841121	168	0.0981308411214953	100	0.058411214953271	20	0.7692307692307693	20	0.7692307692307693	20	0.7692307692307693	12	0.4615384615384615
444	2026081000	20	pooled_test	ALL	26	520	139	0.2673076923076923	1712	285	0.1664719626168224	180	0.1051401869158878	179	0.1045560747663551	113	0.0660046728971962	18	0.6923076923076923	18	0.6923076923076923	18	0.6923076923076923	13	0.5
445	2026081000	20	pooled_test	ALL	26	520	151	0.2903846153846154	1712	299	0.1746495327102804	152	0.0887850467289719	168	0.0981308411214953	111	0.0648364485981308	20	0.7692307692307693	20	0.7692307692307693	20	0.7692307692307693	15	0.5769230769230769
446	2026081000	20	pooled_test	ALL	26	520	146	0.2807692307692307	1712	300	0.175233644859813	163	0.0952102803738317	163	0.0952102803738317	108	0.0630841121495327	21	0.8076923076923077	21	0.8076923076923077	21	0.8076923076923077	11	0.4230769230769231
447	2026081000	20	pooled_test	ALL	26	520	134	0.2576923076923076	1712	357	0.2085280373831775	170	0.0992990654205607	168	0.0981308411214953	107	0.0625	21	0.8076923076923077	21	0.8076923076923077	21	0.8076923076923077	14	0.5384615384615384
448	2026081000	20	pooled_test	ALL	26	520	134	0.2576923076923076	1712	360	0.2102803738317757	162	0.094626168224299	157	0.0917056074766355	101	0.0589953271028037	19	0.7307692307692307	19	0.7307692307692307	19	0.7307692307692307	17	0.6538461538461539
449	2026081000	20	pooled_test	ALL	26	520	129	0.248076923076923	1712	336	0.1962616822429906	140	0.0817757009345794	160	0.0934579439252336	101	0.0589953271028037	21	0.8076923076923077	21	0.8076923076923077	21	0.8076923076923077	13	0.5
450	2026081000	20	pooled_test	ALL	26	520	140	0.2692307692307692	1712	355	0.2073598130841121	153	0.0893691588785046	170	0.0992990654205607	107	0.0625	17	0.6538461538461539	17	0.6538461538461539	17	0.6538461538461539	15	0.5769230769230769
451	2026081000	20	pooled_test	ALL	26	520	140	0.2692307692307692	1712	333	0.1945093457943925	152	0.0887850467289719	176	0.102803738317757	108	0.0630841121495327	22	0.8461538461538461	22	0.8461538461538461	22	0.8461538461538461	13	0.5
452	2026081000	20	pooled_test	ALL	26	520	141	0.2711538461538461	1712	322	0.1880841121495327	140	0.0817757009345794	177	0.1033878504672897	111	0.0648364485981308	21	0.8076923076923077	21	0.8076923076923077	21	0.8076923076923077	15	0.5769230769230769
453	2026081000	20	pooled_test	ALL	26	520	146	0.2807692307692307	1712	300	0.175233644859813	166	0.0969626168224299	179	0.1045560747663551	112	0.0654205607476635	18	0.6923076923076923	18	0.6923076923076923	18	0.6923076923076923	14	0.5384615384615384
454	2026081000	20	pooled_test	ALL	26	520	137	0.2634615384615384	1712	358	0.2091121495327103	156	0.0911214953271028	177	0.1033878504672897	109	0.0636682242990654	22	0.8461538461538461	22	0.8461538461538461	22	0.8461538461538461	17	0.6538461538461539
455	2026081000	20	pooled_test	ALL	26	520	137	0.2634615384615384	1712	325	0.1898364485981308	157	0.0917056074766355	163	0.0952102803738317	109	0.0636682242990654	22	0.8461538461538461	22	0.8461538461538461	22	0.8461538461538461	15	0.5769230769230769
456	2026081000	20	pooled_test	ALL	26	520	144	0.2769230769230769	1712	330	0.1927570093457944	168	0.0981308411214953	176	0.102803738317757	116	0.0677570093457943	21	0.8076923076923077	21	0.8076923076923077	21	0.8076923076923077	15	0.5769230769230769
457	2026081000	20	pooled_test	ALL	26	520	139	0.2673076923076923	1712	331	0.1933411214953271	148	0.0864485981308411	169	0.098714953271028	108	0.0630841121495327	17	0.6538461538461539	17	0.6538461538461539	17	0.6538461538461539	11	0.4230769230769231
458	2026081000	20	pooled_test	ALL	26	520	153	0.2942307692307692	1712	316	0.1845794392523364	173	0.1010514018691588	172	0.1004672897196261	120	0.0700934579439252	20	0.7692307692307693	20	0.7692307692307693	20	0.7692307692307693	13	0.5
459	2026081000	20	pooled_test	ALL	26	520	144	0.2769230769230769	1712	353	0.2061915887850467	177	0.1033878504672897	174	0.1016355140186915	113	0.0660046728971962	19	0.7307692307692307	19	0.7307692307692307	19	0.7307692307692307	13	0.5
460	2026081000	20	pooled_test	ALL	26	520	148	0.2846153846153846	1712	310	0.1810747663551402	159	0.0928738317757009	176	0.102803738317757	117	0.0683411214953271	21	0.8076923076923077	21	0.8076923076923077	21	0.8076923076923077	12	0.4615384615384615
461	2026081000	20	pooled_test	ALL	26	520	138	0.2653846153846154	1712	341	0.1991822429906542	165	0.0963785046728972	171	0.0998831775700934	107	0.0625	22	0.8461538461538461	22	0.8461538461538461	22	0.8461538461538461	15	0.5769230769230769
462	2026081000	20	pooled_test	ALL	26	520	138	0.2653846153846154	1712	286	0.1670560747663551	150	0.0876168224299065	153	0.0893691588785046	102	0.0595794392523364	20	0.7692307692307693	20	0.7692307692307693	20	0.7692307692307693	15	0.5769230769230769
463	2026081000	20	pooled_test	ALL	26	520	143	0.275	1712	366	0.2137850467289719	159	0.0928738317757009	178	0.1039719626168224	113	0.0660046728971962	19	0.7307692307692307	19	0.7307692307692307	19	0.7307692307692307	13	0.5
464	2026081000	20	pooled_test	ALL	26	520	142	0.273076923076923	1712	347	0.2026869158878504	154	0.0899532710280373	177	0.1033878504672897	111	0.0648364485981308	18	0.6923076923076923	18	0.6923076923076923	18	0.6923076923076923	14	0.5384615384615384
465	2026081000	20	pooled_test	ALL	26	520	136	0.2615384615384615	1712	250	0.1460280373831775	151	0.0882009345794392	165	0.0963785046728972	106	0.0619158878504672	19	0.7307692307692307	19	0.7307692307692307	19	0.7307692307692307	13	0.5
466	2026081000	20	pooled_test	ALL	26	520	150	0.2884615384615384	1712	299	0.1746495327102804	168	0.0981308411214953	176	0.102803738317757	123	0.0718457943925233	22	0.8461538461538461	22	0.8461538461538461	22	0.8461538461538461	14	0.5384615384615384
467	2026081000	20	pooled_test	ALL	26	520	146	0.2807692307692307	1712	298	0.1740654205607476	148	0.0864485981308411	179	0.1045560747663551	112	0.0654205607476635	21	0.8076923076923077	21	0.8076923076923077	21	0.8076923076923077	13	0.5
468	2026081000	20	pooled_test	ALL	26	520	142	0.273076923076923	1712	309	0.1804906542056074	147	0.0858644859813084	173	0.1010514018691588	108	0.0630841121495327	20	0.7692307692307693	20	0.7692307692307693	20	0.7692307692307693	12	0.4615384615384615
469	2026081000	20	pooled_test	ALL	26	520	141	0.2711538461538461	1712	299	0.1746495327102804	152	0.0887850467289719	169	0.098714953271028	103	0.0601635514018691	21	0.8076923076923077	21	0.8076923076923077	21	0.8076923076923077	14	0.5384615384615384
470	2026081000	20	pooled_test	ALL	26	520	134	0.2576923076923076	1712	332	0.1939252336448598	157	0.0917056074766355	173	0.1010514018691588	105	0.0613317757009345	23	0.8846153846153846	23	0.8846153846153846	23	0.8846153846153846	17	0.6538461538461539
471	2026081000	20	pooled_test	ALL	26	520	136	0.2615384615384615	1712	282	0.1647196261682243	140	0.0817757009345794	162	0.094626168224299	99	0.0578271028037383	18	0.6923076923076923	18	0.6923076923076923	18	0.6923076923076923	12	0.4615384615384615
472	2026081000	20	pooled_test	ALL	26	520	153	0.2942307692307692	1712	300	0.175233644859813	156	0.0911214953271028	164	0.0957943925233644	114	0.0665887850467289	20	0.7692307692307693	20	0.7692307692307693	20	0.7692307692307693	13	0.5
473	2026081000	20	pooled_test	ALL	26	520	146	0.2807692307692307	1712	234	0.1366822429906542	166	0.0969626168224299	167	0.0975467289719626	113	0.0660046728971962	19	0.7307692307692307	19	0.7307692307692307	19	0.7307692307692307	16	0.6153846153846154
474	2026081000	20	pooled_test	ALL	26	520	135	0.2596153846153846	1712	307	0.179322429906542	137	0.0800233644859813	162	0.094626168224299	99	0.0578271028037383	21	0.8076923076923077	21	0.8076923076923077	21	0.8076923076923077	17	0.6538461538461539
475	2026081000	20	pooled_test	ALL	26	520	149	0.2865384615384615	1712	308	0.1799065420560747	160	0.0934579439252336	170	0.0992990654205607	116	0.0677570093457943	20	0.7692307692307693	20	0.7692307692307693	20	0.7692307692307693	17	0.6538461538461539
476	2026081000	20	pooled_test	ALL	26	520	136	0.2615384615384615	1712	359	0.2096962616822429	162	0.094626168224299	176	0.102803738317757	112	0.0654205607476635	20	0.7692307692307693	20	0.7692307692307693	20	0.7692307692307693	15	0.5769230769230769
477	2026081000	20	pooled_test	ALL	26	520	132	0.2538461538461538	1712	269	0.157126168224299	135	0.0788551401869158	175	0.1022196261682243	102	0.0595794392523364	21	0.8076923076923077	21	0.8076923076923077	21	0.8076923076923077	14	0.5384615384615384
478	2026081000	20	pooled_test	ALL	26	520	141	0.2711538461538461	1712	339	0.1980140186915887	162	0.094626168224299	171	0.0998831775700934	107	0.0625	20	0.7692307692307693	20	0.7692307692307693	20	0.7692307692307693	13	0.5
479	2026081000	20	pooled_test	ALL	26	520	140	0.2692307692307692	1712	289	0.1688084112149532	160	0.0934579439252336	175	0.1022196261682243	109	0.0636682242990654	20	0.7692307692307693	20	0.7692307692307693	20	0.7692307692307693	14	0.5384615384615384
480	2026081000	20	pooled_test	ALL	26	520	165	0.3173076923076923	1712	303	0.1769859813084112	157	0.0917056074766355	177	0.1033878504672897	123	0.0718457943925233	19	0.7307692307692307	19	0.7307692307692307	19	0.7307692307692307	11	0.4230769230769231
481	2026081000	20	pooled_test	ALL	26	520	142	0.273076923076923	1712	308	0.1799065420560747	146	0.0852803738317757	167	0.0975467289719626	104	0.0607476635514018	21	0.8076923076923077	21	0.8076923076923077	21	0.8076923076923077	15	0.5769230769230769
482	2026081000	20	pooled_test	ALL	26	520	139	0.2673076923076923	1712	301	0.1758177570093458	146	0.0852803738317757	167	0.0975467289719626	105	0.0613317757009345	21	0.8076923076923077	21	0.8076923076923077	21	0.8076923076923077	16	0.6153846153846154
483	2026081000	20	pooled_test	ALL	26	520	131	0.2519230769230769	1712	341	0.1991822429906542	163	0.0952102803738317	158	0.0922897196261682	103	0.0601635514018691	22	0.8461538461538461	22	0.8461538461538461	22	0.8461538461538461	15	0.5769230769230769
484	2026081000	20	pooled_test	ALL	26	520	135	0.2596153846153846	1712	324	0.1892523364485981	131	0.076518691588785	161	0.0940420560747663	101	0.0589953271028037	22	0.8461538461538461	22	0.8461538461538461	22	0.8461538461538461	14	0.5384615384615384
485	2026081000	20	pooled_test	ALL	26	520	132	0.2538461538461538	1712	336	0.1962616822429906	143	0.0835280373831775	167	0.0975467289719626	104	0.0607476635514018	20	0.7692307692307693	20	0.7692307692307693	20	0.7692307692307693	14	0.5384615384615384
486	2026081000	20	pooled_test	ALL	26	520	146	0.2807692307692307	1712	319	0.1863317757009346	152	0.0887850467289719	178	0.1039719626168224	116	0.0677570093457943	20	0.7692307692307693	20	0.7692307692307693	20	0.7692307692307693	13	0.5
487	2026081000	20	pooled_test	ALL	26	520	135	0.2596153846153846	1712	289	0.1688084112149532	138	0.080607476635514	172	0.1004672897196261	108	0.0630841121495327	22	0.8461538461538461	22	0.8461538461538461	22	0.8461538461538461	13	0.5
488	2026081000	20	pooled_test	ALL	26	520	147	0.2826923076923077	1712	343	0.2003504672897196	156	0.0911214953271028	169	0.098714953271028	108	0.0630841121495327	20	0.7692307692307693	20	0.7692307692307693	20	0.7692307692307693	14	0.5384615384615384
489	2026081000	20	pooled_test	ALL	26	520	137	0.2634615384615384	1712	372	0.2172897196261682	169	0.098714953271028	174	0.1016355140186915	108	0.0630841121495327	23	0.8846153846153846	23	0.8846153846153846	23	0.8846153846153846	15	0.5769230769230769
490	2026081000	20	pooled_test	ALL	26	520	136	0.2615384615384615	1712	316	0.1845794392523364	150	0.0876168224299065	158	0.0922897196261682	98	0.0572429906542056	20	0.7692307692307693	20	0.7692307692307693	20	0.7692307692307693	15	0.5769230769230769
491	2026081000	20	pooled_test	ALL	26	520	141	0.2711538461538461	1712	325	0.1898364485981308	139	0.0811915887850467	175	0.1022196261682243	103	0.0601635514018691	21	0.8076923076923077	21	0.8076923076923077	21	0.8076923076923077	16	0.6153846153846154
492	2026081000	20	pooled_test	ALL	26	520	146	0.2807692307692307	1712	332	0.1939252336448598	169	0.098714953271028	178	0.1039719626168224	112	0.0654205607476635	22	0.8461538461538461	22	0.8461538461538461	22	0.8461538461538461	16	0.6153846153846154
493	2026081000	20	pooled_test	ALL	26	520	140	0.2692307692307692	1712	348	0.2032710280373831	137	0.0800233644859813	178	0.1039719626168224	104	0.0607476635514018	18	0.6923076923076923	18	0.6923076923076923	18	0.6923076923076923	11	0.4230769230769231
494	2026081000	20	pooled_test	ALL	26	520	142	0.273076923076923	1712	360	0.2102803738317757	150	0.0876168224299065	171	0.0998831775700934	108	0.0630841121495327	18	0.6923076923076923	18	0.6923076923076923	18	0.6923076923076923	13	0.5
495	2026081000	20	pooled_test	ALL	26	520	133	0.2557692307692307	1712	256	0.1495327102803738	125	0.0730140186915887	169	0.098714953271028	101	0.0589953271028037	20	0.7692307692307693	20	0.7692307692307693	20	0.7692307692307693	14	0.5384615384615384
496	2026081000	20	pooled_test	ALL	26	520	142	0.273076923076923	1712	303	0.1769859813084112	156	0.0911214953271028	175	0.1022196261682243	106	0.0619158878504672	21	0.8076923076923077	21	0.8076923076923077	21	0.8076923076923077	15	0.5769230769230769
497	2026081000	20	pooled_test	ALL	26	520	137	0.2634615384615384	1712	293	0.1711448598130841	163	0.0952102803738317	157	0.0917056074766355	104	0.0607476635514018	18	0.6923076923076923	18	0.6923076923076923	18	0.6923076923076923	11	0.4230769230769231
498	2026081000	20	pooled_test	ALL	26	520	140	0.2692307692307692	1712	298	0.1740654205607476	157	0.0917056074766355	159	0.0928738317757009	101	0.0589953271028037	22	0.8461538461538461	22	0.8461538461538461	22	0.8461538461538461	15	0.5769230769230769
499	2026081000	20	pooled_test	ALL	26	520	144	0.2769230769230769	1712	327	0.1910046728971962	178	0.1039719626168224	167	0.0975467289719626	117	0.0683411214953271	18	0.6923076923076923	18	0.6923076923076923	18	0.6923076923076923	14	0.5384615384615384
500	2026081000	20	pooled_test	ALL	26	520	136	0.2615384615384615	1712	344	0.2009345794392523	162	0.094626168224299	171	0.0998831775700934	110	0.0642523364485981	20	0.7692307692307693	20	0.7692307692307693	20	0.7692307692307693	14	0.5384615384615384
501	2026081000	20	pooled_test	ALL	26	520	141	0.2711538461538461	1712	321	0.1875	152	0.0887850467289719	171	0.0998831775700934	112	0.0654205607476635	23	0.8846153846153846	23	0.8846153846153846	23	0.8846153846153846	14	0.5384615384615384
502	2026081000	20	pooled_test	ALL	26	520	143	0.275	1712	358	0.2091121495327103	161	0.0940420560747663	174	0.1016355140186915	114	0.0665887850467289	22	0.8461538461538461	22	0.8461538461538461	22	0.8461538461538461	14	0.5384615384615384
503	2026081000	20	pooled_test	ALL	26	520	123	0.2365384615384615	1712	325	0.1898364485981308	140	0.0817757009345794	153	0.0893691588785046	91	0.0531542056074766	21	0.8076923076923077	21	0.8076923076923077	21	0.8076923076923077	16	0.6153846153846154
504	2026081000	20	pooled_test	ALL	26	520	145	0.2788461538461538	1712	327	0.1910046728971962	164	0.0957943925233644	167	0.0975467289719626	106	0.0619158878504672	21	0.8076923076923077	21	0.8076923076923077	21	0.8076923076923077	14	0.5384615384615384
505	2026081000	20	pooled_test	ALL	26	520	142	0.273076923076923	1712	320	0.1869158878504672	149	0.0870327102803738	172	0.1004672897196261	109	0.0636682242990654	18	0.6923076923076923	18	0.6923076923076923	18	0.6923076923076923	14	0.5384615384615384
506	2026081000	20	pooled_test	ALL	26	520	136	0.2615384615384615	1712	308	0.1799065420560747	141	0.0823598130841121	166	0.0969626168224299	106	0.0619158878504672	20	0.7692307692307693	20	0.7692307692307693	20	0.7692307692307693	12	0.4615384615384615
507	2026081000	20	pooled_test	ALL	26	520	133	0.2557692307692307	1712	346	0.2021028037383177	152	0.0887850467289719	168	0.0981308411214953	105	0.0613317757009345	23	0.8846153846153846	23	0.8846153846153846	23	0.8846153846153846	13	0.5
508	2026081000	20	pooled_test	ALL	26	520	137	0.2634615384615384	1712	351	0.2050233644859813	178	0.1039719626168224	158	0.0922897196261682	112	0.0654205607476635	20	0.7692307692307693	20	0.7692307692307693	20	0.7692307692307693	14	0.5384615384615384
509	2026081000	20	pooled_test	ALL	26	520	144	0.2769230769230769	1712	373	0.2178738317757009	163	0.0952102803738317	175	0.1022196261682243	112	0.0654205607476635	21	0.8076923076923077	21	0.8076923076923077	21	0.8076923076923077	15	0.5769230769230769
510	2026081000	20	pooled_test	ALL	26	520	148	0.2846153846153846	1712	298	0.1740654205607476	149	0.0870327102803738	175	0.1022196261682243	111	0.0648364485981308	19	0.7307692307692307	19	0.7307692307692307	19	0.7307692307692307	15	0.5769230769230769
511	2026081000	20	pooled_test	ALL	26	520	142	0.273076923076923	1712	323	0.1886682242990654	145	0.084696261682243	174	0.1016355140186915	110	0.0642523364485981	21	0.8076923076923077	21	0.8076923076923077	21	0.8076923076923077	14	0.5384615384615384
512	2026081000	20	pooled_test	ALL	26	520	143	0.275	1712	297	0.1734813084112149	145	0.084696261682243	162	0.094626168224299	107	0.0625	22	0.8461538461538461	22	0.8461538461538461	22	0.8461538461538461	17	0.6538461538461539
513	2026081000	20	pooled_test	ALL	26	520	134	0.2576923076923076	1712	321	0.1875	140	0.0817757009345794	169	0.098714953271028	98	0.0572429906542056	22	0.8461538461538461	22	0.8461538461538461	22	0.8461538461538461	18	0.6923076923076923
514	2026081000	20	pooled_test	ALL	26	520	133	0.2557692307692307	1712	339	0.1980140186915887	145	0.084696261682243	160	0.0934579439252336	99	0.0578271028037383	21	0.8076923076923077	21	0.8076923076923077	21	0.8076923076923077	16	0.6153846153846154
515	2026081000	20	pooled_test	ALL	26	520	132	0.2538461538461538	1712	234	0.1366822429906542	133	0.0776869158878504	165	0.0963785046728972	97	0.0566588785046729	18	0.6923076923076923	18	0.6923076923076923	18	0.6923076923076923	12	0.4615384615384615
516	2026081000	20	pooled_test	ALL	26	520	143	0.275	1712	256	0.1495327102803738	144	0.0841121495327102	162	0.094626168224299	108	0.0630841121495327	20	0.7692307692307693	20	0.7692307692307693	20	0.7692307692307693	15	0.5769230769230769
517	2026081000	20	pooled_test	ALL	26	520	144	0.2769230769230769	1712	347	0.2026869158878504	166	0.0969626168224299	168	0.0981308411214953	113	0.0660046728971962	21	0.8076923076923077	21	0.8076923076923077	21	0.8076923076923077	15	0.5769230769230769
518	2026081000	20	pooled_test	ALL	26	520	144	0.2769230769230769	1712	308	0.1799065420560747	154	0.0899532710280373	169	0.098714953271028	111	0.0648364485981308	20	0.7692307692307693	20	0.7692307692307693	20	0.7692307692307693	14	0.5384615384615384
519	2026081000	20	pooled_test	ALL	26	520	132	0.2538461538461538	1712	248	0.1448598130841121	171	0.0998831775700934	157	0.0917056074766355	98	0.0572429906542056	20	0.7692307692307693	20	0.7692307692307693	20	0.7692307692307693	16	0.6153846153846154
520	2026081000	20	pooled_test	ALL	26	520	145	0.2788461538461538	1712	276	0.161214953271028	153	0.0893691588785046	177	0.1033878504672897	109	0.0636682242990654	20	0.7692307692307693	20	0.7692307692307693	20	0.7692307692307693	14	0.5384615384615384
521	2026081000	20	pooled_test	ALL	26	520	143	0.275	1712	312	0.1822429906542056	162	0.094626168224299	170	0.0992990654205607	116	0.0677570093457943	22	0.8461538461538461	22	0.8461538461538461	22	0.8461538461538461	17	0.6538461538461539
522	2026081000	20	pooled_test	ALL	26	520	144	0.2769230769230769	1712	328	0.1915887850467289	151	0.0882009345794392	176	0.102803738317757	110	0.0642523364485981	19	0.7307692307692307	19	0.7307692307692307	19	0.7307692307692307	11	0.4230769230769231
523	2026081000	20	pooled_test	ALL	26	520	145	0.2788461538461538	1712	372	0.2172897196261682	155	0.0905373831775701	183	0.1068925233644859	111	0.0648364485981308	21	0.8076923076923077	21	0.8076923076923077	21	0.8076923076923077	17	0.6538461538461539
524	2026081000	20	pooled_test	ALL	26	520	130	0.25	1712	299	0.1746495327102804	133	0.0776869158878504	166	0.0969626168224299	98	0.0572429906542056	23	0.8846153846153846	23	0.8846153846153846	23	0.8846153846153846	13	0.5
525	2026081000	20	pooled_test	ALL	26	520	136	0.2615384615384615	1712	282	0.1647196261682243	150	0.0876168224299065	159	0.0928738317757009	105	0.0613317757009345	22	0.8461538461538461	22	0.8461538461538461	22	0.8461538461538461	17	0.6538461538461539
526	2026081000	20	pooled_test	ALL	26	520	159	0.3057692307692308	1712	313	0.1828271028037383	176	0.102803738317757	172	0.1004672897196261	121	0.0706775700934579	22	0.8461538461538461	22	0.8461538461538461	22	0.8461538461538461	17	0.6538461538461539
527	2026081000	20	pooled_test	ALL	26	520	137	0.2634615384615384	1712	358	0.2091121495327103	163	0.0952102803738317	167	0.0975467289719626	106	0.0619158878504672	21	0.8076923076923077	21	0.8076923076923077	21	0.8076923076923077	12	0.4615384615384615
528	2026081000	20	pooled_test	ALL	26	520	137	0.2634615384615384	1712	321	0.1875	148	0.0864485981308411	174	0.1016355140186915	108	0.0630841121495327	20	0.7692307692307693	20	0.7692307692307693	20	0.7692307692307693	13	0.5
529	2026081000	20	pooled_test	ALL	26	520	144	0.2769230769230769	1712	292	0.1705607476635514	161	0.0940420560747663	155	0.0905373831775701	107	0.0625	21	0.8076923076923077	21	0.8076923076923077	21	0.8076923076923077	13	0.5
530	2026081000	20	pooled_test	ALL	26	520	145	0.2788461538461538	1712	347	0.2026869158878504	162	0.094626168224299	170	0.0992990654205607	115	0.0671728971962616	20	0.7692307692307693	20	0.7692307692307693	19	0.7307692307692307	16	0.6153846153846154
531	2026081000	20	pooled_test	ALL	26	520	146	0.2807692307692307	1712	350	0.2044392523364486	168	0.0981308411214953	176	0.102803738317757	116	0.0677570093457943	21	0.8076923076923077	21	0.8076923076923077	21	0.8076923076923077	13	0.5
532	2026081000	20	pooled_test	ALL	26	520	141	0.2711538461538461	1712	371	0.2167056074766355	160	0.0934579439252336	177	0.1033878504672897	108	0.0630841121495327	20	0.7692307692307693	20	0.7692307692307693	20	0.7692307692307693	11	0.4230769230769231
533	2026081000	20	pooled_test	ALL	26	520	144	0.2769230769230769	1712	243	0.1419392523364486	165	0.0963785046728972	173	0.1010514018691588	110	0.0642523364485981	18	0.6923076923076923	18	0.6923076923076923	18	0.6923076923076923	13	0.5
534	2026081000	20	pooled_test	ALL	26	520	139	0.2673076923076923	1712	304	0.1775700934579439	137	0.0800233644859813	168	0.0981308411214953	108	0.0630841121495327	20	0.7692307692307693	20	0.7692307692307693	20	0.7692307692307693	15	0.5769230769230769
535	2026081000	20	pooled_test	ALL	26	520	139	0.2673076923076923	1712	300	0.175233644859813	147	0.0858644859813084	171	0.0998831775700934	106	0.0619158878504672	19	0.7307692307692307	19	0.7307692307692307	19	0.7307692307692307	13	0.5
536	2026081000	20	pooled_test	ALL	26	520	146	0.2807692307692307	1712	291	0.1699766355140187	154	0.0899532710280373	167	0.0975467289719626	110	0.0642523364485981	22	0.8461538461538461	22	0.8461538461538461	22	0.8461538461538461	17	0.6538461538461539
537	2026081000	20	pooled_test	ALL	26	520	145	0.2788461538461538	1712	322	0.1880841121495327	156	0.0911214953271028	166	0.0969626168224299	110	0.0642523364485981	20	0.7692307692307693	20	0.7692307692307693	20	0.7692307692307693	13	0.5
538	2026081000	20	pooled_test	ALL	26	520	140	0.2692307692307692	1712	347	0.2026869158878504	166	0.0969626168224299	189	0.1103971962616822	112	0.0654205607476635	24	0.9230769230769232	24	0.9230769230769232	24	0.9230769230769232	18	0.6923076923076923
539	2026081000	20	pooled_test	ALL	26	520	148	0.2846153846153846	1712	369	0.2155373831775701	162	0.094626168224299	182	0.1063084112149532	115	0.0671728971962616	22	0.8461538461538461	22	0.8461538461538461	22	0.8461538461538461	16	0.6153846153846154
540	2026081000	20	pooled_test	ALL	26	520	144	0.2769230769230769	1712	367	0.2143691588785046	160	0.0934579439252336	183	0.1068925233644859	114	0.0665887850467289	20	0.7692307692307693	20	0.7692307692307693	20	0.7692307692307693	12	0.4615384615384615
541	2026081000	20	pooled_test	ALL	26	520	152	0.2923076923076923	1712	322	0.1880841121495327	175	0.1022196261682243	174	0.1016355140186915	117	0.0683411214953271	19	0.7307692307692307	19	0.7307692307692307	19	0.7307692307692307	12	0.4615384615384615
542	2026081000	20	pooled_test	ALL	26	520	151	0.2903846153846154	1712	320	0.1869158878504672	164	0.0957943925233644	177	0.1033878504672897	119	0.0695093457943925	19	0.7307692307692307	19	0.7307692307692307	19	0.7307692307692307	15	0.5769230769230769
543	2026081000	20	pooled_test	ALL	26	520	138	0.2653846153846154	1712	365	0.2132009345794392	157	0.0917056074766355	168	0.0981308411214953	104	0.0607476635514018	22	0.8461538461538461	22	0.8461538461538461	22	0.8461538461538461	16	0.6153846153846154
544	2026081000	20	pooled_test	ALL	26	520	134	0.2576923076923076	1712	286	0.1670560747663551	142	0.0829439252336448	161	0.0940420560747663	104	0.0607476635514018	20	0.7692307692307693	20	0.7692307692307693	20	0.7692307692307693	11	0.4230769230769231
545	2026081000	20	pooled_test	ALL	26	520	135	0.2596153846153846	1712	230	0.1343457943925233	128	0.0747663551401869	156	0.0911214953271028	99	0.0578271028037383	21	0.8076923076923077	21	0.8076923076923077	21	0.8076923076923077	18	0.6923076923076923
546	2026081000	20	pooled_test	ALL	26	520	136	0.2615384615384615	1712	260	0.1518691588785046	163	0.0952102803738317	155	0.0905373831775701	104	0.0607476635514018	20	0.7692307692307693	20	0.7692307692307693	20	0.7692307692307693	15	0.5769230769230769
547	2026081000	20	pooled_test	ALL	26	520	142	0.273076923076923	1712	321	0.1875	140	0.0817757009345794	172	0.1004672897196261	105	0.0613317757009345	20	0.7692307692307693	20	0.7692307692307693	20	0.7692307692307693	15	0.5769230769230769
548	2026081000	20	pooled_test	ALL	26	520	138	0.2653846153846154	1712	336	0.1962616822429906	138	0.080607476635514	166	0.0969626168224299	98	0.0572429906542056	20	0.7692307692307693	20	0.7692307692307693	20	0.7692307692307693	16	0.6153846153846154
549	2026081000	20	pooled_test	ALL	26	520	144	0.2769230769230769	1712	343	0.2003504672897196	168	0.0981308411214953	172	0.1004672897196261	110	0.0642523364485981	24	0.9230769230769232	24	0.9230769230769232	24	0.9230769230769232	19	0.7307692307692307
550	2026081000	20	pooled_test	ALL	26	520	137	0.2634615384615384	1712	302	0.1764018691588785	148	0.0864485981308411	168	0.0981308411214953	104	0.0607476635514018	20	0.7692307692307693	20	0.7692307692307693	20	0.7692307692307693	12	0.4615384615384615
551	2026081000	20	pooled_test	ALL	26	520	139	0.2673076923076923	1712	306	0.1787383177570093	138	0.080607476635514	160	0.0934579439252336	101	0.0589953271028037	23	0.8846153846153846	23	0.8846153846153846	23	0.8846153846153846	14	0.5384615384615384
552	2026081000	20	pooled_test	ALL	26	520	140	0.2692307692307692	1712	343	0.2003504672897196	143	0.0835280373831775	165	0.0963785046728972	104	0.0607476635514018	21	0.8076923076923077	21	0.8076923076923077	21	0.8076923076923077	17	0.6538461538461539
553	2026081000	20	pooled_test	ALL	26	520	149	0.2865384615384615	1712	318	0.1857476635514018	164	0.0957943925233644	164	0.0957943925233644	110	0.0642523364485981	19	0.7307692307692307	19	0.7307692307692307	19	0.7307692307692307	14	0.5384615384615384
554	2026081000	20	pooled_test	ALL	26	520	149	0.2865384615384615	1712	367	0.2143691588785046	175	0.1022196261682243	186	0.1086448598130841	122	0.0712616822429906	22	0.8461538461538461	22	0.8461538461538461	22	0.8461538461538461	13	0.5
555	2026081000	20	pooled_test	ALL	26	520	134	0.2576923076923076	1712	341	0.1991822429906542	166	0.0969626168224299	161	0.0940420560747663	103	0.0601635514018691	22	0.8461538461538461	22	0.8461538461538461	22	0.8461538461538461	18	0.6923076923076923
556	2026081000	20	pooled_test	ALL	26	520	144	0.2769230769230769	1712	322	0.1880841121495327	162	0.094626168224299	167	0.0975467289719626	111	0.0648364485981308	22	0.8461538461538461	22	0.8461538461538461	22	0.8461538461538461	15	0.5769230769230769
557	2026081000	20	pooled_test	ALL	26	520	133	0.2557692307692307	1712	306	0.1787383177570093	141	0.0823598130841121	160	0.0934579439252336	99	0.0578271028037383	18	0.6923076923076923	18	0.6923076923076923	18	0.6923076923076923	14	0.5384615384615384
558	2026081000	20	pooled_test	ALL	26	520	135	0.2596153846153846	1712	318	0.1857476635514018	137	0.0800233644859813	165	0.0963785046728972	99	0.0578271028037383	22	0.8461538461538461	22	0.8461538461538461	22	0.8461538461538461	15	0.5769230769230769
559	2026081000	20	pooled_test	ALL	26	520	148	0.2846153846153846	1712	277	0.1617990654205607	148	0.0864485981308411	167	0.0975467289719626	108	0.0630841121495327	22	0.8461538461538461	22	0.8461538461538461	22	0.8461538461538461	14	0.5384615384615384
560	2026081000	20	pooled_test	ALL	26	520	135	0.2596153846153846	1712	282	0.1647196261682243	139	0.0811915887850467	155	0.0905373831775701	101	0.0589953271028037	20	0.7692307692307693	20	0.7692307692307693	20	0.7692307692307693	15	0.5769230769230769
561	2026081000	20	pooled_test	ALL	26	520	146	0.2807692307692307	1712	369	0.2155373831775701	161	0.0940420560747663	177	0.1033878504672897	107	0.0625	21	0.8076923076923077	21	0.8076923076923077	21	0.8076923076923077	14	0.5384615384615384
562	2026081000	20	pooled_test	ALL	26	520	145	0.2788461538461538	1712	291	0.1699766355140187	147	0.0858644859813084	168	0.0981308411214953	112	0.0654205607476635	18	0.6923076923076923	18	0.6923076923076923	18	0.6923076923076923	14	0.5384615384615384
563	2026081000	20	pooled_test	ALL	26	520	146	0.2807692307692307	1712	323	0.1886682242990654	158	0.0922897196261682	165	0.0963785046728972	109	0.0636682242990654	22	0.8461538461538461	22	0.8461538461538461	22	0.8461538461538461	9	0.3461538461538461
564	2026081000	20	pooled_test	ALL	26	520	147	0.2826923076923077	1712	319	0.1863317757009346	173	0.1010514018691588	165	0.0963785046728972	111	0.0648364485981308	21	0.8076923076923077	21	0.8076923076923077	21	0.8076923076923077	14	0.5384615384615384
565	2026081000	20	pooled_test	ALL	26	520	130	0.25	1712	294	0.1717289719626168	138	0.080607476635514	167	0.0975467289719626	98	0.0572429906542056	17	0.6538461538461539	17	0.6538461538461539	17	0.6538461538461539	11	0.4230769230769231
566	2026081000	20	pooled_test	ALL	26	520	139	0.2673076923076923	1712	332	0.1939252336448598	167	0.0975467289719626	164	0.0957943925233644	106	0.0619158878504672	19	0.7307692307692307	19	0.7307692307692307	19	0.7307692307692307	13	0.5
567	2026081000	20	pooled_test	ALL	26	520	149	0.2865384615384615	1712	324	0.1892523364485981	161	0.0940420560747663	188	0.1098130841121495	121	0.0706775700934579	21	0.8076923076923077	21	0.8076923076923077	21	0.8076923076923077	16	0.6153846153846154
568	2026081000	20	pooled_test	ALL	26	520	145	0.2788461538461538	1712	326	0.1904205607476635	148	0.0864485981308411	169	0.098714953271028	112	0.0654205607476635	20	0.7692307692307693	20	0.7692307692307693	20	0.7692307692307693	13	0.5
569	2026081000	20	pooled_test	ALL	26	520	131	0.2519230769230769	1712	319	0.1863317757009346	144	0.0841121495327102	163	0.0952102803738317	104	0.0607476635514018	20	0.7692307692307693	20	0.7692307692307693	20	0.7692307692307693	13	0.5
570	2026081000	20	pooled_test	ALL	26	520	136	0.2615384615384615	1712	368	0.2149532710280373	165	0.0963785046728972	174	0.1016355140186915	100	0.058411214953271	17	0.6538461538461539	17	0.6538461538461539	17	0.6538461538461539	12	0.4615384615384615
571	2026081000	20	pooled_test	ALL	26	520	153	0.2942307692307692	1712	330	0.1927570093457944	163	0.0952102803738317	157	0.0917056074766355	111	0.0648364485981308	19	0.7307692307692307	19	0.7307692307692307	19	0.7307692307692307	16	0.6153846153846154
572	2026081000	20	pooled_test	ALL	26	520	140	0.2692307692307692	1712	314	0.183411214953271	151	0.0882009345794392	176	0.102803738317757	112	0.0654205607476635	20	0.7692307692307693	20	0.7692307692307693	20	0.7692307692307693	15	0.5769230769230769
573	2026081000	20	pooled_test	ALL	26	520	137	0.2634615384615384	1712	358	0.2091121495327103	159	0.0928738317757009	172	0.1004672897196261	105	0.0613317757009345	21	0.8076923076923077	21	0.8076923076923077	21	0.8076923076923077	12	0.4615384615384615
574	2026081000	20	pooled_test	ALL	26	520	130	0.25	1712	252	0.1471962616822429	141	0.0823598130841121	171	0.0998831775700934	98	0.0572429906542056	20	0.7692307692307693	20	0.7692307692307693	20	0.7692307692307693	15	0.5769230769230769
575	2026081000	20	pooled_test	ALL	26	520	143	0.275	1712	340	0.1985981308411215	164	0.0957943925233644	162	0.094626168224299	106	0.0619158878504672	20	0.7692307692307693	20	0.7692307692307693	20	0.7692307692307693	12	0.4615384615384615
576	2026081000	20	pooled_test	ALL	26	520	148	0.2846153846153846	1712	266	0.1553738317757009	139	0.0811915887850467	161	0.0940420560747663	104	0.0607476635514018	20	0.7692307692307693	20	0.7692307692307693	20	0.7692307692307693	13	0.5
577	2026081000	20	pooled_test	ALL	26	520	146	0.2807692307692307	1712	325	0.1898364485981308	174	0.1016355140186915	166	0.0969626168224299	112	0.0654205607476635	21	0.8076923076923077	21	0.8076923076923077	21	0.8076923076923077	14	0.5384615384615384
578	2026081000	20	pooled_test	ALL	26	520	126	0.2423076923076923	1712	296	0.1728971962616822	134	0.0782710280373831	154	0.0899532710280373	98	0.0572429906542056	21	0.8076923076923077	21	0.8076923076923077	21	0.8076923076923077	13	0.5
579	2026081000	20	pooled_test	ALL	26	520	156	0.3	1712	350	0.2044392523364486	169	0.098714953271028	182	0.1063084112149532	120	0.0700934579439252	20	0.7692307692307693	20	0.7692307692307693	20	0.7692307692307693	17	0.6538461538461539
580	2026081000	20	pooled_test	ALL	26	520	132	0.2538461538461538	1712	316	0.1845794392523364	145	0.084696261682243	161	0.0940420560747663	105	0.0613317757009345	20	0.7692307692307693	20	0.7692307692307693	20	0.7692307692307693	17	0.6538461538461539
581	2026081000	20	pooled_test	ALL	26	520	134	0.2576923076923076	1712	323	0.1886682242990654	145	0.084696261682243	173	0.1010514018691588	103	0.0601635514018691	19	0.7307692307692307	19	0.7307692307692307	19	0.7307692307692307	17	0.6538461538461539
582	2026081000	20	pooled_test	ALL	26	520	135	0.2596153846153846	1712	359	0.2096962616822429	151	0.0882009345794392	165	0.0963785046728972	102	0.0595794392523364	20	0.7692307692307693	20	0.7692307692307693	20	0.7692307692307693	13	0.5
583	2026081000	20	pooled_test	ALL	26	520	141	0.2711538461538461	1712	354	0.2067757009345794	161	0.0940420560747663	164	0.0957943925233644	105	0.0613317757009345	19	0.7307692307692307	19	0.7307692307692307	19	0.7307692307692307	13	0.5
584	2026081000	20	pooled_test	ALL	26	520	126	0.2423076923076923	1712	295	0.1723130841121495	128	0.0747663551401869	160	0.0934579439252336	98	0.0572429906542056	22	0.8461538461538461	22	0.8461538461538461	22	0.8461538461538461	16	0.6153846153846154
585	2026081000	20	pooled_test	ALL	26	520	133	0.2557692307692307	1712	326	0.1904205607476635	168	0.0981308411214953	174	0.1016355140186915	106	0.0619158878504672	20	0.7692307692307693	20	0.7692307692307693	20	0.7692307692307693	15	0.5769230769230769
586	2026081000	20	pooled_test	ALL	26	520	145	0.2788461538461538	1712	327	0.1910046728971962	168	0.0981308411214953	161	0.0940420560747663	103	0.0601635514018691	22	0.8461538461538461	22	0.8461538461538461	22	0.8461538461538461	17	0.6538461538461539
587	2026081000	20	pooled_test	ALL	26	520	142	0.273076923076923	1712	343	0.2003504672897196	157	0.0917056074766355	175	0.1022196261682243	109	0.0636682242990654	22	0.8461538461538461	22	0.8461538461538461	21	0.8076923076923077	13	0.5
588	2026081000	20	pooled_test	ALL	26	520	147	0.2826923076923077	1712	320	0.1869158878504672	174	0.1016355140186915	169	0.098714953271028	118	0.0689252336448598	21	0.8076923076923077	21	0.8076923076923077	21	0.8076923076923077	15	0.5769230769230769
589	2026081000	20	pooled_test	ALL	26	520	148	0.2846153846153846	1712	298	0.1740654205607476	138	0.080607476635514	165	0.0963785046728972	108	0.0630841121495327	22	0.8461538461538461	22	0.8461538461538461	22	0.8461538461538461	14	0.5384615384615384
590	2026081000	20	pooled_test	ALL	26	520	142	0.273076923076923	1712	357	0.2085280373831775	178	0.1039719626168224	183	0.1068925233644859	109	0.0636682242990654	24	0.9230769230769232	24	0.9230769230769232	24	0.9230769230769232	16	0.6153846153846154
591	2026081000	20	pooled_test	ALL	26	520	127	0.2442307692307692	1712	313	0.1828271028037383	123	0.0718457943925233	151	0.0882009345794392	96	0.0560747663551401	23	0.8846153846153846	23	0.8846153846153846	23	0.8846153846153846	16	0.6153846153846154
592	2026081000	20	pooled_test	ALL	26	520	136	0.2615384615384615	1712	324	0.1892523364485981	143	0.0835280373831775	166	0.0969626168224299	101	0.0589953271028037	21	0.8076923076923077	21	0.8076923076923077	21	0.8076923076923077	17	0.6538461538461539
593	2026081000	20	pooled_test	ALL	26	520	130	0.25	1712	335	0.1956775700934579	145	0.084696261682243	167	0.0975467289719626	104	0.0607476635514018	21	0.8076923076923077	21	0.8076923076923077	21	0.8076923076923077	16	0.6153846153846154
594	2026081000	20	pooled_test	ALL	26	520	138	0.2653846153846154	1712	303	0.1769859813084112	148	0.0864485981308411	171	0.0998831775700934	105	0.0613317757009345	20	0.7692307692307693	20	0.7692307692307693	20	0.7692307692307693	16	0.6153846153846154
595	2026081000	20	pooled_test	ALL	26	520	142	0.273076923076923	1712	314	0.183411214953271	158	0.0922897196261682	160	0.0934579439252336	109	0.0636682242990654	20	0.7692307692307693	20	0.7692307692307693	20	0.7692307692307693	12	0.4615384615384615
596	2026081000	20	pooled_test	ALL	26	520	160	0.3076923076923077	1712	340	0.1985981308411215	177	0.1033878504672897	182	0.1063084112149532	123	0.0718457943925233	20	0.7692307692307693	20	0.7692307692307693	20	0.7692307692307693	16	0.6153846153846154
597	2026081000	20	pooled_test	ALL	26	520	136	0.2615384615384615	1712	299	0.1746495327102804	131	0.076518691588785	165	0.0963785046728972	101	0.0589953271028037	20	0.7692307692307693	20	0.7692307692307693	20	0.7692307692307693	12	0.4615384615384615
598	2026081000	20	pooled_test	ALL	26	520	144	0.2769230769230769	1712	340	0.1985981308411215	146	0.0852803738317757	169	0.098714953271028	104	0.0607476635514018	21	0.8076923076923077	21	0.8076923076923077	21	0.8076923076923077	15	0.5769230769230769
599	2026081000	20	pooled_test	ALL	26	520	152	0.2923076923076923	1712	317	0.1851635514018691	159	0.0928738317757009	179	0.1045560747663551	115	0.0671728971962616	20	0.7692307692307693	20	0.7692307692307693	20	0.7692307692307693	14	0.5384615384615384
600	2026081000	20	pooled_test	ALL	26	520	135	0.2596153846153846	1712	345	0.201518691588785	165	0.0963785046728972	171	0.0998831775700934	111	0.0648364485981308	19	0.7307692307692307	19	0.7307692307692307	19	0.7307692307692307	13	0.5
601	2026081000	20	pooled_test	ALL	26	520	140	0.2692307692307692	1712	286	0.1670560747663551	156	0.0911214953271028	161	0.0940420560747663	105	0.0613317757009345	22	0.8461538461538461	22	0.8461538461538461	22	0.8461538461538461	13	0.5
602	2026081000	20	pooled_test	ALL	26	520	141	0.2711538461538461	1712	300	0.175233644859813	159	0.0928738317757009	159	0.0928738317757009	101	0.0589953271028037	21	0.8076923076923077	21	0.8076923076923077	21	0.8076923076923077	13	0.5
603	2026081000	20	pooled_test	ALL	26	520	133	0.2557692307692307	1712	313	0.1828271028037383	148	0.0864485981308411	165	0.0963785046728972	102	0.0595794392523364	20	0.7692307692307693	20	0.7692307692307693	20	0.7692307692307693	14	0.5384615384615384
604	2026081000	20	pooled_test	ALL	26	520	132	0.2538461538461538	1712	308	0.1799065420560747	154	0.0899532710280373	167	0.0975467289719626	106	0.0619158878504672	22	0.8461538461538461	22	0.8461538461538461	22	0.8461538461538461	14	0.5384615384615384
605	2026081000	20	pooled_test	ALL	26	520	152	0.2923076923076923	1712	314	0.183411214953271	163	0.0952102803738317	180	0.1051401869158878	117	0.0683411214953271	22	0.8461538461538461	22	0.8461538461538461	22	0.8461538461538461	17	0.6538461538461539
606	2026081000	20	pooled_test	ALL	26	520	137	0.2634615384615384	1712	289	0.1688084112149532	141	0.0823598130841121	173	0.1010514018691588	106	0.0619158878504672	18	0.6923076923076923	18	0.6923076923076923	18	0.6923076923076923	15	0.5769230769230769
607	2026081000	20	pooled_test	ALL	26	520	145	0.2788461538461538	1712	321	0.1875	137	0.0800233644859813	166	0.0969626168224299	110	0.0642523364485981	18	0.6923076923076923	18	0.6923076923076923	18	0.6923076923076923	12	0.4615384615384615
608	2026081000	20	pooled_test	ALL	26	520	138	0.2653846153846154	1712	345	0.201518691588785	181	0.1057242990654205	168	0.0981308411214953	108	0.0630841121495327	18	0.6923076923076923	18	0.6923076923076923	18	0.6923076923076923	15	0.5769230769230769
609	2026081000	20	pooled_test	ALL	26	520	139	0.2673076923076923	1712	289	0.1688084112149532	155	0.0905373831775701	156	0.0911214953271028	105	0.0613317757009345	20	0.7692307692307693	20	0.7692307692307693	20	0.7692307692307693	15	0.5769230769230769
610	2026081000	20	pooled_test	ALL	26	520	145	0.2788461538461538	1712	228	0.1331775700934579	142	0.0829439252336448	165	0.0963785046728972	114	0.0665887850467289	19	0.7307692307692307	19	0.7307692307692307	19	0.7307692307692307	17	0.6538461538461539
611	2026081000	20	pooled_test	ALL	26	520	141	0.2711538461538461	1712	330	0.1927570093457944	139	0.0811915887850467	173	0.1010514018691588	110	0.0642523364485981	21	0.8076923076923077	21	0.8076923076923077	21	0.8076923076923077	14	0.5384615384615384
612	2026081000	20	pooled_test	ALL	26	520	142	0.273076923076923	1712	315	0.1839953271028037	137	0.0800233644859813	162	0.094626168224299	107	0.0625	22	0.8461538461538461	22	0.8461538461538461	22	0.8461538461538461	15	0.5769230769230769
613	2026081000	20	pooled_test	ALL	26	520	137	0.2634615384615384	1712	332	0.1939252336448598	157	0.0917056074766355	175	0.1022196261682243	105	0.0613317757009345	20	0.7692307692307693	20	0.7692307692307693	20	0.7692307692307693	14	0.5384615384615384
614	2026081000	20	pooled_test	ALL	26	520	148	0.2846153846153846	1712	351	0.2050233644859813	159	0.0928738317757009	174	0.1016355140186915	112	0.0654205607476635	22	0.8461538461538461	22	0.8461538461538461	22	0.8461538461538461	15	0.5769230769230769
615	2026081000	20	pooled_test	ALL	26	520	146	0.2807692307692307	1712	343	0.2003504672897196	168	0.0981308411214953	173	0.1010514018691588	115	0.0671728971962616	21	0.8076923076923077	21	0.8076923076923077	21	0.8076923076923077	13	0.5
616	2026081000	20	pooled_test	ALL	26	520	132	0.2538461538461538	1712	317	0.1851635514018691	148	0.0864485981308411	173	0.1010514018691588	107	0.0625	18	0.6923076923076923	18	0.6923076923076923	18	0.6923076923076923	12	0.4615384615384615
617	2026081000	20	pooled_test	ALL	26	520	137	0.2634615384615384	1712	364	0.2126168224299065	150	0.0876168224299065	180	0.1051401869158878	106	0.0619158878504672	21	0.8076923076923077	21	0.8076923076923077	21	0.8076923076923077	11	0.4230769230769231
618	2026081000	20	pooled_test	ALL	26	520	149	0.2865384615384615	1712	246	0.1436915887850467	167	0.0975467289719626	168	0.0981308411214953	118	0.0689252336448598	20	0.7692307692307693	20	0.7692307692307693	20	0.7692307692307693	15	0.5769230769230769
619	2026081000	20	pooled_test	ALL	26	520	135	0.2596153846153846	1712	319	0.1863317757009346	141	0.0823598130841121	167	0.0975467289719626	100	0.058411214953271	22	0.8461538461538461	22	0.8461538461538461	22	0.8461538461538461	18	0.6923076923076923
620	2026081000	20	pooled_test	ALL	26	520	151	0.2903846153846154	1712	315	0.1839953271028037	172	0.1004672897196261	179	0.1045560747663551	121	0.0706775700934579	19	0.7307692307692307	19	0.7307692307692307	19	0.7307692307692307	12	0.4615384615384615
621	2026081000	20	pooled_test	ALL	26	520	139	0.2673076923076923	1712	333	0.1945093457943925	146	0.0852803738317757	158	0.0922897196261682	99	0.0578271028037383	20	0.7692307692307693	20	0.7692307692307693	20	0.7692307692307693	12	0.4615384615384615
622	2026081000	20	pooled_test	ALL	26	520	141	0.2711538461538461	1712	256	0.1495327102803738	169	0.098714953271028	166	0.0969626168224299	110	0.0642523364485981	17	0.6538461538461539	17	0.6538461538461539	17	0.6538461538461539	15	0.5769230769230769
623	2026081000	20	pooled_test	ALL	26	520	148	0.2846153846153846	1712	319	0.1863317757009346	160	0.0934579439252336	179	0.1045560747663551	117	0.0683411214953271	20	0.7692307692307693	20	0.7692307692307693	20	0.7692307692307693	14	0.5384615384615384
624	2026081000	20	pooled_test	ALL	26	520	132	0.2538461538461538	1712	290	0.169392523364486	121	0.0706775700934579	166	0.0969626168224299	100	0.058411214953271	19	0.7307692307692307	19	0.7307692307692307	19	0.7307692307692307	12	0.4615384615384615
625	2026081000	20	pooled_test	ALL	26	520	133	0.2557692307692307	1712	335	0.1956775700934579	161	0.0940420560747663	169	0.098714953271028	108	0.0630841121495327	20	0.7692307692307693	20	0.7692307692307693	20	0.7692307692307693	14	0.5384615384615384
626	2026081000	20	pooled_test	ALL	26	520	147	0.2826923076923077	1712	337	0.1968457943925233	153	0.0893691588785046	186	0.1086448598130841	113	0.0660046728971962	21	0.8076923076923077	21	0.8076923076923077	21	0.8076923076923077	15	0.5769230769230769
627	2026081000	20	pooled_test	ALL	26	520	140	0.2692307692307692	1712	325	0.1898364485981308	150	0.0876168224299065	160	0.0934579439252336	103	0.0601635514018691	20	0.7692307692307693	20	0.7692307692307693	20	0.7692307692307693	13	0.5
628	2026081000	20	pooled_test	ALL	26	520	151	0.2903846153846154	1712	323	0.1886682242990654	165	0.0963785046728972	168	0.0981308411214953	115	0.0671728971962616	19	0.7307692307692307	19	0.7307692307692307	19	0.7307692307692307	12	0.4615384615384615
629	2026081000	20	pooled_test	ALL	26	520	138	0.2653846153846154	1712	349	0.2038551401869159	171	0.0998831775700934	174	0.1016355140186915	110	0.0642523364485981	21	0.8076923076923077	21	0.8076923076923077	21	0.8076923076923077	14	0.5384615384615384
630	2026081000	20	pooled_test	ALL	26	520	140	0.2692307692307692	1712	350	0.2044392523364486	159	0.0928738317757009	174	0.1016355140186915	112	0.0654205607476635	21	0.8076923076923077	21	0.8076923076923077	21	0.8076923076923077	17	0.6538461538461539
631	2026081000	20	pooled_test	ALL	26	520	131	0.2519230769230769	1712	352	0.205607476635514	141	0.0823598130841121	162	0.094626168224299	96	0.0560747663551401	18	0.6923076923076923	18	0.6923076923076923	18	0.6923076923076923	13	0.5
632	2026081000	20	pooled_test	ALL	26	520	144	0.2769230769230769	1712	319	0.1863317757009346	153	0.0893691588785046	172	0.1004672897196261	111	0.0648364485981308	20	0.7692307692307693	20	0.7692307692307693	20	0.7692307692307693	13	0.5
633	2026081000	20	pooled_test	ALL	26	520	139	0.2673076923076923	1712	356	0.2079439252336448	169	0.098714953271028	164	0.0957943925233644	106	0.0619158878504672	24	0.9230769230769232	24	0.9230769230769232	24	0.9230769230769232	19	0.7307692307692307
634	2026081000	20	pooled_test	ALL	26	520	146	0.2807692307692307	1712	286	0.1670560747663551	158	0.0922897196261682	158	0.0922897196261682	109	0.0636682242990654	18	0.6923076923076923	18	0.6923076923076923	18	0.6923076923076923	14	0.5384615384615384
635	2026081000	20	pooled_test	ALL	26	520	142	0.273076923076923	1712	345	0.201518691588785	165	0.0963785046728972	168	0.0981308411214953	114	0.0665887850467289	22	0.8461538461538461	22	0.8461538461538461	22	0.8461538461538461	14	0.5384615384615384
636	2026081000	20	pooled_test	ALL	26	520	130	0.25	1712	346	0.2021028037383177	148	0.0864485981308411	164	0.0957943925233644	98	0.0572429906542056	21	0.8076923076923077	21	0.8076923076923077	21	0.8076923076923077	15	0.5769230769230769
637	2026081000	20	pooled_test	ALL	26	520	137	0.2634615384615384	1712	360	0.2102803738317757	163	0.0952102803738317	171	0.0998831775700934	108	0.0630841121495327	21	0.8076923076923077	21	0.8076923076923077	21	0.8076923076923077	15	0.5769230769230769
638	2026081000	20	pooled_test	ALL	26	520	134	0.2576923076923076	1712	329	0.1921728971962616	147	0.0858644859813084	168	0.0981308411214953	106	0.0619158878504672	20	0.7692307692307693	20	0.7692307692307693	20	0.7692307692307693	16	0.6153846153846154
639	2026081000	20	pooled_test	ALL	26	520	148	0.2846153846153846	1712	306	0.1787383177570093	159	0.0928738317757009	171	0.0998831775700934	110	0.0642523364485981	23	0.8846153846153846	23	0.8846153846153846	23	0.8846153846153846	17	0.6538461538461539
640	2026081000	20	pooled_test	ALL	26	520	135	0.2596153846153846	1712	323	0.1886682242990654	154	0.0899532710280373	179	0.1045560747663551	101	0.0589953271028037	21	0.8076923076923077	21	0.8076923076923077	21	0.8076923076923077	15	0.5769230769230769
641	2026081000	20	pooled_test	ALL	26	520	136	0.2615384615384615	1712	359	0.2096962616822429	162	0.094626168224299	179	0.1045560747663551	107	0.0625	19	0.7307692307692307	19	0.7307692307692307	19	0.7307692307692307	13	0.5
642	2026081000	20	pooled_test	ALL	26	520	132	0.2538461538461538	1712	329	0.1921728971962616	144	0.0841121495327102	161	0.0940420560747663	102	0.0595794392523364	20	0.7692307692307693	20	0.7692307692307693	20	0.7692307692307693	18	0.6923076923076923
643	2026081000	20	pooled_test	ALL	26	520	147	0.2826923076923077	1712	347	0.2026869158878504	160	0.0934579439252336	168	0.0981308411214953	114	0.0665887850467289	20	0.7692307692307693	20	0.7692307692307693	20	0.7692307692307693	17	0.6538461538461539
644	2026081000	20	pooled_test	ALL	26	520	142	0.273076923076923	1712	319	0.1863317757009346	162	0.094626168224299	176	0.102803738317757	107	0.0625	22	0.8461538461538461	22	0.8461538461538461	22	0.8461538461538461	15	0.5769230769230769
645	2026081000	20	pooled_test	ALL	26	520	132	0.2538461538461538	1712	298	0.1740654205607476	137	0.0800233644859813	158	0.0922897196261682	102	0.0595794392523364	20	0.7692307692307693	20	0.7692307692307693	20	0.7692307692307693	14	0.5384615384615384
646	2026081000	20	pooled_test	ALL	26	520	141	0.2711538461538461	1712	349	0.2038551401869159	169	0.098714953271028	183	0.1068925233644859	112	0.0654205607476635	21	0.8076923076923077	21	0.8076923076923077	21	0.8076923076923077	13	0.5
647	2026081000	20	pooled_test	ALL	26	520	147	0.2826923076923077	1712	313	0.1828271028037383	153	0.0893691588785046	178	0.1039719626168224	109	0.0636682242990654	19	0.7307692307692307	19	0.7307692307692307	19	0.7307692307692307	13	0.5
648	2026081000	20	pooled_test	ALL	26	520	143	0.275	1712	254	0.1483644859813084	161	0.0940420560747663	180	0.1051401869158878	113	0.0660046728971962	19	0.7307692307692307	19	0.7307692307692307	19	0.7307692307692307	12	0.4615384615384615
649	2026081000	20	pooled_test	ALL	26	520	143	0.275	1712	357	0.2085280373831775	160	0.0934579439252336	177	0.1033878504672897	108	0.0630841121495327	21	0.8076923076923077	21	0.8076923076923077	21	0.8076923076923077	13	0.5
650	2026081000	20	pooled_test	ALL	26	520	128	0.2461538461538461	1712	270	0.1577102803738317	124	0.072429906542056	156	0.0911214953271028	96	0.0560747663551401	18	0.6923076923076923	18	0.6923076923076923	18	0.6923076923076923	15	0.5769230769230769
651	2026081000	20	pooled_test	ALL	26	520	133	0.2557692307692307	1712	336	0.1962616822429906	136	0.0794392523364486	162	0.094626168224299	100	0.058411214953271	21	0.8076923076923077	21	0.8076923076923077	21	0.8076923076923077	15	0.5769230769230769
652	2026081000	20	pooled_test	ALL	26	520	154	0.2961538461538461	1712	301	0.1758177570093458	165	0.0963785046728972	174	0.1016355140186915	119	0.0695093457943925	18	0.6923076923076923	18	0.6923076923076923	18	0.6923076923076923	13	0.5
653	2026081000	20	pooled_test	ALL	26	520	137	0.2634615384615384	1712	294	0.1717289719626168	144	0.0841121495327102	168	0.0981308411214953	104	0.0607476635514018	17	0.6538461538461539	17	0.6538461538461539	17	0.6538461538461539	13	0.5
654	2026081000	20	pooled_test	ALL	26	520	142	0.273076923076923	1712	288	0.1682242990654205	170	0.0992990654205607	151	0.0882009345794392	107	0.0625	20	0.7692307692307693	20	0.7692307692307693	20	0.7692307692307693	12	0.4615384615384615
655	2026081000	20	pooled_test	ALL	26	520	136	0.2615384615384615	1712	361	0.2108644859813084	165	0.0963785046728972	175	0.1022196261682243	112	0.0654205607476635	18	0.6923076923076923	18	0.6923076923076923	18	0.6923076923076923	12	0.4615384615384615
656	2026081000	20	pooled_test	ALL	26	520	141	0.2711538461538461	1712	245	0.143107476635514	157	0.0917056074766355	174	0.1016355140186915	108	0.0630841121495327	20	0.7692307692307693	20	0.7692307692307693	20	0.7692307692307693	15	0.5769230769230769
657	2026081000	20	pooled_test	ALL	26	520	128	0.2461538461538461	1712	304	0.1775700934579439	142	0.0829439252336448	168	0.0981308411214953	101	0.0589953271028037	22	0.8461538461538461	22	0.8461538461538461	22	0.8461538461538461	13	0.5
658	2026081000	20	pooled_test	ALL	26	520	137	0.2634615384615384	1712	321	0.1875	143	0.0835280373831775	168	0.0981308411214953	101	0.0589953271028037	20	0.7692307692307693	20	0.7692307692307693	20	0.7692307692307693	15	0.5769230769230769
659	2026081000	20	pooled_test	ALL	26	520	132	0.2538461538461538	1712	345	0.201518691588785	145	0.084696261682243	168	0.0981308411214953	100	0.058411214953271	20	0.7692307692307693	20	0.7692307692307693	20	0.7692307692307693	13	0.5
660	2026081000	20	pooled_test	ALL	26	520	143	0.275	1712	376	0.219626168224299	144	0.0841121495327102	187	0.1092289719626168	109	0.0636682242990654	21	0.8076923076923077	21	0.8076923076923077	21	0.8076923076923077	14	0.5384615384615384
661	2026081000	20	pooled_test	ALL	26	520	147	0.2826923076923077	1712	337	0.1968457943925233	177	0.1033878504672897	177	0.1033878504672897	115	0.0671728971962616	21	0.8076923076923077	21	0.8076923076923077	21	0.8076923076923077	14	0.5384615384615384
662	2026081000	20	pooled_test	ALL	26	520	136	0.2615384615384615	1712	334	0.1950934579439252	157	0.0917056074766355	172	0.1004672897196261	102	0.0595794392523364	22	0.8461538461538461	22	0.8461538461538461	22	0.8461538461538461	14	0.5384615384615384
663	2026081000	20	pooled_test	ALL	26	520	136	0.2615384615384615	1712	312	0.1822429906542056	149	0.0870327102803738	176	0.102803738317757	110	0.0642523364485981	22	0.8461538461538461	22	0.8461538461538461	22	0.8461538461538461	15	0.5769230769230769
664	2026081000	20	pooled_test	ALL	26	520	146	0.2807692307692307	1712	329	0.1921728971962616	152	0.0887850467289719	172	0.1004672897196261	116	0.0677570093457943	15	0.5769230769230769	15	0.5769230769230769	15	0.5769230769230769	12	0.4615384615384615
665	2026081000	20	pooled_test	ALL	26	520	146	0.2807692307692307	1712	372	0.2172897196261682	159	0.0928738317757009	177	0.1033878504672897	109	0.0636682242990654	18	0.6923076923076923	18	0.6923076923076923	18	0.6923076923076923	12	0.4615384615384615
666	2026081000	20	pooled_test	ALL	26	520	139	0.2673076923076923	1712	352	0.205607476635514	158	0.0922897196261682	170	0.0992990654205607	105	0.0613317757009345	17	0.6538461538461539	17	0.6538461538461539	17	0.6538461538461539	13	0.5
667	2026081000	20	pooled_test	ALL	26	520	154	0.2961538461538461	1712	260	0.1518691588785046	171	0.0998831775700934	176	0.102803738317757	119	0.0695093457943925	20	0.7692307692307693	20	0.7692307692307693	20	0.7692307692307693	17	0.6538461538461539
668	2026081000	20	pooled_test	ALL	26	520	143	0.275	1712	301	0.1758177570093458	157	0.0917056074766355	161	0.0940420560747663	112	0.0654205607476635	19	0.7307692307692307	19	0.7307692307692307	19	0.7307692307692307	14	0.5384615384615384
669	2026081000	20	pooled_test	ALL	26	520	136	0.2615384615384615	1712	315	0.1839953271028037	134	0.0782710280373831	155	0.0905373831775701	104	0.0607476635514018	20	0.7692307692307693	20	0.7692307692307693	20	0.7692307692307693	14	0.5384615384615384
670	2026081000	20	pooled_test	ALL	26	520	134	0.2576923076923076	1712	311	0.1816588785046729	141	0.0823598130841121	173	0.1010514018691588	102	0.0595794392523364	18	0.6923076923076923	18	0.6923076923076923	18	0.6923076923076923	14	0.5384615384615384
671	2026081000	20	pooled_test	ALL	26	520	147	0.2826923076923077	1712	331	0.1933411214953271	156	0.0911214953271028	184	0.1074766355140186	115	0.0671728971962616	20	0.7692307692307693	20	0.7692307692307693	20	0.7692307692307693	15	0.5769230769230769
672	2026081000	20	pooled_test	ALL	26	520	143	0.275	1712	330	0.1927570093457944	153	0.0893691588785046	167	0.0975467289719626	108	0.0630841121495327	20	0.7692307692307693	20	0.7692307692307693	20	0.7692307692307693	14	0.5384615384615384
673	2026081000	20	pooled_test	ALL	26	520	141	0.2711538461538461	1712	301	0.1758177570093458	142	0.0829439252336448	158	0.0922897196261682	102	0.0595794392523364	23	0.8846153846153846	23	0.8846153846153846	23	0.8846153846153846	14	0.5384615384615384
674	2026081000	20	pooled_test	ALL	26	520	150	0.2884615384615384	1712	310	0.1810747663551402	166	0.0969626168224299	170	0.0992990654205607	112	0.0654205607476635	21	0.8076923076923077	21	0.8076923076923077	21	0.8076923076923077	14	0.5384615384615384
675	2026081000	20	pooled_test	ALL	26	520	143	0.275	1712	323	0.1886682242990654	146	0.0852803738317757	179	0.1045560747663551	110	0.0642523364485981	23	0.8846153846153846	23	0.8846153846153846	23	0.8846153846153846	14	0.5384615384615384
676	2026081000	20	pooled_test	ALL	26	520	142	0.273076923076923	1712	277	0.1617990654205607	142	0.0829439252336448	161	0.0940420560747663	109	0.0636682242990654	22	0.8461538461538461	22	0.8461538461538461	22	0.8461538461538461	13	0.5
677	2026081000	20	pooled_test	ALL	26	520	144	0.2769230769230769	1712	298	0.1740654205607476	148	0.0864485981308411	167	0.0975467289719626	112	0.0654205607476635	21	0.8076923076923077	21	0.8076923076923077	21	0.8076923076923077	14	0.5384615384615384
678	2026081000	20	pooled_test	ALL	26	520	139	0.2673076923076923	1712	241	0.1407710280373831	161	0.0940420560747663	148	0.0864485981308411	97	0.0566588785046729	20	0.7692307692307693	20	0.7692307692307693	20	0.7692307692307693	14	0.5384615384615384
679	2026081000	20	pooled_test	ALL	26	520	142	0.273076923076923	1712	343	0.2003504672897196	164	0.0957943925233644	188	0.1098130841121495	109	0.0636682242990654	20	0.7692307692307693	20	0.7692307692307693	20	0.7692307692307693	12	0.4615384615384615
680	2026081000	20	pooled_test	ALL	26	520	137	0.2634615384615384	1712	276	0.161214953271028	135	0.0788551401869158	167	0.0975467289719626	103	0.0601635514018691	22	0.8461538461538461	22	0.8461538461538461	22	0.8461538461538461	18	0.6923076923076923
681	2026081000	20	pooled_test	ALL	26	520	139	0.2673076923076923	1712	279	0.1629672897196261	149	0.0870327102803738	159	0.0928738317757009	106	0.0619158878504672	19	0.7307692307692307	19	0.7307692307692307	19	0.7307692307692307	12	0.4615384615384615
682	2026081000	20	pooled_test	ALL	26	520	146	0.2807692307692307	1712	319	0.1863317757009346	160	0.0934579439252336	180	0.1051401869158878	116	0.0677570093457943	20	0.7692307692307693	20	0.7692307692307693	20	0.7692307692307693	12	0.4615384615384615
683	2026081000	20	pooled_test	ALL	26	520	141	0.2711538461538461	1712	360	0.2102803738317757	166	0.0969626168224299	167	0.0975467289719626	111	0.0648364485981308	23	0.8846153846153846	23	0.8846153846153846	23	0.8846153846153846	14	0.5384615384615384
684	2026081000	20	pooled_test	ALL	26	520	151	0.2903846153846154	1712	372	0.2172897196261682	179	0.1045560747663551	181	0.1057242990654205	119	0.0695093457943925	22	0.8461538461538461	22	0.8461538461538461	22	0.8461538461538461	13	0.5
685	2026081000	20	pooled_test	ALL	26	520	147	0.2826923076923077	1712	305	0.1781542056074766	163	0.0952102803738317	171	0.0998831775700934	114	0.0665887850467289	21	0.8076923076923077	21	0.8076923076923077	21	0.8076923076923077	18	0.6923076923076923
686	2026081000	20	pooled_test	ALL	26	520	126	0.2423076923076923	1712	310	0.1810747663551402	136	0.0794392523364486	161	0.0940420560747663	93	0.054322429906542	20	0.7692307692307693	20	0.7692307692307693	20	0.7692307692307693	15	0.5769230769230769
687	2026081000	20	pooled_test	ALL	26	520	141	0.2711538461538461	1712	308	0.1799065420560747	154	0.0899532710280373	178	0.1039719626168224	109	0.0636682242990654	21	0.8076923076923077	21	0.8076923076923077	21	0.8076923076923077	13	0.5
688	2026081000	20	pooled_test	ALL	26	520	149	0.2865384615384615	1712	340	0.1985981308411215	143	0.0835280373831775	175	0.1022196261682243	110	0.0642523364485981	16	0.6153846153846154	16	0.6153846153846154	16	0.6153846153846154	10	0.3846153846153846
689	2026081000	20	pooled_test	ALL	26	520	138	0.2653846153846154	1712	302	0.1764018691588785	153	0.0893691588785046	162	0.094626168224299	105	0.0613317757009345	22	0.8461538461538461	22	0.8461538461538461	21	0.8076923076923077	15	0.5769230769230769
690	2026081000	20	pooled_test	ALL	26	520	142	0.273076923076923	1712	324	0.1892523364485981	164	0.0957943925233644	171	0.0998831775700934	112	0.0654205607476635	21	0.8076923076923077	21	0.8076923076923077	21	0.8076923076923077	15	0.5769230769230769
691	2026081000	20	pooled_test	ALL	26	520	136	0.2615384615384615	1712	360	0.2102803738317757	151	0.0882009345794392	174	0.1016355140186915	105	0.0613317757009345	20	0.7692307692307693	20	0.7692307692307693	20	0.7692307692307693	10	0.3846153846153846
692	2026081000	20	pooled_test	ALL	26	520	140	0.2692307692307692	1712	290	0.169392523364486	157	0.0917056074766355	167	0.0975467289719626	106	0.0619158878504672	20	0.7692307692307693	20	0.7692307692307693	19	0.7307692307692307	17	0.6538461538461539
693	2026081000	20	pooled_test	ALL	26	520	139	0.2673076923076923	1712	284	0.1658878504672897	150	0.0876168224299065	159	0.0928738317757009	106	0.0619158878504672	18	0.6923076923076923	18	0.6923076923076923	18	0.6923076923076923	14	0.5384615384615384
694	2026081000	20	pooled_test	ALL	26	520	145	0.2788461538461538	1712	334	0.1950934579439252	145	0.084696261682243	167	0.0975467289719626	103	0.0601635514018691	22	0.8461538461538461	22	0.8461538461538461	22	0.8461538461538461	16	0.6153846153846154
695	2026081000	20	pooled_test	ALL	26	520	144	0.2769230769230769	1712	307	0.179322429906542	138	0.080607476635514	160	0.0934579439252336	108	0.0630841121495327	21	0.8076923076923077	21	0.8076923076923077	21	0.8076923076923077	14	0.5384615384615384
696	2026081000	20	pooled_test	ALL	26	520	129	0.248076923076923	1712	317	0.1851635514018691	127	0.0741822429906542	177	0.1033878504672897	100	0.058411214953271	20	0.7692307692307693	20	0.7692307692307693	20	0.7692307692307693	13	0.5
697	2026081000	20	pooled_test	ALL	26	520	130	0.25	1712	361	0.2108644859813084	159	0.0928738317757009	163	0.0952102803738317	99	0.0578271028037383	21	0.8076923076923077	21	0.8076923076923077	21	0.8076923076923077	15	0.5769230769230769
698	2026081000	20	pooled_test	ALL	26	520	141	0.2711538461538461	1712	312	0.1822429906542056	160	0.0934579439252336	173	0.1010514018691588	109	0.0636682242990654	21	0.8076923076923077	21	0.8076923076923077	21	0.8076923076923077	13	0.5
699	2026081000	20	pooled_test	ALL	26	520	142	0.273076923076923	1712	321	0.1875	156	0.0911214953271028	177	0.1033878504672897	114	0.0665887850467289	16	0.6153846153846154	16	0.6153846153846154	16	0.6153846153846154	13	0.5
700	2026081000	20	pooled_test	ALL	26	520	150	0.2884615384615384	1712	326	0.1904205607476635	172	0.1004672897196261	171	0.0998831775700934	117	0.0683411214953271	20	0.7692307692307693	20	0.7692307692307693	20	0.7692307692307693	16	0.6153846153846154
701	2026081000	20	pooled_test	ALL	26	520	137	0.2634615384615384	1712	345	0.201518691588785	147	0.0858644859813084	164	0.0957943925233644	106	0.0619158878504672	22	0.8461538461538461	22	0.8461538461538461	22	0.8461538461538461	14	0.5384615384615384
702	2026081000	20	pooled_test	ALL	26	520	139	0.2673076923076923	1712	351	0.2050233644859813	150	0.0876168224299065	171	0.0998831775700934	105	0.0613317757009345	22	0.8461538461538461	22	0.8461538461538461	22	0.8461538461538461	14	0.5384615384615384
703	2026081000	20	pooled_test	ALL	26	520	139	0.2673076923076923	1712	351	0.2050233644859813	162	0.094626168224299	174	0.1016355140186915	108	0.0630841121495327	22	0.8461538461538461	22	0.8461538461538461	22	0.8461538461538461	19	0.7307692307692307
704	2026081000	20	pooled_test	ALL	26	520	139	0.2673076923076923	1712	304	0.1775700934579439	145	0.084696261682243	172	0.1004672897196261	109	0.0636682242990654	22	0.8461538461538461	22	0.8461538461538461	22	0.8461538461538461	18	0.6923076923076923
705	2026081000	20	pooled_test	ALL	26	520	131	0.2519230769230769	1712	343	0.2003504672897196	150	0.0876168224299065	170	0.0992990654205607	104	0.0607476635514018	21	0.8076923076923077	21	0.8076923076923077	21	0.8076923076923077	12	0.4615384615384615
706	2026081000	20	pooled_test	ALL	26	520	141	0.2711538461538461	1712	289	0.1688084112149532	144	0.0841121495327102	158	0.0922897196261682	102	0.0595794392523364	22	0.8461538461538461	22	0.8461538461538461	22	0.8461538461538461	16	0.6153846153846154
707	2026081000	20	pooled_test	ALL	26	520	155	0.2980769230769231	1712	338	0.197429906542056	163	0.0952102803738317	169	0.098714953271028	116	0.0677570093457943	19	0.7307692307692307	19	0.7307692307692307	19	0.7307692307692307	13	0.5
708	2026081000	20	pooled_test	ALL	26	520	138	0.2653846153846154	1712	293	0.1711448598130841	142	0.0829439252336448	153	0.0893691588785046	101	0.0589953271028037	18	0.6923076923076923	18	0.6923076923076923	18	0.6923076923076923	11	0.4230769230769231
709	2026081000	20	pooled_test	ALL	26	520	134	0.2576923076923076	1712	292	0.1705607476635514	152	0.0887850467289719	155	0.0905373831775701	102	0.0595794392523364	22	0.8461538461538461	22	0.8461538461538461	22	0.8461538461538461	19	0.7307692307692307
710	2026081000	20	pooled_test	ALL	26	520	132	0.2538461538461538	1712	296	0.1728971962616822	141	0.0823598130841121	165	0.0963785046728972	98	0.0572429906542056	22	0.8461538461538461	22	0.8461538461538461	22	0.8461538461538461	15	0.5769230769230769
711	2026081000	20	pooled_test	ALL	26	520	149	0.2865384615384615	1712	310	0.1810747663551402	158	0.0922897196261682	169	0.098714953271028	113	0.0660046728971962	22	0.8461538461538461	22	0.8461538461538461	22	0.8461538461538461	16	0.6153846153846154
712	2026081000	20	pooled_test	ALL	26	520	148	0.2846153846153846	1712	284	0.1658878504672897	161	0.0940420560747663	175	0.1022196261682243	108	0.0630841121495327	21	0.8076923076923077	21	0.8076923076923077	21	0.8076923076923077	15	0.5769230769230769
713	2026081000	20	pooled_test	ALL	26	520	135	0.2596153846153846	1712	301	0.1758177570093458	154	0.0899532710280373	163	0.0952102803738317	106	0.0619158878504672	20	0.7692307692307693	20	0.7692307692307693	20	0.7692307692307693	15	0.5769230769230769
714	2026081000	20	pooled_test	ALL	26	520	150	0.2884615384615384	1712	335	0.1956775700934579	157	0.0917056074766355	178	0.1039719626168224	117	0.0683411214953271	19	0.7307692307692307	19	0.7307692307692307	19	0.7307692307692307	14	0.5384615384615384
715	2026081000	20	pooled_test	ALL	26	520	139	0.2673076923076923	1712	305	0.1781542056074766	164	0.0957943925233644	168	0.0981308411214953	107	0.0625	21	0.8076923076923077	21	0.8076923076923077	21	0.8076923076923077	12	0.4615384615384615
716	2026081000	20	pooled_test	ALL	26	520	151	0.2903846153846154	1712	274	0.1600467289719626	143	0.0835280373831775	166	0.0969626168224299	111	0.0648364485981308	20	0.7692307692307693	20	0.7692307692307693	20	0.7692307692307693	14	0.5384615384615384
717	2026081000	20	pooled_test	ALL	26	520	134	0.2576923076923076	1712	349	0.2038551401869159	148	0.0864485981308411	167	0.0975467289719626	107	0.0625	22	0.8461538461538461	22	0.8461538461538461	22	0.8461538461538461	17	0.6538461538461539
718	2026081000	20	pooled_test	ALL	26	520	137	0.2634615384615384	1712	254	0.1483644859813084	144	0.0841121495327102	172	0.1004672897196261	106	0.0619158878504672	20	0.7692307692307693	20	0.7692307692307693	20	0.7692307692307693	17	0.6538461538461539
719	2026081000	20	pooled_test	ALL	26	520	146	0.2807692307692307	1712	323	0.1886682242990654	162	0.094626168224299	165	0.0963785046728972	110	0.0642523364485981	19	0.7307692307692307	19	0.7307692307692307	19	0.7307692307692307	16	0.6153846153846154
720	2026081000	20	pooled_test	ALL	26	520	135	0.2596153846153846	1712	332	0.1939252336448598	153	0.0893691588785046	178	0.1039719626168224	102	0.0595794392523364	19	0.7307692307692307	19	0.7307692307692307	19	0.7307692307692307	14	0.5384615384615384
721	2026081000	20	pooled_test	ALL	26	520	142	0.273076923076923	1712	331	0.1933411214953271	160	0.0934579439252336	170	0.0992990654205607	108	0.0630841121495327	20	0.7692307692307693	20	0.7692307692307693	20	0.7692307692307693	13	0.5
722	2026081000	20	pooled_test	ALL	26	520	140	0.2692307692307692	1712	358	0.2091121495327103	155	0.0905373831775701	171	0.0998831775700934	106	0.0619158878504672	21	0.8076923076923077	21	0.8076923076923077	21	0.8076923076923077	16	0.6153846153846154
723	2026081000	20	pooled_test	ALL	26	520	148	0.2846153846153846	1712	300	0.175233644859813	158	0.0922897196261682	174	0.1016355140186915	114	0.0665887850467289	19	0.7307692307692307	19	0.7307692307692307	19	0.7307692307692307	13	0.5
724	2026081000	20	pooled_test	ALL	26	520	145	0.2788461538461538	1712	355	0.2073598130841121	173	0.1010514018691588	177	0.1033878504672897	112	0.0654205607476635	18	0.6923076923076923	18	0.6923076923076923	18	0.6923076923076923	13	0.5
725	2026081000	20	pooled_test	ALL	26	520	132	0.2538461538461538	1712	283	0.165303738317757	127	0.0741822429906542	162	0.094626168224299	101	0.0589953271028037	20	0.7692307692307693	20	0.7692307692307693	20	0.7692307692307693	15	0.5769230769230769
726	2026081000	20	pooled_test	ALL	26	520	128	0.2461538461538461	1712	335	0.1956775700934579	143	0.0835280373831775	159	0.0928738317757009	97	0.0566588785046729	22	0.8461538461538461	22	0.8461538461538461	22	0.8461538461538461	17	0.6538461538461539
727	2026081000	20	pooled_test	ALL	26	520	138	0.2653846153846154	1712	297	0.1734813084112149	151	0.0882009345794392	170	0.0992990654205607	109	0.0636682242990654	22	0.8461538461538461	22	0.8461538461538461	22	0.8461538461538461	16	0.6153846153846154
728	2026081000	20	pooled_test	ALL	26	520	137	0.2634615384615384	1712	325	0.1898364485981308	143	0.0835280373831775	163	0.0952102803738317	101	0.0589953271028037	20	0.7692307692307693	20	0.7692307692307693	20	0.7692307692307693	14	0.5384615384615384
729	2026081000	20	pooled_test	ALL	26	520	142	0.273076923076923	1712	331	0.1933411214953271	155	0.0905373831775701	173	0.1010514018691588	105	0.0613317757009345	20	0.7692307692307693	20	0.7692307692307693	20	0.7692307692307693	14	0.5384615384615384
730	2026081000	20	pooled_test	ALL	26	520	146	0.2807692307692307	1712	316	0.1845794392523364	168	0.0981308411214953	167	0.0975467289719626	109	0.0636682242990654	22	0.8461538461538461	22	0.8461538461538461	22	0.8461538461538461	16	0.6153846153846154
731	2026081000	20	pooled_test	ALL	26	520	147	0.2826923076923077	1712	342	0.1997663551401869	175	0.1022196261682243	173	0.1010514018691588	120	0.0700934579439252	20	0.7692307692307693	20	0.7692307692307693	20	0.7692307692307693	14	0.5384615384615384
732	2026081000	20	pooled_test	ALL	26	520	143	0.275	1712	290	0.169392523364486	141	0.0823598130841121	151	0.0882009345794392	101	0.0589953271028037	21	0.8076923076923077	21	0.8076923076923077	21	0.8076923076923077	11	0.4230769230769231
733	2026081000	20	pooled_test	ALL	26	520	138	0.2653846153846154	1712	328	0.1915887850467289	159	0.0928738317757009	174	0.1016355140186915	107	0.0625	23	0.8846153846153846	23	0.8846153846153846	23	0.8846153846153846	15	0.5769230769230769
734	2026081000	20	pooled_test	ALL	26	520	144	0.2769230769230769	1712	345	0.201518691588785	158	0.0922897196261682	171	0.0998831775700934	109	0.0636682242990654	20	0.7692307692307693	20	0.7692307692307693	20	0.7692307692307693	16	0.6153846153846154
735	2026081000	20	pooled_test	ALL	26	520	136	0.2615384615384615	1712	302	0.1764018691588785	126	0.0735981308411214	159	0.0928738317757009	101	0.0589953271028037	21	0.8076923076923077	21	0.8076923076923077	21	0.8076923076923077	16	0.6153846153846154
736	2026081000	20	pooled_test	ALL	26	520	144	0.2769230769230769	1712	362	0.2114485981308411	177	0.1033878504672897	179	0.1045560747663551	118	0.0689252336448598	20	0.7692307692307693	20	0.7692307692307693	20	0.7692307692307693	13	0.5
737	2026081000	20	pooled_test	ALL	26	520	143	0.275	1712	324	0.1892523364485981	164	0.0957943925233644	169	0.098714953271028	107	0.0625	21	0.8076923076923077	21	0.8076923076923077	21	0.8076923076923077	17	0.6538461538461539
738	2026081000	20	pooled_test	ALL	26	520	134	0.2576923076923076	1712	325	0.1898364485981308	157	0.0917056074766355	170	0.0992990654205607	107	0.0625	19	0.7307692307692307	19	0.7307692307692307	19	0.7307692307692307	14	0.5384615384615384
739	2026081000	20	pooled_test	ALL	26	520	132	0.2538461538461538	1712	332	0.1939252336448598	141	0.0823598130841121	159	0.0928738317757009	98	0.0572429906542056	22	0.8461538461538461	22	0.8461538461538461	22	0.8461538461538461	14	0.5384615384615384
740	2026081000	20	pooled_test	ALL	26	520	146	0.2807692307692307	1712	339	0.1980140186915887	171	0.0998831775700934	166	0.0969626168224299	116	0.0677570093457943	16	0.6153846153846154	16	0.6153846153846154	16	0.6153846153846154	11	0.4230769230769231
741	2026081000	20	pooled_test	ALL	26	520	127	0.2442307692307692	1712	233	0.1360981308411215	147	0.0858644859813084	157	0.0917056074766355	98	0.0572429906542056	18	0.6923076923076923	18	0.6923076923076923	18	0.6923076923076923	14	0.5384615384615384
742	2026081000	20	pooled_test	ALL	26	520	154	0.2961538461538461	1712	307	0.179322429906542	173	0.1010514018691588	166	0.0969626168224299	121	0.0706775700934579	19	0.7307692307692307	19	0.7307692307692307	19	0.7307692307692307	11	0.4230769230769231
743	2026081000	20	pooled_test	ALL	26	520	135	0.2596153846153846	1712	319	0.1863317757009346	174	0.1016355140186915	167	0.0975467289719626	108	0.0630841121495327	21	0.8076923076923077	21	0.8076923076923077	21	0.8076923076923077	13	0.5
744	2026081000	20	pooled_test	ALL	26	520	147	0.2826923076923077	1712	310	0.1810747663551402	155	0.0905373831775701	167	0.0975467289719626	109	0.0636682242990654	20	0.7692307692307693	20	0.7692307692307693	20	0.7692307692307693	16	0.6153846153846154
745	2026081000	20	pooled_test	ALL	26	520	154	0.2961538461538461	1712	372	0.2172897196261682	172	0.1004672897196261	171	0.0998831775700934	114	0.0665887850467289	20	0.7692307692307693	20	0.7692307692307693	20	0.7692307692307693	15	0.5769230769230769
746	2026081000	20	pooled_test	ALL	26	520	142	0.273076923076923	1712	365	0.2132009345794392	167	0.0975467289719626	174	0.1016355140186915	109	0.0636682242990654	22	0.8461538461538461	22	0.8461538461538461	22	0.8461538461538461	15	0.5769230769230769
747	2026081000	20	pooled_test	ALL	26	520	142	0.273076923076923	1712	310	0.1810747663551402	146	0.0852803738317757	170	0.0992990654205607	106	0.0619158878504672	20	0.7692307692307693	20	0.7692307692307693	20	0.7692307692307693	14	0.5384615384615384
748	2026081000	20	pooled_test	ALL	26	520	130	0.25	1712	282	0.1647196261682243	144	0.0841121495327102	169	0.098714953271028	99	0.0578271028037383	20	0.7692307692307693	20	0.7692307692307693	20	0.7692307692307693	12	0.4615384615384615
749	2026081000	20	pooled_test	ALL	26	520	144	0.2769230769230769	1712	344	0.2009345794392523	169	0.098714953271028	182	0.1063084112149532	110	0.0642523364485981	23	0.8846153846153846	23	0.8846153846153846	23	0.8846153846153846	16	0.6153846153846154
750	2026081000	20	pooled_test	ALL	26	520	140	0.2692307692307692	1712	294	0.1717289719626168	155	0.0905373831775701	162	0.094626168224299	106	0.0619158878504672	19	0.7307692307692307	19	0.7307692307692307	19	0.7307692307692307	14	0.5384615384615384
751	2026081000	20	pooled_test	ALL	26	520	135	0.2596153846153846	1712	344	0.2009345794392523	141	0.0823598130841121	171	0.0998831775700934	100	0.058411214953271	20	0.7692307692307693	20	0.7692307692307693	20	0.7692307692307693	14	0.5384615384615384
752	2026081000	20	pooled_test	ALL	26	520	144	0.2769230769230769	1712	291	0.1699766355140187	143	0.0835280373831775	167	0.0975467289719626	111	0.0648364485981308	22	0.8461538461538461	22	0.8461538461538461	22	0.8461538461538461	16	0.6153846153846154
753	2026081000	20	pooled_test	ALL	26	520	138	0.2653846153846154	1712	338	0.197429906542056	156	0.0911214953271028	160	0.0934579439252336	104	0.0607476635514018	17	0.6538461538461539	17	0.6538461538461539	17	0.6538461538461539	12	0.4615384615384615
754	2026081000	20	pooled_test	ALL	26	520	141	0.2711538461538461	1712	265	0.1547897196261682	168	0.0981308411214953	180	0.1051401869158878	113	0.0660046728971962	21	0.8076923076923077	21	0.8076923076923077	21	0.8076923076923077	15	0.5769230769230769
755	2026081000	20	pooled_test	ALL	26	520	142	0.273076923076923	1712	333	0.1945093457943925	141	0.0823598130841121	178	0.1039719626168224	105	0.0613317757009345	20	0.7692307692307693	20	0.7692307692307693	20	0.7692307692307693	13	0.5
756	2026081000	20	pooled_test	ALL	26	520	131	0.2519230769230769	1712	244	0.1425233644859813	141	0.0823598130841121	167	0.0975467289719626	104	0.0607476635514018	18	0.6923076923076923	18	0.6923076923076923	18	0.6923076923076923	15	0.5769230769230769
757	2026081000	20	pooled_test	ALL	26	520	136	0.2615384615384615	1712	314	0.183411214953271	139	0.0811915887850467	169	0.098714953271028	101	0.0589953271028037	21	0.8076923076923077	21	0.8076923076923077	21	0.8076923076923077	15	0.5769230769230769
758	2026081000	20	pooled_test	ALL	26	520	148	0.2846153846153846	1712	322	0.1880841121495327	174	0.1016355140186915	167	0.0975467289719626	118	0.0689252336448598	19	0.7307692307692307	19	0.7307692307692307	19	0.7307692307692307	15	0.5769230769230769
759	2026081000	20	pooled_test	ALL	26	520	140	0.2692307692307692	1712	312	0.1822429906542056	156	0.0911214953271028	176	0.102803738317757	110	0.0642523364485981	20	0.7692307692307693	20	0.7692307692307693	20	0.7692307692307693	14	0.5384615384615384
760	2026081000	20	pooled_test	ALL	26	520	149	0.2865384615384615	1712	354	0.2067757009345794	161	0.0940420560747663	175	0.1022196261682243	117	0.0683411214953271	20	0.7692307692307693	20	0.7692307692307693	20	0.7692307692307693	14	0.5384615384615384
761	2026081000	20	pooled_test	ALL	26	520	147	0.2826923076923077	1712	309	0.1804906542056074	150	0.0876168224299065	161	0.0940420560747663	106	0.0619158878504672	20	0.7692307692307693	20	0.7692307692307693	20	0.7692307692307693	16	0.6153846153846154
762	2026081000	20	pooled_test	ALL	26	520	148	0.2846153846153846	1712	347	0.2026869158878504	179	0.1045560747663551	176	0.102803738317757	117	0.0683411214953271	19	0.7307692307692307	19	0.7307692307692307	19	0.7307692307692307	13	0.5
763	2026081000	20	pooled_test	ALL	26	520	139	0.2673076923076923	1712	323	0.1886682242990654	146	0.0852803738317757	177	0.1033878504672897	110	0.0642523364485981	22	0.8461538461538461	22	0.8461538461538461	22	0.8461538461538461	15	0.5769230769230769
764	2026081000	20	pooled_test	ALL	26	520	133	0.2557692307692307	1712	324	0.1892523364485981	139	0.0811915887850467	159	0.0928738317757009	100	0.058411214953271	21	0.8076923076923077	21	0.8076923076923077	21	0.8076923076923077	12	0.4615384615384615
765	2026081000	20	pooled_test	ALL	26	520	147	0.2826923076923077	1712	354	0.2067757009345794	164	0.0957943925233644	170	0.0992990654205607	111	0.0648364485981308	20	0.7692307692307693	20	0.7692307692307693	20	0.7692307692307693	10	0.3846153846153846
766	2026081000	20	pooled_test	ALL	26	520	136	0.2615384615384615	1712	325	0.1898364485981308	160	0.0934579439252336	165	0.0963785046728972	105	0.0613317757009345	22	0.8461538461538461	22	0.8461538461538461	22	0.8461538461538461	16	0.6153846153846154
767	2026081000	20	pooled_test	ALL	26	520	130	0.25	1712	330	0.1927570093457944	132	0.0771028037383177	164	0.0957943925233644	96	0.0560747663551401	21	0.8076923076923077	21	0.8076923076923077	21	0.8076923076923077	14	0.5384615384615384
768	2026081000	20	pooled_test	ALL	26	520	142	0.273076923076923	1712	306	0.1787383177570093	154	0.0899532710280373	171	0.0998831775700934	109	0.0636682242990654	21	0.8076923076923077	21	0.8076923076923077	21	0.8076923076923077	15	0.5769230769230769
769	2026081000	20	pooled_test	ALL	26	520	139	0.2673076923076923	1712	318	0.1857476635514018	151	0.0882009345794392	168	0.0981308411214953	103	0.0601635514018691	21	0.8076923076923077	21	0.8076923076923077	21	0.8076923076923077	14	0.5384615384615384
770	2026081000	20	pooled_test	ALL	26	520	145	0.2788461538461538	1712	359	0.2096962616822429	142	0.0829439252336448	178	0.1039719626168224	112	0.0654205607476635	20	0.7692307692307693	20	0.7692307692307693	20	0.7692307692307693	13	0.5
771	2026081000	20	pooled_test	ALL	26	520	148	0.2846153846153846	1712	227	0.1325934579439252	148	0.0864485981308411	171	0.0998831775700934	118	0.0689252336448598	21	0.8076923076923077	21	0.8076923076923077	21	0.8076923076923077	17	0.6538461538461539
772	2026081000	20	pooled_test	ALL	26	520	137	0.2634615384615384	1712	298	0.1740654205607476	139	0.0811915887850467	169	0.098714953271028	104	0.0607476635514018	19	0.7307692307692307	19	0.7307692307692307	19	0.7307692307692307	12	0.4615384615384615
773	2026081000	20	pooled_test	ALL	26	520	148	0.2846153846153846	1712	287	0.1676401869158878	149	0.0870327102803738	172	0.1004672897196261	113	0.0660046728971962	19	0.7307692307692307	19	0.7307692307692307	19	0.7307692307692307	14	0.5384615384615384
774	2026081000	20	pooled_test	ALL	26	520	152	0.2923076923076923	1712	308	0.1799065420560747	156	0.0911214953271028	188	0.1098130841121495	120	0.0700934579439252	19	0.7307692307692307	19	0.7307692307692307	19	0.7307692307692307	14	0.5384615384615384
775	2026081000	20	pooled_test	ALL	26	520	141	0.2711538461538461	1712	320	0.1869158878504672	164	0.0957943925233644	169	0.098714953271028	110	0.0642523364485981	18	0.6923076923076923	18	0.6923076923076923	18	0.6923076923076923	13	0.5
776	2026081000	20	pooled_test	ALL	26	520	130	0.25	1712	347	0.2026869158878504	121	0.0706775700934579	176	0.102803738317757	96	0.0560747663551401	21	0.8076923076923077	21	0.8076923076923077	21	0.8076923076923077	16	0.6153846153846154
777	2026081000	20	pooled_test	ALL	26	520	141	0.2711538461538461	1712	302	0.1764018691588785	156	0.0911214953271028	166	0.0969626168224299	104	0.0607476635514018	20	0.7692307692307693	20	0.7692307692307693	20	0.7692307692307693	16	0.6153846153846154
778	2026081000	20	pooled_test	ALL	26	520	144	0.2769230769230769	1712	328	0.1915887850467289	172	0.1004672897196261	180	0.1051401869158878	118	0.0689252336448598	23	0.8846153846153846	23	0.8846153846153846	23	0.8846153846153846	19	0.7307692307692307
779	2026081000	20	pooled_test	ALL	26	520	146	0.2807692307692307	1712	323	0.1886682242990654	170	0.0992990654205607	176	0.102803738317757	114	0.0665887850467289	21	0.8076923076923077	21	0.8076923076923077	21	0.8076923076923077	15	0.5769230769230769
780	2026081000	20	pooled_test	ALL	26	520	144	0.2769230769230769	1712	364	0.2126168224299065	154	0.0899532710280373	180	0.1051401869158878	110	0.0642523364485981	21	0.8076923076923077	21	0.8076923076923077	21	0.8076923076923077	19	0.7307692307692307
781	2026081000	20	pooled_test	ALL	26	520	142	0.273076923076923	1712	329	0.1921728971962616	150	0.0876168224299065	169	0.098714953271028	112	0.0654205607476635	19	0.7307692307692307	19	0.7307692307692307	19	0.7307692307692307	14	0.5384615384615384
782	2026081000	20	pooled_test	ALL	26	520	138	0.2653846153846154	1712	341	0.1991822429906542	132	0.0771028037383177	170	0.0992990654205607	98	0.0572429906542056	22	0.8461538461538461	22	0.8461538461538461	22	0.8461538461538461	14	0.5384615384615384
783	2026081000	20	pooled_test	ALL	26	520	139	0.2673076923076923	1712	340	0.1985981308411215	165	0.0963785046728972	171	0.0998831775700934	109	0.0636682242990654	23	0.8846153846153846	23	0.8846153846153846	23	0.8846153846153846	16	0.6153846153846154
784	2026081000	20	pooled_test	ALL	26	520	148	0.2846153846153846	1712	369	0.2155373831775701	170	0.0992990654205607	175	0.1022196261682243	116	0.0677570093457943	16	0.6153846153846154	16	0.6153846153846154	16	0.6153846153846154	14	0.5384615384615384
785	2026081000	20	pooled_test	ALL	26	520	132	0.2538461538461538	1712	324	0.1892523364485981	127	0.0741822429906542	157	0.0917056074766355	91	0.0531542056074766	24	0.9230769230769232	24	0.9230769230769232	24	0.9230769230769232	17	0.6538461538461539
786	2026081000	20	pooled_test	ALL	26	520	149	0.2865384615384615	1712	287	0.1676401869158878	152	0.0887850467289719	159	0.0928738317757009	112	0.0654205607476635	18	0.6923076923076923	18	0.6923076923076923	18	0.6923076923076923	14	0.5384615384615384
787	2026081000	20	pooled_test	ALL	26	520	136	0.2615384615384615	1712	346	0.2021028037383177	161	0.0940420560747663	164	0.0957943925233644	109	0.0636682242990654	23	0.8846153846153846	23	0.8846153846153846	23	0.8846153846153846	16	0.6153846153846154
788	2026081000	20	pooled_test	ALL	26	520	148	0.2846153846153846	1712	321	0.1875	161	0.0940420560747663	168	0.0981308411214953	117	0.0683411214953271	22	0.8461538461538461	22	0.8461538461538461	22	0.8461538461538461	11	0.4230769230769231
789	2026081000	20	pooled_test	ALL	26	520	142	0.273076923076923	1712	311	0.1816588785046729	154	0.0899532710280373	173	0.1010514018691588	112	0.0654205607476635	19	0.7307692307692307	19	0.7307692307692307	19	0.7307692307692307	13	0.5
790	2026081000	20	pooled_test	ALL	26	520	139	0.2673076923076923	1712	341	0.1991822429906542	146	0.0852803738317757	170	0.0992990654205607	105	0.0613317757009345	21	0.8076923076923077	21	0.8076923076923077	21	0.8076923076923077	17	0.6538461538461539
791	2026081000	20	pooled_test	ALL	26	520	142	0.273076923076923	1712	298	0.1740654205607476	149	0.0870327102803738	177	0.1033878504672897	110	0.0642523364485981	21	0.8076923076923077	21	0.8076923076923077	21	0.8076923076923077	11	0.4230769230769231
792	2026081000	20	pooled_test	ALL	26	520	135	0.2596153846153846	1712	332	0.1939252336448598	138	0.080607476635514	175	0.1022196261682243	104	0.0607476635514018	21	0.8076923076923077	21	0.8076923076923077	21	0.8076923076923077	12	0.4615384615384615
793	2026081000	20	pooled_test	ALL	26	520	143	0.275	1712	349	0.2038551401869159	166	0.0969626168224299	171	0.0998831775700934	112	0.0654205607476635	21	0.8076923076923077	21	0.8076923076923077	21	0.8076923076923077	13	0.5
794	2026081000	20	pooled_test	ALL	26	520	144	0.2769230769230769	1712	348	0.2032710280373831	161	0.0940420560747663	178	0.1039719626168224	115	0.0671728971962616	18	0.6923076923076923	18	0.6923076923076923	18	0.6923076923076923	13	0.5
795	2026081000	20	pooled_test	ALL	26	520	146	0.2807692307692307	1712	313	0.1828271028037383	145	0.084696261682243	177	0.1033878504672897	110	0.0642523364485981	21	0.8076923076923077	21	0.8076923076923077	21	0.8076923076923077	14	0.5384615384615384
796	2026081000	20	pooled_test	ALL	26	520	146	0.2807692307692307	1712	323	0.1886682242990654	159	0.0928738317757009	172	0.1004672897196261	114	0.0665887850467289	19	0.7307692307692307	19	0.7307692307692307	19	0.7307692307692307	13	0.5
797	2026081000	20	pooled_test	ALL	26	520	134	0.2576923076923076	1712	306	0.1787383177570093	143	0.0835280373831775	166	0.0969626168224299	104	0.0607476635514018	21	0.8076923076923077	21	0.8076923076923077	21	0.8076923076923077	14	0.5384615384615384
798	2026081000	20	pooled_test	ALL	26	520	144	0.2769230769230769	1712	239	0.1396028037383177	144	0.0841121495327102	173	0.1010514018691588	112	0.0654205607476635	20	0.7692307692307693	20	0.7692307692307693	20	0.7692307692307693	14	0.5384615384615384
799	2026081000	20	pooled_test	ALL	26	520	137	0.2634615384615384	1712	362	0.2114485981308411	149	0.0870327102803738	173	0.1010514018691588	108	0.0630841121495327	18	0.6923076923076923	18	0.6923076923076923	18	0.6923076923076923	13	0.5
800	2026081000	20	pooled_test	ALL	26	520	140	0.2692307692307692	1712	312	0.1822429906542056	139	0.0811915887850467	167	0.0975467289719626	104	0.0607476635514018	23	0.8846153846153846	23	0.8846153846153846	23	0.8846153846153846	11	0.4230769230769231
801	2026081000	20	pooled_test	ALL	26	520	147	0.2826923076923077	1712	330	0.1927570093457944	157	0.0917056074766355	176	0.102803738317757	115	0.0671728971962616	22	0.8461538461538461	22	0.8461538461538461	22	0.8461538461538461	14	0.5384615384615384
802	2026081000	20	pooled_test	ALL	26	520	146	0.2807692307692307	1712	347	0.2026869158878504	147	0.0858644859813084	181	0.1057242990654205	112	0.0654205607476635	21	0.8076923076923077	21	0.8076923076923077	21	0.8076923076923077	14	0.5384615384615384
803	2026081000	20	pooled_test	ALL	26	520	131	0.2519230769230769	1712	303	0.1769859813084112	150	0.0876168224299065	160	0.0934579439252336	103	0.0601635514018691	21	0.8076923076923077	21	0.8076923076923077	21	0.8076923076923077	15	0.5769230769230769
804	2026081000	20	pooled_test	ALL	26	520	134	0.2576923076923076	1712	316	0.1845794392523364	154	0.0899532710280373	171	0.0998831775700934	103	0.0601635514018691	23	0.8846153846153846	23	0.8846153846153846	23	0.8846153846153846	13	0.5
805	2026081000	20	pooled_test	ALL	26	520	149	0.2865384615384615	1712	324	0.1892523364485981	183	0.1068925233644859	181	0.1057242990654205	124	0.072429906542056	17	0.6538461538461539	17	0.6538461538461539	17	0.6538461538461539	11	0.4230769230769231
806	2026081000	20	pooled_test	ALL	26	520	143	0.275	1712	270	0.1577102803738317	140	0.0817757009345794	157	0.0917056074766355	108	0.0630841121495327	20	0.7692307692307693	20	0.7692307692307693	20	0.7692307692307693	14	0.5384615384615384
807	2026081000	20	pooled_test	ALL	26	520	157	0.3019230769230769	1712	329	0.1921728971962616	162	0.094626168224299	177	0.1033878504672897	123	0.0718457943925233	20	0.7692307692307693	20	0.7692307692307693	20	0.7692307692307693	13	0.5
808	2026081000	20	pooled_test	ALL	26	520	136	0.2615384615384615	1712	327	0.1910046728971962	135	0.0788551401869158	169	0.098714953271028	101	0.0589953271028037	18	0.6923076923076923	18	0.6923076923076923	18	0.6923076923076923	15	0.5769230769230769
809	2026081000	20	pooled_test	ALL	26	520	138	0.2653846153846154	1712	238	0.139018691588785	153	0.0893691588785046	164	0.0957943925233644	109	0.0636682242990654	21	0.8076923076923077	21	0.8076923076923077	21	0.8076923076923077	16	0.6153846153846154
810	2026081000	20	pooled_test	ALL	26	520	148	0.2846153846153846	1712	291	0.1699766355140187	156	0.0911214953271028	160	0.0934579439252336	113	0.0660046728971962	19	0.7307692307692307	19	0.7307692307692307	19	0.7307692307692307	15	0.5769230769230769
811	2026081000	20	pooled_test	ALL	26	520	132	0.2538461538461538	1712	319	0.1863317757009346	150	0.0876168224299065	157	0.0917056074766355	105	0.0613317757009345	21	0.8076923076923077	21	0.8076923076923077	21	0.8076923076923077	15	0.5769230769230769
812	2026081000	20	pooled_test	ALL	26	520	137	0.2634615384615384	1712	359	0.2096962616822429	155	0.0905373831775701	184	0.1074766355140186	115	0.0671728971962616	24	0.9230769230769232	24	0.9230769230769232	24	0.9230769230769232	15	0.5769230769230769
813	2026081000	20	pooled_test	ALL	26	520	136	0.2615384615384615	1712	303	0.1769859813084112	155	0.0905373831775701	163	0.0952102803738317	103	0.0601635514018691	18	0.6923076923076923	18	0.6923076923076923	18	0.6923076923076923	13	0.5
814	2026081000	20	pooled_test	ALL	26	520	139	0.2673076923076923	1712	321	0.1875	144	0.0841121495327102	172	0.1004672897196261	107	0.0625	17	0.6538461538461539	17	0.6538461538461539	17	0.6538461538461539	13	0.5
815	2026081000	20	pooled_test	ALL	26	520	139	0.2673076923076923	1712	341	0.1991822429906542	146	0.0852803738317757	164	0.0957943925233644	108	0.0630841121495327	17	0.6538461538461539	17	0.6538461538461539	17	0.6538461538461539	14	0.5384615384615384
816	2026081000	20	pooled_test	ALL	26	520	145	0.2788461538461538	1712	336	0.1962616822429906	161	0.0940420560747663	167	0.0975467289719626	108	0.0630841121495327	21	0.8076923076923077	21	0.8076923076923077	21	0.8076923076923077	14	0.5384615384615384
817	2026081000	20	pooled_test	ALL	26	520	137	0.2634615384615384	1712	324	0.1892523364485981	144	0.0841121495327102	166	0.0969626168224299	104	0.0607476635514018	22	0.8461538461538461	22	0.8461538461538461	22	0.8461538461538461	11	0.4230769230769231
818	2026081000	20	pooled_test	ALL	26	520	144	0.2769230769230769	1712	342	0.1997663551401869	151	0.0882009345794392	162	0.094626168224299	109	0.0636682242990654	18	0.6923076923076923	18	0.6923076923076923	18	0.6923076923076923	11	0.4230769230769231
819	2026081000	20	pooled_test	ALL	26	520	137	0.2634615384615384	1712	339	0.1980140186915887	132	0.0771028037383177	173	0.1010514018691588	107	0.0625	21	0.8076923076923077	21	0.8076923076923077	21	0.8076923076923077	15	0.5769230769230769
820	2026081000	20	pooled_test	ALL	26	520	135	0.2596153846153846	1712	321	0.1875	143	0.0835280373831775	158	0.0922897196261682	97	0.0566588785046729	21	0.8076923076923077	21	0.8076923076923077	21	0.8076923076923077	19	0.7307692307692307
821	2026081000	20	pooled_test	ALL	26	520	144	0.2769230769230769	1712	340	0.1985981308411215	152	0.0887850467289719	170	0.0992990654205607	108	0.0630841121495327	21	0.8076923076923077	21	0.8076923076923077	21	0.8076923076923077	15	0.5769230769230769
822	2026081000	20	pooled_test	ALL	26	520	134	0.2576923076923076	1712	311	0.1816588785046729	158	0.0922897196261682	160	0.0934579439252336	96	0.0560747663551401	22	0.8461538461538461	22	0.8461538461538461	22	0.8461538461538461	15	0.5769230769230769
823	2026081000	20	pooled_test	ALL	26	520	145	0.2788461538461538	1712	319	0.1863317757009346	135	0.0788551401869158	161	0.0940420560747663	105	0.0613317757009345	20	0.7692307692307693	20	0.7692307692307693	20	0.7692307692307693	16	0.6153846153846154
824	2026081000	20	pooled_test	ALL	26	520	143	0.275	1712	340	0.1985981308411215	153	0.0893691588785046	163	0.0952102803738317	109	0.0636682242990654	20	0.7692307692307693	20	0.7692307692307693	20	0.7692307692307693	12	0.4615384615384615
825	2026081000	20	pooled_test	ALL	26	520	150	0.2884615384615384	1712	325	0.1898364485981308	169	0.098714953271028	168	0.0981308411214953	110	0.0642523364485981	20	0.7692307692307693	20	0.7692307692307693	20	0.7692307692307693	17	0.6538461538461539
826	2026081000	20	pooled_test	ALL	26	520	133	0.2557692307692307	1712	353	0.2061915887850467	156	0.0911214953271028	164	0.0957943925233644	103	0.0601635514018691	22	0.8461538461538461	22	0.8461538461538461	22	0.8461538461538461	14	0.5384615384615384
827	2026081000	20	pooled_test	ALL	26	520	138	0.2653846153846154	1712	338	0.197429906542056	153	0.0893691588785046	159	0.0928738317757009	100	0.058411214953271	21	0.8076923076923077	21	0.8076923076923077	21	0.8076923076923077	14	0.5384615384615384
828	2026081000	20	pooled_test	ALL	26	520	142	0.273076923076923	1712	317	0.1851635514018691	168	0.0981308411214953	171	0.0998831775700934	106	0.0619158878504672	20	0.7692307692307693	20	0.7692307692307693	20	0.7692307692307693	16	0.6153846153846154
829	2026081000	20	pooled_test	ALL	26	520	144	0.2769230769230769	1712	327	0.1910046728971962	174	0.1016355140186915	173	0.1010514018691588	111	0.0648364485981308	19	0.7307692307692307	19	0.7307692307692307	19	0.7307692307692307	14	0.5384615384615384
830	2026081000	20	pooled_test	ALL	26	520	137	0.2634615384615384	1712	273	0.1594626168224299	136	0.0794392523364486	166	0.0969626168224299	107	0.0625	20	0.7692307692307693	20	0.7692307692307693	20	0.7692307692307693	16	0.6153846153846154
831	2026081000	20	pooled_test	ALL	26	520	150	0.2884615384615384	1712	337	0.1968457943925233	173	0.1010514018691588	183	0.1068925233644859	115	0.0671728971962616	17	0.6538461538461539	17	0.6538461538461539	17	0.6538461538461539	12	0.4615384615384615
832	2026081000	20	pooled_test	ALL	26	520	127	0.2442307692307692	1712	333	0.1945093457943925	156	0.0911214953271028	173	0.1010514018691588	99	0.0578271028037383	20	0.7692307692307693	20	0.7692307692307693	20	0.7692307692307693	17	0.6538461538461539
833	2026081000	20	pooled_test	ALL	26	520	145	0.2788461538461538	1712	274	0.1600467289719626	167	0.0975467289719626	176	0.102803738317757	117	0.0683411214953271	19	0.7307692307692307	19	0.7307692307692307	19	0.7307692307692307	13	0.5
834	2026081000	20	pooled_test	ALL	26	520	131	0.2519230769230769	1712	314	0.183411214953271	144	0.0841121495327102	168	0.0981308411214953	101	0.0589953271028037	20	0.7692307692307693	20	0.7692307692307693	20	0.7692307692307693	14	0.5384615384615384
835	2026081000	20	pooled_test	ALL	26	520	149	0.2865384615384615	1712	311	0.1816588785046729	149	0.0870327102803738	174	0.1016355140186915	115	0.0671728971962616	19	0.7307692307692307	19	0.7307692307692307	19	0.7307692307692307	13	0.5
836	2026081000	20	pooled_test	ALL	26	520	145	0.2788461538461538	1712	312	0.1822429906542056	170	0.0992990654205607	169	0.098714953271028	112	0.0654205607476635	21	0.8076923076923077	21	0.8076923076923077	21	0.8076923076923077	12	0.4615384615384615
837	2026081000	20	pooled_test	ALL	26	520	125	0.2403846153846154	1712	286	0.1670560747663551	132	0.0771028037383177	150	0.0876168224299065	93	0.054322429906542	20	0.7692307692307693	20	0.7692307692307693	20	0.7692307692307693	15	0.5769230769230769
838	2026081000	20	pooled_test	ALL	26	520	144	0.2769230769230769	1712	345	0.201518691588785	164	0.0957943925233644	168	0.0981308411214953	107	0.0625	21	0.8076923076923077	21	0.8076923076923077	21	0.8076923076923077	12	0.4615384615384615
839	2026081000	20	pooled_test	ALL	26	520	138	0.2653846153846154	1712	352	0.205607476635514	156	0.0911214953271028	176	0.102803738317757	109	0.0636682242990654	21	0.8076923076923077	21	0.8076923076923077	21	0.8076923076923077	13	0.5
840	2026081000	20	pooled_test	ALL	26	520	144	0.2769230769230769	1712	319	0.1863317757009346	166	0.0969626168224299	169	0.098714953271028	117	0.0683411214953271	22	0.8461538461538461	22	0.8461538461538461	22	0.8461538461538461	12	0.4615384615384615
841	2026081000	20	pooled_test	ALL	26	520	138	0.2653846153846154	1712	333	0.1945093457943925	157	0.0917056074766355	181	0.1057242990654205	110	0.0642523364485981	18	0.6923076923076923	18	0.6923076923076923	18	0.6923076923076923	14	0.5384615384615384
842	2026081000	20	pooled_test	ALL	26	520	135	0.2596153846153846	1712	303	0.1769859813084112	134	0.0782710280373831	177	0.1033878504672897	101	0.0589953271028037	21	0.8076923076923077	21	0.8076923076923077	21	0.8076923076923077	12	0.4615384615384615
843	2026081000	20	pooled_test	ALL	26	520	123	0.2365384615384615	1712	288	0.1682242990654205	123	0.0718457943925233	159	0.0928738317757009	95	0.0554906542056074	19	0.7307692307692307	19	0.7307692307692307	19	0.7307692307692307	14	0.5384615384615384
844	2026081000	20	pooled_test	ALL	26	520	145	0.2788461538461538	1712	325	0.1898364485981308	149	0.0870327102803738	158	0.0922897196261682	107	0.0625	20	0.7692307692307693	20	0.7692307692307693	20	0.7692307692307693	13	0.5
845	2026081000	20	pooled_test	ALL	26	520	141	0.2711538461538461	1712	228	0.1331775700934579	151	0.0882009345794392	158	0.0922897196261682	100	0.058411214953271	21	0.8076923076923077	21	0.8076923076923077	21	0.8076923076923077	15	0.5769230769230769
846	2026081000	20	pooled_test	ALL	26	520	147	0.2826923076923077	1712	325	0.1898364485981308	169	0.098714953271028	172	0.1004672897196261	115	0.0671728971962616	22	0.8461538461538461	22	0.8461538461538461	22	0.8461538461538461	17	0.6538461538461539
847	2026081000	20	pooled_test	ALL	26	520	152	0.2923076923076923	1712	313	0.1828271028037383	172	0.1004672897196261	174	0.1016355140186915	118	0.0689252336448598	19	0.7307692307692307	19	0.7307692307692307	19	0.7307692307692307	16	0.6153846153846154
848	2026081000	20	pooled_test	ALL	26	520	137	0.2634615384615384	1712	252	0.1471962616822429	149	0.0870327102803738	155	0.0905373831775701	102	0.0595794392523364	17	0.6538461538461539	17	0.6538461538461539	17	0.6538461538461539	13	0.5
849	2026081000	20	pooled_test	ALL	26	520	142	0.273076923076923	1712	341	0.1991822429906542	144	0.0841121495327102	174	0.1016355140186915	106	0.0619158878504672	21	0.8076923076923077	21	0.8076923076923077	21	0.8076923076923077	16	0.6153846153846154
850	2026081000	20	pooled_test	ALL	26	520	151	0.2903846153846154	1712	314	0.183411214953271	172	0.1004672897196261	168	0.0981308411214953	120	0.0700934579439252	21	0.8076923076923077	21	0.8076923076923077	21	0.8076923076923077	16	0.6153846153846154
851	2026081000	20	pooled_test	ALL	26	520	137	0.2634615384615384	1712	273	0.1594626168224299	143	0.0835280373831775	162	0.094626168224299	108	0.0630841121495327	19	0.7307692307692307	19	0.7307692307692307	19	0.7307692307692307	12	0.4615384615384615
852	2026081000	20	pooled_test	ALL	26	520	145	0.2788461538461538	1712	311	0.1816588785046729	169	0.098714953271028	161	0.0940420560747663	110	0.0642523364485981	18	0.6923076923076923	18	0.6923076923076923	18	0.6923076923076923	11	0.4230769230769231
853	2026081000	20	pooled_test	ALL	26	520	144	0.2769230769230769	1712	299	0.1746495327102804	159	0.0928738317757009	162	0.094626168224299	108	0.0630841121495327	19	0.7307692307692307	19	0.7307692307692307	19	0.7307692307692307	16	0.6153846153846154
854	2026081000	20	pooled_test	ALL	26	520	142	0.273076923076923	1712	321	0.1875	140	0.0817757009345794	161	0.0940420560747663	107	0.0625	19	0.7307692307692307	19	0.7307692307692307	18	0.6923076923076923	12	0.4615384615384615
855	2026081000	20	pooled_test	ALL	26	520	135	0.2596153846153846	1712	347	0.2026869158878504	154	0.0899532710280373	179	0.1045560747663551	110	0.0642523364485981	20	0.7692307692307693	20	0.7692307692307693	19	0.7307692307692307	16	0.6153846153846154
856	2026081000	20	pooled_test	ALL	26	520	139	0.2673076923076923	1712	372	0.2172897196261682	156	0.0911214953271028	174	0.1016355140186915	107	0.0625	21	0.8076923076923077	21	0.8076923076923077	21	0.8076923076923077	15	0.5769230769230769
857	2026081000	20	pooled_test	ALL	26	520	142	0.273076923076923	1712	333	0.1945093457943925	161	0.0940420560747663	172	0.1004672897196261	110	0.0642523364485981	20	0.7692307692307693	20	0.7692307692307693	20	0.7692307692307693	14	0.5384615384615384
858	2026081000	20	pooled_test	ALL	26	520	137	0.2634615384615384	1712	309	0.1804906542056074	150	0.0876168224299065	159	0.0928738317757009	104	0.0607476635514018	22	0.8461538461538461	22	0.8461538461538461	22	0.8461538461538461	13	0.5
859	2026081000	20	pooled_test	ALL	26	520	141	0.2711538461538461	1712	253	0.1477803738317757	148	0.0864485981308411	159	0.0928738317757009	105	0.0613317757009345	18	0.6923076923076923	18	0.6923076923076923	18	0.6923076923076923	13	0.5
860	2026081000	20	pooled_test	ALL	26	520	142	0.273076923076923	1712	300	0.175233644859813	144	0.0841121495327102	171	0.0998831775700934	105	0.0613317757009345	20	0.7692307692307693	20	0.7692307692307693	20	0.7692307692307693	16	0.6153846153846154
861	2026081000	20	pooled_test	ALL	26	520	144	0.2769230769230769	1712	341	0.1991822429906542	172	0.1004672897196261	178	0.1039719626168224	112	0.0654205607476635	20	0.7692307692307693	20	0.7692307692307693	20	0.7692307692307693	14	0.5384615384615384
862	2026081000	20	pooled_test	ALL	26	520	146	0.2807692307692307	1712	289	0.1688084112149532	171	0.0998831775700934	172	0.1004672897196261	110	0.0642523364485981	21	0.8076923076923077	21	0.8076923076923077	21	0.8076923076923077	16	0.6153846153846154
863	2026081000	20	pooled_test	ALL	26	520	142	0.273076923076923	1712	302	0.1764018691588785	168	0.0981308411214953	163	0.0952102803738317	112	0.0654205607476635	16	0.6153846153846154	16	0.6153846153846154	16	0.6153846153846154	13	0.5
864	2026081000	20	pooled_test	ALL	26	520	139	0.2673076923076923	1712	323	0.1886682242990654	154	0.0899532710280373	164	0.0957943925233644	103	0.0601635514018691	20	0.7692307692307693	20	0.7692307692307693	20	0.7692307692307693	16	0.6153846153846154
865	2026081000	20	pooled_test	ALL	26	520	140	0.2692307692307692	1712	327	0.1910046728971962	163	0.0952102803738317	164	0.0957943925233644	109	0.0636682242990654	20	0.7692307692307693	20	0.7692307692307693	20	0.7692307692307693	16	0.6153846153846154
866	2026081000	20	pooled_test	ALL	26	520	129	0.248076923076923	1712	311	0.1816588785046729	161	0.0940420560747663	154	0.0899532710280373	97	0.0566588785046729	23	0.8846153846153846	23	0.8846153846153846	23	0.8846153846153846	16	0.6153846153846154
867	2026081000	20	pooled_test	ALL	26	520	133	0.2557692307692307	1712	297	0.1734813084112149	144	0.0841121495327102	161	0.0940420560747663	99	0.0578271028037383	22	0.8461538461538461	22	0.8461538461538461	22	0.8461538461538461	16	0.6153846153846154
868	2026081000	20	pooled_test	ALL	26	520	139	0.2673076923076923	1712	333	0.1945093457943925	152	0.0887850467289719	162	0.094626168224299	105	0.0613317757009345	20	0.7692307692307693	20	0.7692307692307693	20	0.7692307692307693	13	0.5
869	2026081000	20	pooled_test	ALL	26	520	136	0.2615384615384615	1712	332	0.1939252336448598	142	0.0829439252336448	165	0.0963785046728972	108	0.0630841121495327	22	0.8461538461538461	22	0.8461538461538461	22	0.8461538461538461	13	0.5
870	2026081000	20	pooled_test	ALL	26	520	133	0.2557692307692307	1712	348	0.2032710280373831	151	0.0882009345794392	166	0.0969626168224299	103	0.0601635514018691	23	0.8846153846153846	23	0.8846153846153846	23	0.8846153846153846	15	0.5769230769230769
871	2026081000	20	pooled_test	ALL	26	520	146	0.2807692307692307	1712	303	0.1769859813084112	171	0.0998831775700934	162	0.094626168224299	112	0.0654205607476635	21	0.8076923076923077	21	0.8076923076923077	21	0.8076923076923077	13	0.5
872	2026081000	20	pooled_test	ALL	26	520	135	0.2596153846153846	1712	271	0.1582943925233645	149	0.0870327102803738	167	0.0975467289719626	109	0.0636682242990654	20	0.7692307692307693	20	0.7692307692307693	20	0.7692307692307693	14	0.5384615384615384
873	2026081000	20	pooled_test	ALL	26	520	134	0.2576923076923076	1712	344	0.2009345794392523	149	0.0870327102803738	154	0.0899532710280373	99	0.0578271028037383	21	0.8076923076923077	21	0.8076923076923077	21	0.8076923076923077	14	0.5384615384615384
874	2026081000	20	pooled_test	ALL	26	520	135	0.2596153846153846	1712	341	0.1991822429906542	141	0.0823598130841121	168	0.0981308411214953	106	0.0619158878504672	21	0.8076923076923077	21	0.8076923076923077	21	0.8076923076923077	15	0.5769230769230769
875	2026081000	20	pooled_test	ALL	26	520	133	0.2557692307692307	1712	281	0.1641355140186916	144	0.0841121495327102	158	0.0922897196261682	104	0.0607476635514018	20	0.7692307692307693	20	0.7692307692307693	20	0.7692307692307693	17	0.6538461538461539
876	2026081000	20	pooled_test	ALL	26	520	134	0.2576923076923076	1712	316	0.1845794392523364	133	0.0776869158878504	161	0.0940420560747663	94	0.0549065420560747	22	0.8461538461538461	22	0.8461538461538461	22	0.8461538461538461	17	0.6538461538461539
877	2026081000	20	pooled_test	ALL	26	520	136	0.2615384615384615	1712	338	0.197429906542056	137	0.0800233644859813	160	0.0934579439252336	101	0.0589953271028037	22	0.8461538461538461	22	0.8461538461538461	22	0.8461538461538461	17	0.6538461538461539
878	2026081000	20	pooled_test	ALL	26	520	140	0.2692307692307692	1712	387	0.2260514018691588	168	0.0981308411214953	173	0.1010514018691588	108	0.0630841121495327	21	0.8076923076923077	21	0.8076923076923077	21	0.8076923076923077	15	0.5769230769230769
879	2026081000	20	pooled_test	ALL	26	520	148	0.2846153846153846	1712	354	0.2067757009345794	176	0.102803738317757	164	0.0957943925233644	107	0.0625	20	0.7692307692307693	20	0.7692307692307693	20	0.7692307692307693	14	0.5384615384615384
880	2026081000	20	pooled_test	ALL	26	520	137	0.2634615384615384	1712	304	0.1775700934579439	144	0.0841121495327102	164	0.0957943925233644	102	0.0595794392523364	20	0.7692307692307693	20	0.7692307692307693	20	0.7692307692307693	15	0.5769230769230769
881	2026081000	20	pooled_test	ALL	26	520	139	0.2673076923076923	1712	295	0.1723130841121495	160	0.0934579439252336	162	0.094626168224299	108	0.0630841121495327	21	0.8076923076923077	21	0.8076923076923077	21	0.8076923076923077	14	0.5384615384615384
882	2026081000	20	pooled_test	ALL	26	520	137	0.2634615384615384	1712	279	0.1629672897196261	142	0.0829439252336448	156	0.0911214953271028	99	0.0578271028037383	19	0.7307692307692307	19	0.7307692307692307	19	0.7307692307692307	14	0.5384615384615384
883	2026081000	20	pooled_test	ALL	26	520	142	0.273076923076923	1712	285	0.1664719626168224	159	0.0928738317757009	177	0.1033878504672897	112	0.0654205607476635	20	0.7692307692307693	20	0.7692307692307693	20	0.7692307692307693	14	0.5384615384615384
884	2026081000	20	pooled_test	ALL	26	520	152	0.2923076923076923	1712	341	0.1991822429906542	175	0.1022196261682243	176	0.102803738317757	119	0.0695093457943925	17	0.6538461538461539	17	0.6538461538461539	17	0.6538461538461539	9	0.3461538461538461
885	2026081000	20	pooled_test	ALL	26	520	149	0.2865384615384615	1712	320	0.1869158878504672	193	0.112733644859813	171	0.0998831775700934	119	0.0695093457943925	22	0.8461538461538461	22	0.8461538461538461	22	0.8461538461538461	12	0.4615384615384615
886	2026081000	20	pooled_test	ALL	26	520	142	0.273076923076923	1712	325	0.1898364485981308	157	0.0917056074766355	163	0.0952102803738317	105	0.0613317757009345	20	0.7692307692307693	20	0.7692307692307693	20	0.7692307692307693	17	0.6538461538461539
887	2026081000	20	pooled_test	ALL	26	520	140	0.2692307692307692	1712	255	0.1489485981308411	151	0.0882009345794392	157	0.0917056074766355	103	0.0601635514018691	19	0.7307692307692307	19	0.7307692307692307	19	0.7307692307692307	16	0.6153846153846154
888	2026081000	20	pooled_test	ALL	26	520	140	0.2692307692307692	1712	316	0.1845794392523364	145	0.084696261682243	160	0.0934579439252336	102	0.0595794392523364	19	0.7307692307692307	19	0.7307692307692307	19	0.7307692307692307	14	0.5384615384615384
889	2026081000	20	pooled_test	ALL	26	520	138	0.2653846153846154	1712	314	0.183411214953271	162	0.094626168224299	157	0.0917056074766355	107	0.0625	18	0.6923076923076923	18	0.6923076923076923	18	0.6923076923076923	14	0.5384615384615384
890	2026081000	20	pooled_test	ALL	26	520	134	0.2576923076923076	1712	285	0.1664719626168224	141	0.0823598130841121	157	0.0917056074766355	102	0.0595794392523364	21	0.8076923076923077	21	0.8076923076923077	21	0.8076923076923077	15	0.5769230769230769
891	2026081000	20	pooled_test	ALL	26	520	144	0.2769230769230769	1712	329	0.1921728971962616	158	0.0922897196261682	173	0.1010514018691588	108	0.0630841121495327	23	0.8846153846153846	23	0.8846153846153846	23	0.8846153846153846	18	0.6923076923076923
892	2026081000	20	pooled_test	ALL	26	520	138	0.2653846153846154	1712	342	0.1997663551401869	134	0.0782710280373831	165	0.0963785046728972	103	0.0601635514018691	23	0.8846153846153846	23	0.8846153846153846	23	0.8846153846153846	15	0.5769230769230769
893	2026081000	20	pooled_test	ALL	26	520	142	0.273076923076923	1712	320	0.1869158878504672	155	0.0905373831775701	169	0.098714953271028	104	0.0607476635514018	19	0.7307692307692307	19	0.7307692307692307	19	0.7307692307692307	12	0.4615384615384615
894	2026081000	20	pooled_test	ALL	26	520	132	0.2538461538461538	1712	328	0.1915887850467289	147	0.0858644859813084	179	0.1045560747663551	106	0.0619158878504672	21	0.8076923076923077	21	0.8076923076923077	21	0.8076923076923077	13	0.5
895	2026081000	20	pooled_test	ALL	26	520	150	0.2884615384615384	1712	350	0.2044392523364486	174	0.1016355140186915	172	0.1004672897196261	114	0.0665887850467289	22	0.8461538461538461	22	0.8461538461538461	22	0.8461538461538461	17	0.6538461538461539
896	2026081000	20	pooled_test	ALL	26	520	131	0.2519230769230769	1712	357	0.2085280373831775	146	0.0852803738317757	167	0.0975467289719626	100	0.058411214953271	22	0.8461538461538461	22	0.8461538461538461	22	0.8461538461538461	15	0.5769230769230769
897	2026081000	20	pooled_test	ALL	26	520	145	0.2788461538461538	1712	320	0.1869158878504672	164	0.0957943925233644	173	0.1010514018691588	115	0.0671728971962616	22	0.8461538461538461	22	0.8461538461538461	22	0.8461538461538461	15	0.5769230769230769
898	2026081000	20	pooled_test	ALL	26	520	142	0.273076923076923	1712	208	0.1214953271028037	147	0.0858644859813084	161	0.0940420560747663	112	0.0654205607476635	19	0.7307692307692307	19	0.7307692307692307	19	0.7307692307692307	16	0.6153846153846154
899	2026081000	20	pooled_test	ALL	26	520	124	0.2384615384615384	1712	320	0.1869158878504672	140	0.0817757009345794	171	0.0998831775700934	96	0.0560747663551401	22	0.8461538461538461	22	0.8461538461538461	22	0.8461538461538461	16	0.6153846153846154
900	2026081000	20	pooled_test	ALL	26	520	124	0.2384615384615384	1712	307	0.179322429906542	145	0.084696261682243	159	0.0928738317757009	94	0.0549065420560747	22	0.8461538461538461	22	0.8461538461538461	22	0.8461538461538461	17	0.6538461538461539
901	2026081000	20	pooled_test	ALL	26	520	144	0.2769230769230769	1712	333	0.1945093457943925	147	0.0858644859813084	165	0.0963785046728972	111	0.0648364485981308	20	0.7692307692307693	20	0.7692307692307693	20	0.7692307692307693	14	0.5384615384615384
902	2026081000	20	pooled_test	ALL	26	520	143	0.275	1712	312	0.1822429906542056	151	0.0882009345794392	167	0.0975467289719626	108	0.0630841121495327	21	0.8076923076923077	21	0.8076923076923077	21	0.8076923076923077	16	0.6153846153846154
903	2026081000	20	pooled_test	ALL	26	520	140	0.2692307692307692	1712	339	0.1980140186915887	148	0.0864485981308411	180	0.1051401869158878	109	0.0636682242990654	21	0.8076923076923077	21	0.8076923076923077	21	0.8076923076923077	16	0.6153846153846154
904	2026081000	20	pooled_test	ALL	26	520	140	0.2692307692307692	1712	345	0.201518691588785	181	0.1057242990654205	177	0.1033878504672897	107	0.0625	21	0.8076923076923077	21	0.8076923076923077	21	0.8076923076923077	17	0.6538461538461539
905	2026081000	20	pooled_test	ALL	26	520	140	0.2692307692307692	1712	325	0.1898364485981308	169	0.098714953271028	168	0.0981308411214953	106	0.0619158878504672	21	0.8076923076923077	21	0.8076923076923077	21	0.8076923076923077	12	0.4615384615384615
906	2026081000	20	pooled_test	ALL	26	520	139	0.2673076923076923	1712	292	0.1705607476635514	152	0.0887850467289719	159	0.0928738317757009	105	0.0613317757009345	20	0.7692307692307693	20	0.7692307692307693	20	0.7692307692307693	13	0.5
907	2026081000	20	pooled_test	ALL	26	520	139	0.2673076923076923	1712	263	0.1536214953271028	136	0.0794392523364486	166	0.0969626168224299	104	0.0607476635514018	20	0.7692307692307693	20	0.7692307692307693	20	0.7692307692307693	15	0.5769230769230769
908	2026081000	20	pooled_test	ALL	26	520	143	0.275	1712	343	0.2003504672897196	167	0.0975467289719626	167	0.0975467289719626	110	0.0642523364485981	20	0.7692307692307693	20	0.7692307692307693	20	0.7692307692307693	14	0.5384615384615384
909	2026081000	20	pooled_test	ALL	26	520	133	0.2557692307692307	1712	305	0.1781542056074766	150	0.0876168224299065	170	0.0992990654205607	104	0.0607476635514018	22	0.8461538461538461	22	0.8461538461538461	22	0.8461538461538461	17	0.6538461538461539
910	2026081000	20	pooled_test	ALL	26	520	142	0.273076923076923	1712	359	0.2096962616822429	166	0.0969626168224299	172	0.1004672897196261	110	0.0642523364485981	20	0.7692307692307693	20	0.7692307692307693	20	0.7692307692307693	13	0.5
911	2026081000	20	pooled_test	ALL	26	520	133	0.2557692307692307	1712	301	0.1758177570093458	140	0.0817757009345794	169	0.098714953271028	103	0.0601635514018691	20	0.7692307692307693	20	0.7692307692307693	20	0.7692307692307693	16	0.6153846153846154
912	2026081000	20	pooled_test	ALL	26	520	140	0.2692307692307692	1712	291	0.1699766355140187	148	0.0864485981308411	165	0.0963785046728972	109	0.0636682242990654	20	0.7692307692307693	20	0.7692307692307693	20	0.7692307692307693	17	0.6538461538461539
913	2026081000	20	pooled_test	ALL	26	520	130	0.25	1712	304	0.1775700934579439	147	0.0858644859813084	167	0.0975467289719626	101	0.0589953271028037	22	0.8461538461538461	22	0.8461538461538461	22	0.8461538461538461	17	0.6538461538461539
914	2026081000	20	pooled_test	ALL	26	520	146	0.2807692307692307	1712	336	0.1962616822429906	167	0.0975467289719626	168	0.0981308411214953	107	0.0625	20	0.7692307692307693	20	0.7692307692307693	20	0.7692307692307693	13	0.5
915	2026081000	20	pooled_test	ALL	26	520	141	0.2711538461538461	1712	336	0.1962616822429906	143	0.0835280373831775	167	0.0975467289719626	108	0.0630841121495327	19	0.7307692307692307	19	0.7307692307692307	19	0.7307692307692307	10	0.3846153846153846
916	2026081000	20	pooled_test	ALL	26	520	136	0.2615384615384615	1712	348	0.2032710280373831	172	0.1004672897196261	175	0.1022196261682243	104	0.0607476635514018	19	0.7307692307692307	19	0.7307692307692307	19	0.7307692307692307	14	0.5384615384615384
917	2026081000	20	pooled_test	ALL	26	520	142	0.273076923076923	1712	339	0.1980140186915887	138	0.080607476635514	173	0.1010514018691588	106	0.0619158878504672	19	0.7307692307692307	19	0.7307692307692307	19	0.7307692307692307	12	0.4615384615384615
918	2026081000	20	pooled_test	ALL	26	520	134	0.2576923076923076	1712	355	0.2073598130841121	165	0.0963785046728972	166	0.0969626168224299	98	0.0572429906542056	21	0.8076923076923077	21	0.8076923076923077	21	0.8076923076923077	16	0.6153846153846154
919	2026081000	20	pooled_test	ALL	26	520	146	0.2807692307692307	1712	266	0.1553738317757009	181	0.1057242990654205	181	0.1057242990654205	117	0.0683411214953271	20	0.7692307692307693	20	0.7692307692307693	20	0.7692307692307693	15	0.5769230769230769
920	2026081000	20	pooled_test	ALL	26	520	129	0.248076923076923	1712	339	0.1980140186915887	140	0.0817757009345794	171	0.0998831775700934	101	0.0589953271028037	20	0.7692307692307693	20	0.7692307692307693	20	0.7692307692307693	16	0.6153846153846154
921	2026081000	20	pooled_test	ALL	26	520	145	0.2788461538461538	1712	331	0.1933411214953271	162	0.094626168224299	180	0.1051401869158878	118	0.0689252336448598	21	0.8076923076923077	21	0.8076923076923077	21	0.8076923076923077	19	0.7307692307692307
922	2026081000	20	pooled_test	ALL	26	520	143	0.275	1712	385	0.2248831775700934	179	0.1045560747663551	181	0.1057242990654205	113	0.0660046728971962	19	0.7307692307692307	19	0.7307692307692307	19	0.7307692307692307	15	0.5769230769230769
923	2026081000	20	pooled_test	ALL	26	520	140	0.2692307692307692	1712	360	0.2102803738317757	167	0.0975467289719626	169	0.098714953271028	106	0.0619158878504672	21	0.8076923076923077	21	0.8076923076923077	21	0.8076923076923077	16	0.6153846153846154
924	2026081000	20	pooled_test	ALL	26	520	132	0.2538461538461538	1712	298	0.1740654205607476	154	0.0899532710280373	153	0.0893691588785046	102	0.0595794392523364	21	0.8076923076923077	21	0.8076923076923077	21	0.8076923076923077	16	0.6153846153846154
925	2026081000	20	pooled_test	ALL	26	520	152	0.2923076923076923	1712	293	0.1711448598130841	159	0.0928738317757009	174	0.1016355140186915	118	0.0689252336448598	18	0.6923076923076923	18	0.6923076923076923	18	0.6923076923076923	13	0.5
926	2026081000	20	pooled_test	ALL	26	520	139	0.2673076923076923	1712	319	0.1863317757009346	157	0.0917056074766355	169	0.098714953271028	104	0.0607476635514018	20	0.7692307692307693	20	0.7692307692307693	20	0.7692307692307693	15	0.5769230769230769
927	2026081000	20	pooled_test	ALL	26	520	140	0.2692307692307692	1712	297	0.1734813084112149	157	0.0917056074766355	167	0.0975467289719626	106	0.0619158878504672	22	0.8461538461538461	22	0.8461538461538461	22	0.8461538461538461	14	0.5384615384615384
928	2026081000	20	pooled_test	ALL	26	520	145	0.2788461538461538	1712	347	0.2026869158878504	152	0.0887850467289719	170	0.0992990654205607	107	0.0625	20	0.7692307692307693	20	0.7692307692307693	20	0.7692307692307693	13	0.5
929	2026081000	20	pooled_test	ALL	26	520	134	0.2576923076923076	1712	342	0.1997663551401869	143	0.0835280373831775	161	0.0940420560747663	104	0.0607476635514018	22	0.8461538461538461	22	0.8461538461538461	22	0.8461538461538461	13	0.5
930	2026081000	20	pooled_test	ALL	26	520	153	0.2942307692307692	1712	251	0.1466121495327103	170	0.0992990654205607	168	0.0981308411214953	113	0.0660046728971962	18	0.6923076923076923	18	0.6923076923076923	17	0.6538461538461539	11	0.4230769230769231
931	2026081000	20	pooled_test	ALL	26	520	141	0.2711538461538461	1712	359	0.2096962616822429	162	0.094626168224299	172	0.1004672897196261	112	0.0654205607476635	17	0.6538461538461539	17	0.6538461538461539	17	0.6538461538461539	12	0.4615384615384615
932	2026081000	20	pooled_test	ALL	26	520	151	0.2903846153846154	1712	353	0.2061915887850467	161	0.0940420560747663	175	0.1022196261682243	119	0.0695093457943925	19	0.7307692307692307	19	0.7307692307692307	19	0.7307692307692307	14	0.5384615384615384
933	2026081000	20	pooled_test	ALL	26	520	124	0.2384615384615384	1712	255	0.1489485981308411	122	0.0712616822429906	144	0.0841121495327102	87	0.0508177570093457	21	0.8076923076923077	21	0.8076923076923077	21	0.8076923076923077	14	0.5384615384615384
934	2026081000	20	pooled_test	ALL	26	520	138	0.2653846153846154	1712	303	0.1769859813084112	135	0.0788551401869158	170	0.0992990654205607	104	0.0607476635514018	19	0.7307692307692307	19	0.7307692307692307	19	0.7307692307692307	15	0.5769230769230769
935	2026081000	20	pooled_test	ALL	26	520	144	0.2769230769230769	1712	327	0.1910046728971962	163	0.0952102803738317	177	0.1033878504672897	112	0.0654205607476635	18	0.6923076923076923	18	0.6923076923076923	18	0.6923076923076923	13	0.5
936	2026081000	20	pooled_test	ALL	26	520	131	0.2519230769230769	1712	305	0.1781542056074766	136	0.0794392523364486	162	0.094626168224299	99	0.0578271028037383	22	0.8461538461538461	22	0.8461538461538461	22	0.8461538461538461	18	0.6923076923076923
937	2026081000	20	pooled_test	ALL	26	520	145	0.2788461538461538	1712	322	0.1880841121495327	167	0.0975467289719626	177	0.1033878504672897	118	0.0689252336448598	21	0.8076923076923077	21	0.8076923076923077	21	0.8076923076923077	13	0.5
938	2026081000	20	pooled_test	ALL	26	520	141	0.2711538461538461	1712	346	0.2021028037383177	146	0.0852803738317757	165	0.0963785046728972	104	0.0607476635514018	20	0.7692307692307693	20	0.7692307692307693	20	0.7692307692307693	12	0.4615384615384615
939	2026081000	20	pooled_test	ALL	26	520	129	0.248076923076923	1712	242	0.1413551401869159	143	0.0835280373831775	157	0.0917056074766355	97	0.0566588785046729	17	0.6538461538461539	17	0.6538461538461539	17	0.6538461538461539	14	0.5384615384615384
940	2026081000	20	pooled_test	ALL	26	520	136	0.2615384615384615	1712	349	0.2038551401869159	135	0.0788551401869158	170	0.0992990654205607	97	0.0566588785046729	21	0.8076923076923077	21	0.8076923076923077	21	0.8076923076923077	13	0.5
941	2026081000	20	pooled_test	ALL	26	520	139	0.2673076923076923	1712	347	0.2026869158878504	154	0.0899532710280373	173	0.1010514018691588	110	0.0642523364485981	21	0.8076923076923077	21	0.8076923076923077	21	0.8076923076923077	16	0.6153846153846154
942	2026081000	20	pooled_test	ALL	26	520	136	0.2615384615384615	1712	316	0.1845794392523364	138	0.080607476635514	163	0.0952102803738317	104	0.0607476635514018	22	0.8461538461538461	22	0.8461538461538461	22	0.8461538461538461	17	0.6538461538461539
943	2026081000	20	pooled_test	ALL	26	520	149	0.2865384615384615	1712	242	0.1413551401869159	157	0.0917056074766355	177	0.1033878504672897	118	0.0689252336448598	19	0.7307692307692307	19	0.7307692307692307	19	0.7307692307692307	13	0.5
944	2026081000	20	pooled_test	ALL	26	520	152	0.2923076923076923	1712	288	0.1682242990654205	168	0.0981308411214953	162	0.094626168224299	121	0.0706775700934579	19	0.7307692307692307	19	0.7307692307692307	19	0.7307692307692307	16	0.6153846153846154
945	2026081000	20	pooled_test	ALL	26	520	138	0.2653846153846154	1712	290	0.169392523364486	149	0.0870327102803738	159	0.0928738317757009	100	0.058411214953271	21	0.8076923076923077	21	0.8076923076923077	21	0.8076923076923077	17	0.6538461538461539
946	2026081000	20	pooled_test	ALL	26	520	129	0.248076923076923	1712	348	0.2032710280373831	156	0.0911214953271028	156	0.0911214953271028	98	0.0572429906542056	23	0.8846153846153846	23	0.8846153846153846	23	0.8846153846153846	15	0.5769230769230769
947	2026081000	20	pooled_test	ALL	26	520	141	0.2711538461538461	1712	235	0.1372663551401869	156	0.0911214953271028	167	0.0975467289719626	109	0.0636682242990654	19	0.7307692307692307	19	0.7307692307692307	19	0.7307692307692307	17	0.6538461538461539
948	2026081000	20	pooled_test	ALL	26	520	144	0.2769230769230769	1712	299	0.1746495327102804	161	0.0940420560747663	168	0.0981308411214953	112	0.0654205607476635	23	0.8846153846153846	23	0.8846153846153846	23	0.8846153846153846	12	0.4615384615384615
949	2026081000	20	pooled_test	ALL	26	520	133	0.2557692307692307	1712	309	0.1804906542056074	142	0.0829439252336448	161	0.0940420560747663	102	0.0595794392523364	20	0.7692307692307693	20	0.7692307692307693	20	0.7692307692307693	17	0.6538461538461539
950	2026081000	20	pooled_test	ALL	26	520	144	0.2769230769230769	1712	360	0.2102803738317757	145	0.084696261682243	179	0.1045560747663551	111	0.0648364485981308	20	0.7692307692307693	20	0.7692307692307693	20	0.7692307692307693	13	0.5
951	2026081000	20	pooled_test	ALL	26	520	145	0.2788461538461538	1712	361	0.2108644859813084	161	0.0940420560747663	182	0.1063084112149532	113	0.0660046728971962	20	0.7692307692307693	20	0.7692307692307693	20	0.7692307692307693	12	0.4615384615384615
952	2026081000	20	pooled_test	ALL	26	520	138	0.2653846153846154	1712	302	0.1764018691588785	149	0.0870327102803738	176	0.102803738317757	109	0.0636682242990654	17	0.6538461538461539	17	0.6538461538461539	17	0.6538461538461539	15	0.5769230769230769
953	2026081000	20	pooled_test	ALL	26	520	140	0.2692307692307692	1712	332	0.1939252336448598	161	0.0940420560747663	173	0.1010514018691588	107	0.0625	20	0.7692307692307693	20	0.7692307692307693	20	0.7692307692307693	15	0.5769230769230769
954	2026081000	20	pooled_test	ALL	26	520	143	0.275	1712	318	0.1857476635514018	159	0.0928738317757009	179	0.1045560747663551	115	0.0671728971962616	21	0.8076923076923077	21	0.8076923076923077	21	0.8076923076923077	17	0.6538461538461539
955	2026081000	20	pooled_test	ALL	26	520	145	0.2788461538461538	1712	306	0.1787383177570093	145	0.084696261682243	171	0.0998831775700934	108	0.0630841121495327	17	0.6538461538461539	17	0.6538461538461539	17	0.6538461538461539	11	0.4230769230769231
956	2026081000	20	pooled_test	ALL	26	520	146	0.2807692307692307	1712	322	0.1880841121495327	166	0.0969626168224299	169	0.098714953271028	111	0.0648364485981308	21	0.8076923076923077	21	0.8076923076923077	21	0.8076923076923077	12	0.4615384615384615
957	2026081000	20	pooled_test	ALL	26	520	141	0.2711538461538461	1712	303	0.1769859813084112	146	0.0852803738317757	163	0.0952102803738317	100	0.058411214953271	20	0.7692307692307693	20	0.7692307692307693	19	0.7307692307692307	13	0.5
958	2026081000	20	pooled_test	ALL	26	520	149	0.2865384615384615	1712	348	0.2032710280373831	163	0.0952102803738317	171	0.0998831775700934	118	0.0689252336448598	18	0.6923076923076923	18	0.6923076923076923	18	0.6923076923076923	14	0.5384615384615384
959	2026081000	20	pooled_test	ALL	26	520	121	0.2326923076923077	1712	331	0.1933411214953271	127	0.0741822429906542	169	0.098714953271028	95	0.0554906542056074	19	0.7307692307692307	19	0.7307692307692307	19	0.7307692307692307	14	0.5384615384615384
960	2026081000	20	pooled_test	ALL	26	520	129	0.248076923076923	1712	301	0.1758177570093458	158	0.0922897196261682	159	0.0928738317757009	98	0.0572429906542056	21	0.8076923076923077	21	0.8076923076923077	21	0.8076923076923077	15	0.5769230769230769
961	2026081000	20	pooled_test	ALL	26	520	144	0.2769230769230769	1712	320	0.1869158878504672	163	0.0952102803738317	172	0.1004672897196261	112	0.0654205607476635	21	0.8076923076923077	21	0.8076923076923077	21	0.8076923076923077	16	0.6153846153846154
962	2026081000	20	pooled_test	ALL	26	520	145	0.2788461538461538	1712	306	0.1787383177570093	146	0.0852803738317757	174	0.1016355140186915	108	0.0630841121495327	20	0.7692307692307693	20	0.7692307692307693	20	0.7692307692307693	11	0.4230769230769231
963	2026081000	20	pooled_test	ALL	26	520	151	0.2903846153846154	1712	292	0.1705607476635514	145	0.084696261682243	169	0.098714953271028	111	0.0648364485981308	20	0.7692307692307693	20	0.7692307692307693	20	0.7692307692307693	17	0.6538461538461539
964	2026081000	20	pooled_test	ALL	26	520	140	0.2692307692307692	1712	305	0.1781542056074766	149	0.0870327102803738	168	0.0981308411214953	105	0.0613317757009345	19	0.7307692307692307	19	0.7307692307692307	19	0.7307692307692307	15	0.5769230769230769
965	2026081000	20	pooled_test	ALL	26	520	137	0.2634615384615384	1712	344	0.2009345794392523	147	0.0858644859813084	160	0.0934579439252336	102	0.0595794392523364	18	0.6923076923076923	18	0.6923076923076923	18	0.6923076923076923	13	0.5
966	2026081000	20	pooled_test	ALL	26	520	144	0.2769230769230769	1712	324	0.1892523364485981	149	0.0870327102803738	174	0.1016355140186915	102	0.0595794392523364	20	0.7692307692307693	20	0.7692307692307693	20	0.7692307692307693	16	0.6153846153846154
967	2026081000	20	pooled_test	ALL	26	520	145	0.2788461538461538	1712	325	0.1898364485981308	171	0.0998831775700934	174	0.1016355140186915	113	0.0660046728971962	18	0.6923076923076923	18	0.6923076923076923	18	0.6923076923076923	13	0.5
968	2026081000	20	pooled_test	ALL	26	520	140	0.2692307692307692	1712	300	0.175233644859813	134	0.0782710280373831	156	0.0911214953271028	102	0.0595794392523364	24	0.9230769230769232	24	0.9230769230769232	24	0.9230769230769232	17	0.6538461538461539
969	2026081000	20	pooled_test	ALL	26	520	154	0.2961538461538461	1712	308	0.1799065420560747	171	0.0998831775700934	176	0.102803738317757	119	0.0695093457943925	23	0.8846153846153846	23	0.8846153846153846	23	0.8846153846153846	15	0.5769230769230769
970	2026081000	20	pooled_test	ALL	26	520	135	0.2596153846153846	1712	332	0.1939252336448598	143	0.0835280373831775	166	0.0969626168224299	102	0.0595794392523364	20	0.7692307692307693	20	0.7692307692307693	20	0.7692307692307693	13	0.5
971	2026081000	20	pooled_test	ALL	26	520	132	0.2538461538461538	1712	292	0.1705607476635514	162	0.094626168224299	145	0.084696261682243	95	0.0554906542056074	21	0.8076923076923077	21	0.8076923076923077	21	0.8076923076923077	14	0.5384615384615384
972	2026081000	20	pooled_test	ALL	26	520	139	0.2673076923076923	1712	285	0.1664719626168224	138	0.080607476635514	158	0.0922897196261682	104	0.0607476635514018	21	0.8076923076923077	21	0.8076923076923077	21	0.8076923076923077	16	0.6153846153846154
973	2026081000	20	pooled_test	ALL	26	520	147	0.2826923076923077	1712	332	0.1939252336448598	174	0.1016355140186915	173	0.1010514018691588	115	0.0671728971962616	20	0.7692307692307693	20	0.7692307692307693	20	0.7692307692307693	14	0.5384615384615384
974	2026081000	20	pooled_test	ALL	26	520	142	0.273076923076923	1712	357	0.2085280373831775	156	0.0911214953271028	167	0.0975467289719626	106	0.0619158878504672	22	0.8461538461538461	22	0.8461538461538461	21	0.8076923076923077	12	0.4615384615384615
975	2026081000	20	pooled_test	ALL	26	520	144	0.2769230769230769	1712	331	0.1933411214953271	169	0.098714953271028	170	0.0992990654205607	112	0.0654205607476635	18	0.6923076923076923	18	0.6923076923076923	18	0.6923076923076923	14	0.5384615384615384
976	2026081000	20	pooled_test	ALL	26	520	138	0.2653846153846154	1712	241	0.1407710280373831	158	0.0922897196261682	171	0.0998831775700934	106	0.0619158878504672	19	0.7307692307692307	19	0.7307692307692307	19	0.7307692307692307	14	0.5384615384615384
977	2026081000	20	pooled_test	ALL	26	520	142	0.273076923076923	1712	311	0.1816588785046729	143	0.0835280373831775	170	0.0992990654205607	110	0.0642523364485981	22	0.8461538461538461	22	0.8461538461538461	22	0.8461538461538461	17	0.6538461538461539
978	2026081000	20	pooled_test	ALL	26	520	137	0.2634615384615384	1712	336	0.1962616822429906	159	0.0928738317757009	169	0.098714953271028	112	0.0654205607476635	21	0.8076923076923077	21	0.8076923076923077	21	0.8076923076923077	15	0.5769230769230769
979	2026081000	20	pooled_test	ALL	26	520	150	0.2884615384615384	1712	261	0.1524532710280373	164	0.0957943925233644	176	0.102803738317757	115	0.0671728971962616	17	0.6538461538461539	17	0.6538461538461539	17	0.6538461538461539	11	0.4230769230769231
980	2026081000	20	pooled_test	ALL	26	520	135	0.2596153846153846	1712	228	0.1331775700934579	144	0.0841121495327102	167	0.0975467289719626	100	0.058411214953271	20	0.7692307692307693	20	0.7692307692307693	20	0.7692307692307693	16	0.6153846153846154
981	2026081000	20	pooled_test	ALL	26	520	137	0.2634615384615384	1712	312	0.1822429906542056	151	0.0882009345794392	163	0.0952102803738317	105	0.0613317757009345	23	0.8846153846153846	23	0.8846153846153846	23	0.8846153846153846	18	0.6923076923076923
982	2026081000	20	pooled_test	ALL	26	520	141	0.2711538461538461	1712	306	0.1787383177570093	157	0.0917056074766355	164	0.0957943925233644	108	0.0630841121495327	20	0.7692307692307693	20	0.7692307692307693	20	0.7692307692307693	12	0.4615384615384615
983	2026081000	20	pooled_test	ALL	26	520	150	0.2884615384615384	1712	304	0.1775700934579439	160	0.0934579439252336	180	0.1051401869158878	116	0.0677570093457943	21	0.8076923076923077	21	0.8076923076923077	21	0.8076923076923077	11	0.4230769230769231
984	2026081000	20	pooled_test	ALL	26	520	137	0.2634615384615384	1712	277	0.1617990654205607	159	0.0928738317757009	155	0.0905373831775701	100	0.058411214953271	21	0.8076923076923077	21	0.8076923076923077	21	0.8076923076923077	16	0.6153846153846154
985	2026081000	20	pooled_test	ALL	26	520	146	0.2807692307692307	1712	299	0.1746495327102804	161	0.0940420560747663	172	0.1004672897196261	113	0.0660046728971962	19	0.7307692307692307	19	0.7307692307692307	19	0.7307692307692307	15	0.5769230769230769
986	2026081000	20	pooled_test	ALL	26	520	154	0.2961538461538461	1712	329	0.1921728971962616	160	0.0934579439252336	177	0.1033878504672897	115	0.0671728971962616	23	0.8846153846153846	23	0.8846153846153846	23	0.8846153846153846	15	0.5769230769230769
987	2026081000	20	pooled_test	ALL	26	520	138	0.2653846153846154	1712	296	0.1728971962616822	169	0.098714953271028	175	0.1022196261682243	108	0.0630841121495327	19	0.7307692307692307	19	0.7307692307692307	19	0.7307692307692307	15	0.5769230769230769
988	2026081000	20	pooled_test	ALL	26	520	155	0.2980769230769231	1712	303	0.1769859813084112	154	0.0899532710280373	186	0.1086448598130841	120	0.0700934579439252	23	0.8846153846153846	23	0.8846153846153846	23	0.8846153846153846	16	0.6153846153846154
989	2026081000	20	pooled_test	ALL	26	520	151	0.2903846153846154	1712	311	0.1816588785046729	164	0.0957943925233644	173	0.1010514018691588	110	0.0642523364485981	21	0.8076923076923077	21	0.8076923076923077	21	0.8076923076923077	15	0.5769230769230769
990	2026081000	20	pooled_test	ALL	26	520	149	0.2865384615384615	1712	374	0.2184579439252336	176	0.102803738317757	178	0.1039719626168224	118	0.0689252336448598	21	0.8076923076923077	21	0.8076923076923077	21	0.8076923076923077	15	0.5769230769230769
991	2026081000	20	pooled_test	ALL	26	520	139	0.2673076923076923	1712	384	0.2242990654205607	164	0.0957943925233644	177	0.1033878504672897	107	0.0625	19	0.7307692307692307	19	0.7307692307692307	19	0.7307692307692307	13	0.5
992	2026081000	20	pooled_test	ALL	26	520	140	0.2692307692307692	1712	303	0.1769859813084112	150	0.0876168224299065	160	0.0934579439252336	103	0.0601635514018691	21	0.8076923076923077	21	0.8076923076923077	21	0.8076923076923077	16	0.6153846153846154
993	2026081000	20	pooled_test	ALL	26	520	149	0.2865384615384615	1712	363	0.2120327102803738	180	0.1051401869158878	173	0.1010514018691588	119	0.0695093457943925	18	0.6923076923076923	18	0.6923076923076923	18	0.6923076923076923	11	0.4230769230769231
994	2026081000	20	pooled_test	ALL	26	520	140	0.2692307692307692	1712	310	0.1810747663551402	157	0.0917056074766355	168	0.0981308411214953	104	0.0607476635514018	20	0.7692307692307693	20	0.7692307692307693	20	0.7692307692307693	17	0.6538461538461539
995	2026081000	20	pooled_test	ALL	26	520	132	0.2538461538461538	1712	321	0.1875	136	0.0794392523364486	155	0.0905373831775701	100	0.058411214953271	23	0.8846153846153846	23	0.8846153846153846	23	0.8846153846153846	16	0.6153846153846154
996	2026081000	20	pooled_test	ALL	26	520	152	0.2923076923076923	1712	344	0.2009345794392523	171	0.0998831775700934	170	0.0992990654205607	118	0.0689252336448598	19	0.7307692307692307	19	0.7307692307692307	19	0.7307692307692307	16	0.6153846153846154
997	2026081000	20	pooled_test	ALL	26	520	146	0.2807692307692307	1712	316	0.1845794392523364	150	0.0876168224299065	174	0.1016355140186915	111	0.0648364485981308	19	0.7307692307692307	19	0.7307692307692307	19	0.7307692307692307	15	0.5769230769230769
998	2026081000	20	pooled_test	ALL	26	520	138	0.2653846153846154	1712	295	0.1723130841121495	135	0.0788551401869158	160	0.0934579439252336	101	0.0589953271028037	20	0.7692307692307693	20	0.7692307692307693	20	0.7692307692307693	16	0.6153846153846154
999	2026081000	20	pooled_test	ALL	26	520	134	0.2576923076923076	1712	382	0.2231308411214953	172	0.1004672897196261	174	0.1016355140186915	106	0.0619158878504672	18	0.6923076923076923	18	0.6923076923076923	18	0.6923076923076923	10	0.3846153846153846
