seed	image_id	pixels	plant_pixels	weed_pixels	plant_pixel_auc	plant_pixel_ap	plant_pixel_brier	weed_pixel_auc	weed_pixel_ap	weed_pixel_brier	conditional_crop_vs_weed_auc_on_labeled_plant_pixels	conditional_crop_vs_weed_ap_on_labeled_plant_pixels	maximum_class_probability_q50	maximum_class_probability_q90	maximum_class_probability_q99	foreground_probability_q50	foreground_probability_q90	foreground_probability_q99	foreground_probability_max	weed_probability_q99	weed_probability_max
20260810	001	360000	43782	37203	0.3532167219155781	0.09322441645040243	0.12004826217889786	0.2577123517571739	0.0727100812584695	0.10261597484350204	0.23133258881997648	0.7548413964249111	0.9933338761329651	0.9948219060897827	0.9971123933792114	0.006666123867034912	0.010376513004302979	0.013105988502502441	0.018548786640167236	0.007534148171544075	0.013151454739272594
20260810	002	360000	26642	23882	0.3748445678791258	0.05675172305151377	0.07305525243282318	0.2874823364462622	0.04584972021466871	0.06586743891239166	0.18161190163230084	0.8161899559238931	0.9933338761329651	0.9948219060897827	0.9971229434013367	0.006666123867034912	0.010376513004302979	0.013105988502502441	0.018466651439666748	0.007533473894000053	0.013152554631233215
20260810	003	360000	21022	15667	0.34246639048825356	0.04277978546626113	0.057670433074235916	0.23762334428992507	0.02847609626373157	0.0432237833738327	0.2276276438960086	0.6324611153530558	0.9933338761329651	0.9948219060897827	0.9971569776535034	0.006666123867034912	0.010376513004302979	0.013105988502502441	0.018086612224578857	0.007533473894000053	0.012852850370109081
20260810	004	360000	29333	26791	0.40409509231657287	0.0666571713921109	0.08039961010217667	0.3347473712580762	0.055321750627222534	0.07386484742164612	0.3582352332407507	0.8932288683850215	0.9933338761329651	0.9948219060897827	0.9971144199371338	0.006666123867034912	0.010376513004302979	0.013105988502502441	0.018548786640167236	0.007534148171544075	0.013151454739272594
20260810	005	360000	10568	8353	0.47268352288820514	0.027224787031630844	0.028990451246500015	0.39043122487414184	0.018592118078181525	0.02304224669933319	0.33097520551273263	0.7498047101988756	0.9933338761329651	0.9948219060897827	0.9971569776535034	0.006666123867034912	0.010443627834320068	0.013105988502502441	0.018548786640167236	0.007533473894000053	0.013151454739272594
20260810	006	360000	19500	11532	0.3629118433675967	0.04130186465769176	0.05349091812968254	0.2491904375254777	0.021638762128242426	0.031819116324186325	0.35344251616246464	0.5154544329018784	0.9933338761329651	0.9948219060897827	0.9971358776092529	0.006666123867034912	0.010471045970916748	0.013105988502502441	0.018548786640167236	0.007534148171544075	0.013151454739272594
20260810	007	360000	40121	31356	0.35178972435096434	0.08560891920427068	0.11001374572515488	0.2909162908717558	0.06231389808346968	0.08648267388343811	0.5021407290634458	0.7711502033643931	0.9933338761329651	0.9948219060897827	0.9971358776092529	0.006666123867034912	0.010376513004302979	0.013105988502502441	0.018650054931640625	0.007533473894000053	0.013253235258162022
20260810	008	360000	19899	17226	0.4333727240849388	0.04851066427448019	0.054562758654356	0.37604394539523506	0.038077299576759885	0.04749828949570656	0.6781090247652422	0.9273369912787905	0.9933338761329651	0.9948219060897827	0.9970909357070923	0.006666123867034912	0.010326862335205078	0.013105988502502441	0.018548786640167236	0.007477904204279184	0.013151454739272594
20260810	009	360000	19344	14311	0.3874803996712139	0.04244155598316596	0.053063612431287766	0.27953776180632395	0.027553384336826022	0.03948142006993294	0.2963988857941194	0.6385832706315449	0.9933338761329651	0.9948219060897827	0.9971369504928589	0.006666123867034912	0.010436821728944778	0.013134181499481201	0.018466651439666748	0.007534148171544075	0.013152554631233215
20260810	010	360000	17916	14497	0.4151095986599182	0.041407012962015016	0.04914411902427673	0.29410111483685675	0.028826969265070154	0.03998999297618866	0.23267436618841958	0.7112597795276727	0.9933338761329651	0.9948219060897827	0.9971569776535034	0.006666123867034912	0.010326862335205078	0.013105988502502441	0.01826655864715576	0.007533473894000053	0.012951282784342766
20260810	011	360000	18256	12727	0.44749841892416137	0.043569999358786395	0.0500657893717289	0.4065738041790525	0.02829263850965197	0.03509891405701637	0.5788270857619197	0.7564851195661704	0.9933338761329651	0.9948219060897827	0.9971358776092529	0.006666123867034912	0.010350465774536133	0.013105988502502441	0.018548786640167236	0.007533473894000053	0.013151454739272594
20260810	012	360000	6521	5331	0.3103414400118415	0.014789598468356523	0.01793024130165577	0.2070668905283831	0.010907587408628672	0.014719491824507713	0.4462336988819163	0.7928467146453759	0.9933338761329651	0.9948219060897827	0.9971358776092529	0.006666123867034912	0.010376513004302979	0.013105988502502441	0.018548786640167236	0.007533473894000053	0.013151454739272594
20260810	013	360000	20400	14441	0.3182735435575879	0.040693065973542414	0.05597233027219772	0.27028963243876586	0.026950495802785312	0.03984218090772629	0.4797208422314851	0.7084361147088681	0.9933338761329651	0.9948219060897827	0.9971358776092529	0.006666123867034912	0.010376513004302979	0.013105988502502441	0.018548786640167236	0.007477904204279184	0.013151454739272594
20260810	014	360000	11714	10573	0.34610124054317737	0.024425399545969343	0.03216123953461647	0.2834643599877262	0.020191199844435122	0.02917329967021942	0.4679245573925216	0.912698384845684	0.9933338761329651	0.9948219060897827	0.9970909357070923	0.006666123867034912	0.010350465774536133	0.013105988502502441	0.018466651439666748	0.007534148171544075	0.013152554631233215
20260810	015	360000	12669	9339	0.2872218591738458	0.023984729619208323	0.03477506339550018	0.16050642914746602	0.016455344551963968	0.02577783167362213	0.13676810443594895	0.596602608287739	0.9933338761329651	0.9948219060897827	0.9971569776535034	0.006666123867034912	0.010376513004302979	0.013105988502502441	0.01824963092803955	0.007534148171544075	0.012952350080013275
20260810	016	360000	22769	19863	0.4258560353205837	0.05264476242947098	0.06244491785764694	0.3145073532877424	0.03945260181070769	0.05478790029883385	0.09012360963030343	0.7566568405594489	0.9933338761329651	0.9948219060897827	0.9970909357070923	0.006666123867034912	0.01041865348815918	0.013105988502502441	0.01844841241836548	0.007534148171544075	0.013050442561507225
20260810	017	360000	13392	8976	0.3869413940634963	0.02962541981352953	0.036752089858055115	0.32697879543930103	0.01804306969748591	0.024766892194747925	0.4730271060993567	0.6610327389490959	0.9933338761329651	0.9948063492774963	0.9971802234649658	0.006666123867034912	0.010443627834320068	0.013105988502502441	0.018185675144195557	0.007534148171544075	0.012952350080013275
20260810	018	360000	21416	17144	0.3551587939770494	0.04420743565186235	0.05873841047286987	0.31043411380948577	0.03317134902289993	0.04728784039616585	0.3873957374829818	0.7601218298345234	0.9933338761329651	0.9948219060897827	0.9971569776535034	0.006666123867034912	0.010376513004302979	0.013105988502502441	0.018466651439666748	0.007534148171544075	0.013152554631233215
20260810	019	360000	9642	6456	0.4431785577384568	0.02317973801005386	0.026473917067050934	0.4000479854793597	0.014353248804102796	0.01781519502401352	0.5532092853570181	0.755292591528659	0.9933338761329651	0.9948219060897827	0.9971358776092529	0.006666123867034912	0.010376513004302979	0.013105988502502441	0.018548786640167236	0.007534148171544075	0.013151454739272594
20260810	020	360000	4617	1127	0.3936320549026489	0.01038726105017676	0.012707304209470749	0.6862143837845358	0.005031619783357342	0.0031232088804244995	0.992782140886752	0.9650743298396618	0.9933338761329651	0.9948219060897827	0.9971569776535034	0.006666123867034912	0.010376513004302979	0.013105988502502441	0.018466651439666748	0.007533473894000053	0.013152554631233215
20260810	021	360000	5912	1722	0.3437636387852057	0.012201257277189534	0.016258733347058296	0.16161903120941537	0.003243950276960281	0.004767167381942272	0.26666126139611207	0.225360469138075	0.9933338761329651	0.9948063492774963	0.9971802234649658	0.006666123867034912	0.01034003496170044	0.013105988502502441	0.018185675144195557	0.007533473894000053	0.012952350080013275
20260810	022	360000	15581	9340	0.351017548923615	0.03243307481553441	0.04274825379252434	0.364712707093421	0.019572480578160342	0.025763357058167458	0.6777108072026288	0.7710495631291244	0.9933338761329651	0.9948219060897827	0.9971802234649658	0.006666123867034912	0.010376513004302979	0.013105988502502441	0.018185675144195557	0.007477904204279184	0.012952350080013275
20260810	023	360000	17394	15914	0.3345665120382141	0.03475617512781923	0.04772333428263664	0.28202945471446816	0.029853965568699962	0.04389955848455429	0.2833934679306679	0.8704011778086701	0.9933338761329651	0.9948219060897827	0.9971569776535034	0.006666123867034912	0.010376513004302979	0.013134181499481201	0.018185675144195557	0.007534148171544075	0.012952350080013275
20260810	024	360000	15478	14909	0.3986043599010204	0.037707044670074234	0.04244518280029297	0.3399678401960915	0.0333307105133958	0.04110853746533394	0.5230728988434935	0.970599630583897	0.9933338761329651	0.9948063492774963	0.9971802234649658	0.006666123867034912	0.010341012850403786	0.013105988502502441	0.018466651439666748	0.007534148171544075	0.013152554631233215
20260810	025	360000	17042	9813	0.34512794186685786	0.03979180718530825	0.04673895239830017	0.3397545062522419	0.02911607848091693	0.02705996297299862	0.6363539480299869	0.7006458225592163	0.9933338761329651	0.9948219060897827	0.9971334934234619	0.006666123867034912	0.010310530662536621	0.013105988502502441	0.018466651439666748	0.007533473894000053	0.013152554631233215
20260810	026	360000	12787	12212	0.357281104933187	0.02638996996561044	0.03509286418557167	0.2888347587062339	0.02310785782150527	0.03368987515568733	0.022428046540110224	0.8767064795648271	0.9933338761329651	0.9948063492774963	0.9971569776535034	0.006666123867034912	0.010326862335205078	0.013105988502502441	0.01826655864715576	0.007534148171544075	0.012951282784342766
20260810	027	360000	19443	12248	0.38241302520155607	0.041754745528359165	0.053319673985242844	0.33605916601936897	0.025093612450915737	0.0337773859500885	0.5702892423842851	0.703568683536467	0.9933338761329651	0.9948219060897827	0.9971777200698853	0.006666123867034912	0.010326862335205078	0.013105988502502441	0.018167495727539062	0.007533473894000053	0.012851791456341743
20260810	028	360000	28280	24037	0.33451440509548536	0.057222753243308874	0.07755615562200546	0.29090830379395716	0.04617139951666244	0.06629747897386551	0.493842953108537	0.8469782913865735	0.9933338761329651	0.9948063492774963	0.9971334934234619	0.006666123867034912	0.010283291339874268	0.013105988502502441	0.018185675144195557	0.007477904204279184	0.012952350080013275
20260810	029	360000	49445	48554	0.3706223087151117	0.10497176987865371	0.13554289937019348	0.32611001376917476	0.09717398083250146	0.13388848304748535	0.6162004496642219	0.9891097340123738	0.9933338761329651	0.9948219060897827	0.9970909357070923	0.006666123867034912	0.010283291339874268	0.013105988502502441	0.018548786640167236	0.007534148171544075	0.013151454739272594
20260810	030	360000	6033	2827	0.21957105724645154	0.0112006644342655	0.016594866290688515	0.19181214434118668	0.0051234919823293324	0.007814884185791016	0.3786871251528958	0.4621368494801706	0.9933338761329651	0.9948063492774963	0.9971747398376465	0.006666123867034912	0.010310530662536621	0.013105988502502441	0.018466651439666748	0.007533473894000053	0.013152554631233215
20260810	031	360000	29693	24882	0.2840547006363727	0.05866117420609811	0.08145011216402054	0.17710157817216865	0.047141441290900296	0.06865048408508301	0.04219149471767396	0.7038839948076814	0.9933338761329651	0.9948219060897827	0.9971332550048828	0.006666123867034912	0.010376513004302979	0.013163328170776367	0.018548786640167236	0.007534148171544075	0.013151454739272594
20260810	032	360000	24402	18771	0.3902371759465112	0.054008968371985676	0.06692478805780411	0.3038160645760068	0.037015781827365056	0.05177751183509827	0.36146890135271315	0.7015127305788869	0.9933338761329651	0.9948219060897827	0.997109591960907	0.006666123867034912	0.010310530662536621	0.013105988502502441	0.018548786640167236	0.007534148171544075	0.013151454739272594
20260810	033	360000	18161	14546	0.3239685135714585	0.03685126566938154	0.0498209148645401	0.23213676825549048	0.02731559148808663	0.04012737795710564	0.23808355198436626	0.720001619347917	0.9933338761329651	0.9948219060897827	0.9971569776535034	0.006666123867034912	0.010376513004302979	0.013105988502502441	0.018185675144195557	0.007477904204279184	0.012952350080013275
20260810	034	360000	28102	26428	0.405374277797766	0.06274772896552042	0.07704642415046692	0.361627550627285	0.055123866213309135	0.07287365943193436	0.6474549254356962	0.9662797311848625	0.9933338761329651	0.9948219060897827	0.9971153736114502	0.006666123867034912	0.010283291339874268	0.013105988502502441	0.018548786640167236	0.007533473894000053	0.013151454739272594
20260810	035	360000	20103	7861	0.4061615468212678	0.04581116967415714	0.05513433739542961	0.21251798852968456	0.015239152559007837	0.02169702760875225	0.2377507319059277	0.29735181580711556	0.9933338761329651	0.9948063492774963	0.9971369504928589	0.006666123867034912	0.010376513004302979	0.013105988502502441	0.018548786640167236	0.007534148171544075	0.013151454739272594
20260810	036	360000	29499	27082	0.3630511883146475	0.06231826290175137	0.0808546170592308	0.3211358285072192	0.05423570647974808	0.07466772943735123	0.36247782787633703	0.8944185581875119	0.9933338761329651	0.9948219060897827	0.9971569776535034	0.006666123867034912	0.010326862335205078	0.013105988502502441	0.018548786640167236	0.007533473894000053	0.013151454739272594
20260810	037	360000	9679	3344	0.5171348482661922	0.026987580528489596	0.026556046679615974	0.691425412665608	0.015006480915061255	0.009225179441273212	0.8576076838253343	0.7346556714308106	0.9933338761329651	0.9948219060897827	0.9971569776535034	0.006666123867034912	0.010283291339874268	0.013105988502502441	0.018466651439666748	0.0074927243404090405	0.013152554631233215
20260810	038	360000	28241	24955	0.4051709700714072	0.06291310815746931	0.07742463797330856	0.3811985822267692	0.053436626233824	0.06881040334701538	0.6607244226460947	0.9393664753696668	0.9933338761329651	0.9948219060897827	0.9970909357070923	0.006666123867034912	0.010283291339874268	0.013105988502502441	0.018185675144195557	0.007534148171544075	0.012952350080013275
20260810	039	360000	8930	5617	0.3609529569352704	0.01909939835746589	0.024525141343474388	0.32664095010756444	0.01131918347899494	0.015502738766372204	0.47140885912881103	0.6934859896820018	0.9933338761329651	0.9948219060897827	0.9971569776535034	0.006666123867034912	0.010310530662536621	0.013076245784759521	0.018185675144195557	0.007477904204279184	0.012952350080013275
20260810	040	360000	31569	28223	0.3832966020737672	0.06810743286013934	0.08654344081878662	0.3072089534020025	0.05532703944979084	0.07782547920942307	0.24932449760392844	0.8440466387764043	0.9933338761329651	0.9948219060897827	0.9970909357070923	0.006666123867034912	0.010326862335205078	0.013105988502502441	0.01826655864715576	0.007477904204279184	0.012951282784342766
20260810	041	360000	14187	10081	0.34424493983415305	0.030345320738072383	0.03893602266907692	0.2672050940974794	0.01955820421392077	0.027816809713840485	0.5046257076086041	0.701515136544849	0.9933338761329651	0.9948219060897827	0.9971569776535034	0.006666123867034912	0.01040506362915039	0.013105988502502441	0.018650054931640625	0.007533473894000053	0.013253235258162022
20260810	042	360000	11654	8647	0.4658773762522896	0.028832327965492285	0.03198099136352539	0.41245686476514676	0.01961589638194892	0.023856494575738907	0.4601762265595996	0.6991487155127707	0.9933338761329651	0.9948219060897827	0.9971386194229126	0.006666123867034912	0.010350465774536133	0.013105988502502441	0.018185675144195557	0.007477904204279184	0.012952350080013275
20260810	043	360000	7387	4489	0.39716376751228905	0.016827127330505044	0.020295005291700363	0.3500053063531625	0.009260502782995407	0.01239213440567255	0.5241043553900101	0.6768118930185689	0.9933338761329651	0.9948219060897827	0.9971802234649658	0.006666123867034912	0.010376513004302979	0.013105988502502441	0.018650054931640625	0.007533473894000053	0.013253235258162022
20260810	044	360000	7818	4333	0.48633225554865883	0.02042578752856083	0.021468183025717735	0.34739976246824605	0.009511147533747905	0.011963815428316593	0.25713500972318476	0.43860196050463823	0.9933338761329651	0.9948219060897827	0.9971358776092529	0.006666123867034912	0.010376513004302979	0.013105988502502441	0.018548786640167236	0.007534148171544075	0.013151454739272594
20260810	045	360000	20219	14908	0.40242685482474505	0.04522857169917258	0.05545157194137573	0.345770036892298	0.03046769411429548	0.04112030565738678	0.5350571056613496	0.7562483155259494	0.9933338761329651	0.9948063492774963	0.9971777200698853	0.006666123867034912	0.010443627834320068	0.013105988502502441	0.018548786640167236	0.007534148171544075	0.013151454739272594
20260810	046	360000	6501	5214	0.2733215759706059	0.012473126316850564	0.01787707209587097	0.15481526348440808	0.009464673695940947	0.014399359934031963	0.04422220791610895	0.6576374574864252	0.9933338761329651	0.9948219060897827	0.9971144199371338	0.006666123867034912	0.010310530662536621	0.013105988502502441	0.018466651439666748	0.007533473894000053	0.013152554631233215
20260810	047	360000	8682	6605	0.37847900801090206	0.019013015549979365	0.023850390687584877	0.322866391525079	0.01318213310856781	0.018230663612484932	0.4909114168844673	0.7983476588986351	0.9933338761329651	0.9948063492774963	0.9971802234649658	0.006666123867034912	0.010376513004302979	0.013105988502502441	0.018466651439666748	0.007534148171544075	0.013152554631233215
20260810	048	360000	10531	8124	0.4455936883017022	0.025559752304204063	0.028900329023599625	0.301975459157961	0.016392837113905434	0.022414695471525192	0.2161982622079005	0.6533736850456522	0.9933338761329651	0.9948219060897827	0.9971591234207153	0.006666123867034912	0.010326862335205078	0.013105988502502441	0.018548786640167236	0.007534148171544075	0.013151454739272594
20260810	049	360000	9591	2157	0.42583708112991253	0.02242851302577891	0.026335719972848892	0.3346828786906417	0.004338860518026121	0.005965311545878649	0.41333189648882357	0.2133822832591368	0.9933338761329651	0.9948063492774963	0.9971747398376465	0.006666123867034912	0.010376513004302979	0.013105988502502441	0.018548786640167236	0.007533473894000053	0.013151454739272594
20260810	050	360000	4272	0	0.5536790544270369	0.012811155013805246	0.011751342564821243	nan	nan	1.789814814401325e-05	nan	nan	0.9933338761329651	0.9948219060897827	0.9971417784690857	0.006666123867034912	0.010310530662536621	0.01302248239517212	0.018548786640167236	0.007477265316992998	0.013151454739272594
20260810	051	360000	36286	28918	0.44665524565657005	0.08688741948533275	0.09946407377719879	0.39004437034540884	0.06294085971158103	0.07973429560661316	0.5163119936870431	0.8250747760027042	0.9933338761329651	0.9948219060897827	0.9970909357070923	0.006666123867034912	0.010443627834320068	0.013105988502502441	0.018548786640167236	0.007533473894000053	0.013151454739272594
20260810	052	360000	30445	22203	0.34695299530242635	0.06289505041556924	0.08348501473665237	0.3319015003875829	0.04426287874870358	0.06123162806034088	0.6466695903191398	0.8393791720097395	0.9933338761329651	0.9948219060897827	0.9970988035202026	0.006666123867034912	0.010376513004302979	0.013105988502502441	0.018548786640167236	0.007477904204279184	0.013151454739272594
20260810	053	360000	13392	10378	0.37664927179691315	0.028804293770115324	0.03675207123160362	0.3077694931642271	0.02049428578964066	0.02863161638379097	0.3165216143639057	0.7423470715889546	0.9933338761329651	0.9948219060897827	0.9971569776535034	0.006666123867034912	0.010376513004302979	0.013105988502502441	0.018548786640167236	0.007534148171544075	0.013151454739272594
20260810	054	360000	25117	16845	0.3971126103518878	0.055254448912484336	0.06887415051460266	0.4087559099624662	0.03773869436302168	0.04645238071680069	0.6046480978003448	0.800765776591864	0.9933338761329651	0.9948219060897827	0.9971369504928589	0.006666123867034912	0.010376513004302979	0.013165533542633057	0.018548786640167236	0.007534148171544075	0.013151454739272594
20260810	055	360000	24543	12989	0.38194723195808344	0.052962616042892145	0.0672985315322876	0.3622491048644233	0.026912751956499895	0.03582415729761124	0.49612195659146374	0.5922144062920589	0.9933338761329651	0.9948219060897827	0.9970996379852295	0.006666123867034912	0.010443627834320068	0.013105988502502441	0.018548786640167236	0.007534148171544075	0.013151454739272594
20260810	056	360000	25266	21341	0.4129646474504869	0.05712379559980008	0.06927039474248886	0.37557754269662946	0.04565552389232004	0.058843836188316345	0.5754950266181212	0.8975295003895187	0.9933338761329651	0.9948219060897827	0.9970996379852295	0.006666123867034912	0.010326862335205078	0.013105988502502441	0.018650054931640625	0.007477904204279184	0.013253235258162022
20260810	057	360000	27795	27328	0.46504747740015223	0.06791469521508328	0.0761847272515297	0.41863623357458996	0.0617823271588511	0.07534249871969223	0.6350009590840935	0.9905544574652742	0.9933338761329651	0.9948151707649231	0.9971417784690857	0.006666123867034912	0.010283291339874268	0.013105988502502441	0.018466651439666748	0.007534148171544075	0.013152554631233215
20260810	058	360000	38880	32222	0.4709924939521731	0.09724499225959857	0.10654526948928833	0.4285053031606391	0.07518039769781462	0.08883120864629745	0.49193724823463475	0.8250640330351148	0.9933338761329651	0.9948219060897827	0.9970909357070923	0.006666123867034912	0.010310530662536621	0.013105988502502441	0.018466651439666748	0.007533473894000053	0.013152554631233215
20260810	059	360000	30087	26801	0.4409857278609901	0.0708304046514897	0.08246738463640213	0.40325412747247374	0.059438743033568456	0.07389064878225327	0.5680920838906388	0.9286350222034736	0.9933338761329651	0.9948219060897827	0.9970909357070923	0.006666123867034912	0.010376513004302979	0.013105988502502441	0.018466651439666748	0.007478533312678337	0.013152554631233215
20260810	060	360000	29161	23430	0.4219431895434353	0.06657377634388664	0.07994385063648224	0.3176877943466	0.04622751620212642	0.06461933255195618	0.25997557070877114	0.6975991386042284	0.9933338761329651	0.9948219060897827	0.9970909357070923	0.006666123867034912	0.010376513004302979	0.013105988502502441	0.018185675144195557	0.007534148171544075	0.012952350080013275
20260811	001	360000	43782	37203	0.423071165554285	0.09998067785334164	0.11943155527114868	0.4253914090892539	0.0860529224160241	0.1022423505783081	0.21870173827685524	0.7458269948565011	0.990481972694397	0.9912746548652649	0.9941354990005493	0.009518027305603027	0.018054068088531494	0.04089111089706421	0.2208235263824463	0.03475411236286163	0.20353256165981293
20260811	002	360000	26642	23882	0.4745484942702184	0.06591939890027952	0.07272295653820038	0.48092921707767233	0.05954913504076145	0.06565610319375992	0.18795537904358262	0.8031397650404365	0.990481972694397	0.9912221431732178	0.9941354990005493	0.009518027305603027	0.018069326877593994	0.04031014442443848	0.21935206651687622	0.034875594079494476	0.2034534215927124
20260811	003	360000	21022	15667	0.4352400755145241	0.04867063850644902	0.05750018358230591	0.445921463335113	0.03756564397027417	0.043140701949596405	0.39372478933489524	0.6847356705746684	0.990481972694397	0.9912221431732178	0.9941354990005493	0.009518027305603027	0.01798844337463379	0.041155219078063965	0.21964561939239502	0.03525325655937195	0.20489519834518433
20260811	004	360000	29333	26791	0.4616463321142536	0.07030434213476373	0.08006343245506287	0.48683584681613884	0.06751388560396475	0.07360654324293137	0.30003133354934036	0.8618969251989765	0.990481972694397	0.9912746548652649	0.9941354990005493	0.009518027305603027	0.01798844337463379	0.04079777002334595	0.21964561939239502	0.03483530133962631	0.202132910490036
20260811	005	360000	10568	8353	0.5849147527123892	0.03567376828517349	0.028914282098412514	0.6339343072180353	0.03204313471489956	0.022975577041506767	0.6896643560024528	0.900063606267438	0.990481972694397	0.991000235080719	0.9941354990005493	0.009518027305603027	0.01797187328338623	0.0407564640045166	0.21964561939239502	0.035235144197940826	0.19956770539283752
20260811	006	360000	19500	11532	0.4466167446063481	0.045809342540064434	0.053325552493333817	0.46863555985411925	0.02845095315534989	0.031771957874298096	0.42778448275411746	0.5566207410495657	0.990481972694397	0.9912746548652649	0.9941354990005493	0.009518027305603027	0.01797187328338623	0.04100525379180908	0.2208235263824463	0.034875594079494476	0.19890815019607544
20260811	007	360000	40121	31356	0.412184000028514	0.09025645406318247	0.10946143418550491	0.44352767986299935	0.07374229806052464	0.08615514636039734	0.4002343093868497	0.7372226746320841	0.990481972694397	0.9912746548652649	0.9941354990005493	0.009518027305603027	0.01798844337463379	0.04040729999542236	0.21990865468978882	0.03471572697162628	0.20103268325328827
20260811	008	360000	19899	17226	0.4812387119538898	0.050674428877496173	0.05444233864545822	0.5302001747435634	0.048322970174974625	0.04740416258573532	0.5916496800593192	0.9026499647646452	0.990481972694397	0.9912221431732178	0.9941354990005493	0.009518027305603027	0.018086612224578857	0.04045587778091431	0.21763938665390015	0.03488783538341522	0.20197543501853943
20260811	009	360000	19344	14311	0.44706469041811564	0.046004571916257994	0.052893415093421936	0.44549695455395055	0.03466879369428611	0.03942074254155159	0.2957697212512434	0.6364717533302318	0.990481972694397	0.9912221431732178	0.9941354990005493	0.009518027305603027	0.01798844337463379	0.04051154851913452	0.21905887126922607	0.03483530133962631	0.20166081190109253
20260811	010	360000	17916	14497	0.5021683422518762	0.047704288917545995	0.04895804449915886	0.49734441698331533	0.038258904623669834	0.039891891181468964	0.15892167622380063	0.691240171310069	0.990481972694397	0.9912746548652649	0.9941354990005493	0.009518027305603027	0.01797187328338623	0.04065221548080444	0.21990865468978882	0.03476176783442497	0.19910015165805817
20260811	011	360000	18256	12727	0.5177059851602199	0.049069356868266543	0.04993876814842224	0.565784610104128	0.03795236213207981	0.03503725677728653	0.528501653950513	0.7373038584905834	0.990481972694397	0.9912221431732178	0.9941354990005493	0.009518027305603027	0.01798844337463379	0.040732622146606445	0.21990865468978882	0.03489568829536438	0.2011895775794983
20260811	012	360000	6521	5331	0.42472327680768907	0.015774381032404368	0.01800592802464962	0.4591812580891226	0.013799853306829493	0.014767983928322792	0.372017405724248	0.7886846726104841	0.990481972694397	0.9910852313041687	0.9941354990005493	0.009518027305603027	0.01792621612548828	0.0407564640045166	0.21935206651687622	0.0347689613699913	0.2002706229686737
20260811	013	360000	20400	14441	0.4122366661903277	0.045886144538883275	0.055832862854003906	0.45553010592122045	0.03499316556693035	0.039769768714904785	0.52765158202731	0.7519880394225416	0.990481972694397	0.9912221431732178	0.9941354990005493	0.009518027305603027	0.017975375056266785	0.0403171181678772	0.22049874067306519	0.03471572697162628	0.1997237503528595
20260811	014	360000	11714	10573	0.4767414588785351	0.030041882562218784	0.03214956820011139	0.5333734525558225	0.030625057560652206	0.029149292036890984	0.7723949258744741	0.9624682909553478	0.990481972694397	0.9910852313041687	0.9941354990005493	0.009518027305603027	0.018013715744018555	0.04051858186721802	0.22023385763168335	0.03483530133962631	0.20142510533332825
20260811	015	360000	12669	9339	0.45211593353805374	0.03086152032894165	0.0347575806081295	0.48601696125398536	0.024454012807321145	0.025769159197807312	0.5154051738857393	0.7696481560541267	0.990481972694397	0.9912221431732178	0.9941354990005493	0.009518027305603027	0.01798844337463379	0.040732622146606445	0.21990865468978882	0.035245735198259354	0.20416653156280518
20260811	016	360000	22769	19863	0.48488816836820686	0.05682106914943893	0.062194887548685074	0.48924717386506633	0.05040384896035796	0.054625254124403	0.18065380686331792	0.7739158340681331	0.990481972694397	0.9912746548652649	0.9941354990005493	0.009518027305603027	0.01798844337463379	0.04025453329086304	0.2215784192085266	0.0347689613699913	0.20095427334308624
20260811	017	360000	13392	8976	0.5311257129368557	0.03732009287064035	0.03665246069431305	0.6149486913799596	0.030588470914300565	0.024713484570384026	0.763411556723727	0.8703855482887464	0.990481972694397	0.9910852313041687	0.9941354990005493	0.009518027305603027	0.01798844337463379	0.04100525379180908	0.22023385763168335	0.0349784791469574	0.19894446432590485
20260811	018	360000	21416	17144	0.544699651709176	0.06074951508601411	0.058481015264987946	0.6027743399951946	0.055407910122291966	0.04712869971990585	0.7037239827738075	0.8546340637111253	0.990481972694397	0.9912746548652649	0.9941354990005493	0.009518027305603027	0.01798844337463379	0.04058021306991577	0.22049874067306519	0.03483530133962631	0.20103268325328827
20260811	019	360000	9642	6456	0.5218312884027514	0.026257558679771587	0.026476139202713966	0.5834427314410928	0.020229805997306994	0.017830656841397285	0.6487230718579038	0.7756459670861331	0.990481972694397	0.9912221431732178	0.9941354990005493	0.009518027305603027	0.01798844337463379	0.040988028049468994	0.22049874067306519	0.034962210804224014	0.20337429642677307
20260811	020	360000	4617	1127	0.4929751339342586	0.01199679917661866	0.012810975313186646	0.6612423582649628	0.004709221886446622	0.003222382627427578	0.6240523691724106	0.3458024173259594	0.990481972694397	0.9912221431732178	0.9941354990005493	0.009518027305603027	0.017916321754455566	0.04031836986541748	0.22023385763168335	0.034899525344371796	0.20158222317695618
20260811	021	360000	5912	1722	0.5465071285097388	0.017027233353135357	0.016324441879987717	0.5409421296975708	0.005353913426307219	0.004859041888266802	0.3489648213904573	0.25163459325686055	0.990481972694397	0.9912221431732178	0.9941354990005493	0.009518027305603027	0.01791393756866455	0.04100525379180908	0.21990865468978882	0.03483530133962631	0.20173946022987366
20260811	022	360000	15581	9340	0.5112384188606302	0.042471604070149264	0.042618270963430405	0.5878483652606873	0.03064775557869772	0.025713805109262466	0.5757505197205603	0.6956134066827195	0.990481972694397	0.9912746548652649	0.9941354990005493	0.009518027305603027	0.01795738935470581	0.04100525379180908	0.21942967176437378	0.03497053310275078	0.2039286345243454
20260811	023	360000	17394	15914	0.5438126897923217	0.04976825254156114	0.047574326395988464	0.5695293726896933	0.04884894755419424	0.04377933591604233	0.4921114631346189	0.9053718098340898	0.990481972694397	0.9912746548652649	0.9941354990005493	0.009518027305603027	0.018007278442382812	0.040732622146606445	0.22023385763168335	0.03483530133962631	0.20064085721969604
20260811	024	360000	15478	14909	0.47910505271940235	0.04476906922179885	0.0422448068857193	0.5089958875357766	0.04457583818562777	0.04091741144657135	0.4020237713953226	0.9637682492822665	0.990481972694397	0.9912221431732178	0.9941354990005493	0.009518027305603027	0.01793450117111206	0.04064375162124634	0.21990865468978882	0.03501714766025543	0.2011895775794983
20260811	025	360000	17042	9813	0.4547939033838645	0.04127874433949541	0.0466623492538929	0.48387857123103617	0.0253256116959027	0.027065958827733994	0.3126273811631782	0.4738944381227206	0.990481972694397	0.9912514090538025	0.9941354990005493	0.009518027305603027	0.01794487237930298	0.04049593210220337	0.21905887126922607	0.034633535891771317	0.202132910490036
20260811	026	360000	12787	12212	0.5230864914848701	0.03531087767818344	0.03504633903503418	0.546114990914589	0.03634074180157016	0.03364782780408859	0.00062362038764437	0.8791236720134508	0.990481972694397	0.9912221431732178	0.9941354990005493	0.009518027305603027	0.01797187328338623	0.040744900703430176	0.21905887126922607	0.03501514345407486	0.20205417275428772
20260811	027	360000	19443	12248	0.4699053577398356	0.04751570132682194	0.053156498819589615	0.4528210675033563	0.02922671988453908	0.033731859177351	0.3007104675710553	0.566075011616701	0.990481972694397	0.9912746548652649	0.9941354990005493	0.009518027305603027	0.01797187328338623	0.04031836986541748	0.21964561939239502	0.03464646264910698	0.20166081190109253
20260811	028	360000	28280	24037	0.4814216671845906	0.07340570739879013	0.07716008275747299	0.5120501386032494	0.06667875555694609	0.06600648164749146	0.4876522015988961	0.8673957397012718	0.990481972694397	0.9912221431732178	0.9941354990005493	0.009518027305603027	0.018105924129486084	0.0407564640045166	0.21905887126922607	0.03489568829536438	0.20158222317695618
20260811	029	360000	49445	48554	0.44265012173354173	0.11645744783941364	0.13490737974643707	0.47607555008350133	0.12109841899413358	0.13333897292613983	0.7335846739328773	0.992961087313406	0.990481972694397	0.9912746548652649	0.9941354990005493	0.009518027305603027	0.01811462640762329	0.04066580533981323	0.23758220672607422	0.034879740327596664	0.2233981490135193
20260811	030	360000	6033	2827	0.46541981342036604	0.014947311889657889	0.016668707132339478	0.5879028503308789	0.00914316971637797	0.007886437699198723	0.7690651107171931	0.7474344160199128	0.990481972694397	0.9911908507347107	0.9941354990005493	0.009518027305603027	0.01797187328338623	0.04066580533981323	0.21993952989578247	0.034759897738695145	0.2012680619955063
20260811	031	360000	29693	24882	0.414709281287029	0.06676797768714869	0.08111397922039032	0.4452921292939919	0.060997061957594016	0.06844189018011093	0.3597722927545389	0.7795116775796224	0.990481972694397	0.9912746548652649	0.9941354990005493	0.009518027305603027	0.01798844337463379	0.04089111089706421	0.22049874067306519	0.035235144197940826	0.19671808183193207
20260811	032	360000	24402	18771	0.5006582177050076	0.06342004181004425	0.0666603371500969	0.5339638509866278	0.05202699941296752	0.05160669609904289	0.5677085741398155	0.8300556797428253	0.990481972694397	0.9912746548652649	0.9941354990005493	0.009518027305603027	0.018069326877593994	0.04049593210220337	0.22049874067306519	0.03483530133962631	0.20158222317695618
20260811	033	360000	18161	14546	0.4778193183289859	0.04540540040159994	0.04965807870030403	0.5047278665617838	0.038752244002822345	0.04004429653286934	0.38753435231655986	0.7366279786482801	0.990481972694397	0.9912746548652649	0.9941354990005493	0.009518027305603027	0.01797187328338623	0.04086273908615112	0.21905887126922607	0.03469673544168472	0.20142510533332825
20260811	034	360000	28102	26428	0.4885518546669517	0.07213728391634615	0.07670752704143524	0.5240778551361523	0.0722372375994174	0.07259050756692886	0.5187984771048555	0.9521373298774094	0.990481972694397	0.9912746548652649	0.9941354990005493	0.009518027305603027	0.01802074909210205	0.040988028049468994	0.21798521280288696	0.034875594079494476	0.20329520106315613
20260811	035	360000	20103	7861	0.49946890979394926	0.05324420365262133	0.054938726127147675	0.48261690160088927	0.02079478351364214	0.021712271496653557	0.421562320951429	0.34839716049919023	0.990481972694397	0.9912746548652649	0.9941354990005493	0.009518027305603027	0.01798844337463379	0.04049593210220337	0.22023385763168335	0.03475411236286163	0.19894446432590485
20260811	036	360000	29499	27082	0.5007336416140782	0.0792184989874483	0.08030202239751816	0.5310654524581273	0.07661583191744714	0.07423360645771027	0.42538651290185153	0.896023442866727	0.990481972694397	0.9912746548652649	0.9941354990005493	0.009518027305603027	0.01797187328338623	0.04168963432312012	0.22430312633514404	0.03513951227068901	0.19980183243751526
20260811	037	360000	9679	3344	0.6076893610822786	0.03359923256862338	0.0265064537525177	0.7778483772020601	0.023438697491186405	0.009241084568202496	0.847554431973958	0.8292679562545906	0.990481972694397	0.9912221431732178	0.9941354990005493	0.009518027305603027	0.01797187328338623	0.0407564640045166	0.21990865468978882	0.03483530133962631	0.20158222317695618
20260811	038	360000	28241	24955	0.5071481355067867	0.07495270619716399	0.07702166587114334	0.5676072014764393	0.07416049392514558	0.06849794089794159	0.6829803933141736	0.941190247039529	0.990481972694397	0.9912746548652649	0.9941354990005493	0.009518027305603027	0.018086612224578857	0.0407564640045166	0.2333669662475586	0.03509892523288727	0.21921545267105103
20260811	039	360000	8930	5617	0.5123610664769496	0.024776818338034096	0.02451649121940136	0.5937981453186385	0.01889459208494037	0.015510983765125275	0.6834114034725229	0.8025542838171077	0.990481972694397	0.9912746548652649	0.9941354990005493	0.009518027305603027	0.017914175987243652	0.040374040603637695	0.22023385763168335	0.03471572697162628	0.19925589859485626
20260811	040	360000	31569	28223	0.44669864867483	0.07425295895610408	0.0861964225769043	0.45797042319085846	0.06813199179928159	0.07755431532859802	0.32039783210647155	0.8554879172216711	0.990481972694397	0.9912746548652649	0.9941354990005493	0.009518027305603027	0.01798844337463379	0.04073953628540039	0.2187659740447998	0.03530566766858101	0.2012680619955063
20260811	041	360000	14187	10081	0.441008951465573	0.03378797146205177	0.03889019787311554	0.4940830614759765	0.02643036265598431	0.027799470350146294	0.5069073964115216	0.749788571597486	0.990481972694397	0.9912746548652649	0.9941354990005493	0.009518027305603027	0.01789093017578125	0.0407259464263916	0.21990865468978882	0.03491068258881569	0.20134657621383667
20260811	042	360000	11654	8647	0.5742967812781957	0.03538294490862688	0.03193496912717819	0.6140381480339128	0.029902157653760673	0.023854563012719154	0.5869762889713139	0.7544744927388178	0.990481972694397	0.9912221431732178	0.9941354990005493	0.009518027305603027	0.017932448536157608	0.04045587778091431	0.22049874067306519	0.03483530133962631	0.20111112296581268
20260811	043	360000	7387	4489	0.5231337379359364	0.020510297881416794	0.020334139466285706	0.5746433408162123	0.013993420538034899	0.012433238327503204	0.5092744537256243	0.6503216283242959	0.990481972694397	0.9912746548652649	0.9941354990005493	0.009518027305603027	0.017914175987243652	0.04059398174285889	0.21990865468978882	0.03477894887328148	0.20166081190109253
20260811	044	360000	7818	4333	0.6023251400156381	0.02562284886640381	0.02147502265870571	0.5998973323760524	0.014355160948044626	0.012015723623335361	0.5034725990951958	0.5310642112980272	0.990481972694397	0.9912746548652649	0.9941354990005493	0.009518027305603027	0.01797187328338623	0.04100525379180908	0.22023385763168335	0.03475411236286163	0.19878888130187988
20260811	045	360000	20219	14908	0.5086764291143941	0.05324153312126356	0.0552448146045208	0.5742562353254602	0.04505161603155304	0.04098823666572571	0.62701208345094	0.8326080019294146	0.990481972694397	0.9912746548652649	0.9941354990005493	0.009518027305603027	0.01792621612548828	0.04086273908615112	0.21993952989578247	0.03497053310275078	0.19878888130187988
20260811	046	360000	6501	5214	0.46594006800667687	0.016569715304026497	0.017948441207408905	0.5063703825817831	0.014791455949703646	0.01444493792951107	0.5369090271276693	0.8230313725078862	0.990481972694397	0.9912221431732178	0.9941354990005493	0.009518027305603027	0.01792621612548828	0.04100525379180908	0.21990865468978882	0.034875594079494476	0.2008758932352066
20260811	047	360000	8682	6605	0.5309177033122038	0.02407892032441599	0.02387828193604946	0.6020928864139186	0.022037945151478996	0.018250586465001106	0.8236866630195462	0.9334418516255336	0.990481972694397	0.9912746548652649	0.9941354990005493	0.009518027305603027	0.017914175987243652	0.04073953628540039	0.21990865468978882	0.03524314612150192	0.20134657621383667
20260811	048	360000	10531	8124	0.507121517084471	0.028050435323409995	0.028880303725600243	0.5000933244276179	0.02166005176030625	0.022431155666708946	0.22742001981337462	0.6516314225921654	0.990481972694397	0.9912746548652649	0.9941354990005493	0.009518027305603027	0.017916321754455566	0.04089111089706421	0.22128289937973022	0.03476360812783241	0.19917801022529602
20260811	049	360000	9591	2157	0.5179683459873978	0.025885448108750306	0.02633795328438282	0.550489894344553	0.006434919608276746	0.006051819305866957	0.4965076072310697	0.21548163045112037	0.990481972694397	0.9912746548652649	0.9941354990005493	0.009518027305603027	0.017916321754455566	0.04065769910812378	0.21964561939239502	0.034899525344371796	0.19987988471984863
20260811	050	360000	4272	0	0.5799253447927474	0.014277269180520705	0.011867141351103783	nan	nan	0.00013168963778298348	nan	nan	0.990481972694397	0.9912221431732178	0.9941354990005493	0.009518027305603027	0.01792621612548828	0.04051858186721802	0.22049874067306519	0.03476360812783241	0.1997237503528595
20260811	051	360000	36286	28918	0.45030339429314997	0.08740257836953771	0.09909665584564209	0.49623243146156715	0.0758576487258714	0.07949855923652649	0.5107407770776313	0.794916036748972	0.990481972694397	0.9912746548652649	0.9941354990005493	0.009518027305603027	0.018069326877593994	0.04100525379180908	0.22049874067306519	0.034875594079494476	0.20142510533332825
20260811	052	360000	30445	22203	0.43771653199942684	0.07147193735252394	0.08315564692020416	0.5000392283081027	0.057804161406624845	0.06103920936584473	0.5227648766462049	0.7603757542040346	0.990481972694397	0.9912746548652649	0.9941354990005493	0.009518027305603027	0.01798844337463379	0.04073953628540039	0.21964561939239502	0.03483530133962631	0.20103268325328827
20260811	053	360000	13392	10378	0.4683384496182453	0.032935042757749895	0.036718059331178665	0.5186775257459209	0.028448029642908445	0.028614124283194542	0.5419795786937889	0.7927610816932137	0.990481972694397	0.9910852313041687	0.9941354990005493	0.009518027305603027	0.01792621612548828	0.04065221548080444	0.22049874067306519	0.034879740327596664	0.20003612339496613
20260811	054	360000	25117	16845	0.5003477061442267	0.06596843964083694	0.06852971762418747	0.6035072132994028	0.05563858851082304	0.04625312611460686	0.757243287443312	0.8683331542544119	0.990481972694397	0.9912221431732178	0.9941354990005493	0.009518027305603027	0.018005669116973877	0.04025453329086304	0.21990865468978882	0.03475411236286163	0.19960929453372955
20260811	055	360000	24543	12989	0.4409142566861276	0.057361360146611945	0.0670761689543724	0.5370947651641941	0.03678538505708958	0.035753536969423294	0.6977057276984069	0.69664819447376	0.990481972694397	0.9910852313041687	0.9941354990005493	0.009518027305603027	0.018054068088531494	0.040988028049468994	0.22023385763168335	0.034902025014162064	0.2004842460155487
20260811	056	360000	25266	21341	0.5159687813347142	0.06842242386315928	0.0689363032579422	0.5690963118034679	0.06412054929408316	0.05859747901558876	0.675645139868624	0.9169368252511763	0.990481972694397	0.9912746548652649	0.9941354990005493	0.009518027305603027	0.018069326877593994	0.04100525379180908	0.22049874067306519	0.03483530133962631	0.2012680619955063
20260811	057	360000	27795	27328	0.5202300785460457	0.08173813195513074	0.07577066868543625	0.5504126699740551	0.08401376630706765	0.07497407495975494	0.8054755709371192	0.9951738897051148	0.990481972694397	0.9912221431732178	0.9941354990005493	0.009518027305603027	0.018069326877593994	0.04089111089706421	0.21964561939239502	0.03509892523288727	0.20353256165981293
20260811	058	360000	38880	32222	0.5853750252219726	0.12056644643136234	0.10588591545820236	0.6228557698622876	0.10794960683129973	0.08839613944292068	0.5841240437719554	0.8473060495435141	0.990481972694397	0.9912746548652649	0.9941354990005493	0.009518027305603027	0.018069326877593994	0.04049593210220337	0.21964561939239502	0.03488382324576378	0.20369093120098114
20260811	059	360000	30087	26801	0.4868269882223103	0.07547585020709663	0.0821211040019989	0.5438048525645682	0.07518718351613303	0.07361924648284912	0.7478396033269078	0.9583310179704054	0.990481972694397	0.9912746548652649	0.9941354990005493	0.009518027305603027	0.01798844337463379	0.04025453329086304	0.21931993961334229	0.03464646264910698	0.1990223079919815
20260811	060	360000	29161	23430	0.5256979357831592	0.07926078062221739	0.07958188652992249	0.5483188064635032	0.06736853397814346	0.06440524756908417	0.42589974420849747	0.7526027143258434	0.990481972694397	0.9912221431732178	0.9941354990005493	0.009518027305603027	0.018007278442382812	0.04059821367263794	0.21990865468978882	0.034879740327596664	0.2012680619955063
20260812	001	360000	43782	37203	0.5837971005283613	0.13833729915214613	0.11933859437704086	0.6103115965324325	0.1270276956509681	0.10183048993349075	0.5605264077060569	0.8771719216635686	0.9902729392051697	0.9937317371368408	0.9956758618354797	0.009727060794830322	0.010368764400482178	0.019753992557525635	0.0611080527305603	0.014655173756182194	0.048228513449430466
20260812	002	360000	26642	23882	0.6421892995142441	0.0945592588009832	0.07264735549688339	0.6556234047830831	0.08867921787050406	0.06538325548171997	0.668735435638265	0.9408497024319525	0.9902729392051697	0.9937352538108826	0.9956758618354797	0.009727060794830322	0.010368764400482178	0.019791781902313232	0.061462998390197754	0.014655173756182194	0.048588402569293976
20260812	003	360000	21022	15667	0.6441458827322675	0.07746350780491743	0.05734296515583992	0.6741735984841933	0.06460045668266338	0.042910557240247726	0.5643479246552774	0.7857775916916476	0.9902974963188171	0.9937571287155151	0.9956758618354797	0.009702503681182861	0.010374963283538818	0.019718408584594727	0.0611080527305603	0.014655173756182194	0.048228513449430466
20260812	004	360000	29333	26791	0.6379855169371482	0.10422885039931913	0.07997528463602066	0.667505709146887	0.10347244695925366	0.07333598285913467	0.5982514913280559	0.9441703138918395	0.9902729392051697	0.9937571287155151	0.9956758618354797	0.009727060794830322	0.010368764400482178	0.02016127109527588	0.061462998390197754	0.014986221678555012	0.048588402569293976
20260812	005	360000	10568	8353	0.6582950416665374	0.04020129161676815	0.028873944655060768	0.7024850501933728	0.03724948166746797	0.022906070575118065	0.5119740707641028	0.8291314207829907	0.9903061389923096	0.9937571287155151	0.9956758618354797	0.00969386100769043	0.010368764400482178	0.019641399383544922	0.0611080527305603	0.014551310800015926	0.048228513449430466
20260812	006	360000	19500	11532	0.5930048708912233	0.06411515094786428	0.053205154836177826	0.6152671214262546	0.04007920614070317	0.03160511702299118	0.5373936617524556	0.6700415240722116	0.9902729392051697	0.9936685562133789	0.9956758618354797	0.009727060794830322	0.010368764400482178	0.019718408584594727	0.0611080527305603	0.014655173756182194	0.048228513449430466
20260812	007	360000	40121	31356	0.5913017030506935	0.12869405364296396	0.10936463624238968	0.6053390953338377	0.10433240658215215	0.08583415299654007	0.4865030785342234	0.788614136801427	0.9902729392051697	0.993661105632782	0.9956758618354797	0.009727060794830322	0.010368764400482178	0.019718408584594727	0.0611080527305603	0.014567037113010883	0.048228513449430466
20260812	008	360000	19899	17226	0.6199579849655132	0.07002701820681334	0.05428815633058548	0.654868219280646	0.06554401053352142	0.04717657342553139	0.6805024934467507	0.9243223053320239	0.9902729392051697	0.9936763644218445	0.9956758618354797	0.009727060794830322	0.010371565818786621	0.019753992557525635	0.061462998390197754	0.014655173756182194	0.048588402569293976
20260812	009	360000	19344	14311	0.5928503006529482	0.0655487469697375	0.052780985832214355	0.5982245742442563	0.05163532187460973	0.03920844569802284	0.5363186992125467	0.7673149383266228	0.9902729392051697	0.9935863614082336	0.9956758618354797	0.009727060794830322	0.010368764400482178	0.019753992557525635	0.061462998390197754	0.014642827212810516	0.048588402569293976
20260812	010	360000	17916	14497	0.6247011626435854	0.06376972997551188	0.048889968544244766	0.6181292208951568	0.052588589121936716	0.03971646726131439	0.33182784960824263	0.743245369834735	0.9902974963188171	0.993683397769928	0.9956758618354797	0.009702503681182861	0.010371565818786621	0.019732236862182617	0.061462998390197754	0.014642827212810516	0.048588402569293976
20260812	011	360000	18256	12727	0.6265179180929145	0.0657025580146416	0.04981590807437897	0.6640895736955319	0.05034987898049395	0.03487178683280945	0.5520001873590002	0.734998535427017	0.9902974963188171	0.9937352538108826	0.9956758618354797	0.009702503681182861	0.010368764400482178	0.019718408584594727	0.06066131591796875	0.014655173756182194	0.047875963151454926
20260812	012	360000	6521	5331	0.6041768528843539	0.02383431093513295	0.017856450751423836	0.6249197643040415	0.020220447653555452	0.014641485176980495	0.46893648849522934	0.809935129046167	0.9903061389923096	0.9935863614082336	0.9956758618354797	0.00969386100769043	0.010368764400482178	0.019718408584594727	0.0611080527305603	0.014642827212810516	0.048228513449430466
20260812	013	360000	20400	14441	0.6434896801167462	0.07489906739197025	0.05564869940280914	0.7099085645088088	0.06560525599354654	0.03955407068133354	0.7297749100770181	0.8676816020697485	0.9902974963188171	0.9936887621879578	0.9956758618354797	0.009702503681182861	0.010368764400482178	0.019753992557525635	0.0611080527305603	0.014529198408126831	0.048228513449430466
20260812	014	360000	11714	10573	0.6099178490083046	0.045417346087407724	0.03200067579746246	0.671636890530156	0.05005633439751812	0.02898099459707737	0.8422756010485258	0.9749303286429334	0.9903061389923096	0.9935863614082336	0.9956758618354797	0.00969386100769043	0.010368764400482178	0.01972144842147827	0.0611080527305603	0.014600207097828388	0.048228513449430466
20260812	015	360000	12669	9339	0.6321297203202328	0.0468010502553747	0.03460075706243515	0.6932697413666907	0.04138589285553154	0.025603635236620903	0.7019187835442251	0.8742574721645491	0.9903061389923096	0.9936091303825378	0.9956758618354797	0.00969386100769043	0.010368764400482178	0.019753992557525635	0.061462998390197754	0.014641483314335346	0.048588402569293976
20260812	016	360000	22769	19863	0.6172398994197894	0.07809412360484998	0.062105875462293625	0.636980308856424	0.07191145550059938	0.05439344048500061	0.4719266150695929	0.8802256655586043	0.9902974963188171	0.9937352538108826	0.9956758618354797	0.009702503681182861	0.010368764400482178	0.019718408584594727	0.0611080527305603	0.01454501785337925	0.048228513449430466
20260812	017	360000	13392	8976	0.6596301792944379	0.050602631826697816	0.03656502440571785	0.7217186090703285	0.04173280722626468	0.02460811659693718	0.6898887169327548	0.8248974184649969	0.9903061389923096	0.9937571287155151	0.9956656098365784	0.00969386100769043	0.010368764400482178	0.020136892795562744	0.0611080527305603	0.014995128847658634	0.048228513449430466
20260812	018	360000	21416	17144	0.6353392082567985	0.07654921081293242	0.05842090770602226	0.70973863354947	0.07778193348512305	0.04695258289575577	0.8596633088458896	0.9574156679447218	0.9903061389923096	0.9936805963516235	0.9956758618354797	0.00969386100769043	0.010368764400482178	0.019753992557525635	0.0611080527305603	0.014655173756182194	0.048228513449430466
20260812	019	360000	9642	6456	0.6426975616853239	0.03625623373083167	0.02635481208562851	0.6878136132539732	0.02829186271614849	0.017717566341161728	0.6552987298831395	0.7708017263798087	0.9903061389923096	0.9937453269958496	0.9956758618354797	0.00969386100769043	0.010368764400482178	0.019753992557525635	0.0611080527305603	0.014655173756182194	0.048228513449430466
20260812	020	360000	4617	1127	0.6386214925793747	0.01735569794865879	0.012669282965362072	0.8470451249074574	0.011018353224907781	0.003138977102935314	0.9983725843645045	0.9920591821502988	0.9903312921524048	0.9935863614082336	0.9956758618354797	0.009668707847595215	0.010368764400482178	0.019718408584594727	0.061462998390197754	0.014645450748503208	0.048588402569293976
20260812	021	360000	5912	1722	0.7073752106232377	0.028364625498963104	0.016194982454180717	0.7415992918676385	0.010149259613650244	0.004767647013068199	0.5927511163962647	0.33556062581966023	0.9903312921524048	0.9935863614082336	0.9956758618354797	0.009668707847595215	0.010368764400482178	0.019610345363616943	0.0611080527305603	0.014529198408126831	0.048228513449430466
20260812	022	360000	15581	9340	0.6622957997202111	0.06144630483642596	0.042529068887233734	0.6727563236214951	0.03844196958005473	0.025608357042074203	0.39131182307233336	0.5322528298326025	0.9903061389923096	0.9937452077865601	0.9956758618354797	0.00969386100769043	0.010368764400482178	0.019718408584594727	0.0611080527305603	0.014439708553254604	0.048228513449430466
20260812	023	360000	17394	15914	0.6865384163317247	0.07207154400745493	0.04746271297335625	0.7222222495039543	0.07491738792485211	0.043585192412137985	0.783280020311879	0.9729572878978914	0.9903061389923096	0.9935863614082336	0.9956758618354797	0.00969386100769043	0.010368764400482178	0.019641399383544922	0.061462998390197754	0.014433462172746658	0.048588402569293976
20260812	024	360000	15478	14909	0.6647271031416184	0.06112622081287762	0.04223942384123802	0.6613484375276067	0.05787197365621307	0.04083690419793129	0.237863071114144	0.9429695683297225	0.9903061389923096	0.9935863614082336	0.9956758618354797	0.00969386100769043	0.010374963283538818	0.019641399383544922	0.0611080527305603	0.014536894857883453	0.048228513449430466
20260812	025	360000	17042	9813	0.6347710233038943	0.06310961842783397	0.04650711640715599	0.635493807824121	0.03730836462570613	0.02689938433468342	0.30631463083693283	0.5299151171969649	0.9903061389923096	0.9936850666999817	0.9956758618354797	0.00969386100769043	0.010374963283538818	0.019641399383544922	0.0611080527305603	0.014433462172746658	0.048228513449430466
20260812	026	360000	12787	12212	0.676289743971405	0.05348426679652352	0.03491785377264023	0.7298591253758993	0.061074638620853335	0.0334603525698185	0.9720273003033368	0.9984149263437228	0.9903209805488586	0.9936520457267761	0.9956758618354797	0.009679019451141357	0.010368764400482178	0.019753992557525635	0.061462998390197754	0.01453313510864973	0.048588402569293976
20260812	027	360000	19443	12248	0.6808390892521929	0.07782474839408682	0.05304105207324028	0.6853653932529137	0.05007055941227321	0.03355841711163521	0.3935336608402036	0.6161352912165331	0.9903061389923096	0.9935863614082336	0.9956758618354797	0.00969386100769043	0.010368764400482178	0.019718408584594727	0.0611080527305603	0.014550302177667618	0.048228513449430466
20260812	028	360000	28280	24037	0.713129514530668	0.12310369128885057	0.07709825038909912	0.7292776467914854	0.11195398996684737	0.06579922884702682	0.39859650636214256	0.8121089890862812	0.9903061389923096	0.9936850666999817	0.9956758618354797	0.00969386100769043	0.010374963283538818	0.019741415977478027	0.0611080527305603	0.014529198408126831	0.048228513449430466
20260812	029	360000	49445	48554	0.6674464379148484	0.18099401024096728	0.13473109900951385	0.6871025343878219	0.18702868741937334	0.13285322487354279	0.6240870023943167	0.9890536495202866	0.9902729392051697	0.9935863614082336	0.9956758618354797	0.009727060794830322	0.010395407676696777	0.019705772399902344	0.06459575891494751	0.014434543438255787	0.05114827677607536
20260812	030	360000	6033	2827	0.6714247749838351	0.024707124789946824	0.016525840386748314	0.7676273060650604	0.01724048609788833	0.007789653725922108	0.8881994893285735	0.8585446484224315	0.9903312921524048	0.9935970306396484	0.9956758618354797	0.009668707847595215	0.010368764400482178	0.019641399383544922	0.0611080527305603	0.01453313510864973	0.048228513449430466
20260812	031	360000	29693	24882	0.5282656068582654	0.0843241132542749	0.08096853643655777	0.6374571436139301	0.09185891040208911	0.06812307983636856	0.7965012861120201	0.9512547856222668	0.9902729392051697	0.9936846494674683	0.9956758618354797	0.009727060794830322	0.010368764400482178	0.01983100175857544	0.06031125783920288	0.014767260290682316	0.047521091997623444
20260812	032	360000	24402	18771	0.6370589833033358	0.08710061516601095	0.06654958426952362	0.6787862948825654	0.0751083702587626	0.05140194669365883	0.591322039448417	0.8247701640792153	0.9902729392051697	0.9935629367828369	0.9956758618354797	0.009727060794830322	0.010374963283538818	0.019718408584594727	0.061462998390197754	0.014642827212810516	0.048588402569293976
20260812	033	360000	18161	14546	0.6258454249983185	0.06486408513721507	0.04955489933490753	0.6724085963428661	0.06063451749098744	0.03984736278653145	0.7047813974610807	0.8988168257688414	0.9902729392051697	0.9936850666999817	0.9956758618354797	0.009727060794830322	0.010374963283538818	0.01983100175857544	0.06191527843475342	0.014754625037312508	0.04894588515162468
20260812	034	360000	28102	26428	0.6546281298623376	0.10435306071699611	0.076624795794487	0.6730276637668311	0.10352020147068777	0.07234770804643631	0.5425403350127006	0.9539528719767931	0.9902974963188171	0.9936850666999817	0.9956758618354797	0.009702503681182861	0.010374963283538818	0.019718408584594727	0.0611080527305603	0.014655173756182194	0.048228513449430466
20260812	035	360000	20103	7861	0.6041653707310475	0.07016579659918022	0.054850272834300995	0.6409923847597796	0.0320461921140584	0.021562455222010612	0.580351662745995	0.4374853730976111	0.9902729392051697	0.9936089515686035	0.9956758618354797	0.009727060794830322	0.010368764400482178	0.019669950008392334	0.0611080527305603	0.014567037113010883	0.048228513449430466
20260812	036	360000	29499	27082	0.6804227904244047	0.11707376283117812	0.08042296767234802	0.7264940573417	0.1240705443783942	0.07412610948085785	0.8010815587359275	0.9762033712733511	0.9902974963188171	0.9937456250190735	0.9956758618354797	0.009702503681182861	0.010383844375610352	0.01983100175857544	0.06075549125671387	0.014767260290682316	0.04787116497755051
20260812	037	360000	9679	3344	0.6631579916194164	0.03717819833752994	0.026453806087374687	0.7128685197465011	0.016423399529656678	0.009204563684761524	0.4283380947345763	0.41088462816864707	0.9903061389923096	0.9935863614082336	0.9956758618354797	0.00969386100769043	0.010368764400482178	0.01974189281463623	0.0611080527305603	0.014642827212810516	0.048228513449430466
20260812	038	360000	28241	24955	0.6352108449160023	0.09863318858395495	0.07700368016958237	0.6840858619759326	0.09940403896956033	0.06831619888544083	0.7125323086119837	0.9476675047901039	0.9902729392051697	0.9936809539794922	0.9956758618354797	0.009727060794830322	0.010371565818786621	0.01983100175857544	0.06506937742233276	0.014654022641479969	0.05152333527803421
20260812	039	360000	8930	5617	0.633863953140728	0.032763982154797804	0.0244155116379261	0.6909048971065946	0.024513379263954332	0.01542273722589016	0.6410473390978544	0.7703804519037232	0.9903209805488586	0.9935863614082336	0.9956758618354797	0.009679019451141357	0.010368764400482178	0.019641399383544922	0.0611080527305603	0.014531843364238739	0.048228513449430466
20260812	040	360000	31569	28223	0.6610378495374001	0.11581412245739534	0.08605576306581497	0.6753624800295404	0.10791440047079869	0.07724820822477341	0.47984597903652615	0.9036731907285787	0.9902729392051697	0.9936594367027283	0.9956758618354797	0.009727060794830322	0.010374963283538818	0.019753992557525635	0.0611080527305603	0.014654022641479969	0.048228513449430466
20260812	041	360000	14187	10081	0.6090934876757452	0.0503490760508731	0.03873555734753609	0.646729917221346	0.038840866871835904	0.027634847909212112	0.5657818769767127	0.757859606825692	0.9902974963188171	0.9936961531639099	0.9956758618354797	0.009702503681182861	0.010368764400482178	0.01983100175857544	0.06066131591796875	0.014767260290682316	0.047875963151454926
20260812	042	360000	11654	8647	0.6928404601591943	0.04859506812467969	0.03183140978217125	0.7803045653458455	0.05088825499685769	0.023705311119556427	0.9585358230279458	0.9818068929821503	0.9903312921524048	0.9935863614082336	0.9956758618354797	0.009668707847595215	0.010368764400482178	0.019718408584594727	0.0611080527305603	0.01454501785337925	0.048228513449430466
20260812	043	360000	7387	4489	0.6674657124038759	0.029284579244947793	0.02021261863410473	0.7067335970827326	0.020149958003402572	0.012336348183453083	0.5963588857111186	0.722828340247727	0.9903312921524048	0.9937102794647217	0.9956758618354797	0.009668707847595215	0.010368764400482178	0.01983100175857544	0.0611080527305603	0.014754625037312508	0.048228513449430466
20260812	044	360000	7818	4333	0.6674613896209002	0.03127599763128161	0.02138638310134411	0.7458793247101236	0.023607843576871644	0.011908894404768944	0.8620839501725274	0.8728087342771805	0.9903312921524048	0.9936850666999817	0.9956758618354797	0.009668707847595215	0.010368764400482178	0.020136892795562744	0.0611080527305603	0.014768419787287712	0.048228513449430466
20260812	045	360000	20219	14908	0.6403295428648874	0.0741417607571585	0.055160291492938995	0.6902752444271454	0.0628855206486081	0.040836527943611145	0.5951791713458816	0.8085153030368365	0.9902974963188171	0.9936701059341431	0.9956758618354797	0.009702503681182861	0.010368764400482178	0.01991593837738037	0.0611080527305603	0.014768419787287712	0.048228513449430466
20260812	046	360000	6501	5214	0.5812605804199128	0.022762510116275017	0.017802363261580467	0.6763574703858121	0.02394603886229092	0.01432108599692583	0.7556760994620604	0.9198406180945277	0.9903312921524048	0.9935863614082336	0.9956758618354797	0.009668707847595215	0.010368764400482178	0.019753992557525635	0.061462998390197754	0.01454501785337925	0.048588402569293976
20260812	047	360000	8682	6605	0.6681021220462986	0.03376985269048748	0.02373962663114071	0.7531941681853427	0.03513220508482311	0.01812266930937767	0.9116455159187334	0.9668321630303084	0.9903312921524048	0.993819534778595	0.9956758618354797	0.009668707847595215	0.010368764400482178	0.02021634578704834	0.0611080527305603	0.01498486939817667	0.048228513449430466
20260812	048	360000	10531	8124	0.6199480046839183	0.036505236206537756	0.028777500614523888	0.6349618716535808	0.03016177909562818	0.022281795740127563	0.5752772972396897	0.7993913671969781	0.9903061389923096	0.9936473965644836	0.9956880211830139	0.00969386100769043	0.010368764400482178	0.01983100175857544	0.0611080527305603	0.014654022641479969	0.048228513449430466
20260812	049	360000	9591	2157	0.6527312600159202	0.03662393010554467	0.0262156892567873	0.6885420335650394	0.009855263493780781	0.005958078429102898	0.6382240364878681	0.29377256414870057	0.9903061389923096	0.9937317371368408	0.9956758618354797	0.00969386100769043	0.010368764400482178	0.019753992557525635	0.0611080527305603	0.01467481255531311	0.048228513449430466
20260812	050	360000	4272	0	0.6190694858718593	0.016957428559372743	0.011730896309018135	nan	nan	5.764094021287747e-05	nan	nan	0.9903312921524048	0.9935631155967712	0.9956758618354797	0.009668707847595215	0.010368764400482178	0.019718408584594727	0.06031125783920288	0.01454501785337925	0.047521091997623444
20260812	051	360000	36286	28918	0.5976728480027422	0.12193839395395133	0.09892217814922333	0.6419367066868222	0.10955114138621024	0.07916197180747986	0.6436354369489408	0.8661024679258947	0.9902729392051697	0.9937102794647217	0.9956758618354797	0.009727060794830322	0.010368764400482178	0.019791781902313232	0.0611080527305603	0.014655173756182194	0.048228513449430466
20260812	052	360000	30445	22203	0.6074872137494894	0.1058931751757922	0.08301433175802231	0.6596170198451778	0.08924685828955065	0.06079482287168503	0.5755196286525287	0.7843564474320444	0.9902729392051697	0.9937571287155151	0.9956758618354797	0.009727060794830322	0.010368764400482178	0.020101964473724365	0.0611080527305603	0.014871331863105297	0.048228513449430466
20260812	053	360000	13392	10378	0.639313011833585	0.051044625750674255	0.03656760975718498	0.724346282091368	0.05142112497816474	0.028443751856684685	0.7824331349955108	0.9154993547290953	0.9903061389923096	0.9936661124229431	0.9956758618354797	0.00969386100769043	0.010371565818786621	0.01972144842147827	0.0611080527305603	0.01454610750079155	0.048228513449430466
20260812	054	360000	25117	16845	0.6161838461897752	0.0856074235662876	0.06850019842386246	0.6841942958389124	0.07024513307597535	0.046135686337947845	0.679784539231002	0.825336137793362	0.9902729392051697	0.9936119914054871	0.9956758618354797	0.009727060794830322	0.010368764400482178	0.01974189281463623	0.06066131591796875	0.014654022641479969	0.047875963151454926
20260812	055	360000	24543	12989	0.5851280385828977	0.08261815999389883	0.06694210320711136	0.6518769123593693	0.05327333503174599	0.035590410232543945	0.6343486865152526	0.6359592452243282	0.9902729392051697	0.9935601949691772	0.9956758618354797	0.009727060794830322	0.010368764400482178	0.019718408584594727	0.0611080527305603	0.014542785473167896	0.048228513449430466
20260812	056	360000	25266	21341	0.6016572768138755	0.08262982066021807	0.06890825927257538	0.6426665246946648	0.07706745344514818	0.058438390493392944	0.5420656688763623	0.8720862605660981	0.9902729392051697	0.9936850666999817	0.9956758618354797	0.009727060794830322	0.010374963283538818	0.019937217235565186	0.0611080527305603	0.014768419787287712	0.048228513449430466
20260812	057	360000	27795	27328	0.6931431145912996	0.11346268305901161	0.07577106356620789	0.7061996874163681	0.11559246431947579	0.07479815930128098	0.7026153690405148	0.9929136946339289	0.9902974963188171	0.9935967922210693	0.9956758618354797	0.009702503681182861	0.010395407676696777	0.019753992557525635	0.0611080527305603	0.014654022641479969	0.048228513449430466
20260812	058	360000	38880	32222	0.6511142222482372	0.1407223946604605	0.10597497969865799	0.6988492840543383	0.13475494070744734	0.08819332718849182	0.7480857306789808	0.9293680575281278	0.9902729392051697	0.9937352538108826	0.9956758618354797	0.009727060794830322	0.010374963283538818	0.019850075244903564	0.0611080527305603	0.014768419787287712	0.048228513449430466
20260812	059	360000	30087	26801	0.6189091860371778	0.10273839826381549	0.08203594386577606	0.6791177618991857	0.1079325495403151	0.0733690857887268	0.7937226886025432	0.9653200446083776	0.9902729392051697	0.9937103390693665	0.9956758618354797	0.009727060794830322	0.010368764400482178	0.019753992557525635	0.06066131591796875	0.014656306244432926	0.047875963151454926
20260812	060	360000	29161	23430	0.6275315751639066	0.10374223400161996	0.0795137882232666	0.672081265369092	0.0953823130911874	0.06414885073900223	0.6703930477318845	0.8740433967543627	0.9902729392051697	0.9937058091163635	0.995668888092041	0.009727060794830322	0.010368764400482178	0.019756555557250977	0.061462998390197754	0.014655173756182194	0.048588402569293976
20260813	001	360000	43782	37203	0.6210791537446885	0.1430404976239154	0.11610527336597443	0.6635486304733904	0.1371423323348211	0.10050714761018753	0.245514094162117	0.7574933562580412	0.9750873446464539	0.9821459650993347	0.9987552165985107	0.024912655353546143	0.02770078182220459	0.04976761341094971	0.2114681601524353	0.03884632885456085	0.18802577257156372
20260813	002	360000	26642	23882	0.5758316038167712	0.08001969656336416	0.07092789560556412	0.6184679246230537	0.08066349968760023	0.06462756544351578	0.13480002524489368	0.7957491740210009	0.9749879240989685	0.9821459650993347	0.9987525939941406	0.025012075901031494	0.02770078182220459	0.049956560134887695	0.20873188972473145	0.038857683539390564	0.18575304746627808
20260813	003	360000	21022	15667	0.5675322910208803	0.061689360767150626	0.056091465055942535	0.6234053547907064	0.053730913221434626	0.042473483830690384	0.27715151420879836	0.6541744623947939	0.9749879240989685	0.9821459650993347	0.9987667798995972	0.025012075901031494	0.028003334999084473	0.0500522255897522	0.21205240488052368	0.03913131728768349	0.18899059295654297
20260813	004	360000	29333	26791	0.5349368269270811	0.08342657104925566	0.07815522700548172	0.5918388608183804	0.09086245981902864	0.07255973666906357	0.19008576485386294	0.8271668843059786	0.9749879240989685	0.9821459650993347	0.9987525939941406	0.025012075901031494	0.02774524688720703	0.049956560134887695	0.21204805374145508	0.039018210023641586	0.1886228621006012
20260813	005	360000	10568	8353	0.6351782706097764	0.03738148116743718	0.02848951332271099	0.731000077853275	0.040647905693288036	0.022730613127350807	0.6949228984382411	0.901701199722361	0.9749879240989685	0.9821459650993347	0.9987719655036926	0.025012075901031494	0.028081059455871582	0.049956560134887695	0.21204805374145508	0.0390305370092392	0.1886228621006012
20260813	006	360000	19500	11532	0.6197394049474755	0.06551935230827097	0.052051205188035965	0.7077539227589008	0.0507900257789207	0.03130842372775078	0.5107819850334393	0.5771146234193081	0.9749879240989685	0.9821459650993347	0.9987614154815674	0.025012075901031494	0.027956843376159668	0.049682021141052246	0.20901918411254883	0.03884632885456085	0.18604862689971924
20260813	007	360000	40121	31356	0.623246625490798	0.13279023165534307	0.10643855482339859	0.6645004589121569	0.11693633393337644	0.08473916351795197	0.33055583936185207	0.7162268470916155	0.9750543236732483	0.9821459650993347	0.998755931854248	0.02494567632675171	0.027888834476470947	0.049682021141052246	0.2145255208015442	0.03884632885456085	0.19099082052707672
20260813	008	360000	19899	17226	0.5361209469079182	0.05657582116302319	0.053187042474746704	0.5913618520978895	0.05704392175323886	0.04671739786863327	0.39205869428272255	0.8559315274833146	0.9749879240989685	0.9821459650993347	0.998755931854248	0.025012075901031494	0.027956843376159668	0.04991525411605835	0.21204805374145508	0.03912738710641861	0.1886228621006012
20260813	009	360000	19344	14311	0.5881739742059829	0.060663674124967454	0.05165056511759758	0.622462334479718	0.050555135870005145	0.038819100707769394	0.18421970303105922	0.6031711904797548	0.9749879240989685	0.9821459650993347	0.998755931854248	0.025012075901031494	0.02804255485534668	0.049682021141052246	0.2142326831817627	0.03884632885456085	0.19068923592567444
20260813	010	360000	17916	14497	0.62573777509629	0.06138490678696375	0.04787378013134003	0.6768001545276006	0.059527399491771375	0.03931181877851486	0.07134437936680751	0.6536348884354771	0.9749879240989685	0.9821459650993347	0.9987719655036926	0.025012075901031494	0.02786862850189209	0.04995375871658325	0.21175795793533325	0.038834717124700546	0.18832413852214813
20260813	011	360000	18256	12727	0.5838802110859648	0.05616365273100421	0.048781927675008774	0.6802922027553123	0.05209429973489861	0.034531235694885254	0.6123159651511692	0.8100453364989378	0.9749879240989685	0.9821459650993347	0.9987719655036926	0.025012075901031494	0.028081059455871582	0.04995375871658325	0.21117877960205078	0.03902566432952881	0.18772776424884796
20260813	012	360000	6521	5331	0.6069647733079622	0.023454818866620195	0.017829498276114464	0.7158882742868123	0.027241763610202988	0.014603151008486748	0.56837791954148	0.8365309080442265	0.9749879240989685	0.9821459650993347	0.9987719655036926	0.025012075901031494	0.027956843376159668	0.04976761341094971	0.21233850717544556	0.03884632885456085	0.1889219731092453
20260813	013	360000	20400	14441	0.4615175024249982	0.04881261073438972	0.05454070121049881	0.49427404599274344	0.0370319491302536	0.03922796994447708	0.4098218118340432	0.7119463567369239	0.9749879240989685	0.9821459650993347	0.9987602233886719	0.025012075901031494	0.027956843376159668	0.04987692832946777	0.21233850717544556	0.038857683539390564	0.1889219731092453
20260813	014	360000	11714	10573	0.509426918521668	0.030855886020978412	0.03155067190527916	0.5819972572621886	0.03308672093051772	0.0287509523332119	0.4357001152125206	0.9080872302868832	0.9749879240989685	0.9821459650993347	0.9987552165985107	0.025012075901031494	0.027911901473999023	0.049674153327941895	0.21117877960205078	0.038834717124700546	0.18772776424884796
20260813	015	360000	12669	9339	0.5048087279900827	0.033760600063273395	0.03406955674290657	0.5566809638329167	0.02761987685234566	0.025424852967262268	0.40622046717453075	0.6950150798896343	0.9749879240989685	0.9821309447288513	0.9987719655036926	0.025012075901031494	0.02798229455947876	0.049956560134887695	0.2145255208015442	0.03912738710641861	0.19099082052707672
20260813	016	360000	22769	19863	0.6205777953111644	0.07642980686805856	0.060669150203466415	0.6916109554607978	0.0820832110534544	0.053760141134262085	0.3387922340295304	0.7994100772235969	0.9749879240989685	0.9821309447288513	0.9987614154815674	0.025012075901031494	0.027911901473999023	0.049682021141052246	0.21175795793533325	0.03884632885456085	0.18832413852214813
20260813	017	360000	13392	8976	0.612554697768918	0.044023011383912104	0.03594466298818588	0.7118060963720588	0.040007318134778355	0.024418311193585396	0.6575730228273786	0.7970031833767012	0.9749879240989685	0.9821459650993347	0.9987719655036926	0.025012075901031494	0.028081059455871582	0.049956560134887695	0.21175795793533325	0.03912738710641861	0.18832413852214813
20260813	018	360000	21416	17144	0.5702142395248175	0.06275523955701548	0.05712667107582092	0.6812031071455648	0.06927253205403307	0.0464354045689106	0.6836034715741173	0.8811950650263534	0.9749879240989685	0.9821459650993347	0.9987719655036926	0.025012075901031494	0.027956843376159668	0.049682021141052246	0.21117877960205078	0.03884632885456085	0.18772776424884796
20260813	019	360000	9642	6456	0.5815267622269185	0.029755214476175976	0.02606041356921196	0.6332696529523772	0.02318793261738807	0.01763663813471794	0.41930639080052057	0.6784653137329715	0.9749879240989685	0.9821459650993347	0.9987719655036926	0.025012075901031494	0.027911901473999023	0.049956560134887695	0.21204805374145508	0.03902319818735123	0.1886228621006012
20260813	020	360000	4617	1127	0.4554063028094414	0.01162550778379615	0.012857634574174881	0.08355843560152847	0.001763769814800956	0.0033065283205360174	0.0	0.16007504555307106	0.9749879240989685	0.9821459650993347	0.9987719655036926	0.025012075901031494	0.028081059455871582	0.049682021141052246	0.21321868896484375	0.038838617503643036	0.19019094109535217
20260813	021	360000	5912	1722	0.5540888217710702	0.01706622613299157	0.016228746622800827	0.49577938067013655	0.004537234655335972	0.004881829954683781	0.15629201211889376	0.18951489178046965	0.9749879240989685	0.9821459650993347	0.9987724423408508	0.025012075901031494	0.02786862850189209	0.049956560134887695	0.2114681601524353	0.03902566432952881	0.18802577257156372
20260813	022	360000	15581	9340	0.5746299272840041	0.047392762989515724	0.041731297969818115	0.6699595032542489	0.038362586730182835	0.02540583536028862	0.5884965914085448	0.7416319958831301	0.9749879240989685	0.9821459650993347	0.9987719655036926	0.025012075901031494	0.02786862850189209	0.049956560134887695	0.21262937784194946	0.03884632885456085	0.18922142684459686
20260813	023	360000	17394	15914	0.4712305339966573	0.04176803610654291	0.04655717685818672	0.5221399402583221	0.04264544672674648	0.04316769540309906	0.24391072453627438	0.8508014167036164	0.9749879240989685	0.9821459650993347	0.9987719655036926	0.025012075901031494	0.027911901473999023	0.049956560134887695	0.2142326831817627	0.03902566432952881	0.19068923592567444
20260813	024	360000	15478	14909	0.5215047344306569	0.04287557538447504	0.041507788002491	0.624752158918833	0.05578580417542506	0.04044608399271965	0.4151011744241957	0.9640939074733714	0.9749879240989685	0.9821704626083374	0.9987724423408508	0.025012075901031494	0.027939975261688232	0.04961127042770386	0.21292054653167725	0.03875718638300896	0.18952125310897827
20260813	025	360000	17042	9813	0.5170835945051443	0.04687462998555084	0.04562893509864807	0.5905303530289997	0.033611984188892025	0.026715809479355812	0.4665533905671131	0.5414741727179949	0.9749879240989685	0.9821309447288513	0.9987667798995972	0.025012075901031494	0.02786862850189209	0.04976761341094971	0.21204805374145508	0.03884632885456085	0.1886228621006012
20260813	026	360000	12787	12212	0.43569532810764233	0.02902879262707965	0.03440472111105919	0.5153913636574241	0.03250763967955519	0.033185724169015884	0.02729702786994973	0.8779665043202508	0.9749879240989685	0.9821459650993347	0.9987391829490662	0.025012075901031494	0.02786862850189209	0.04961127042770386	0.21394026279449463	0.038555681705474854	0.19038799405097961
20260813	027	360000	19443	12248	0.4600247891392629	0.046090266573795974	0.05200633034110069	0.4765922328190474	0.030638332322586156	0.03330842778086662	0.29976513871987265	0.5523978569252709	0.9749879240989685	0.9821459650993347	0.9987614154815674	0.025012075901031494	0.02786862850189209	0.04995083808898926	0.21364814043045044	0.03902566432952881	0.19008712470531464
20260813	028	360000	28280	24037	0.4412866322328216	0.06501968850642947	0.07531961053609848	0.51364345308228	0.06302041491574586	0.06508293002843857	0.5389228529577277	0.8896760476512274	0.9750198721885681	0.9821459650993347	0.9987525939941406	0.024980127811431885	0.02786862850189209	0.049682021141052246	0.2123435139656067	0.03884632885456085	0.1892901211977005
20260813	029	360000	49445	48554	0.47018929873328746	0.11874370577919956	0.13120269775390625	0.5389955899020934	0.13390923847067782	0.13119284808635712	0.5782398456053905	0.9886223694071398	0.9750198721885681	0.9821459650993347	0.9987525939941406	0.024980127811431885	0.02779144048690796	0.04963487386703491	0.22208988666534424	0.03884632885456085	0.198229119181633
20260813	030	360000	6033	2827	0.4706751830335766	0.014923631014469549	0.016562897711992264	0.41230247673286685	0.006228262219636576	0.007868919521570206	0.20679142022573965	0.4008241639505154	0.9749879240989685	0.9821459650993347	0.9987525939941406	0.025012075901031494	0.02786862850189209	0.04991525411605835	0.2142326831817627	0.03884632885456085	0.19068923592567444
20260813	031	360000	29693	24882	0.5703719819725863	0.0875303238110781	0.07896646112203598	0.6704818055205494	0.09668452072882197	0.06729843467473984	0.4926605646830132	0.8027363679008868	0.9750873446464539	0.9821459650993347	0.9987602233886719	0.024912655353546143	0.027911901473999023	0.049682021141052246	0.20959258079528809	0.038838617503643036	0.18627722561359406
20260813	032	360000	24402	18771	0.564275421221953	0.07133520963379901	0.06500478833913803	0.650214649674977	0.06904127006321874	0.05082741379737854	0.623323330542497	0.8633124153555973	0.9749879240989685	0.9821459650993347	0.9987602233886719	0.025012075901031494	0.027956843376159668	0.049682021141052246	0.21262937784194946	0.03884632885456085	0.18922142684459686
20260813	033	360000	18161	14546	0.600442271831757	0.05832040529054592	0.04854375496506691	0.6841102377558148	0.060914133725121083	0.03944937512278557	0.3396089175010017	0.7165111737068416	0.9750198721885681	0.9821459650993347	0.9987552165985107	0.024980127811431885	0.02770078182220459	0.04986166954040527	0.21176177263259888	0.03884632885456085	0.1886913925409317
20260813	034	360000	28102	26428	0.5410658700249117	0.07816361934747394	0.07478321343660355	0.6274274037981631	0.09267890546845543	0.07147809863090515	0.5125780416628467	0.9544274097317282	0.9749879240989685	0.9821459650993347	0.9987667798995972	0.025012075901031494	0.027787089347839355	0.049682021141052246	0.21481871604919434	0.03884632885456085	0.19129279255867004
20260813	035	360000	20103	7861	0.5732723559550216	0.06045129423297242	0.053662754595279694	0.6193408609343795	0.02750063040168855	0.021431095898151398	0.3680522296183561	0.31858333646378567	0.9749879240989685	0.9821459650993347	0.9987525939941406	0.025012075901031494	0.02786862850189209	0.049682021141052246	0.2093067765235901	0.03884632885456085	0.18634457886219025
20260813	036	360000	29499	27082	0.46800125919608393	0.07099360517548785	0.07862021028995514	0.5380942468361809	0.07783602266738134	0.07334393262863159	0.3078053804139542	0.8812513785173633	0.9749879240989685	0.9821459650993347	0.9987614154815674	0.025012075901031494	0.027888834476470947	0.049682021141052246	0.21233850717544556	0.03884632885456085	0.19138593971729279
20260813	037	360000	9679	3344	0.6381323368685594	0.034930170487643006	0.026147864758968353	0.8078772002927406	0.022864545560406967	0.009235360659658909	0.8275488287519401	0.7353579210409507	0.9749879240989685	0.9821459650993347	0.9987719655036926	0.025012075901031494	0.027827084064483643	0.049956560134887695	0.21233850717544556	0.03912738710641861	0.1889219731092453
20260813	038	360000	28241	24955	0.6080396696103398	0.09138435631097386	0.07513721287250519	0.7147195231229373	0.11245348829044385	0.06748770922422409	0.6176043536917882	0.9325323153506812	0.9749879240989685	0.9821459650993347	0.9987525939941406	0.025012075901031494	0.027628600597381592	0.049674153327941895	0.21895021200180054	0.038838617503643036	0.19517959654331207
20260813	039	360000	8930	5617	0.5846518687980955	0.028093186117107136	0.024184085428714752	0.7030779341699597	0.02496900335727041	0.015370224602520466	0.7116925350746013	0.8240458675313308	0.9749879240989685	0.9821459650993347	0.9987719655036926	0.025012075901031494	0.027956843376159668	0.049956560134887695	0.20959258079528809	0.03902566432952881	0.18627722561359406
20260813	040	360000	31569	28223	0.5408913119786579	0.08800053859371301	0.08395658433437347	0.6258035348909915	0.0975842278866626	0.07632678747177124	0.22427999516869734	0.8380640970405082	0.9749879240989685	0.9821459650993347	0.998755931854248	0.025012075901031494	0.027827084064483643	0.049956560134887695	0.2114681601524353	0.03913131728768349	0.18802577257156372
20260813	041	360000	14187	10081	0.6076647608212622	0.046787577481085474	0.038043584674596786	0.7075173166062226	0.0446628732634564	0.027398282662034035	0.6038595897342582	0.8059952650346891	0.9749879240989685	0.9821630120277405	0.998755931854248	0.025012075901031494	0.028003334999084473	0.04987400770187378	0.21117877960205078	0.03890916332602501	0.18772776424884796
20260813	042	360000	11654	8647	0.3562429630987989	0.023043202104753503	0.03154156357049942	0.3136412101138841	0.016235206156432997	0.023666203022003174	0.17834858865415185	0.6000460662227511	0.9749879240989685	0.9822723865509033	0.9987407326698303	0.025012075901031494	0.02786862850189209	0.049682021141052246	0.21204805374145508	0.038838617503643036	0.1886228621006012
20260813	043	360000	7387	4489	0.5067807215173089	0.019257844190939358	0.020148281008005142	0.48477123136842165	0.011410712837359657	0.012362951412796974	0.20564158749529754	0.4782805680815741	0.9749879240989685	0.9821459650993347	0.9987719655036926	0.025012075901031494	0.028081059455871582	0.049956560134887695	0.21204805374145508	0.039032943546772	0.1886228621006012
20260813	044	360000	7818	4333	0.5828037941175381	0.024239835384464357	0.021250171586871147	0.7064063189003335	0.019980140307919347	0.0119092408567667	0.6148083458136002	0.6180386635891061	0.9749879240989685	0.9821459650993347	0.9987614154815674	0.025012075901031494	0.027956843376159668	0.04985004663467407	0.2093067765235901	0.03885393217206001	0.18634457886219025
20260813	045	360000	20219	14908	0.6529837241709551	0.07365294927323529	0.053933657705783844	0.759651798997175	0.07852409720090217	0.04038241505622864	0.7827260634824615	0.9097308253120516	0.9749879240989685	0.9821459650993347	0.9987719655036926	0.025012075901031494	0.027812516316771507	0.049956560134887695	0.2114681601524353	0.03885393217206001	0.18802577257156372
20260813	046	360000	6501	5214	0.5650667550434411	0.019378983585536688	0.017780128866434097	0.7077749320291838	0.02413700463897082	0.014287703670561314	0.6165407281632829	0.826889495985113	0.9749879240989685	0.9821459650993347	0.998755931854248	0.025012075901031494	0.028003334999084473	0.049956560134887695	0.21176177263259888	0.0390305370092392	0.1886913925409317
20260813	047	360000	8682	6605	0.5160312986925142	0.023247583049417285	0.02356669306755066	0.6088646768499766	0.023902901531993884	0.018057512119412422	0.6807171803797549	0.8971827257814468	0.9749879240989685	0.9821459650993347	0.998755931854248	0.025012075901031494	0.027827084064483643	0.049682021141052246	0.21233850717544556	0.03884632885456085	0.1889219731092453
20260813	048	360000	10531	8124	0.6053557978519777	0.03446460434963867	0.028402511030435562	0.6928937890515335	0.03547512950605817	0.02213345840573311	0.1849526921417652	0.6354531502816697	0.9749879240989685	0.9822685718536377	0.9987552165985107	0.025012075901031494	0.027956843376159668	0.04995375871658325	0.20873188972473145	0.03902566432952881	0.18575304746627808
20260813	049	360000	9591	2157	0.622397161573722	0.03309178975738331	0.025920569896697998	0.5654509106189671	0.007174958092471101	0.006055484525859356	0.32368040736537473	0.17139710876787181	0.9749879240989685	0.9822180867195129	0.9987614154815674	0.025012075901031494	0.028081059455871582	0.049682021141052246	0.21204805374145508	0.038838617503643036	0.1886228621006012
20260813	050	360000	4272	0	0.46520877036242053	0.010993505589339229	0.011909876950085163	nan	nan	0.0002352772862650454	nan	nan	0.9749879240989685	0.9821459650993347	0.9987719655036926	0.025012075901031494	0.028081059455871582	0.049956560134887695	0.2114681601524353	0.03885393217206001	0.18802577257156372
20260813	051	360000	36286	28918	0.5218257482022444	0.09727544929317297	0.09642789512872696	0.530860174692144	0.07995007315550845	0.0782579779624939	0.15936271776070704	0.6588310100445268	0.9750543236732483	0.9821459650993347	0.9987407326698303	0.02494567632675171	0.02804255485534668	0.04949289560317993	0.21204805374145508	0.03857065364718437	0.1886228621006012
20260813	052	360000	30445	22203	0.5641838029100086	0.0888089601295434	0.08096010982990265	0.6266214484625197	0.07691724908839377	0.060096848756074905	0.437326417355866	0.7371065618065847	0.9750543236732483	0.9821459650993347	0.9987719655036926	0.02494567632675171	0.027888834476470947	0.049956560134887695	0.21204805374145508	0.03912738710641861	0.1886228621006012
20260813	053	360000	13392	10378	0.4645971965449722	0.032221995657101994	0.036029666662216187	0.5202338149130803	0.02945919750203291	0.028261322528123856	0.38521245941244453	0.7215110772451097	0.9749879240989685	0.9821459650993347	0.998755931854248	0.025012075901031494	0.027956843376159668	0.049682021141052246	0.21204805374145508	0.03885014355182648	0.1886228621006012
20260813	054	360000	25117	16845	0.6053450396989097	0.07980619620295573	0.06686533987522125	0.6893113687478066	0.06870538502553095	0.04561289772391319	0.6138746373666374	0.8039653813107531	0.9749879240989685	0.9821459650993347	0.9987391829490662	0.025012075901031494	0.02786862850189209	0.049595773220062256	0.20844507217407227	0.03884632885456085	0.18545781075954437
20260813	055	360000	24543	12989	0.5496069291960307	0.0695011466768483	0.06538133323192596	0.6660564599926501	0.050157833959819986	0.03523767739534378	0.7607730102459636	0.7921677310792605	0.9749879240989685	0.9821459650993347	0.9987525939941406	0.025012075901031494	0.027928024530410767	0.049674928188323975	0.21262937784194946	0.03884632885456085	0.18922142684459686
20260813	056	360000	25266	21341	0.6054172802360378	0.08043844311918104	0.06726379692554474	0.7066125081403755	0.09091382097153926	0.057732079178094864	0.8180945800628378	0.9565294521143692	0.9750543236732483	0.9821459650993347	0.998755931854248	0.02494567632675171	0.02786862850189209	0.04986166954040527	0.21117877960205078	0.03874095529317856	0.18772776424884796
20260813	057	360000	27795	27328	0.5021874553187688	0.07118612169364066	0.0740201398730278	0.5885128982867759	0.08777227423559286	0.07392092049121857	0.6419341027736962	0.9917129603696425	0.9749879240989685	0.9821630120277405	0.9987614154815674	0.025012075901031494	0.02786862850189209	0.049682021141052246	0.21262937784194946	0.03884632885456085	0.18922142684459686
20260813	058	360000	38880	32222	0.5997729021277893	0.12177320375607599	0.10319213569164276	0.6723259507939772	0.12539549229152205	0.08707702159881592	0.45262127262244345	0.8104556038779243	0.9750543236732483	0.9821459650993347	0.9987525939941406	0.02494567632675171	0.027628600597381592	0.04976761341094971	0.21147143840789795	0.038857683539390564	0.18839259445667267
20260813	059	360000	30087	26801	0.5593144259025085	0.08698930791715057	0.080045185983181	0.6337307745700224	0.09522030582637483	0.07250197231769562	0.5505818986460089	0.9246320167836355	0.9749879240989685	0.9821459650993347	0.9987552165985107	0.025012075901031494	0.02774524688720703	0.04976761341094971	0.20873188972473145	0.03884632885456085	0.18575304746627808
20260813	060	360000	29161	23430	0.5894953188783889	0.08934266913949974	0.07754507660865784	0.6671626816036262	0.08897033547571637	0.06337451934814453	0.4696990623808204	0.793474527915388	0.9749879240989685	0.9821459650993347	0.9987525939941406	0.025012075901031494	0.027956843376159668	0.04990041255950928	0.21394026279449463	0.03887242078781128	0.19038799405097961
20260814	001	360000	43782	37203	0.6701416787468436	0.16761554566026457	0.11905074864625931	0.5911030684310415	0.12292037437975219	0.10245703160762787	0.4970236216929177	0.8272971711538113	0.9893245100975037	0.9951430559158325	0.9971328973770142	0.010675489902496338	0.011310875415802002	0.011776089668273926	0.038245201110839844	0.006366209127008915	0.0288164671510458
20260814	002	360000	26642	23882	0.5902429080731473	0.08611660213930572	0.07251498848199844	0.4975829327376519	0.06439434640062966	0.065786212682724	0.5513145929442949	0.8984558587481617	0.9892975091934204	0.9951772689819336	0.9971328973770142	0.01070249080657959	0.011450111865997314	0.011776089668273926	0.038245201110839844	0.006367218680679798	0.0288164671510458
20260814	003	360000	21022	15667	0.5725253772388144	0.06617476817424882	0.057243894785642624	0.4697737572870814	0.04111043015601022	0.043166957795619965	0.7611216627669344	0.8831055698588903	0.9892681241035461	0.9951804876327515	0.9971328973770142	0.010731875896453857	0.011450111865997314	0.011776089668273926	0.038245201110839844	0.006448961794376373	0.0288164671510458
20260814	004	360000	29333	26791	0.6050698047815317	0.10040324643616745	0.07981549203395844	0.5351552982496766	0.08026842436227448	0.07379209250211716	0.6818116021852989	0.9521929567461426	0.9892361760139465	0.9951424598693848	0.9971328973770142	0.010763823986053467	0.011450111865997314	0.011776089668273926	0.03846251964569092	0.006416502874344587	0.029035916551947594
20260814	005	360000	10568	8353	0.6211617519032813	0.03750916317746453	0.028809359297156334	0.5608415894936887	0.02561495460056121	0.0230154599994421	0.7360647382335701	0.8993611777934335	0.9892014265060425	0.9951794147491455	0.9971328973770142	0.01079857349395752	0.011450111865997314	0.011776089668273926	0.038245201110839844	0.006448961794376373	0.0288164671510458
20260814	006	360000	19500	11532	0.6721547702850258	0.08084110237450587	0.053065523505210876	0.55843542666004	0.037760041428232916	0.03176894038915634	0.6232925871888526	0.6583660631780335	0.989228367805481	0.9951424598693848	0.9971328973770142	0.010771632194519043	0.011450111865997314	0.011736929416656494	0.038245201110839844	0.006416502874344587	0.0288164671510458
20260814	007	360000	40121	31356	0.6752093947614243	0.15762461897615643	0.10909979045391083	0.5686807376435763	0.09862029472064776	0.08635812252759933	0.5830532146993906	0.8101395057068975	0.9892542362213135	0.9951424598693848	0.9971328973770142	0.010745763778686523	0.011312365531921387	0.011736929416656494	0.038245201110839844	0.006416502874344587	0.0288164671510458
20260814	008	360000	19899	17226	0.629817636585907	0.0743006262483047	0.05416002497076988	0.5517321226888484	0.0526926332769753	0.04744796082377434	0.5428964121218722	0.8933862249263003	0.9892014265060425	0.9951606392860413	0.9971328973770142	0.01079857349395752	0.011450111865997314	0.011776089668273926	0.03882408142089844	0.006364044267684221	0.029252642765641212
20260814	009	360000	19344	14311	0.6672876892109085	0.07843258783005191	0.052640315145254135	0.5773198492725136	0.04976670575983332	0.03941888362169266	0.6403232203894794	0.7863479277642151	0.9892014265060425	0.9951804876327515	0.9971328973770142	0.01079857349395752	0.011450111865997314	0.011736929416656494	0.038245201110839844	0.006364788394421339	0.0288164671510458
20260814	010	360000	17916	14497	0.6468366967378409	0.06834362185398181	0.04876521974802017	0.5697565354294107	0.04835660736035001	0.039930835366249084	0.7011850017561702	0.8677072230279997	0.9892014265060425	0.9951424598693848	0.9971328973770142	0.01079857349395752	0.011450111865997314	0.011776089668273926	0.03846251964569092	0.006416502874344587	0.029035916551947594
20260814	011	360000	18256	12727	0.6310743872025522	0.06640310679025034	0.04969426989555359	0.5202074362654792	0.03612347057171034	0.035062097012996674	0.4962630732961228	0.7227827061514955	0.9892681241035461	0.9951430559158325	0.9971328973770142	0.010731875896453857	0.011450111865997314	0.011776089668273926	0.038245201110839844	0.006368799135088921	0.0288164671510458
20260814	012	360000	6521	5331	0.6598035645299282	0.032454312612644025	0.017807621508836746	0.5749108429049683	0.02156696405803206	0.014693723991513252	0.4140461924781167	0.791164919041351	0.9892014265060425	0.9951475262641907	0.9971328973770142	0.01079857349395752	0.011450111865997314	0.011776089668273926	0.038245201110839844	0.006449567619711161	0.0288164671510458
20260814	013	360000	20400	14441	0.5733797147451443	0.06550269629688033	0.055560819804668427	0.4691933757567332	0.03633473339525276	0.03979223221540451	0.7868064962851953	0.8941233593493767	0.9892361760139465	0.9951804876327515	0.9971328973770142	0.010763823986053467	0.011450111865997314	0.011776089668273926	0.038245201110839844	0.006416502874344587	0.0288164671510458
20260814	014	360000	11714	10573	0.5974168403981753	0.042865253096169634	0.03192015364766121	0.5299529799643714	0.033524790314273294	0.029128428548574448	0.6179929479890778	0.9234298107304696	0.9892361760139465	0.9951430559158325	0.9971328973770142	0.010763823986053467	0.011450111865997314	0.011736929416656494	0.038245201110839844	0.006364418659359217	0.0288164671510458
20260814	015	360000	12669	9339	0.509699962739599	0.03411468909723979	0.03454665467143059	0.41616898336876534	0.021265690893023253	0.02574116177856922	0.7754446383421648	0.8803045507516843	0.9892663955688477	0.9951804876327515	0.9971328973770142	0.010733604431152344	0.011450111865997314	0.011776089668273926	0.038245201110839844	0.006448961794376373	0.0288164671510458
20260814	016	360000	22769	19863	0.6827821177350508	0.09653493087249665	0.061941005289554596	0.5703643037121111	0.06542255056598294	0.05470534786581993	0.6623555283492335	0.9026110564119749	0.9892361760139465	0.9951772689819336	0.9971328973770142	0.010763823986053467	0.011450111865997314	0.011665701866149902	0.038245201110839844	0.006416502874344587	0.0288164671510458
20260814	017	360000	13392	8976	0.6311365817116708	0.05174766671376923	0.036475833505392075	0.5402693383743322	0.0273700091768774	0.024731630459427834	0.600969432980702	0.7385580315432327	0.9892014265060425	0.9951794147491455	0.9971328973770142	0.01079857349395752	0.011450111865997314	0.011776089668273926	0.038245201110839844	0.006449567619711161	0.0288164671510458
20260814	018	360000	21416	17144	0.590271137274086	0.06883458881906791	0.058298155665397644	0.46702601577209024	0.043538475958467986	0.04723039269447327	0.5109809890248891	0.7933325707138642	0.9892681241035461	0.9951804876327515	0.9971328973770142	0.010731875896453857	0.011450111865997314	0.011736929416656494	0.038245201110839844	0.006416502874344587	0.0288164671510458
20260814	019	360000	9642	6456	0.638635945255363	0.03667485114536162	0.026286864653229713	0.5318258407360179	0.019404521297130255	0.01779264397919178	0.6117754663175556	0.7534123334029652	0.9892014265060425	0.9951430559158325	0.9971328973770142	0.01079857349395752	0.011450111865997314	0.011736929416656494	0.038245201110839844	0.006416502874344587	0.0288164671510458
20260814	020	360000	4617	1127	0.6554986894465135	0.01954680398084113	0.012637383304536343	0.7687737994111018	0.009733815647326251	0.003119549248367548	0.9904915298622251	0.9527336281032383	0.9892014265060425	0.9951424598693848	0.9971328973770142	0.01079857349395752	0.011450111865997314	0.011776089668273926	0.038245201110839844	0.006416502874344587	0.0288164671510458
20260814	021	360000	5912	1722	0.49216609215650586	0.015572604472141628	0.01617559604346752	0.34991868511788793	0.003730758399300623	0.0047612739726901054	0.8257991484619926	0.7132217609626218	0.9892014265060425	0.9951037168502808	0.9971328973770142	0.01079857349395752	0.011450111865997314	0.011776089668273926	0.038245201110839844	0.006449567619711161	0.0288164671510458
20260814	022	360000	15581	9340	0.5390336596477155	0.044680648718909685	0.04245211184024811	0.495937799641447	0.024440484037085656	0.02573702484369278	0.513417616871507	0.6825166456559842	0.9892361760139465	0.9951430559158325	0.9971328973770142	0.010763823986053467	0.011450111865997314	0.011776089668273926	0.038245201110839844	0.006448961794376373	0.0288164671510458
20260814	023	360000	17394	15914	0.5010399629461554	0.04576977062817397	0.04740699753165245	0.4048322041156752	0.03543350544938182	0.0438532754778862	0.6656652395137378	0.9552516167724339	0.9893897175788879	0.9951430559158325	0.9971328973770142	0.01061028242111206	0.011450111865997314	0.011754095554351807	0.03882408142089844	0.006416502874344587	0.029252642765641212
20260814	024	360000	15478	14909	0.5122845435595305	0.04282424839217589	0.04220351204276085	0.46271681560008127	0.03747264001731538	0.04108282923698425	0.5524370990688561	0.9752402918938695	0.9892014265060425	0.9951406717300415	0.9971328973770142	0.01079857349395752	0.011450111865997314	0.011776089668273926	0.03882408142089844	0.006416502874344587	0.029252642765641212
20260814	025	360000	17042	9813	0.5572032858885629	0.05287806052049021	0.046417295932769775	0.5449465163556055	0.03334282999843435	0.027036504819989204	0.38687215630026695	0.581514518479894	0.9892663955688477	0.9951430559158325	0.9971328973770142	0.010733604431152344	0.011450111865997314	0.011776089668273926	0.03846251964569092	0.006367218680679798	0.029035916551947594
20260814	026	360000	12787	12212	0.5088251557568939	0.03485313213991564	0.0348697192966938	0.4225670145525137	0.029055846379015784	0.03365309536457062	0.48850026346145625	0.94752759556547	0.9892048835754395	0.995143473148346	0.9971328973770142	0.010795116424560547	0.011450111865997314	0.011776089668273926	0.03882408142089844	0.006416502874344587	0.029252642765641212
20260814	027	360000	19443	12248	0.5097758254512501	0.05096265692542677	0.05297759920358658	0.46504189133508494	0.030800046028961928	0.033754125237464905	0.656235319042317	0.7978523831131715	0.9893245100975037	0.9951424598693848	0.9971328973770142	0.010675489902496338	0.011450111865997314	0.011765360832214355	0.038245201110839844	0.006416836753487587	0.0288164671510458
20260814	028	360000	28280	24037	0.4346480601365204	0.06508099898908593	0.07706655561923981	0.38443453546793616	0.05075567740976686	0.06623868644237518	0.7132258078717535	0.9332332664521098	0.9894011616706848	0.9951772689819336	0.9971328973770142	0.010598838329315186	0.011450111865997314	0.011765360832214355	0.038245201110839844	0.006366887129843235	0.0288164671510458
20260814	029	360000	49445	48554	0.4971077724637505	0.12773056489771495	0.13462848961353302	0.4329366624721007	0.1128078918778991	0.13377192616462708	0.45226147827032065	0.9848397963510229	0.9894508719444275	0.9951804876327515	0.9971328973770142	0.01054912805557251	0.011416077613830566	0.011712849140167236	0.0396350622177124	0.006366887129843235	0.02992108464241028
20260814	030	360000	6033	2827	0.466215220862519	0.015461056926832592	0.01650855876505375	0.33762923978370807	0.00603799410535717	0.007805992383509874	0.8316753760911239	0.8597045519538145	0.9892361760139465	0.9951430559158325	0.9971328973770142	0.010763823986053467	0.011450111865997314	0.011736929416656494	0.038245201110839844	0.006448961794376373	0.0288164671510458
20260814	031	360000	29693	24882	0.6194641627542976	0.10718714537291131	0.08078359812498093	0.5033079522931116	0.07465608805978116	0.06853780150413513	0.4751717276194229	0.8282650462255384	0.9892413020133972	0.9951130747795105	0.9971328973770142	0.010758697986602783	0.011450111865997314	0.011776089668273926	0.038245201110839844	0.006367218680679798	0.0288164671510458
20260814	032	360000	24402	18771	0.6024637920272106	0.08263383946826393	0.06641194224357605	0.5129906026857598	0.053134955892363965	0.05171029642224312	0.5846119415454951	0.8242853399326782	0.989228367805481	0.9951804876327515	0.9971328973770142	0.010771632194519043	0.011450111865997314	0.011700749397277832	0.038245201110839844	0.00641616340726614	0.0288164671510458
20260814	033	360000	18161	14546	0.6372623111239276	0.06996536066908768	0.0494329035282135	0.5529150916279667	0.0485155691901882	0.04006720706820488	0.6578499476739885	0.8624112866262167	0.9892014265060425	0.9951424598693848	0.9971328973770142	0.01079857349395752	0.011450111865997314	0.011736929416656494	0.038245201110839844	0.006416502874344587	0.0288164671510458
20260814	034	360000	28102	26428	0.5341836803020872	0.08172783373344905	0.07651017606258392	0.45551895957599553	0.06523531662766034	0.0728064551949501	0.5268682373009042	0.9553384640310596	0.9893352389335632	0.9951430559158325	0.9971286654472351	0.010664761066436768	0.011450111865997314	0.011712849140167236	0.03882408142089844	0.006364788394421339	0.029252642765641212
20260814	035	360000	20103	7861	0.6228433502823232	0.07544780420878525	0.05471069738268852	0.5489136441293347	0.028904142644863053	0.021660776808857918	0.6344023873717789	0.4684917763299694	0.9892014265060425	0.9951379299163818	0.9971328973770142	0.01079857349395752	0.011450111865997314	0.011761188507080078	0.03788882493972778	0.006414754316210747	0.028602812439203262
20260814	036	360000	29499	27082	0.4737032737925706	0.07220294762101642	0.080393947660923	0.40657119811829073	0.05906282451364984	0.07463335990905762	0.5572471835563253	0.9365873847293769	0.9893245100975037	0.9951424598693848	0.9971328973770142	0.010675489902496338	0.011450111865997314	0.011736929416656494	0.038245201110839844	0.006416502874344587	0.0288164671510458
20260814	037	360000	9679	3344	0.6252516914763634	0.03449010049045493	0.026392623782157898	0.5359818578250464	0.009220581266929775	0.00922535639256239	0.5404104891183257	0.5718154491317171	0.9892046451568604	0.9951424598693848	0.9971328973770142	0.010795384645462036	0.011450111865997314	0.011736929416656494	0.038245201110839844	0.006416502874344587	0.0288164671510458
20260814	038	360000	28241	24955	0.6247229241840297	0.09834729183841172	0.07682781666517258	0.5411582175498759	0.07251419765777559	0.06873229146003723	0.5019452360566732	0.9003703147169622	0.9893245100975037	0.9951804876327515	0.9971328973770142	0.010675489902496338	0.011450111865997314	0.011736929416656494	0.04000723361968994	0.006366887129843235	0.03014407306909561
20260814	039	360000	8930	5617	0.6389403754020144	0.0372187260049081	0.02435295097529888	0.5773223462501176	0.01899253763278501	0.015481497161090374	0.5856493436739972	0.7015051467977859	0.9892014265060425	0.9951406717300415	0.9971328973770142	0.01079857349395752	0.011450111865997314	0.011736929416656494	0.038245201110839844	0.006448961794376373	0.0288164671510458
20260814	040	360000	31569	28223	0.5352411857807813	0.09228148224685766	0.08597162365913391	0.4372835966642551	0.06985065404114867	0.07776626199483871	0.7393729925563587	0.9558952022299648	0.9893245100975037	0.9951804876327515	0.9971328973770142	0.010675489902496338	0.011450111865997314	0.011776089668273926	0.038245201110839844	0.006416502874344587	0.0288164671510458
20260814	041	360000	14187	10081	0.6406851688881949	0.056010555034381064	0.03863256797194481	0.5344262161082238	0.032067417224252666	0.027773290872573853	0.4133242846919495	0.6621171305675301	0.9892014265060425	0.9951692819595337	0.9971328973770142	0.01079857349395752	0.011450111865997314	0.011754095554351807	0.038245201110839844	0.006448961794376373	0.0288164671510458
20260814	042	360000	11654	8647	0.5924486868105452	0.0384447173208929	0.03176126629114151	0.5843627799407314	0.0287464754981543	0.02382512018084526	0.6305065175205659	0.7824795352133584	0.9892014265060425	0.9951425194740295	0.9971328973770142	0.01079857349395752	0.011450111865997314	0.011758387088775635	0.038245201110839844	0.006416502874344587	0.0288164671510458
20260814	043	360000	7387	4489	0.594559110486083	0.02442841763517835	0.020168466493487358	0.5788439396725691	0.014397198953415421	0.012377104721963406	0.838853306164705	0.8865857145260614	0.9892014265060425	0.9951424598693848	0.9971328973770142	0.01079857349395752	0.011450111865997314	0.011754095554351807	0.03904449939727783	0.006449567619711161	0.029475312680006027
20260814	044	360000	7818	4333	0.6216264174347318	0.028155111243438617	0.021334880962967873	0.5135946914655323	0.012347564709052737	0.011947575025260448	0.3910012943275738	0.49002555707165774	0.9892014265060425	0.9951606392860413	0.9971328973770142	0.01079857349395752	0.011450111865997314	0.011712849140167236	0.038245201110839844	0.006416502874344587	0.0288164671510458
20260814	045	360000	20219	14908	0.6376072833624815	0.07701518434909758	0.05501939728856087	0.5481628649721826	0.04549014288300246	0.04106370359659195	0.5458342138567877	0.76507792418487	0.9892014265060425	0.9951804876327515	0.9971328973770142	0.01079857349395752	0.011450111865997314	0.011776089668273926	0.038245201110839844	0.006449567619711161	0.0288164671510458
20260814	046	360000	6501	5214	0.5962244470517235	0.02505535070205069	0.01775757223367691	0.49840446182536013	0.01722752170243911	0.014373197220265865	0.5634883698750212	0.8149126075198556	0.9892014265060425	0.9951424598693848	0.9971328973770142	0.01079857349395752	0.011450111865997314	0.011776089668273926	0.038245201110839844	0.006416502874344587	0.0288164671510458
20260814	047	360000	8682	6605	0.6383044554467618	0.032953782635322657	0.023678923025727272	0.5478216067849013	0.020694885694075592	0.01820269413292408	0.4248522715717401	0.7702585469083428	0.9892014265060425	0.9951804876327515	0.9971328973770142	0.01079857349395752	0.011450111865997314	0.011776089668273926	0.038245201110839844	0.006448961794376373	0.0288164671510458
20260814	048	360000	10531	8124	0.6490504637683098	0.042678936696731354	0.028704330325126648	0.5353721293789324	0.026892286565844786	0.022385381162166595	0.5226863497385866	0.7741453431239809	0.9892014265060425	0.9951050281524658	0.9971328973770142	0.01079857349395752	0.011450111865997314	0.011776089668273926	0.038245201110839844	0.006416502874344587	0.0288164671510458
20260814	049	360000	9591	2157	0.6475503708407722	0.037955905391853034	0.026147589087486267	0.5890780027305496	0.00796719277746472	0.005955504719167948	0.6800951448001258	0.344860648070619	0.9892014265060425	0.9951804876327515	0.9971328973770142	0.01079857349395752	0.011450111865997314	0.011776089668273926	0.038245201110839844	0.006448961794376373	0.0288164671510458
20260814	050	360000	4272	0	0.5573901383733033	0.01392009128938786	0.011706202290952206	nan	nan	1.7254104022867978e-05	nan	nan	0.9892014265060425	0.9951015114784241	0.9971328973770142	0.01079857349395752	0.011450111865997314	0.011776089668273926	0.038245201110839844	0.006416502874344587	0.0288164671510458
20260814	051	360000	36286	28918	0.640695931786271	0.1303003938028032	0.09869062155485153	0.5242042259820225	0.08348594544528469	0.07965081185102463	0.6226556666763537	0.8561712091080911	0.9894011616706848	0.9951770305633545	0.9971328973770142	0.010598838329315186	0.01137995719909668	0.011776089668273926	0.038245201110839844	0.006352507509291172	0.0288164671510458
20260814	052	360000	30445	22203	0.6199951992873214	0.10732878367921868	0.08282142132520676	0.5281423443534539	0.0637255811889448	0.061157092452049255	0.6723833356814577	0.8454036203486407	0.9892361760139465	0.9951430559158325	0.9971328973770142	0.010763823986053467	0.011450111865997314	0.011776089668273926	0.038245201110839844	0.006366887129843235	0.0288164671510458
20260814	053	360000	13392	10378	0.6033738715556551	0.0460324588639584	0.03647971898317337	0.5443239131045166	0.03175277274443478	0.02859201468527317	0.6115293146660736	0.8292602533192458	0.9892014265060425	0.9951430559158325	0.9971328973770142	0.01079857349395752	0.011450111865997314	0.011776089668273926	0.038245201110839844	0.006416502874344587	0.0288164671510458
20260814	054	360000	25117	16845	0.654536467138696	0.0979190257099681	0.06832723319530487	0.5528407356146945	0.050427996870766524	0.046397894620895386	0.48483884668093946	0.7046867736266715	0.9892014265060425	0.9951804876327515	0.9971334934234619	0.01079857349395752	0.011450111865997314	0.011754095554351807	0.038245201110839844	0.006364788394421339	0.0288164671510458
20260814	055	360000	24543	12989	0.6182084854152536	0.09082496727893094	0.06677300482988358	0.5347283348713026	0.03934172280936167	0.035781554877758026	0.4522954590422999	0.5358445921496391	0.9892014265060425	0.9951406717300415	0.9971356391906738	0.01079857349395752	0.011450111865997314	0.011736929416656494	0.038245201110839844	0.006359511520713568	0.0288164671510458
20260814	056	360000	25266	21341	0.6617033327359527	0.09933035485488002	0.0687323808670044	0.5831708537229987	0.06866857594270909	0.058775950223207474	0.4166773982797384	0.8415655928557982	0.9892681241035461	0.9951804876327515	0.9971328973770142	0.010731875896453857	0.011450111865997314	0.011712849140167236	0.038245201110839844	0.006366209127008915	0.0288164671510458
20260814	057	360000	27795	27328	0.5124920030233262	0.07372766742386294	0.0757092759013176	0.4498469989158432	0.06379284232022688	0.07529250532388687	0.6195708709862644	0.9905038175487372	0.9892663955688477	0.9951430559158325	0.9971328973770142	0.010733604431152344	0.011450111865997314	0.011712849140167236	0.038245201110839844	0.006366887129843235	0.0288164671510458
20260814	058	360000	38880	32222	0.6578069720308267	0.14489369203017138	0.10573235899209976	0.5420805997077252	0.09148396287817813	0.08874557167291641	0.5127681254701935	0.8291658699953285	0.9892975091934204	0.9951804876327515	0.9971328973770142	0.01070249080657959	0.011396527290344238	0.011665701866149902	0.038245201110839844	0.006366887129843235	0.0288164671510458
20260814	059	360000	30087	26801	0.65007240879077	0.11067741884237056	0.08183520287275314	0.5410807575900086	0.07745215659688436	0.07381519675254822	0.47254802948709485	0.892270277799825	0.9892361760139465	0.9951430559158325	0.9971328973770142	0.010763823986053467	0.011450111865997314	0.011736929416656494	0.038245201110839844	0.006366887129843235	0.0288164671510458
20260814	060	360000	29161	23430	0.6248326901995293	0.10284675163539878	0.07932533323764801	0.5269872265652625	0.06858185783153846	0.06453283131122589	0.5178007076846106	0.7900611945317286	0.9892361760139465	0.9951430559158325	0.9971328973770142	0.010763823986053467	0.011450111865997314	0.011776089668273926	0.038245201110839844	0.006414754316210747	0.0288164671510458
