strategy	repeat	candidate_id
prospective_uniform	0	P2_WEEDSGALORE_TRUTH_FREE_PROPOSAL_GRID_20260810_V3_T070_A032:003:0022
prospective_uniform	0	P2_WEEDSGALORE_TRUTH_FREE_PROPOSAL_GRID_20260810_V3_T070_A032:004:0042
prospective_uniform	0	P2_WEEDSGALORE_TRUTH_FREE_PROPOSAL_GRID_20260810_V3_T070_A032:004:0065
prospective_uniform	0	P2_WEEDSGALORE_TRUTH_FREE_PROPOSAL_GRID_20260810_V3_T070_A032:005:0062
prospective_uniform	0	P2_WEEDSGALORE_TRUTH_FREE_PROPOSAL_GRID_20260810_V3_T070_A032:005:0069
prospective_uniform	0	P2_WEEDSGALORE_TRUTH_FREE_PROPOSAL_GRID_20260810_V3_T070_A032:005:0070
prospective_uniform	0	P2_WEEDSGALORE_TRUTH_FREE_PROPOSAL_GRID_20260810_V3_T070_A032:005:0071
prospective_uniform	0	P2_WEEDSGALORE_TRUTH_FREE_PROPOSAL_GRID_20260810_V3_T070_A032:005:0098
prospective_uniform	0	P2_WEEDSGALORE_TRUTH_FREE_PROPOSAL_GRID_20260810_V3_T070_A032:005:0115
prospective_uniform	0	P2_WEEDSGALORE_TRUTH_FREE_PROPOSAL_GRID_20260810_V3_T070_A032:005:0149
prospective_uniform	0	P2_WEEDSGALORE_TRUTH_FREE_PROPOSAL_GRID_20260810_V3_T070_A032:006:0062
prospective_uniform	0	P2_WEEDSGALORE_TRUTH_FREE_PROPOSAL_GRID_20260810_V3_T070_A032:006:0072
prospective_uniform	0	P2_WEEDSGALORE_TRUTH_FREE_PROPOSAL_GRID_20260810_V3_T070_A032:006:0133
prospective_uniform	0	P2_WEEDSGALORE_TRUTH_FREE_PROPOSAL_GRID_20260810_V3_T070_A032:006:0174
prospective_uniform	0	P2_WEEDSGALORE_TRUTH_FREE_PROPOSAL_GRID_20260810_V3_T070_A032:006:0178
prospective_uniform	0	P2_WEEDSGALORE_TRUTH_FREE_PROPOSAL_GRID_20260810_V3_T070_A032:006:0214
prospective_uniform	0	P2_WEEDSGALORE_TRUTH_FREE_PROPOSAL_GRID_20260810_V3_T070_A032:009:0017
prospective_uniform	0	P2_WEEDSGALORE_TRUTH_FREE_PROPOSAL_GRID_20260810_V3_T070_A032:009:0028
prospective_uniform	0	P2_WEEDSGALORE_TRUTH_FREE_PROPOSAL_GRID_20260810_V3_T070_A032:009:0061
prospective_uniform	0	P2_WEEDSGALORE_TRUTH_FREE_PROPOSAL_GRID_20260810_V3_T070_A032:009:0072
prospective_uniform	0	P2_WEEDSGALORE_TRUTH_FREE_PROPOSAL_GRID_20260810_V3_T070_A032:009:0073
prospective_uniform	0	P2_WEEDSGALORE_TRUTH_FREE_PROPOSAL_GRID_20260810_V3_T070_A032:009:0082
prospective_uniform	0	P2_WEEDSGALORE_TRUTH_FREE_PROPOSAL_GRID_20260810_V3_T070_A032:010:0017
prospective_uniform	0	P2_WEEDSGALORE_TRUTH_FREE_PROPOSAL_GRID_20260810_V3_T070_A032:010:0048
prospective_uniform	0	P2_WEEDSGALORE_TRUTH_FREE_PROPOSAL_GRID_20260810_V3_T070_A032:010:0192
prospective_uniform	0	P2_WEEDSGALORE_TRUTH_FREE_PROPOSAL_GRID_20260810_V3_T070_A032:010:0213
prospective_uniform	0	P2_WEEDSGALORE_TRUTH_FREE_PROPOSAL_GRID_20260810_V3_T070_A032:010:0221
prospective_uniform	0	P2_WEEDSGALORE_TRUTH_FREE_PROPOSAL_GRID_20260810_V3_T070_A032:010:0222
prospective_uniform	0	P2_WEEDSGALORE_TRUTH_FREE_PROPOSAL_GRID_20260810_V3_T070_A032:011:0014
prospective_uniform	0	P2_WEEDSGALORE_TRUTH_FREE_PROPOSAL_GRID_20260810_V3_T070_A032:011:0034
prospective_uniform	0	P2_WEEDSGALORE_TRUTH_FREE_PROPOSAL_GRID_20260810_V3_T070_A032:011:0039
prospective_uniform	0	P2_WEEDSGALORE_TRUTH_FREE_PROPOSAL_GRID_20260810_V3_T070_A032:011:0069
prospective_uniform	0	P2_WEEDSGALORE_TRUTH_FREE_PROPOSAL_GRID_20260810_V3_T070_A032:011:0092
prospective_uniform	0	P2_WEEDSGALORE_TRUTH_FREE_PROPOSAL_GRID_20260810_V3_T070_A032:011:0107
prospective_uniform	0	P2_WEEDSGALORE_TRUTH_FREE_PROPOSAL_GRID_20260810_V3_T070_A032:011:0137
prospective_uniform	0	P2_WEEDSGALORE_TRUTH_FREE_PROPOSAL_GRID_20260810_V3_T070_A032:011:0152
prospective_uniform	0	P2_WEEDSGALORE_TRUTH_FREE_PROPOSAL_GRID_20260810_V3_T070_A032:012:0003
prospective_uniform	0	P2_WEEDSGALORE_TRUTH_FREE_PROPOSAL_GRID_20260810_V3_T070_A032:012:0043
prospective_uniform	0	P2_WEEDSGALORE_TRUTH_FREE_PROPOSAL_GRID_20260810_V3_T070_A032:012:0048
prospective_uniform	0	P2_WEEDSGALORE_TRUTH_FREE_PROPOSAL_GRID_20260810_V3_T070_A032:012:0134
prospective_uniform	0	P2_WEEDSGALORE_TRUTH_FREE_PROPOSAL_GRID_20260810_V3_T070_A032:012:0148
prospective_uniform	0	P2_WEEDSGALORE_TRUTH_FREE_PROPOSAL_GRID_20260810_V3_T070_A032:012:0163
prospective_uniform	0	P2_WEEDSGALORE_TRUTH_FREE_PROPOSAL_GRID_20260810_V3_T070_A032:012:0178
prospective_uniform	0	P2_WEEDSGALORE_TRUTH_FREE_PROPOSAL_GRID_20260810_V3_T070_A032:014:0029
prospective_uniform	0	P2_WEEDSGALORE_TRUTH_FREE_PROPOSAL_GRID_20260810_V3_T070_A032:014:0042
prospective_uniform	0	P2_WEEDSGALORE_TRUTH_FREE_PROPOSAL_GRID_20260810_V3_T070_A032:018:0006
prospective_uniform	0	P2_WEEDSGALORE_TRUTH_FREE_PROPOSAL_GRID_20260810_V3_T070_A032:018:0042
prospective_uniform	0	P2_WEEDSGALORE_TRUTH_FREE_PROPOSAL_GRID_20260810_V3_T070_A032:018:0060
prospective_uniform	0	P2_WEEDSGALORE_TRUTH_FREE_PROPOSAL_GRID_20260810_V3_T070_A032:018:0097
prospective_uniform	0	P2_WEEDSGALORE_TRUTH_FREE_PROPOSAL_GRID_20260810_V3_T070_A032:018:0136
prospective_uniform	0	P2_WEEDSGALORE_TRUTH_FREE_PROPOSAL_GRID_20260810_V3_T070_A032:018:0137
prospective_uniform	0	P2_WEEDSGALORE_TRUTH_FREE_PROPOSAL_GRID_20260810_V3_T070_A032:019:0008
prospective_uniform	0	P2_WEEDSGALORE_TRUTH_FREE_PROPOSAL_GRID_20260810_V3_T070_A032:019:0037
prospective_uniform	0	P2_WEEDSGALORE_TRUTH_FREE_PROPOSAL_GRID_20260810_V3_T070_A032:020:0028
prospective_uniform	0	P2_WEEDSGALORE_TRUTH_FREE_PROPOSAL_GRID_20260810_V3_T070_A032:023:0017
prospective_uniform	0	P2_WEEDSGALORE_TRUTH_FREE_PROPOSAL_GRID_20260810_V3_T070_A032:023:0105
prospective_uniform	0	P2_WEEDSGALORE_TRUTH_FREE_PROPOSAL_GRID_20260810_V3_T070_A032:023:0111
prospective_uniform	0	P2_WEEDSGALORE_TRUTH_FREE_PROPOSAL_GRID_20260810_V3_T070_A032:024:0004
prospective_uniform	0	P2_WEEDSGALORE_TRUTH_FREE_PROPOSAL_GRID_20260810_V3_T070_A032:024:0065
prospective_uniform	0	P2_WEEDSGALORE_TRUTH_FREE_PROPOSAL_GRID_20260810_V3_T070_A032:025:0029
prospective_uniform	0	P2_WEEDSGALORE_TRUTH_FREE_PROPOSAL_GRID_20260810_V3_T070_A032:025:0047
prospective_uniform	0	P2_WEEDSGALORE_TRUTH_FREE_PROPOSAL_GRID_20260810_V3_T070_A032:025:0074
prospective_uniform	0	P2_WEEDSGALORE_TRUTH_FREE_PROPOSAL_GRID_20260810_V3_T070_A032:026:0033
prospective_uniform	0	P2_WEEDSGALORE_TRUTH_FREE_PROPOSAL_GRID_20260810_V3_T070_A032:026:0045
prospective_uniform	0	P2_WEEDSGALORE_TRUTH_FREE_PROPOSAL_GRID_20260810_V3_T070_A032:030:0002
prospective_uniform	0	P2_WEEDSGALORE_TRUTH_FREE_PROPOSAL_GRID_20260810_V3_T070_A032:030:0022
prospective_uniform	0	P2_WEEDSGALORE_TRUTH_FREE_PROPOSAL_GRID_20260810_V3_T070_A032:030:0031
prospective_uniform	0	P2_WEEDSGALORE_TRUTH_FREE_PROPOSAL_GRID_20260810_V3_T070_A032:030:0078
prospective_uniform	0	P2_WEEDSGALORE_TRUTH_FREE_PROPOSAL_GRID_20260810_V3_T070_A032:031:0021
prospective_uniform	0	P2_WEEDSGALORE_TRUTH_FREE_PROPOSAL_GRID_20260810_V3_T070_A032:032:0010
prospective_uniform	0	P2_WEEDSGALORE_TRUTH_FREE_PROPOSAL_GRID_20260810_V3_T070_A032:032:0049
prospective_uniform	0	P2_WEEDSGALORE_TRUTH_FREE_PROPOSAL_GRID_20260810_V3_T070_A032:032:0050
prospective_uniform	0	P2_WEEDSGALORE_TRUTH_FREE_PROPOSAL_GRID_20260810_V3_T070_A032:034:0005
prospective_uniform	0	P2_WEEDSGALORE_TRUTH_FREE_PROPOSAL_GRID_20260810_V3_T070_A032:034:0017
prospective_uniform	0	P2_WEEDSGALORE_TRUTH_FREE_PROPOSAL_GRID_20260810_V3_T070_A032:034:0022
prospective_uniform	0	P2_WEEDSGALORE_TRUTH_FREE_PROPOSAL_GRID_20260810_V3_T070_A032:034:0024
prospective_uniform	0	P2_WEEDSGALORE_TRUTH_FREE_PROPOSAL_GRID_20260810_V3_T070_A032:034:0046
prospective_uniform	0	P2_WEEDSGALORE_TRUTH_FREE_PROPOSAL_GRID_20260810_V3_T070_A032:034:0054
prospective_uniform	0	P2_WEEDSGALORE_TRUTH_FREE_PROPOSAL_GRID_20260810_V3_T070_A032:034:0101
prospective_uniform	0	P2_WEEDSGALORE_TRUTH_FREE_PROPOSAL_GRID_20260810_V3_T070_A032:035:0062
prospective_uniform	0	P2_WEEDSGALORE_TRUTH_FREE_PROPOSAL_GRID_20260810_V3_T070_A032:038:0026
prospective_uniform	0	P2_WEEDSGALORE_TRUTH_FREE_PROPOSAL_GRID_20260810_V3_T070_A032:038:0031
prospective_uniform	0	P2_WEEDSGALORE_TRUTH_FREE_PROPOSAL_GRID_20260810_V3_T070_A032:038:0033
prospective_uniform	0	P2_WEEDSGALORE_TRUTH_FREE_PROPOSAL_GRID_20260810_V3_T070_A032:039:0012
prospective_uniform	0	P2_WEEDSGALORE_TRUTH_FREE_PROPOSAL_GRID_20260810_V3_T070_A032:039:0063
prospective_uniform	0	P2_WEEDSGALORE_TRUTH_FREE_PROPOSAL_GRID_20260810_V3_T070_A032:043:0031
prospective_uniform	0	P2_WEEDSGALORE_TRUTH_FREE_PROPOSAL_GRID_20260810_V3_T070_A032:043:0042
prospective_uniform	0	P2_WEEDSGALORE_TRUTH_FREE_PROPOSAL_GRID_20260810_V3_T070_A032:043:0051
prospective_uniform	0	P2_WEEDSGALORE_TRUTH_FREE_PROPOSAL_GRID_20260810_V3_T070_A032:047:0024
prospective_uniform	0	P2_WEEDSGALORE_TRUTH_FREE_PROPOSAL_GRID_20260810_V3_T070_A032:048:0024
prospective_uniform	0	P2_WEEDSGALORE_TRUTH_FREE_PROPOSAL_GRID_20260810_V3_T070_A032:048:0036
prospective_uniform	0	P2_WEEDSGALORE_TRUTH_FREE_PROPOSAL_GRID_20260810_V3_T070_A032:051:0003
prospective_uniform	0	P2_WEEDSGALORE_TRUTH_FREE_PROPOSAL_GRID_20260810_V3_T070_A032:052:0003
prospective_uniform	0	P2_WEEDSGALORE_TRUTH_FREE_PROPOSAL_GRID_20260810_V3_T070_A032:052:0008
prospective_uniform	0	P2_WEEDSGALORE_TRUTH_FREE_PROPOSAL_GRID_20260810_V3_T070_A032:052:0009
prospective_uniform	0	P2_WEEDSGALORE_TRUTH_FREE_PROPOSAL_GRID_20260810_V3_T070_A032:052:0010
prospective_uniform	0	P2_WEEDSGALORE_TRUTH_FREE_PROPOSAL_GRID_20260810_V3_T070_A032:052:0027
prospective_uniform	0	P2_WEEDSGALORE_TRUTH_FREE_PROPOSAL_GRID_20260810_V3_T070_A032:052:0080
prospective_uniform	0	P2_WEEDSGALORE_TRUTH_FREE_PROPOSAL_GRID_20260810_V3_T070_A032:052:0155
prospective_uniform	0	P2_WEEDSGALORE_TRUTH_FREE_PROPOSAL_GRID_20260810_V3_T070_A032:052:0166
prospective_uniform	0	P2_WEEDSGALORE_TRUTH_FREE_PROPOSAL_GRID_20260810_V3_T070_A032:052:0192
prospective_uniform	0	P2_WEEDSGALORE_TRUTH_FREE_PROPOSAL_GRID_20260810_V3_T070_A032:052:0225
prospective_uniform	0	P2_WEEDSGALORE_TRUTH_FREE_PROPOSAL_GRID_20260810_V3_T070_A032:053:0002
prospective_uniform	0	P2_WEEDSGALORE_TRUTH_FREE_PROPOSAL_GRID_20260810_V3_T070_A032:053:0028
prospective_uniform	0	P2_WEEDSGALORE_TRUTH_FREE_PROPOSAL_GRID_20260810_V3_T070_A032:053:0094
prospective_uniform	0	P2_WEEDSGALORE_TRUTH_FREE_PROPOSAL_GRID_20260810_V3_T070_A032:053:0097
prospective_uniform	0	P2_WEEDSGALORE_TRUTH_FREE_PROPOSAL_GRID_20260810_V3_T070_A032:053:0176
prospective_uniform	0	P2_WEEDSGALORE_TRUTH_FREE_PROPOSAL_GRID_20260810_V3_T070_A032:054:0142
prospective_uniform	0	P2_WEEDSGALORE_TRUTH_FREE_PROPOSAL_GRID_20260810_V3_T070_A032:054:0143
prospective_uniform	0	P2_WEEDSGALORE_TRUTH_FREE_PROPOSAL_GRID_20260810_V3_T070_A032:054:0203
prospective_uniform	0	P2_WEEDSGALORE_TRUTH_FREE_PROPOSAL_GRID_20260810_V3_T070_A032:057:0012
prospective_uniform	0	P2_WEEDSGALORE_TRUTH_FREE_PROPOSAL_GRID_20260810_V3_T070_A032:057:0017
prospective_uniform	0	P2_WEEDSGALORE_TRUTH_FREE_PROPOSAL_GRID_20260810_V3_T070_A032:058:0004
prospective_uniform	0	P2_WEEDSGALORE_TRUTH_FREE_PROPOSAL_GRID_20260810_V3_T070_A032:058:0094
prospective_uniform	0	P2_WEEDSGALORE_TRUTH_FREE_PROPOSAL_GRID_20260810_V3_T070_A032:058:0116
prospective_uniform	0	P2_WEEDSGALORE_TRUTH_FREE_PROPOSAL_GRID_20260810_V3_T070_A032:058:0143
prospective_uniform	0	P2_WEEDSGALORE_TRUTH_FREE_PROPOSAL_GRID_20260810_V3_T070_A032:058:0144
prospective_uniform	0	P2_WEEDSGALORE_TRUTH_FREE_PROPOSAL_GRID_20260810_V3_T070_A032:059:0007
prospective_uniform	0	P2_WEEDSGALORE_TRUTH_FREE_PROPOSAL_GRID_20260810_V3_T070_A032:059:0017
prospective_uniform	0	P2_WEEDSGALORE_TRUTH_FREE_PROPOSAL_GRID_20260810_V3_T070_A032:059:0035
prospective_uniform	0	P2_WEEDSGALORE_TRUTH_FREE_PROPOSAL_GRID_20260810_V3_T070_A032:059:0108
prospective_uniform	0	P2_WEEDSGALORE_TRUTH_FREE_PROPOSAL_GRID_20260810_V3_T070_A032:059:0111
prospective_uniform	0	P2_WEEDSGALORE_TRUTH_FREE_PROPOSAL_GRID_20260810_V3_T070_A032:060:0005
prospective_uniform	0	P2_WEEDSGALORE_TRUTH_FREE_PROPOSAL_GRID_20260810_V3_T070_A032:060:0029
prospective_uniform	0	P2_WEEDSGALORE_TRUTH_FREE_PROPOSAL_GRID_20260810_V3_T070_A032:060:0030
prospective_uniform	0	P2_WEEDSGALORE_TRUTH_FREE_PROPOSAL_GRID_20260810_V3_T070_A032:060:0047
prospective_uniform	0	P2_WEEDSGALORE_TRUTH_FREE_PROPOSAL_GRID_20260810_V3_T070_A032:060:0054
prospective_uniform	0	P2_WEEDSGALORE_TRUTH_FREE_PROPOSAL_GRID_20260810_V3_T070_A032:060:0079
prospective_uniform	0	P2_WEEDSGALORE_TRUTH_FREE_PROPOSAL_GRID_20260810_V3_T070_A032:060:0089
prospective_uniform	0	P2_WEEDSGALORE_TRUTH_FREE_PROPOSAL_GRID_20260810_V3_T070_A032:060:0117
prospective_uniform	0	P2_WEEDSGALORE_TRUTH_FREE_PROPOSAL_GRID_20260810_V3_T070_A032:060:0150
prospective_uniform	0	P2_WEEDSGALORE_TRUTH_FREE_PROPOSAL_GRID_20260810_V3_T070_A032:060:0151
prospective_uniform	0	P2_WEEDSGALORE_TRUTH_FREE_PROPOSAL_GRID_20260810_V3_T070_A032:061:0017
prospective_uniform	0	P2_WEEDSGALORE_TRUTH_FREE_PROPOSAL_GRID_20260810_V3_T070_A032:061:0067
prospective_uniform	0	P2_WEEDSGALORE_TRUTH_FREE_PROPOSAL_GRID_20260810_V3_T070_A032:061:0119
prospective_uniform	0	P2_WEEDSGALORE_TRUTH_FREE_PROPOSAL_GRID_20260810_V3_T070_A032:061:0142
prospective_uniform	0	P2_WEEDSGALORE_TRUTH_FREE_PROPOSAL_GRID_20260810_V3_T070_A032:061:0145
prospective_uniform	0	P2_WEEDSGALORE_TRUTH_FREE_PROPOSAL_GRID_20260810_V3_T070_A032:062:0066
prospective_uniform	0	P2_WEEDSGALORE_TRUTH_FREE_PROPOSAL_GRID_20260810_V3_T070_A032:062:0071
prospective_uniform	0	P2_WEEDSGALORE_TRUTH_FREE_PROPOSAL_GRID_20260810_V3_T070_A032:062:0072
prospective_uniform	0	P2_WEEDSGALORE_TRUTH_FREE_PROPOSAL_GRID_20260810_V3_T070_A032:063:0005
prospective_uniform	0	P2_WEEDSGALORE_TRUTH_FREE_PROPOSAL_GRID_20260810_V3_T070_A032:063:0007
prospective_uniform	0	P2_WEEDSGALORE_TRUTH_FREE_PROPOSAL_GRID_20260810_V3_T070_A032:063:0009
prospective_uniform	0	P2_WEEDSGALORE_TRUTH_FREE_PROPOSAL_GRID_20260810_V3_T070_A032:063:0035
prospective_uniform	0	P2_WEEDSGALORE_TRUTH_FREE_PROPOSAL_GRID_20260810_V3_T070_A032:063:0040
prospective_uniform	0	P2_WEEDSGALORE_TRUTH_FREE_PROPOSAL_GRID_20260810_V3_T070_A032:064:0031
prospective_uniform	0	P2_WEEDSGALORE_TRUTH_FREE_PROPOSAL_GRID_20260810_V3_T070_A032:064:0127
prospective_uniform	0	P2_WEEDSGALORE_TRUTH_FREE_PROPOSAL_GRID_20260810_V3_T070_A032:067:0101
prospective_uniform	0	P2_WEEDSGALORE_TRUTH_FREE_PROPOSAL_GRID_20260810_V3_T070_A032:067:0102
prospective_uniform	0	P2_WEEDSGALORE_TRUTH_FREE_PROPOSAL_GRID_20260810_V3_T070_A032:067:0131
prospective_uniform	0	P2_WEEDSGALORE_TRUTH_FREE_PROPOSAL_GRID_20260810_V3_T070_A032:067:0163
prospective_uniform	0	P2_WEEDSGALORE_TRUTH_FREE_PROPOSAL_GRID_20260810_V3_T070_A032:067:0175
prospective_uniform	0	P2_WEEDSGALORE_TRUTH_FREE_PROPOSAL_GRID_20260810_V3_T070_A032:070:0004
prospective_uniform	0	P2_WEEDSGALORE_TRUTH_FREE_PROPOSAL_GRID_20260810_V3_T070_A032:070:0103
prospective_uniform	0	P2_WEEDSGALORE_TRUTH_FREE_PROPOSAL_GRID_20260810_V3_T070_A032:070:0128
prospective_uniform	0	P2_WEEDSGALORE_TRUTH_FREE_PROPOSAL_GRID_20260810_V3_T070_A032:070:0193
prospective_uniform	0	P2_WEEDSGALORE_TRUTH_FREE_PROPOSAL_GRID_20260810_V3_T070_A032:071:0012
prospective_uniform	0	P2_WEEDSGALORE_TRUTH_FREE_PROPOSAL_GRID_20260810_V3_T070_A032:071:0035
prospective_uniform	0	P2_WEEDSGALORE_TRUTH_FREE_PROPOSAL_GRID_20260810_V3_T070_A032:071:0075
prospective_uniform	0	P2_WEEDSGALORE_TRUTH_FREE_PROPOSAL_GRID_20260810_V3_T070_A032:072:0012
prospective_uniform	0	P2_WEEDSGALORE_TRUTH_FREE_PROPOSAL_GRID_20260810_V3_T070_A032:072:0034
prospective_uniform	0	P2_WEEDSGALORE_TRUTH_FREE_PROPOSAL_GRID_20260810_V3_T070_A032:072:0049
prospective_uniform	0	P2_WEEDSGALORE_TRUTH_FREE_PROPOSAL_GRID_20260810_V3_T070_A032:072:0072
prospective_uniform	0	P2_WEEDSGALORE_TRUTH_FREE_PROPOSAL_GRID_20260810_V3_T070_A032:073:0006
prospective_uniform	0	P2_WEEDSGALORE_TRUTH_FREE_PROPOSAL_GRID_20260810_V3_T070_A032:073:0064
prospective_uniform	0	P2_WEEDSGALORE_TRUTH_FREE_PROPOSAL_GRID_20260810_V3_T070_A032:073:0097
prospective_uniform	0	P2_WEEDSGALORE_TRUTH_FREE_PROPOSAL_GRID_20260810_V3_T070_A032:073:0123
prospective_uniform	0	P2_WEEDSGALORE_TRUTH_FREE_PROPOSAL_GRID_20260810_V3_T070_A032:073:0131
prospective_uniform	0	P2_WEEDSGALORE_TRUTH_FREE_PROPOSAL_GRID_20260810_V3_T070_A032:074:0001
prospective_uniform	0	P2_WEEDSGALORE_TRUTH_FREE_PROPOSAL_GRID_20260810_V3_T070_A032:074:0049
prospective_uniform	0	P2_WEEDSGALORE_TRUTH_FREE_PROPOSAL_GRID_20260810_V3_T070_A032:074:0052
prospective_uniform	0	P2_WEEDSGALORE_TRUTH_FREE_PROPOSAL_GRID_20260810_V3_T070_A032:074:0090
prospective_uniform	0	P2_WEEDSGALORE_TRUTH_FREE_PROPOSAL_GRID_20260810_V3_T070_A032:074:0177
prospective_uniform	0	P2_WEEDSGALORE_TRUTH_FREE_PROPOSAL_GRID_20260810_V3_T070_A032:074:0182
prospective_uniform	0	P2_WEEDSGALORE_TRUTH_FREE_PROPOSAL_GRID_20260810_V3_T070_A032:077:0004
prospective_uniform	0	P2_WEEDSGALORE_TRUTH_FREE_PROPOSAL_GRID_20260810_V3_T070_A032:077:0016
prospective_uniform	0	P2_WEEDSGALORE_TRUTH_FREE_PROPOSAL_GRID_20260810_V3_T070_A032:077:0037
prospective_uniform	0	P2_WEEDSGALORE_TRUTH_FREE_PROPOSAL_GRID_20260810_V3_T070_A032:077:0081
prospective_uniform	0	P2_WEEDSGALORE_TRUTH_FREE_PROPOSAL_GRID_20260810_V3_T070_A032:077:0109
prospective_uniform	0	P2_WEEDSGALORE_TRUTH_FREE_PROPOSAL_GRID_20260810_V3_T070_A032:077:0133
prospective_uniform	0	P2_WEEDSGALORE_TRUTH_FREE_PROPOSAL_GRID_20260810_V3_T070_A032:078:0028
prospective_uniform	0	P2_WEEDSGALORE_TRUTH_FREE_PROPOSAL_GRID_20260810_V3_T070_A032:078:0125
prospective_uniform	0	P2_WEEDSGALORE_TRUTH_FREE_PROPOSAL_GRID_20260810_V3_T070_A032:078:0136
prospective_uniform	0	P2_WEEDSGALORE_TRUTH_FREE_PROPOSAL_GRID_20260810_V3_T070_A032:078:0152
prospective_uniform	0	P2_WEEDSGALORE_TRUTH_FREE_PROPOSAL_GRID_20260810_V3_T070_A032:078:0194
prospective_uniform	0	P2_WEEDSGALORE_TRUTH_FREE_PROPOSAL_GRID_20260810_V3_T070_A032:080:0011
prospective_uniform	0	P2_WEEDSGALORE_TRUTH_FREE_PROPOSAL_GRID_20260810_V3_T070_A032:080:0015
prospective_uniform	0	P2_WEEDSGALORE_TRUTH_FREE_PROPOSAL_GRID_20260810_V3_T070_A032:080:0048
prospective_uniform	0	P2_WEEDSGALORE_TRUTH_FREE_PROPOSAL_GRID_20260810_V3_T070_A032:080:0090
prospective_uniform	0	P2_WEEDSGALORE_TRUTH_FREE_PROPOSAL_GRID_20260810_V3_T070_A032:080:0125
prospective_uniform	0	P2_WEEDSGALORE_TRUTH_FREE_PROPOSAL_GRID_20260810_V3_T070_A032:083:0001
prospective_uniform	0	P2_WEEDSGALORE_TRUTH_FREE_PROPOSAL_GRID_20260810_V3_T070_A032:083:0023
prospective_uniform	0	P2_WEEDSGALORE_TRUTH_FREE_PROPOSAL_GRID_20260810_V3_T070_A032:083:0027
prospective_uniform	0	P2_WEEDSGALORE_TRUTH_FREE_PROPOSAL_GRID_20260810_V3_T070_A032:083:0051
prospective_uniform	0	P2_WEEDSGALORE_TRUTH_FREE_PROPOSAL_GRID_20260810_V3_T070_A032:083:0055
prospective_uniform	0	P2_WEEDSGALORE_TRUTH_FREE_PROPOSAL_GRID_20260810_V3_T070_A032:083:0106
prospective_uniform	0	P2_WEEDSGALORE_TRUTH_FREE_PROPOSAL_GRID_20260810_V3_T070_A032:084:0005
prospective_uniform	0	P2_WEEDSGALORE_TRUTH_FREE_PROPOSAL_GRID_20260810_V3_T070_A032:085:0024
prospective_uniform	0	P2_WEEDSGALORE_TRUTH_FREE_PROPOSAL_GRID_20260810_V3_T070_A032:086:0003
prospective_uniform	0	P2_WEEDSGALORE_TRUTH_FREE_PROPOSAL_GRID_20260810_V3_T070_A032:086:0005
prospective_uniform	0	P2_WEEDSGALORE_TRUTH_FREE_PROPOSAL_GRID_20260810_V3_T070_A032:086:0045
prospective_uniform	0	P2_WEEDSGALORE_TRUTH_FREE_PROPOSAL_GRID_20260810_V3_T070_A032:086:0073
prospective_uniform	0	P2_WEEDSGALORE_TRUTH_FREE_PROPOSAL_GRID_20260810_V3_T070_A032:086:0074
prospective_uniform	0	P2_WEEDSGALORE_TRUTH_FREE_PROPOSAL_GRID_20260810_V3_T070_A032:086:0077
prospective_uniform	0	P2_WEEDSGALORE_TRUTH_FREE_PROPOSAL_GRID_20260810_V3_T070_A032:089:0020
prospective_uniform	0	P2_WEEDSGALORE_TRUTH_FREE_PROPOSAL_GRID_20260810_V3_T070_A032:089:0065
prospective_uniform	0	P2_WEEDSGALORE_TRUTH_FREE_PROPOSAL_GRID_20260810_V3_T070_A032:090:0025
prospective_uniform	0	P2_WEEDSGALORE_TRUTH_FREE_PROPOSAL_GRID_20260810_V3_T070_A032:090:0062
prospective_uniform	0	P2_WEEDSGALORE_TRUTH_FREE_PROPOSAL_GRID_20260810_V3_T070_A032:091:0061
prospective_uniform	0	P2_WEEDSGALORE_TRUTH_FREE_PROPOSAL_GRID_20260810_V3_T070_A032:091:0070
prospective_uniform	0	P2_WEEDSGALORE_TRUTH_FREE_PROPOSAL_GRID_20260810_V3_T070_A032:092:0019
prospective_uniform	0	P2_WEEDSGALORE_TRUTH_FREE_PROPOSAL_GRID_20260810_V3_T070_A032:092:0021
prospective_uniform	0	P2_WEEDSGALORE_TRUTH_FREE_PROPOSAL_GRID_20260810_V3_T070_A032:092:0022
prospective_uniform	0	P2_WEEDSGALORE_TRUTH_FREE_PROPOSAL_GRID_20260810_V3_T070_A032:092:0027
prospective_uniform	0	P2_WEEDSGALORE_TRUTH_FREE_PROPOSAL_GRID_20260810_V3_T070_A032:092:0031
prospective_uniform	0	P2_WEEDSGALORE_TRUTH_FREE_PROPOSAL_GRID_20260810_V3_T070_A032:092:0052
prospective_uniform	0	P2_WEEDSGALORE_TRUTH_FREE_PROPOSAL_GRID_20260810_V3_T070_A032:092:0054
prospective_uniform	0	P2_WEEDSGALORE_TRUTH_FREE_PROPOSAL_GRID_20260810_V3_T070_A032:092:0062
prospective_uniform	0	P2_WEEDSGALORE_TRUTH_FREE_PROPOSAL_GRID_20260810_V3_T070_A032:092:0093
prospective_uniform	0	P2_WEEDSGALORE_TRUTH_FREE_PROPOSAL_GRID_20260810_V3_T070_A032:093:0009
prospective_uniform	0	P2_WEEDSGALORE_TRUTH_FREE_PROPOSAL_GRID_20260810_V3_T070_A032:093:0016
prospective_uniform	0	P2_WEEDSGALORE_TRUTH_FREE_PROPOSAL_GRID_20260810_V3_T070_A032:093:0055
prospective_uniform	0	P2_WEEDSGALORE_TRUTH_FREE_PROPOSAL_GRID_20260810_V3_T070_A032:097:0010
prospective_uniform	0	P2_WEEDSGALORE_TRUTH_FREE_PROPOSAL_GRID_20260810_V3_T070_A032:097:0032
prospective_uniform	0	P2_WEEDSGALORE_TRUTH_FREE_PROPOSAL_GRID_20260810_V3_T070_A032:101:0046
prospective_uniform	0	P2_WEEDSGALORE_TRUTH_FREE_PROPOSAL_GRID_20260810_V3_T070_A032:101:0055
prospective_uniform	0	P2_WEEDSGALORE_TRUTH_FREE_PROPOSAL_GRID_20260810_V3_T070_A032:101:0081
prospective_uniform	0	P2_WEEDSGALORE_TRUTH_FREE_PROPOSAL_GRID_20260810_V3_T070_A032:102:0013
prospective_uniform	0	P2_WEEDSGALORE_TRUTH_FREE_PROPOSAL_GRID_20260810_V3_T070_A032:102:0026
prospective_uniform	0	P2_WEEDSGALORE_TRUTH_FREE_PROPOSAL_GRID_20260810_V3_T070_A032:103:0014
prospective_uniform	0	P2_WEEDSGALORE_TRUTH_FREE_PROPOSAL_GRID_20260810_V3_T070_A032:103:0044
prospective_uniform	0	P2_WEEDSGALORE_TRUTH_FREE_PROPOSAL_GRID_20260810_V3_T070_A032:103:0050
prospective_uniform	0	P2_WEEDSGALORE_TRUTH_FREE_PROPOSAL_GRID_20260810_V3_T070_A032:104:0008
prospective_uniform	0	P2_WEEDSGALORE_TRUTH_FREE_PROPOSAL_GRID_20260810_V3_T070_A032:104:0013
prospective_uniform	0	P2_WEEDSGALORE_TRUTH_FREE_PROPOSAL_GRID_20260810_V3_T070_A032:106:0035
prospective_uniform	0	P2_WEEDSGALORE_TRUTH_FREE_PROPOSAL_GRID_20260810_V3_T070_A032:106:0051
prospective_uniform	0	P2_WEEDSGALORE_TRUTH_FREE_PROPOSAL_GRID_20260810_V3_T070_A032:107:0038
prospective_uniform	0	P2_WEEDSGALORE_TRUTH_FREE_PROPOSAL_GRID_20260810_V3_T070_A032:107:0048
prospective_uniform	0	P2_WEEDSGALORE_TRUTH_FREE_PROPOSAL_GRID_20260810_V3_T070_A032:107:0051
prospective_uniform	0	P2_WEEDSGALORE_TRUTH_FREE_PROPOSAL_GRID_20260810_V3_T070_A032:107:0075
prospective_uniform	0	P2_WEEDSGALORE_TRUTH_FREE_PROPOSAL_GRID_20260810_V3_T070_A032:108:0032
prospective_uniform	0	P2_WEEDSGALORE_TRUTH_FREE_PROPOSAL_GRID_20260810_V3_T070_A032:109:0009
prospective_uniform	0	P2_WEEDSGALORE_TRUTH_FREE_PROPOSAL_GRID_20260810_V3_T070_A032:109:0020
prospective_uniform	0	P2_WEEDSGALORE_TRUTH_FREE_PROPOSAL_GRID_20260810_V3_T070_A032:110:0090
prospective_uniform	0	P2_WEEDSGALORE_TRUTH_FREE_PROPOSAL_GRID_20260810_V3_T070_A032:110:0106
prospective_uniform	0	P2_WEEDSGALORE_TRUTH_FREE_PROPOSAL_GRID_20260810_V3_T070_A032:111:0056
prospective_uniform	0	P2_WEEDSGALORE_TRUTH_FREE_PROPOSAL_GRID_20260810_V3_T070_A032:114:0008
prospective_uniform	0	P2_WEEDSGALORE_TRUTH_FREE_PROPOSAL_GRID_20260810_V3_T070_A032:115:0045
prospective_uniform	0	P2_WEEDSGALORE_TRUTH_FREE_PROPOSAL_GRID_20260810_V3_T070_A032:116:0004
prospective_uniform	0	P2_WEEDSGALORE_TRUTH_FREE_PROPOSAL_GRID_20260810_V3_T070_A032:116:0028
prospective_uniform	0	P2_WEEDSGALORE_TRUTH_FREE_PROPOSAL_GRID_20260810_V3_T070_A032:116:0044
prospective_uniform	0	P2_WEEDSGALORE_TRUTH_FREE_PROPOSAL_GRID_20260810_V3_T070_A032:116:0047
prospective_uniform	0	P2_WEEDSGALORE_TRUTH_FREE_PROPOSAL_GRID_20260810_V3_T070_A032:116:0080
prospective_uniform	0	P2_WEEDSGALORE_TRUTH_FREE_PROPOSAL_GRID_20260810_V3_T070_A032:119:0006
prospective_uniform	0	P2_WEEDSGALORE_TRUTH_FREE_PROPOSAL_GRID_20260810_V3_T070_A032:119:0011
prospective_uniform	0	P2_WEEDSGALORE_TRUTH_FREE_PROPOSAL_GRID_20260810_V3_T070_A032:119:0032
prospective_uniform	0	P2_WEEDSGALORE_TRUTH_FREE_PROPOSAL_GRID_20260810_V3_T070_A032:119:0041
prospective_uniform	0	P2_WEEDSGALORE_TRUTH_FREE_PROPOSAL_GRID_20260810_V3_T070_A032:119:0068
prospective_uniform	0	P2_WEEDSGALORE_TRUTH_FREE_PROPOSAL_GRID_20260810_V3_T070_A032:119:0074
prospective_uniform	0	P2_WEEDSGALORE_TRUTH_FREE_PROPOSAL_GRID_20260810_V3_T070_A032:120:0033
prospective_uniform	0	P2_WEEDSGALORE_TRUTH_FREE_PROPOSAL_GRID_20260810_V3_T070_A032:122:0037
prospective_uniform	0	P2_WEEDSGALORE_TRUTH_FREE_PROPOSAL_GRID_20260810_V3_T070_A032:123:0051
prospective_uniform	0	P2_WEEDSGALORE_TRUTH_FREE_PROPOSAL_GRID_20260810_V3_T070_A032:123:0057
prospective_uniform	0	P2_WEEDSGALORE_TRUTH_FREE_PROPOSAL_GRID_20260810_V3_T070_A032:123:0068
prospective_uniform	0	P2_WEEDSGALORE_TRUTH_FREE_PROPOSAL_GRID_20260810_V3_T070_A032:123:0077
prospective_uniform	0	P2_WEEDSGALORE_TRUTH_FREE_PROPOSAL_GRID_20260810_V3_T070_A032:126:0008
prospective_uniform	0	P2_WEEDSGALORE_TRUTH_FREE_PROPOSAL_GRID_20260810_V3_T070_A032:127:0021
prospective_uniform	0	P2_WEEDSGALORE_TRUTH_FREE_PROPOSAL_GRID_20260810_V3_T070_A032:128:0037
prospective_uniform	0	P2_WEEDSGALORE_TRUTH_FREE_PROPOSAL_GRID_20260810_V3_T070_A032:128:0047
prospective_uniform	0	P2_WEEDSGALORE_TRUTH_FREE_PROPOSAL_GRID_20260810_V3_T070_A032:128:0066
prospective_uniform	0	P2_WEEDSGALORE_TRUTH_FREE_PROPOSAL_GRID_20260810_V3_T070_A032:130:0021
prospective_uniform	0	P2_WEEDSGALORE_TRUTH_FREE_PROPOSAL_GRID_20260810_V3_T070_A032:130:0040
prospective_uniform	0	P2_WEEDSGALORE_TRUTH_FREE_PROPOSAL_GRID_20260810_V3_T070_A032:133:0023
prospective_uniform	0	P2_WEEDSGALORE_TRUTH_FREE_PROPOSAL_GRID_20260810_V3_T070_A032:133:0067
prospective_uniform	0	P2_WEEDSGALORE_TRUTH_FREE_PROPOSAL_GRID_20260810_V3_T070_A032:134:0020
prospective_uniform	0	P2_WEEDSGALORE_TRUTH_FREE_PROPOSAL_GRID_20260810_V3_T070_A032:135:0005
prospective_uniform	0	P2_WEEDSGALORE_TRUTH_FREE_PROPOSAL_GRID_20260810_V3_T070_A032:135:0009
prospective_uniform	0	P2_WEEDSGALORE_TRUTH_FREE_PROPOSAL_GRID_20260810_V3_T070_A032:135:0038
prospective_uniform	0	P2_WEEDSGALORE_TRUTH_FREE_PROPOSAL_GRID_20260810_V3_T070_A032:135:0043
prospective_uniform	0	P2_WEEDSGALORE_TRUTH_FREE_PROPOSAL_GRID_20260810_V3_T070_A032:139:0076
prospective_uniform	0	P2_WEEDSGALORE_TRUTH_FREE_PROPOSAL_GRID_20260810_V3_T070_A032:139:0084
prospective_uniform	0	P2_WEEDSGALORE_TRUTH_FREE_PROPOSAL_GRID_20260810_V3_T070_A032:139:0094
prospective_uniform	0	P2_WEEDSGALORE_TRUTH_FREE_PROPOSAL_GRID_20260810_V3_T070_A032:139:0097
prospective_uniform	0	P2_WEEDSGALORE_TRUTH_FREE_PROPOSAL_GRID_20260810_V3_T070_A032:142:0024
prospective_uniform	0	P2_WEEDSGALORE_TRUTH_FREE_PROPOSAL_GRID_20260810_V3_T070_A032:142:0051
prospective_uniform	0	P2_WEEDSGALORE_TRUTH_FREE_PROPOSAL_GRID_20260810_V3_T070_A032:142:0056
prospective_uniform	0	P2_WEEDSGALORE_TRUTH_FREE_PROPOSAL_GRID_20260810_V3_T070_A032:142:0072
prospective_uniform	0	P2_WEEDSGALORE_TRUTH_FREE_PROPOSAL_GRID_20260810_V3_T070_A032:143:0081
prospective_uniform	0	P2_WEEDSGALORE_TRUTH_FREE_PROPOSAL_GRID_20260810_V3_T070_A032:144:0008
prospective_uniform	0	P2_WEEDSGALORE_TRUTH_FREE_PROPOSAL_GRID_20260810_V3_T070_A032:144:0032
prospective_uniform	0	P2_WEEDSGALORE_TRUTH_FREE_PROPOSAL_GRID_20260810_V3_T070_A032:144:0054
prospective_uniform	0	P2_WEEDSGALORE_TRUTH_FREE_PROPOSAL_GRID_20260810_V3_T070_A032:144:0056
prospective_uniform	0	P2_WEEDSGALORE_TRUTH_FREE_PROPOSAL_GRID_20260810_V3_T070_A032:146:0019
prospective_uniform	0	P2_WEEDSGALORE_TRUTH_FREE_PROPOSAL_GRID_20260810_V3_T070_A032:146:0048
prospective_uniform	0	P2_WEEDSGALORE_TRUTH_FREE_PROPOSAL_GRID_20260810_V3_T070_A032:148:0019
prospective_uniform	0	P2_WEEDSGALORE_TRUTH_FREE_PROPOSAL_GRID_20260810_V3_T070_A032:151:0041
prospective_uniform	0	P2_WEEDSGALORE_TRUTH_FREE_PROPOSAL_GRID_20260810_V3_T070_A032:153:0014
prospective_uniform	0	P2_WEEDSGALORE_TRUTH_FREE_PROPOSAL_GRID_20260810_V3_T070_A032:153:0018
prospective_uniform	0	P2_WEEDSGALORE_TRUTH_FREE_PROPOSAL_GRID_20260810_V3_T070_A032:155:0047
prospective_uniform	0	P2_WEEDSGALORE_TRUTH_FREE_PROPOSAL_GRID_20260810_V3_T070_A032:155:0089
prospective_dinov2_coreset	0	P2_WEEDSGALORE_TRUTH_FREE_PROPOSAL_GRID_20260810_V3_T070_A032:004:0055
prospective_dinov2_coreset	0	P2_WEEDSGALORE_TRUTH_FREE_PROPOSAL_GRID_20260810_V3_T070_A032:005:0016
prospective_dinov2_coreset	0	P2_WEEDSGALORE_TRUTH_FREE_PROPOSAL_GRID_20260810_V3_T070_A032:005:0024
prospective_dinov2_coreset	0	P2_WEEDSGALORE_TRUTH_FREE_PROPOSAL_GRID_20260810_V3_T070_A032:005:0043
prospective_dinov2_coreset	0	P2_WEEDSGALORE_TRUTH_FREE_PROPOSAL_GRID_20260810_V3_T070_A032:005:0073
prospective_dinov2_coreset	0	P2_WEEDSGALORE_TRUTH_FREE_PROPOSAL_GRID_20260810_V3_T070_A032:005:0088
prospective_dinov2_coreset	0	P2_WEEDSGALORE_TRUTH_FREE_PROPOSAL_GRID_20260810_V3_T070_A032:005:0122
prospective_dinov2_coreset	0	P2_WEEDSGALORE_TRUTH_FREE_PROPOSAL_GRID_20260810_V3_T070_A032:005:0128
prospective_dinov2_coreset	0	P2_WEEDSGALORE_TRUTH_FREE_PROPOSAL_GRID_20260810_V3_T070_A032:005:0141
prospective_dinov2_coreset	0	P2_WEEDSGALORE_TRUTH_FREE_PROPOSAL_GRID_20260810_V3_T070_A032:005:0157
prospective_dinov2_coreset	0	P2_WEEDSGALORE_TRUTH_FREE_PROPOSAL_GRID_20260810_V3_T070_A032:005:0170
prospective_dinov2_coreset	0	P2_WEEDSGALORE_TRUTH_FREE_PROPOSAL_GRID_20260810_V3_T070_A032:006:0021
prospective_dinov2_coreset	0	P2_WEEDSGALORE_TRUTH_FREE_PROPOSAL_GRID_20260810_V3_T070_A032:006:0039
prospective_dinov2_coreset	0	P2_WEEDSGALORE_TRUTH_FREE_PROPOSAL_GRID_20260810_V3_T070_A032:006:0054
prospective_dinov2_coreset	0	P2_WEEDSGALORE_TRUTH_FREE_PROPOSAL_GRID_20260810_V3_T070_A032:006:0064
prospective_dinov2_coreset	0	P2_WEEDSGALORE_TRUTH_FREE_PROPOSAL_GRID_20260810_V3_T070_A032:006:0126
prospective_dinov2_coreset	0	P2_WEEDSGALORE_TRUTH_FREE_PROPOSAL_GRID_20260810_V3_T070_A032:006:0176
prospective_dinov2_coreset	0	P2_WEEDSGALORE_TRUTH_FREE_PROPOSAL_GRID_20260810_V3_T070_A032:006:0180
prospective_dinov2_coreset	0	P2_WEEDSGALORE_TRUTH_FREE_PROPOSAL_GRID_20260810_V3_T070_A032:006:0190
prospective_dinov2_coreset	0	P2_WEEDSGALORE_TRUTH_FREE_PROPOSAL_GRID_20260810_V3_T070_A032:006:0213
prospective_dinov2_coreset	0	P2_WEEDSGALORE_TRUTH_FREE_PROPOSAL_GRID_20260810_V3_T070_A032:006:0217
prospective_dinov2_coreset	0	P2_WEEDSGALORE_TRUTH_FREE_PROPOSAL_GRID_20260810_V3_T070_A032:006:0246
prospective_dinov2_coreset	0	P2_WEEDSGALORE_TRUTH_FREE_PROPOSAL_GRID_20260810_V3_T070_A032:006:0247
prospective_dinov2_coreset	0	P2_WEEDSGALORE_TRUTH_FREE_PROPOSAL_GRID_20260810_V3_T070_A032:006:0256
prospective_dinov2_coreset	0	P2_WEEDSGALORE_TRUTH_FREE_PROPOSAL_GRID_20260810_V3_T070_A032:009:0021
prospective_dinov2_coreset	0	P2_WEEDSGALORE_TRUTH_FREE_PROPOSAL_GRID_20260810_V3_T070_A032:010:0053
prospective_dinov2_coreset	0	P2_WEEDSGALORE_TRUTH_FREE_PROPOSAL_GRID_20260810_V3_T070_A032:010:0063
prospective_dinov2_coreset	0	P2_WEEDSGALORE_TRUTH_FREE_PROPOSAL_GRID_20260810_V3_T070_A032:010:0085
prospective_dinov2_coreset	0	P2_WEEDSGALORE_TRUTH_FREE_PROPOSAL_GRID_20260810_V3_T070_A032:010:0098
prospective_dinov2_coreset	0	P2_WEEDSGALORE_TRUTH_FREE_PROPOSAL_GRID_20260810_V3_T070_A032:010:0125
prospective_dinov2_coreset	0	P2_WEEDSGALORE_TRUTH_FREE_PROPOSAL_GRID_20260810_V3_T070_A032:010:0158
prospective_dinov2_coreset	0	P2_WEEDSGALORE_TRUTH_FREE_PROPOSAL_GRID_20260810_V3_T070_A032:010:0199
prospective_dinov2_coreset	0	P2_WEEDSGALORE_TRUTH_FREE_PROPOSAL_GRID_20260810_V3_T070_A032:010:0207
prospective_dinov2_coreset	0	P2_WEEDSGALORE_TRUTH_FREE_PROPOSAL_GRID_20260810_V3_T070_A032:011:0031
prospective_dinov2_coreset	0	P2_WEEDSGALORE_TRUTH_FREE_PROPOSAL_GRID_20260810_V3_T070_A032:011:0136
prospective_dinov2_coreset	0	P2_WEEDSGALORE_TRUTH_FREE_PROPOSAL_GRID_20260810_V3_T070_A032:012:0065
prospective_dinov2_coreset	0	P2_WEEDSGALORE_TRUTH_FREE_PROPOSAL_GRID_20260810_V3_T070_A032:012:0099
prospective_dinov2_coreset	0	P2_WEEDSGALORE_TRUTH_FREE_PROPOSAL_GRID_20260810_V3_T070_A032:012:0131
prospective_dinov2_coreset	0	P2_WEEDSGALORE_TRUTH_FREE_PROPOSAL_GRID_20260810_V3_T070_A032:012:0141
prospective_dinov2_coreset	0	P2_WEEDSGALORE_TRUTH_FREE_PROPOSAL_GRID_20260810_V3_T070_A032:012:0165
prospective_dinov2_coreset	0	P2_WEEDSGALORE_TRUTH_FREE_PROPOSAL_GRID_20260810_V3_T070_A032:012:0196
prospective_dinov2_coreset	0	P2_WEEDSGALORE_TRUTH_FREE_PROPOSAL_GRID_20260810_V3_T070_A032:013:0001
prospective_dinov2_coreset	0	P2_WEEDSGALORE_TRUTH_FREE_PROPOSAL_GRID_20260810_V3_T070_A032:013:0019
prospective_dinov2_coreset	0	P2_WEEDSGALORE_TRUTH_FREE_PROPOSAL_GRID_20260810_V3_T070_A032:013:0023
prospective_dinov2_coreset	0	P2_WEEDSGALORE_TRUTH_FREE_PROPOSAL_GRID_20260810_V3_T070_A032:014:0012
prospective_dinov2_coreset	0	P2_WEEDSGALORE_TRUTH_FREE_PROPOSAL_GRID_20260810_V3_T070_A032:014:0059
prospective_dinov2_coreset	0	P2_WEEDSGALORE_TRUTH_FREE_PROPOSAL_GRID_20260810_V3_T070_A032:018:0027
prospective_dinov2_coreset	0	P2_WEEDSGALORE_TRUTH_FREE_PROPOSAL_GRID_20260810_V3_T070_A032:018:0098
prospective_dinov2_coreset	0	P2_WEEDSGALORE_TRUTH_FREE_PROPOSAL_GRID_20260810_V3_T070_A032:018:0102
prospective_dinov2_coreset	0	P2_WEEDSGALORE_TRUTH_FREE_PROPOSAL_GRID_20260810_V3_T070_A032:018:0109
prospective_dinov2_coreset	0	P2_WEEDSGALORE_TRUTH_FREE_PROPOSAL_GRID_20260810_V3_T070_A032:018:0148
prospective_dinov2_coreset	0	P2_WEEDSGALORE_TRUTH_FREE_PROPOSAL_GRID_20260810_V3_T070_A032:019:0023
prospective_dinov2_coreset	0	P2_WEEDSGALORE_TRUTH_FREE_PROPOSAL_GRID_20260810_V3_T070_A032:020:0001
prospective_dinov2_coreset	0	P2_WEEDSGALORE_TRUTH_FREE_PROPOSAL_GRID_20260810_V3_T070_A032:020:0002
prospective_dinov2_coreset	0	P2_WEEDSGALORE_TRUTH_FREE_PROPOSAL_GRID_20260810_V3_T070_A032:020:0009
prospective_dinov2_coreset	0	P2_WEEDSGALORE_TRUTH_FREE_PROPOSAL_GRID_20260810_V3_T070_A032:020:0041
prospective_dinov2_coreset	0	P2_WEEDSGALORE_TRUTH_FREE_PROPOSAL_GRID_20260810_V3_T070_A032:020:0045
prospective_dinov2_coreset	0	P2_WEEDSGALORE_TRUTH_FREE_PROPOSAL_GRID_20260810_V3_T070_A032:020:0063
prospective_dinov2_coreset	0	P2_WEEDSGALORE_TRUTH_FREE_PROPOSAL_GRID_20260810_V3_T070_A032:020:0073
prospective_dinov2_coreset	0	P2_WEEDSGALORE_TRUTH_FREE_PROPOSAL_GRID_20260810_V3_T070_A032:023:0033
prospective_dinov2_coreset	0	P2_WEEDSGALORE_TRUTH_FREE_PROPOSAL_GRID_20260810_V3_T070_A032:023:0040
prospective_dinov2_coreset	0	P2_WEEDSGALORE_TRUTH_FREE_PROPOSAL_GRID_20260810_V3_T070_A032:023:0041
prospective_dinov2_coreset	0	P2_WEEDSGALORE_TRUTH_FREE_PROPOSAL_GRID_20260810_V3_T070_A032:023:0044
prospective_dinov2_coreset	0	P2_WEEDSGALORE_TRUTH_FREE_PROPOSAL_GRID_20260810_V3_T070_A032:023:0059
prospective_dinov2_coreset	0	P2_WEEDSGALORE_TRUTH_FREE_PROPOSAL_GRID_20260810_V3_T070_A032:023:0081
prospective_dinov2_coreset	0	P2_WEEDSGALORE_TRUTH_FREE_PROPOSAL_GRID_20260810_V3_T070_A032:023:0108
prospective_dinov2_coreset	0	P2_WEEDSGALORE_TRUTH_FREE_PROPOSAL_GRID_20260810_V3_T070_A032:024:0007
prospective_dinov2_coreset	0	P2_WEEDSGALORE_TRUTH_FREE_PROPOSAL_GRID_20260810_V3_T070_A032:024:0027
prospective_dinov2_coreset	0	P2_WEEDSGALORE_TRUTH_FREE_PROPOSAL_GRID_20260810_V3_T070_A032:024:0033
prospective_dinov2_coreset	0	P2_WEEDSGALORE_TRUTH_FREE_PROPOSAL_GRID_20260810_V3_T070_A032:024:0066
prospective_dinov2_coreset	0	P2_WEEDSGALORE_TRUTH_FREE_PROPOSAL_GRID_20260810_V3_T070_A032:024:0081
prospective_dinov2_coreset	0	P2_WEEDSGALORE_TRUTH_FREE_PROPOSAL_GRID_20260810_V3_T070_A032:024:0084
prospective_dinov2_coreset	0	P2_WEEDSGALORE_TRUTH_FREE_PROPOSAL_GRID_20260810_V3_T070_A032:024:0125
prospective_dinov2_coreset	0	P2_WEEDSGALORE_TRUTH_FREE_PROPOSAL_GRID_20260810_V3_T070_A032:025:0015
prospective_dinov2_coreset	0	P2_WEEDSGALORE_TRUTH_FREE_PROPOSAL_GRID_20260810_V3_T070_A032:025:0052
prospective_dinov2_coreset	0	P2_WEEDSGALORE_TRUTH_FREE_PROPOSAL_GRID_20260810_V3_T070_A032:025:0079
prospective_dinov2_coreset	0	P2_WEEDSGALORE_TRUTH_FREE_PROPOSAL_GRID_20260810_V3_T070_A032:027:0009
prospective_dinov2_coreset	0	P2_WEEDSGALORE_TRUTH_FREE_PROPOSAL_GRID_20260810_V3_T070_A032:027:0016
prospective_dinov2_coreset	0	P2_WEEDSGALORE_TRUTH_FREE_PROPOSAL_GRID_20260810_V3_T070_A032:030:0008
prospective_dinov2_coreset	0	P2_WEEDSGALORE_TRUTH_FREE_PROPOSAL_GRID_20260810_V3_T070_A032:030:0028
prospective_dinov2_coreset	0	P2_WEEDSGALORE_TRUTH_FREE_PROPOSAL_GRID_20260810_V3_T070_A032:031:0018
prospective_dinov2_coreset	0	P2_WEEDSGALORE_TRUTH_FREE_PROPOSAL_GRID_20260810_V3_T070_A032:031:0020
prospective_dinov2_coreset	0	P2_WEEDSGALORE_TRUTH_FREE_PROPOSAL_GRID_20260810_V3_T070_A032:031:0023
prospective_dinov2_coreset	0	P2_WEEDSGALORE_TRUTH_FREE_PROPOSAL_GRID_20260810_V3_T070_A032:032:0018
prospective_dinov2_coreset	0	P2_WEEDSGALORE_TRUTH_FREE_PROPOSAL_GRID_20260810_V3_T070_A032:032:0021
prospective_dinov2_coreset	0	P2_WEEDSGALORE_TRUTH_FREE_PROPOSAL_GRID_20260810_V3_T070_A032:032:0022
prospective_dinov2_coreset	0	P2_WEEDSGALORE_TRUTH_FREE_PROPOSAL_GRID_20260810_V3_T070_A032:032:0025
prospective_dinov2_coreset	0	P2_WEEDSGALORE_TRUTH_FREE_PROPOSAL_GRID_20260810_V3_T070_A032:032:0028
prospective_dinov2_coreset	0	P2_WEEDSGALORE_TRUTH_FREE_PROPOSAL_GRID_20260810_V3_T070_A032:034:0059
prospective_dinov2_coreset	0	P2_WEEDSGALORE_TRUTH_FREE_PROPOSAL_GRID_20260810_V3_T070_A032:034:0064
prospective_dinov2_coreset	0	P2_WEEDSGALORE_TRUTH_FREE_PROPOSAL_GRID_20260810_V3_T070_A032:034:0081
prospective_dinov2_coreset	0	P2_WEEDSGALORE_TRUTH_FREE_PROPOSAL_GRID_20260810_V3_T070_A032:034:0089
prospective_dinov2_coreset	0	P2_WEEDSGALORE_TRUTH_FREE_PROPOSAL_GRID_20260810_V3_T070_A032:034:0096
prospective_dinov2_coreset	0	P2_WEEDSGALORE_TRUTH_FREE_PROPOSAL_GRID_20260810_V3_T070_A032:034:0107
prospective_dinov2_coreset	0	P2_WEEDSGALORE_TRUTH_FREE_PROPOSAL_GRID_20260810_V3_T070_A032:034:0110
prospective_dinov2_coreset	0	P2_WEEDSGALORE_TRUTH_FREE_PROPOSAL_GRID_20260810_V3_T070_A032:034:0134
prospective_dinov2_coreset	0	P2_WEEDSGALORE_TRUTH_FREE_PROPOSAL_GRID_20260810_V3_T070_A032:034:0140
prospective_dinov2_coreset	0	P2_WEEDSGALORE_TRUTH_FREE_PROPOSAL_GRID_20260810_V3_T070_A032:035:0004
prospective_dinov2_coreset	0	P2_WEEDSGALORE_TRUTH_FREE_PROPOSAL_GRID_20260810_V3_T070_A032:035:0064
prospective_dinov2_coreset	0	P2_WEEDSGALORE_TRUTH_FREE_PROPOSAL_GRID_20260810_V3_T070_A032:037:0003
prospective_dinov2_coreset	0	P2_WEEDSGALORE_TRUTH_FREE_PROPOSAL_GRID_20260810_V3_T070_A032:038:0011
prospective_dinov2_coreset	0	P2_WEEDSGALORE_TRUTH_FREE_PROPOSAL_GRID_20260810_V3_T070_A032:040:0016
prospective_dinov2_coreset	0	P2_WEEDSGALORE_TRUTH_FREE_PROPOSAL_GRID_20260810_V3_T070_A032:043:0004
prospective_dinov2_coreset	0	P2_WEEDSGALORE_TRUTH_FREE_PROPOSAL_GRID_20260810_V3_T070_A032:043:0017
prospective_dinov2_coreset	0	P2_WEEDSGALORE_TRUTH_FREE_PROPOSAL_GRID_20260810_V3_T070_A032:046:0005
prospective_dinov2_coreset	0	P2_WEEDSGALORE_TRUTH_FREE_PROPOSAL_GRID_20260810_V3_T070_A032:047:0003
prospective_dinov2_coreset	0	P2_WEEDSGALORE_TRUTH_FREE_PROPOSAL_GRID_20260810_V3_T070_A032:047:0020
prospective_dinov2_coreset	0	P2_WEEDSGALORE_TRUTH_FREE_PROPOSAL_GRID_20260810_V3_T070_A032:048:0002
prospective_dinov2_coreset	0	P2_WEEDSGALORE_TRUTH_FREE_PROPOSAL_GRID_20260810_V3_T070_A032:048:0021
prospective_dinov2_coreset	0	P2_WEEDSGALORE_TRUTH_FREE_PROPOSAL_GRID_20260810_V3_T070_A032:051:0006
prospective_dinov2_coreset	0	P2_WEEDSGALORE_TRUTH_FREE_PROPOSAL_GRID_20260810_V3_T070_A032:051:0019
prospective_dinov2_coreset	0	P2_WEEDSGALORE_TRUTH_FREE_PROPOSAL_GRID_20260810_V3_T070_A032:052:0006
prospective_dinov2_coreset	0	P2_WEEDSGALORE_TRUTH_FREE_PROPOSAL_GRID_20260810_V3_T070_A032:052:0029
prospective_dinov2_coreset	0	P2_WEEDSGALORE_TRUTH_FREE_PROPOSAL_GRID_20260810_V3_T070_A032:052:0056
prospective_dinov2_coreset	0	P2_WEEDSGALORE_TRUTH_FREE_PROPOSAL_GRID_20260810_V3_T070_A032:052:0057
prospective_dinov2_coreset	0	P2_WEEDSGALORE_TRUTH_FREE_PROPOSAL_GRID_20260810_V3_T070_A032:052:0063
prospective_dinov2_coreset	0	P2_WEEDSGALORE_TRUTH_FREE_PROPOSAL_GRID_20260810_V3_T070_A032:052:0079
prospective_dinov2_coreset	0	P2_WEEDSGALORE_TRUTH_FREE_PROPOSAL_GRID_20260810_V3_T070_A032:052:0093
prospective_dinov2_coreset	0	P2_WEEDSGALORE_TRUTH_FREE_PROPOSAL_GRID_20260810_V3_T070_A032:052:0170
prospective_dinov2_coreset	0	P2_WEEDSGALORE_TRUTH_FREE_PROPOSAL_GRID_20260810_V3_T070_A032:052:0200
prospective_dinov2_coreset	0	P2_WEEDSGALORE_TRUTH_FREE_PROPOSAL_GRID_20260810_V3_T070_A032:052:0217
prospective_dinov2_coreset	0	P2_WEEDSGALORE_TRUTH_FREE_PROPOSAL_GRID_20260810_V3_T070_A032:053:0078
prospective_dinov2_coreset	0	P2_WEEDSGALORE_TRUTH_FREE_PROPOSAL_GRID_20260810_V3_T070_A032:053:0110
prospective_dinov2_coreset	0	P2_WEEDSGALORE_TRUTH_FREE_PROPOSAL_GRID_20260810_V3_T070_A032:053:0131
prospective_dinov2_coreset	0	P2_WEEDSGALORE_TRUTH_FREE_PROPOSAL_GRID_20260810_V3_T070_A032:053:0146
prospective_dinov2_coreset	0	P2_WEEDSGALORE_TRUTH_FREE_PROPOSAL_GRID_20260810_V3_T070_A032:053:0166
prospective_dinov2_coreset	0	P2_WEEDSGALORE_TRUTH_FREE_PROPOSAL_GRID_20260810_V3_T070_A032:054:0005
prospective_dinov2_coreset	0	P2_WEEDSGALORE_TRUTH_FREE_PROPOSAL_GRID_20260810_V3_T070_A032:054:0075
prospective_dinov2_coreset	0	P2_WEEDSGALORE_TRUTH_FREE_PROPOSAL_GRID_20260810_V3_T070_A032:054:0106
prospective_dinov2_coreset	0	P2_WEEDSGALORE_TRUTH_FREE_PROPOSAL_GRID_20260810_V3_T070_A032:054:0130
prospective_dinov2_coreset	0	P2_WEEDSGALORE_TRUTH_FREE_PROPOSAL_GRID_20260810_V3_T070_A032:054:0132
prospective_dinov2_coreset	0	P2_WEEDSGALORE_TRUTH_FREE_PROPOSAL_GRID_20260810_V3_T070_A032:054:0154
prospective_dinov2_coreset	0	P2_WEEDSGALORE_TRUTH_FREE_PROPOSAL_GRID_20260810_V3_T070_A032:054:0180
prospective_dinov2_coreset	0	P2_WEEDSGALORE_TRUTH_FREE_PROPOSAL_GRID_20260810_V3_T070_A032:054:0186
prospective_dinov2_coreset	0	P2_WEEDSGALORE_TRUTH_FREE_PROPOSAL_GRID_20260810_V3_T070_A032:058:0038
prospective_dinov2_coreset	0	P2_WEEDSGALORE_TRUTH_FREE_PROPOSAL_GRID_20260810_V3_T070_A032:058:0042
prospective_dinov2_coreset	0	P2_WEEDSGALORE_TRUTH_FREE_PROPOSAL_GRID_20260810_V3_T070_A032:058:0082
prospective_dinov2_coreset	0	P2_WEEDSGALORE_TRUTH_FREE_PROPOSAL_GRID_20260810_V3_T070_A032:059:0018
prospective_dinov2_coreset	0	P2_WEEDSGALORE_TRUTH_FREE_PROPOSAL_GRID_20260810_V3_T070_A032:059:0046
prospective_dinov2_coreset	0	P2_WEEDSGALORE_TRUTH_FREE_PROPOSAL_GRID_20260810_V3_T070_A032:059:0066
prospective_dinov2_coreset	0	P2_WEEDSGALORE_TRUTH_FREE_PROPOSAL_GRID_20260810_V3_T070_A032:059:0093
prospective_dinov2_coreset	0	P2_WEEDSGALORE_TRUTH_FREE_PROPOSAL_GRID_20260810_V3_T070_A032:060:0004
prospective_dinov2_coreset	0	P2_WEEDSGALORE_TRUTH_FREE_PROPOSAL_GRID_20260810_V3_T070_A032:060:0017
prospective_dinov2_coreset	0	P2_WEEDSGALORE_TRUTH_FREE_PROPOSAL_GRID_20260810_V3_T070_A032:060:0034
prospective_dinov2_coreset	0	P2_WEEDSGALORE_TRUTH_FREE_PROPOSAL_GRID_20260810_V3_T070_A032:060:0061
prospective_dinov2_coreset	0	P2_WEEDSGALORE_TRUTH_FREE_PROPOSAL_GRID_20260810_V3_T070_A032:060:0083
prospective_dinov2_coreset	0	P2_WEEDSGALORE_TRUTH_FREE_PROPOSAL_GRID_20260810_V3_T070_A032:060:0118
prospective_dinov2_coreset	0	P2_WEEDSGALORE_TRUTH_FREE_PROPOSAL_GRID_20260810_V3_T070_A032:061:0042
prospective_dinov2_coreset	0	P2_WEEDSGALORE_TRUTH_FREE_PROPOSAL_GRID_20260810_V3_T070_A032:061:0079
prospective_dinov2_coreset	0	P2_WEEDSGALORE_TRUTH_FREE_PROPOSAL_GRID_20260810_V3_T070_A032:061:0088
prospective_dinov2_coreset	0	P2_WEEDSGALORE_TRUTH_FREE_PROPOSAL_GRID_20260810_V3_T070_A032:061:0132
prospective_dinov2_coreset	0	P2_WEEDSGALORE_TRUTH_FREE_PROPOSAL_GRID_20260810_V3_T070_A032:062:0044
prospective_dinov2_coreset	0	P2_WEEDSGALORE_TRUTH_FREE_PROPOSAL_GRID_20260810_V3_T070_A032:062:0061
prospective_dinov2_coreset	0	P2_WEEDSGALORE_TRUTH_FREE_PROPOSAL_GRID_20260810_V3_T070_A032:062:0065
prospective_dinov2_coreset	0	P2_WEEDSGALORE_TRUTH_FREE_PROPOSAL_GRID_20260810_V3_T070_A032:062:0111
prospective_dinov2_coreset	0	P2_WEEDSGALORE_TRUTH_FREE_PROPOSAL_GRID_20260810_V3_T070_A032:063:0042
prospective_dinov2_coreset	0	P2_WEEDSGALORE_TRUTH_FREE_PROPOSAL_GRID_20260810_V3_T070_A032:063:0057
prospective_dinov2_coreset	0	P2_WEEDSGALORE_TRUTH_FREE_PROPOSAL_GRID_20260810_V3_T070_A032:064:0078
prospective_dinov2_coreset	0	P2_WEEDSGALORE_TRUTH_FREE_PROPOSAL_GRID_20260810_V3_T070_A032:064:0099
prospective_dinov2_coreset	0	P2_WEEDSGALORE_TRUTH_FREE_PROPOSAL_GRID_20260810_V3_T070_A032:064:0103
prospective_dinov2_coreset	0	P2_WEEDSGALORE_TRUTH_FREE_PROPOSAL_GRID_20260810_V3_T070_A032:067:0013
prospective_dinov2_coreset	0	P2_WEEDSGALORE_TRUTH_FREE_PROPOSAL_GRID_20260810_V3_T070_A032:067:0061
prospective_dinov2_coreset	0	P2_WEEDSGALORE_TRUTH_FREE_PROPOSAL_GRID_20260810_V3_T070_A032:067:0151
prospective_dinov2_coreset	0	P2_WEEDSGALORE_TRUTH_FREE_PROPOSAL_GRID_20260810_V3_T070_A032:070:0036
prospective_dinov2_coreset	0	P2_WEEDSGALORE_TRUTH_FREE_PROPOSAL_GRID_20260810_V3_T070_A032:070:0053
prospective_dinov2_coreset	0	P2_WEEDSGALORE_TRUTH_FREE_PROPOSAL_GRID_20260810_V3_T070_A032:070:0062
prospective_dinov2_coreset	0	P2_WEEDSGALORE_TRUTH_FREE_PROPOSAL_GRID_20260810_V3_T070_A032:070:0071
prospective_dinov2_coreset	0	P2_WEEDSGALORE_TRUTH_FREE_PROPOSAL_GRID_20260810_V3_T070_A032:070:0082
prospective_dinov2_coreset	0	P2_WEEDSGALORE_TRUTH_FREE_PROPOSAL_GRID_20260810_V3_T070_A032:070:0126
prospective_dinov2_coreset	0	P2_WEEDSGALORE_TRUTH_FREE_PROPOSAL_GRID_20260810_V3_T070_A032:071:0042
prospective_dinov2_coreset	0	P2_WEEDSGALORE_TRUTH_FREE_PROPOSAL_GRID_20260810_V3_T070_A032:071:0049
prospective_dinov2_coreset	0	P2_WEEDSGALORE_TRUTH_FREE_PROPOSAL_GRID_20260810_V3_T070_A032:071:0071
prospective_dinov2_coreset	0	P2_WEEDSGALORE_TRUTH_FREE_PROPOSAL_GRID_20260810_V3_T070_A032:071:0133
prospective_dinov2_coreset	0	P2_WEEDSGALORE_TRUTH_FREE_PROPOSAL_GRID_20260810_V3_T070_A032:072:0047
prospective_dinov2_coreset	0	P2_WEEDSGALORE_TRUTH_FREE_PROPOSAL_GRID_20260810_V3_T070_A032:072:0082
prospective_dinov2_coreset	0	P2_WEEDSGALORE_TRUTH_FREE_PROPOSAL_GRID_20260810_V3_T070_A032:073:0040
prospective_dinov2_coreset	0	P2_WEEDSGALORE_TRUTH_FREE_PROPOSAL_GRID_20260810_V3_T070_A032:073:0043
prospective_dinov2_coreset	0	P2_WEEDSGALORE_TRUTH_FREE_PROPOSAL_GRID_20260810_V3_T070_A032:073:0063
prospective_dinov2_coreset	0	P2_WEEDSGALORE_TRUTH_FREE_PROPOSAL_GRID_20260810_V3_T070_A032:073:0112
prospective_dinov2_coreset	0	P2_WEEDSGALORE_TRUTH_FREE_PROPOSAL_GRID_20260810_V3_T070_A032:074:0069
prospective_dinov2_coreset	0	P2_WEEDSGALORE_TRUTH_FREE_PROPOSAL_GRID_20260810_V3_T070_A032:074:0086
prospective_dinov2_coreset	0	P2_WEEDSGALORE_TRUTH_FREE_PROPOSAL_GRID_20260810_V3_T070_A032:074:0088
prospective_dinov2_coreset	0	P2_WEEDSGALORE_TRUTH_FREE_PROPOSAL_GRID_20260810_V3_T070_A032:077:0009
prospective_dinov2_coreset	0	P2_WEEDSGALORE_TRUTH_FREE_PROPOSAL_GRID_20260810_V3_T070_A032:078:0052
prospective_dinov2_coreset	0	P2_WEEDSGALORE_TRUTH_FREE_PROPOSAL_GRID_20260810_V3_T070_A032:078:0150
prospective_dinov2_coreset	0	P2_WEEDSGALORE_TRUTH_FREE_PROPOSAL_GRID_20260810_V3_T070_A032:080:0033
prospective_dinov2_coreset	0	P2_WEEDSGALORE_TRUTH_FREE_PROPOSAL_GRID_20260810_V3_T070_A032:080:0073
prospective_dinov2_coreset	0	P2_WEEDSGALORE_TRUTH_FREE_PROPOSAL_GRID_20260810_V3_T070_A032:080:0074
prospective_dinov2_coreset	0	P2_WEEDSGALORE_TRUTH_FREE_PROPOSAL_GRID_20260810_V3_T070_A032:080:0126
prospective_dinov2_coreset	0	P2_WEEDSGALORE_TRUTH_FREE_PROPOSAL_GRID_20260810_V3_T070_A032:083:0065
prospective_dinov2_coreset	0	P2_WEEDSGALORE_TRUTH_FREE_PROPOSAL_GRID_20260810_V3_T070_A032:083:0069
prospective_dinov2_coreset	0	P2_WEEDSGALORE_TRUTH_FREE_PROPOSAL_GRID_20260810_V3_T070_A032:084:0034
prospective_dinov2_coreset	0	P2_WEEDSGALORE_TRUTH_FREE_PROPOSAL_GRID_20260810_V3_T070_A032:084:0059
prospective_dinov2_coreset	0	P2_WEEDSGALORE_TRUTH_FREE_PROPOSAL_GRID_20260810_V3_T070_A032:084:0064
prospective_dinov2_coreset	0	P2_WEEDSGALORE_TRUTH_FREE_PROPOSAL_GRID_20260810_V3_T070_A032:085:0058
prospective_dinov2_coreset	0	P2_WEEDSGALORE_TRUTH_FREE_PROPOSAL_GRID_20260810_V3_T070_A032:086:0072
prospective_dinov2_coreset	0	P2_WEEDSGALORE_TRUTH_FREE_PROPOSAL_GRID_20260810_V3_T070_A032:089:0016
prospective_dinov2_coreset	0	P2_WEEDSGALORE_TRUTH_FREE_PROPOSAL_GRID_20260810_V3_T070_A032:089:0022
prospective_dinov2_coreset	0	P2_WEEDSGALORE_TRUTH_FREE_PROPOSAL_GRID_20260810_V3_T070_A032:089:0031
prospective_dinov2_coreset	0	P2_WEEDSGALORE_TRUTH_FREE_PROPOSAL_GRID_20260810_V3_T070_A032:089:0073
prospective_dinov2_coreset	0	P2_WEEDSGALORE_TRUTH_FREE_PROPOSAL_GRID_20260810_V3_T070_A032:090:0004
prospective_dinov2_coreset	0	P2_WEEDSGALORE_TRUTH_FREE_PROPOSAL_GRID_20260810_V3_T070_A032:090:0017
prospective_dinov2_coreset	0	P2_WEEDSGALORE_TRUTH_FREE_PROPOSAL_GRID_20260810_V3_T070_A032:090:0022
prospective_dinov2_coreset	0	P2_WEEDSGALORE_TRUTH_FREE_PROPOSAL_GRID_20260810_V3_T070_A032:090:0058
prospective_dinov2_coreset	0	P2_WEEDSGALORE_TRUTH_FREE_PROPOSAL_GRID_20260810_V3_T070_A032:091:0033
prospective_dinov2_coreset	0	P2_WEEDSGALORE_TRUTH_FREE_PROPOSAL_GRID_20260810_V3_T070_A032:092:0029
prospective_dinov2_coreset	0	P2_WEEDSGALORE_TRUTH_FREE_PROPOSAL_GRID_20260810_V3_T070_A032:092:0030
prospective_dinov2_coreset	0	P2_WEEDSGALORE_TRUTH_FREE_PROPOSAL_GRID_20260810_V3_T070_A032:092:0037
prospective_dinov2_coreset	0	P2_WEEDSGALORE_TRUTH_FREE_PROPOSAL_GRID_20260810_V3_T070_A032:092:0061
prospective_dinov2_coreset	0	P2_WEEDSGALORE_TRUTH_FREE_PROPOSAL_GRID_20260810_V3_T070_A032:093:0022
prospective_dinov2_coreset	0	P2_WEEDSGALORE_TRUTH_FREE_PROPOSAL_GRID_20260810_V3_T070_A032:093:0045
prospective_dinov2_coreset	0	P2_WEEDSGALORE_TRUTH_FREE_PROPOSAL_GRID_20260810_V3_T070_A032:097:0025
prospective_dinov2_coreset	0	P2_WEEDSGALORE_TRUTH_FREE_PROPOSAL_GRID_20260810_V3_T070_A032:101:0015
prospective_dinov2_coreset	0	P2_WEEDSGALORE_TRUTH_FREE_PROPOSAL_GRID_20260810_V3_T070_A032:101:0017
prospective_dinov2_coreset	0	P2_WEEDSGALORE_TRUTH_FREE_PROPOSAL_GRID_20260810_V3_T070_A032:101:0043
prospective_dinov2_coreset	0	P2_WEEDSGALORE_TRUTH_FREE_PROPOSAL_GRID_20260810_V3_T070_A032:101:0074
prospective_dinov2_coreset	0	P2_WEEDSGALORE_TRUTH_FREE_PROPOSAL_GRID_20260810_V3_T070_A032:102:0045
prospective_dinov2_coreset	0	P2_WEEDSGALORE_TRUTH_FREE_PROPOSAL_GRID_20260810_V3_T070_A032:103:0031
prospective_dinov2_coreset	0	P2_WEEDSGALORE_TRUTH_FREE_PROPOSAL_GRID_20260810_V3_T070_A032:103:0033
prospective_dinov2_coreset	0	P2_WEEDSGALORE_TRUTH_FREE_PROPOSAL_GRID_20260810_V3_T070_A032:103:0045
prospective_dinov2_coreset	0	P2_WEEDSGALORE_TRUTH_FREE_PROPOSAL_GRID_20260810_V3_T070_A032:104:0012
prospective_dinov2_coreset	0	P2_WEEDSGALORE_TRUTH_FREE_PROPOSAL_GRID_20260810_V3_T070_A032:104:0018
prospective_dinov2_coreset	0	P2_WEEDSGALORE_TRUTH_FREE_PROPOSAL_GRID_20260810_V3_T070_A032:106:0023
prospective_dinov2_coreset	0	P2_WEEDSGALORE_TRUTH_FREE_PROPOSAL_GRID_20260810_V3_T070_A032:107:0015
prospective_dinov2_coreset	0	P2_WEEDSGALORE_TRUTH_FREE_PROPOSAL_GRID_20260810_V3_T070_A032:107:0059
prospective_dinov2_coreset	0	P2_WEEDSGALORE_TRUTH_FREE_PROPOSAL_GRID_20260810_V3_T070_A032:108:0028
prospective_dinov2_coreset	0	P2_WEEDSGALORE_TRUTH_FREE_PROPOSAL_GRID_20260810_V3_T070_A032:108:0044
prospective_dinov2_coreset	0	P2_WEEDSGALORE_TRUTH_FREE_PROPOSAL_GRID_20260810_V3_T070_A032:108:0069
prospective_dinov2_coreset	0	P2_WEEDSGALORE_TRUTH_FREE_PROPOSAL_GRID_20260810_V3_T070_A032:109:0007
prospective_dinov2_coreset	0	P2_WEEDSGALORE_TRUTH_FREE_PROPOSAL_GRID_20260810_V3_T070_A032:109:0032
prospective_dinov2_coreset	0	P2_WEEDSGALORE_TRUTH_FREE_PROPOSAL_GRID_20260810_V3_T070_A032:110:0029
prospective_dinov2_coreset	0	P2_WEEDSGALORE_TRUTH_FREE_PROPOSAL_GRID_20260810_V3_T070_A032:110:0032
prospective_dinov2_coreset	0	P2_WEEDSGALORE_TRUTH_FREE_PROPOSAL_GRID_20260810_V3_T070_A032:110:0033
prospective_dinov2_coreset	0	P2_WEEDSGALORE_TRUTH_FREE_PROPOSAL_GRID_20260810_V3_T070_A032:110:0044
prospective_dinov2_coreset	0	P2_WEEDSGALORE_TRUTH_FREE_PROPOSAL_GRID_20260810_V3_T070_A032:110:0068
prospective_dinov2_coreset	0	P2_WEEDSGALORE_TRUTH_FREE_PROPOSAL_GRID_20260810_V3_T070_A032:111:0022
prospective_dinov2_coreset	0	P2_WEEDSGALORE_TRUTH_FREE_PROPOSAL_GRID_20260810_V3_T070_A032:114:0045
prospective_dinov2_coreset	0	P2_WEEDSGALORE_TRUTH_FREE_PROPOSAL_GRID_20260810_V3_T070_A032:114:0054
prospective_dinov2_coreset	0	P2_WEEDSGALORE_TRUTH_FREE_PROPOSAL_GRID_20260810_V3_T070_A032:115:0036
prospective_dinov2_coreset	0	P2_WEEDSGALORE_TRUTH_FREE_PROPOSAL_GRID_20260810_V3_T070_A032:115:0038
prospective_dinov2_coreset	0	P2_WEEDSGALORE_TRUTH_FREE_PROPOSAL_GRID_20260810_V3_T070_A032:115:0043
prospective_dinov2_coreset	0	P2_WEEDSGALORE_TRUTH_FREE_PROPOSAL_GRID_20260810_V3_T070_A032:115:0057
prospective_dinov2_coreset	0	P2_WEEDSGALORE_TRUTH_FREE_PROPOSAL_GRID_20260810_V3_T070_A032:116:0011
prospective_dinov2_coreset	0	P2_WEEDSGALORE_TRUTH_FREE_PROPOSAL_GRID_20260810_V3_T070_A032:116:0023
prospective_dinov2_coreset	0	P2_WEEDSGALORE_TRUTH_FREE_PROPOSAL_GRID_20260810_V3_T070_A032:116:0024
prospective_dinov2_coreset	0	P2_WEEDSGALORE_TRUTH_FREE_PROPOSAL_GRID_20260810_V3_T070_A032:116:0088
prospective_dinov2_coreset	0	P2_WEEDSGALORE_TRUTH_FREE_PROPOSAL_GRID_20260810_V3_T070_A032:119:0060
prospective_dinov2_coreset	0	P2_WEEDSGALORE_TRUTH_FREE_PROPOSAL_GRID_20260810_V3_T070_A032:120:0011
prospective_dinov2_coreset	0	P2_WEEDSGALORE_TRUTH_FREE_PROPOSAL_GRID_20260810_V3_T070_A032:120:0020
prospective_dinov2_coreset	0	P2_WEEDSGALORE_TRUTH_FREE_PROPOSAL_GRID_20260810_V3_T070_A032:120:0044
prospective_dinov2_coreset	0	P2_WEEDSGALORE_TRUTH_FREE_PROPOSAL_GRID_20260810_V3_T070_A032:121:0023
prospective_dinov2_coreset	0	P2_WEEDSGALORE_TRUTH_FREE_PROPOSAL_GRID_20260810_V3_T070_A032:122:0007
prospective_dinov2_coreset	0	P2_WEEDSGALORE_TRUTH_FREE_PROPOSAL_GRID_20260810_V3_T070_A032:122:0029
prospective_dinov2_coreset	0	P2_WEEDSGALORE_TRUTH_FREE_PROPOSAL_GRID_20260810_V3_T070_A032:123:0037
prospective_dinov2_coreset	0	P2_WEEDSGALORE_TRUTH_FREE_PROPOSAL_GRID_20260810_V3_T070_A032:123:0048
prospective_dinov2_coreset	0	P2_WEEDSGALORE_TRUTH_FREE_PROPOSAL_GRID_20260810_V3_T070_A032:123:0094
prospective_dinov2_coreset	0	P2_WEEDSGALORE_TRUTH_FREE_PROPOSAL_GRID_20260810_V3_T070_A032:127:0001
prospective_dinov2_coreset	0	P2_WEEDSGALORE_TRUTH_FREE_PROPOSAL_GRID_20260810_V3_T070_A032:127:0026
prospective_dinov2_coreset	0	P2_WEEDSGALORE_TRUTH_FREE_PROPOSAL_GRID_20260810_V3_T070_A032:128:0053
prospective_dinov2_coreset	0	P2_WEEDSGALORE_TRUTH_FREE_PROPOSAL_GRID_20260810_V3_T070_A032:130:0056
prospective_dinov2_coreset	0	P2_WEEDSGALORE_TRUTH_FREE_PROPOSAL_GRID_20260810_V3_T070_A032:131:0045
prospective_dinov2_coreset	0	P2_WEEDSGALORE_TRUTH_FREE_PROPOSAL_GRID_20260810_V3_T070_A032:133:0016
prospective_dinov2_coreset	0	P2_WEEDSGALORE_TRUTH_FREE_PROPOSAL_GRID_20260810_V3_T070_A032:133:0031
prospective_dinov2_coreset	0	P2_WEEDSGALORE_TRUTH_FREE_PROPOSAL_GRID_20260810_V3_T070_A032:134:0015
prospective_dinov2_coreset	0	P2_WEEDSGALORE_TRUTH_FREE_PROPOSAL_GRID_20260810_V3_T070_A032:134:0024
prospective_dinov2_coreset	0	P2_WEEDSGALORE_TRUTH_FREE_PROPOSAL_GRID_20260810_V3_T070_A032:134:0039
prospective_dinov2_coreset	0	P2_WEEDSGALORE_TRUTH_FREE_PROPOSAL_GRID_20260810_V3_T070_A032:134:0046
prospective_dinov2_coreset	0	P2_WEEDSGALORE_TRUTH_FREE_PROPOSAL_GRID_20260810_V3_T070_A032:134:0062
prospective_dinov2_coreset	0	P2_WEEDSGALORE_TRUTH_FREE_PROPOSAL_GRID_20260810_V3_T070_A032:135:0018
prospective_dinov2_coreset	0	P2_WEEDSGALORE_TRUTH_FREE_PROPOSAL_GRID_20260810_V3_T070_A032:135:0025
prospective_dinov2_coreset	0	P2_WEEDSGALORE_TRUTH_FREE_PROPOSAL_GRID_20260810_V3_T070_A032:135:0052
prospective_dinov2_coreset	0	P2_WEEDSGALORE_TRUTH_FREE_PROPOSAL_GRID_20260810_V3_T070_A032:135:0067
prospective_dinov2_coreset	0	P2_WEEDSGALORE_TRUTH_FREE_PROPOSAL_GRID_20260810_V3_T070_A032:139:0002
prospective_dinov2_coreset	0	P2_WEEDSGALORE_TRUTH_FREE_PROPOSAL_GRID_20260810_V3_T070_A032:139:0027
prospective_dinov2_coreset	0	P2_WEEDSGALORE_TRUTH_FREE_PROPOSAL_GRID_20260810_V3_T070_A032:139:0054
prospective_dinov2_coreset	0	P2_WEEDSGALORE_TRUTH_FREE_PROPOSAL_GRID_20260810_V3_T070_A032:139:0076
prospective_dinov2_coreset	0	P2_WEEDSGALORE_TRUTH_FREE_PROPOSAL_GRID_20260810_V3_T070_A032:139:0082
prospective_dinov2_coreset	0	P2_WEEDSGALORE_TRUTH_FREE_PROPOSAL_GRID_20260810_V3_T070_A032:142:0021
prospective_dinov2_coreset	0	P2_WEEDSGALORE_TRUTH_FREE_PROPOSAL_GRID_20260810_V3_T070_A032:142:0040
prospective_dinov2_coreset	0	P2_WEEDSGALORE_TRUTH_FREE_PROPOSAL_GRID_20260810_V3_T070_A032:142:0044
prospective_dinov2_coreset	0	P2_WEEDSGALORE_TRUTH_FREE_PROPOSAL_GRID_20260810_V3_T070_A032:143:0003
prospective_dinov2_coreset	0	P2_WEEDSGALORE_TRUTH_FREE_PROPOSAL_GRID_20260810_V3_T070_A032:143:0011
prospective_dinov2_coreset	0	P2_WEEDSGALORE_TRUTH_FREE_PROPOSAL_GRID_20260810_V3_T070_A032:143:0074
prospective_dinov2_coreset	0	P2_WEEDSGALORE_TRUTH_FREE_PROPOSAL_GRID_20260810_V3_T070_A032:144:0016
prospective_dinov2_coreset	0	P2_WEEDSGALORE_TRUTH_FREE_PROPOSAL_GRID_20260810_V3_T070_A032:144:0023
prospective_dinov2_coreset	0	P2_WEEDSGALORE_TRUTH_FREE_PROPOSAL_GRID_20260810_V3_T070_A032:144:0068
prospective_dinov2_coreset	0	P2_WEEDSGALORE_TRUTH_FREE_PROPOSAL_GRID_20260810_V3_T070_A032:145:0018
prospective_dinov2_coreset	0	P2_WEEDSGALORE_TRUTH_FREE_PROPOSAL_GRID_20260810_V3_T070_A032:146:0027
prospective_dinov2_coreset	0	P2_WEEDSGALORE_TRUTH_FREE_PROPOSAL_GRID_20260810_V3_T070_A032:146:0036
prospective_dinov2_coreset	0	P2_WEEDSGALORE_TRUTH_FREE_PROPOSAL_GRID_20260810_V3_T070_A032:146:0041
prospective_dinov2_coreset	0	P2_WEEDSGALORE_TRUTH_FREE_PROPOSAL_GRID_20260810_V3_T070_A032:153:0070
prospective_dinov2_coreset	0	P2_WEEDSGALORE_TRUTH_FREE_PROPOSAL_GRID_20260810_V3_T070_A032:153:0076
prospective_dinov2_coreset	0	P2_WEEDSGALORE_TRUTH_FREE_PROPOSAL_GRID_20260810_V3_T070_A032:155:0008
prospective_dinov2_coreset	0	P2_WEEDSGALORE_TRUTH_FREE_PROPOSAL_GRID_20260810_V3_T070_A032:155:0021
prospective_dinov2_coreset	0	P2_WEEDSGALORE_TRUTH_FREE_PROPOSAL_GRID_20260810_V3_T070_A032:155:0034
prospective_dinov2_coreset	0	P2_WEEDSGALORE_TRUTH_FREE_PROPOSAL_GRID_20260810_V3_T070_A032:155:0056
prospective_dinov2_coreset	0	P2_WEEDSGALORE_TRUTH_FREE_PROPOSAL_GRID_20260810_V3_T070_A032:155:0081
prospective_dinov2_coreset	0	P2_WEEDSGALORE_TRUTH_FREE_PROPOSAL_GRID_20260810_V3_T070_A032:155:0087
prospective_dinov2_coreset	0	P2_WEEDSGALORE_TRUTH_FREE_PROPOSAL_GRID_20260810_V3_T070_A032:155:0088
prospective_dinov2_coreset	0	P2_WEEDSGALORE_TRUTH_FREE_PROPOSAL_GRID_20260810_V3_T070_A032:156:0033
retrospective_class_stratified	0	P2_WEEDSGALORE_TRUTH_FREE_PROPOSAL_GRID_20260810_V3_T070_A032:004:0004
retrospective_class_stratified	0	P2_WEEDSGALORE_TRUTH_FREE_PROPOSAL_GRID_20260810_V3_T070_A032:004:0007
retrospective_class_stratified	0	P2_WEEDSGALORE_TRUTH_FREE_PROPOSAL_GRID_20260810_V3_T070_A032:004:0046
retrospective_class_stratified	0	P2_WEEDSGALORE_TRUTH_FREE_PROPOSAL_GRID_20260810_V3_T070_A032:004:0073
retrospective_class_stratified	0	P2_WEEDSGALORE_TRUTH_FREE_PROPOSAL_GRID_20260810_V3_T070_A032:006:0030
retrospective_class_stratified	0	P2_WEEDSGALORE_TRUTH_FREE_PROPOSAL_GRID_20260810_V3_T070_A032:006:0089
retrospective_class_stratified	0	P2_WEEDSGALORE_TRUTH_FREE_PROPOSAL_GRID_20260810_V3_T070_A032:006:0123
retrospective_class_stratified	0	P2_WEEDSGALORE_TRUTH_FREE_PROPOSAL_GRID_20260810_V3_T070_A032:006:0260
retrospective_class_stratified	0	P2_WEEDSGALORE_TRUTH_FREE_PROPOSAL_GRID_20260810_V3_T070_A032:009:0003
retrospective_class_stratified	0	P2_WEEDSGALORE_TRUTH_FREE_PROPOSAL_GRID_20260810_V3_T070_A032:010:0069
retrospective_class_stratified	0	P2_WEEDSGALORE_TRUTH_FREE_PROPOSAL_GRID_20260810_V3_T070_A032:011:0005
retrospective_class_stratified	0	P2_WEEDSGALORE_TRUTH_FREE_PROPOSAL_GRID_20260810_V3_T070_A032:011:0012
retrospective_class_stratified	0	P2_WEEDSGALORE_TRUTH_FREE_PROPOSAL_GRID_20260810_V3_T070_A032:011:0013
retrospective_class_stratified	0	P2_WEEDSGALORE_TRUTH_FREE_PROPOSAL_GRID_20260810_V3_T070_A032:011:0094
retrospective_class_stratified	0	P2_WEEDSGALORE_TRUTH_FREE_PROPOSAL_GRID_20260810_V3_T070_A032:011:0129
retrospective_class_stratified	0	P2_WEEDSGALORE_TRUTH_FREE_PROPOSAL_GRID_20260810_V3_T070_A032:011:0133
retrospective_class_stratified	0	P2_WEEDSGALORE_TRUTH_FREE_PROPOSAL_GRID_20260810_V3_T070_A032:012:0064
retrospective_class_stratified	0	P2_WEEDSGALORE_TRUTH_FREE_PROPOSAL_GRID_20260810_V3_T070_A032:013:0007
retrospective_class_stratified	0	P2_WEEDSGALORE_TRUTH_FREE_PROPOSAL_GRID_20260810_V3_T070_A032:013:0028
retrospective_class_stratified	0	P2_WEEDSGALORE_TRUTH_FREE_PROPOSAL_GRID_20260810_V3_T070_A032:018:0027
retrospective_class_stratified	0	P2_WEEDSGALORE_TRUTH_FREE_PROPOSAL_GRID_20260810_V3_T070_A032:018:0155
retrospective_class_stratified	0	P2_WEEDSGALORE_TRUTH_FREE_PROPOSAL_GRID_20260810_V3_T070_A032:018:0159
retrospective_class_stratified	0	P2_WEEDSGALORE_TRUTH_FREE_PROPOSAL_GRID_20260810_V3_T070_A032:018:0173
retrospective_class_stratified	0	P2_WEEDSGALORE_TRUTH_FREE_PROPOSAL_GRID_20260810_V3_T070_A032:019:0023
retrospective_class_stratified	0	P2_WEEDSGALORE_TRUTH_FREE_PROPOSAL_GRID_20260810_V3_T070_A032:020:0073
retrospective_class_stratified	0	P2_WEEDSGALORE_TRUTH_FREE_PROPOSAL_GRID_20260810_V3_T070_A032:023:0024
retrospective_class_stratified	0	P2_WEEDSGALORE_TRUTH_FREE_PROPOSAL_GRID_20260810_V3_T070_A032:023:0088
retrospective_class_stratified	0	P2_WEEDSGALORE_TRUTH_FREE_PROPOSAL_GRID_20260810_V3_T070_A032:023:0113
retrospective_class_stratified	0	P2_WEEDSGALORE_TRUTH_FREE_PROPOSAL_GRID_20260810_V3_T070_A032:024:0012
retrospective_class_stratified	0	P2_WEEDSGALORE_TRUTH_FREE_PROPOSAL_GRID_20260810_V3_T070_A032:024:0028
retrospective_class_stratified	0	P2_WEEDSGALORE_TRUTH_FREE_PROPOSAL_GRID_20260810_V3_T070_A032:024:0043
retrospective_class_stratified	0	P2_WEEDSGALORE_TRUTH_FREE_PROPOSAL_GRID_20260810_V3_T070_A032:024:0052
retrospective_class_stratified	0	P2_WEEDSGALORE_TRUTH_FREE_PROPOSAL_GRID_20260810_V3_T070_A032:024:0125
retrospective_class_stratified	0	P2_WEEDSGALORE_TRUTH_FREE_PROPOSAL_GRID_20260810_V3_T070_A032:024:0127
retrospective_class_stratified	0	P2_WEEDSGALORE_TRUTH_FREE_PROPOSAL_GRID_20260810_V3_T070_A032:025:0047
retrospective_class_stratified	0	P2_WEEDSGALORE_TRUTH_FREE_PROPOSAL_GRID_20260810_V3_T070_A032:025:0069
retrospective_class_stratified	0	P2_WEEDSGALORE_TRUTH_FREE_PROPOSAL_GRID_20260810_V3_T070_A032:025:0080
retrospective_class_stratified	0	P2_WEEDSGALORE_TRUTH_FREE_PROPOSAL_GRID_20260810_V3_T070_A032:027:0019
retrospective_class_stratified	0	P2_WEEDSGALORE_TRUTH_FREE_PROPOSAL_GRID_20260810_V3_T070_A032:030:0078
retrospective_class_stratified	0	P2_WEEDSGALORE_TRUTH_FREE_PROPOSAL_GRID_20260810_V3_T070_A032:032:0062
retrospective_class_stratified	0	P2_WEEDSGALORE_TRUTH_FREE_PROPOSAL_GRID_20260810_V3_T070_A032:035:0002
retrospective_class_stratified	0	P2_WEEDSGALORE_TRUTH_FREE_PROPOSAL_GRID_20260810_V3_T070_A032:037:0005
retrospective_class_stratified	0	P2_WEEDSGALORE_TRUTH_FREE_PROPOSAL_GRID_20260810_V3_T070_A032:039:0042
retrospective_class_stratified	0	P2_WEEDSGALORE_TRUTH_FREE_PROPOSAL_GRID_20260810_V3_T070_A032:040:0004
retrospective_class_stratified	0	P2_WEEDSGALORE_TRUTH_FREE_PROPOSAL_GRID_20260810_V3_T070_A032:043:0028
retrospective_class_stratified	0	P2_WEEDSGALORE_TRUTH_FREE_PROPOSAL_GRID_20260810_V3_T070_A032:046:0012
retrospective_class_stratified	0	P2_WEEDSGALORE_TRUTH_FREE_PROPOSAL_GRID_20260810_V3_T070_A032:046:0020
retrospective_class_stratified	0	P2_WEEDSGALORE_TRUTH_FREE_PROPOSAL_GRID_20260810_V3_T070_A032:046:0027
retrospective_class_stratified	0	P2_WEEDSGALORE_TRUTH_FREE_PROPOSAL_GRID_20260810_V3_T070_A032:048:0002
retrospective_class_stratified	0	P2_WEEDSGALORE_TRUTH_FREE_PROPOSAL_GRID_20260810_V3_T070_A032:051:0073
retrospective_class_stratified	0	P2_WEEDSGALORE_TRUTH_FREE_PROPOSAL_GRID_20260810_V3_T070_A032:052:0034
retrospective_class_stratified	0	P2_WEEDSGALORE_TRUTH_FREE_PROPOSAL_GRID_20260810_V3_T070_A032:052:0061
retrospective_class_stratified	0	P2_WEEDSGALORE_TRUTH_FREE_PROPOSAL_GRID_20260810_V3_T070_A032:052:0097
retrospective_class_stratified	0	P2_WEEDSGALORE_TRUTH_FREE_PROPOSAL_GRID_20260810_V3_T070_A032:052:0120
retrospective_class_stratified	0	P2_WEEDSGALORE_TRUTH_FREE_PROPOSAL_GRID_20260810_V3_T070_A032:052:0137
retrospective_class_stratified	0	P2_WEEDSGALORE_TRUTH_FREE_PROPOSAL_GRID_20260810_V3_T070_A032:052:0159
retrospective_class_stratified	0	P2_WEEDSGALORE_TRUTH_FREE_PROPOSAL_GRID_20260810_V3_T070_A032:052:0190
retrospective_class_stratified	0	P2_WEEDSGALORE_TRUTH_FREE_PROPOSAL_GRID_20260810_V3_T070_A032:053:0004
retrospective_class_stratified	0	P2_WEEDSGALORE_TRUTH_FREE_PROPOSAL_GRID_20260810_V3_T070_A032:053:0054
retrospective_class_stratified	0	P2_WEEDSGALORE_TRUTH_FREE_PROPOSAL_GRID_20260810_V3_T070_A032:054:0018
retrospective_class_stratified	0	P2_WEEDSGALORE_TRUTH_FREE_PROPOSAL_GRID_20260810_V3_T070_A032:054:0119
retrospective_class_stratified	0	P2_WEEDSGALORE_TRUTH_FREE_PROPOSAL_GRID_20260810_V3_T070_A032:054:0140
retrospective_class_stratified	0	P2_WEEDSGALORE_TRUTH_FREE_PROPOSAL_GRID_20260810_V3_T070_A032:054:0160
retrospective_class_stratified	0	P2_WEEDSGALORE_TRUTH_FREE_PROPOSAL_GRID_20260810_V3_T070_A032:054:0161
retrospective_class_stratified	0	P2_WEEDSGALORE_TRUTH_FREE_PROPOSAL_GRID_20260810_V3_T070_A032:054:0185
retrospective_class_stratified	0	P2_WEEDSGALORE_TRUTH_FREE_PROPOSAL_GRID_20260810_V3_T070_A032:057:0031
retrospective_class_stratified	0	P2_WEEDSGALORE_TRUTH_FREE_PROPOSAL_GRID_20260810_V3_T070_A032:058:0010
retrospective_class_stratified	0	P2_WEEDSGALORE_TRUTH_FREE_PROPOSAL_GRID_20260810_V3_T070_A032:058:0014
retrospective_class_stratified	0	P2_WEEDSGALORE_TRUTH_FREE_PROPOSAL_GRID_20260810_V3_T070_A032:058:0037
retrospective_class_stratified	0	P2_WEEDSGALORE_TRUTH_FREE_PROPOSAL_GRID_20260810_V3_T070_A032:058:0054
retrospective_class_stratified	0	P2_WEEDSGALORE_TRUTH_FREE_PROPOSAL_GRID_20260810_V3_T070_A032:058:0064
retrospective_class_stratified	0	P2_WEEDSGALORE_TRUTH_FREE_PROPOSAL_GRID_20260810_V3_T070_A032:058:0078
retrospective_class_stratified	0	P2_WEEDSGALORE_TRUTH_FREE_PROPOSAL_GRID_20260810_V3_T070_A032:058:0102
retrospective_class_stratified	0	P2_WEEDSGALORE_TRUTH_FREE_PROPOSAL_GRID_20260810_V3_T070_A032:058:0110
retrospective_class_stratified	0	P2_WEEDSGALORE_TRUTH_FREE_PROPOSAL_GRID_20260810_V3_T070_A032:058:0116
retrospective_class_stratified	0	P2_WEEDSGALORE_TRUTH_FREE_PROPOSAL_GRID_20260810_V3_T070_A032:058:0145
retrospective_class_stratified	0	P2_WEEDSGALORE_TRUTH_FREE_PROPOSAL_GRID_20260810_V3_T070_A032:058:0147
retrospective_class_stratified	0	P2_WEEDSGALORE_TRUTH_FREE_PROPOSAL_GRID_20260810_V3_T070_A032:059:0057
retrospective_class_stratified	0	P2_WEEDSGALORE_TRUTH_FREE_PROPOSAL_GRID_20260810_V3_T070_A032:059:0141
retrospective_class_stratified	0	P2_WEEDSGALORE_TRUTH_FREE_PROPOSAL_GRID_20260810_V3_T070_A032:060:0020
retrospective_class_stratified	0	P2_WEEDSGALORE_TRUTH_FREE_PROPOSAL_GRID_20260810_V3_T070_A032:060:0054
retrospective_class_stratified	0	P2_WEEDSGALORE_TRUTH_FREE_PROPOSAL_GRID_20260810_V3_T070_A032:060:0104
retrospective_class_stratified	0	P2_WEEDSGALORE_TRUTH_FREE_PROPOSAL_GRID_20260810_V3_T070_A032:060:0138
retrospective_class_stratified	0	P2_WEEDSGALORE_TRUTH_FREE_PROPOSAL_GRID_20260810_V3_T070_A032:060:0159
retrospective_class_stratified	0	P2_WEEDSGALORE_TRUTH_FREE_PROPOSAL_GRID_20260810_V3_T070_A032:060:0175
retrospective_class_stratified	0	P2_WEEDSGALORE_TRUTH_FREE_PROPOSAL_GRID_20260810_V3_T070_A032:061:0011
retrospective_class_stratified	0	P2_WEEDSGALORE_TRUTH_FREE_PROPOSAL_GRID_20260810_V3_T070_A032:061:0127
retrospective_class_stratified	0	P2_WEEDSGALORE_TRUTH_FREE_PROPOSAL_GRID_20260810_V3_T070_A032:061:0138
retrospective_class_stratified	0	P2_WEEDSGALORE_TRUTH_FREE_PROPOSAL_GRID_20260810_V3_T070_A032:061:0152
retrospective_class_stratified	0	P2_WEEDSGALORE_TRUTH_FREE_PROPOSAL_GRID_20260810_V3_T070_A032:061:0160
retrospective_class_stratified	0	P2_WEEDSGALORE_TRUTH_FREE_PROPOSAL_GRID_20260810_V3_T070_A032:062:0032
retrospective_class_stratified	0	P2_WEEDSGALORE_TRUTH_FREE_PROPOSAL_GRID_20260810_V3_T070_A032:062:0045
retrospective_class_stratified	0	P2_WEEDSGALORE_TRUTH_FREE_PROPOSAL_GRID_20260810_V3_T070_A032:062:0074
retrospective_class_stratified	0	P2_WEEDSGALORE_TRUTH_FREE_PROPOSAL_GRID_20260810_V3_T070_A032:062:0087
retrospective_class_stratified	0	P2_WEEDSGALORE_TRUTH_FREE_PROPOSAL_GRID_20260810_V3_T070_A032:063:0036
retrospective_class_stratified	0	P2_WEEDSGALORE_TRUTH_FREE_PROPOSAL_GRID_20260810_V3_T070_A032:064:0047
retrospective_class_stratified	0	P2_WEEDSGALORE_TRUTH_FREE_PROPOSAL_GRID_20260810_V3_T070_A032:067:0066
retrospective_class_stratified	0	P2_WEEDSGALORE_TRUTH_FREE_PROPOSAL_GRID_20260810_V3_T070_A032:067:0083
retrospective_class_stratified	0	P2_WEEDSGALORE_TRUTH_FREE_PROPOSAL_GRID_20260810_V3_T070_A032:067:0130
retrospective_class_stratified	0	P2_WEEDSGALORE_TRUTH_FREE_PROPOSAL_GRID_20260810_V3_T070_A032:067:0163
retrospective_class_stratified	0	P2_WEEDSGALORE_TRUTH_FREE_PROPOSAL_GRID_20260810_V3_T070_A032:067:0167
retrospective_class_stratified	0	P2_WEEDSGALORE_TRUTH_FREE_PROPOSAL_GRID_20260810_V3_T070_A032:067:0192
retrospective_class_stratified	0	P2_WEEDSGALORE_TRUTH_FREE_PROPOSAL_GRID_20260810_V3_T070_A032:070:0005
retrospective_class_stratified	0	P2_WEEDSGALORE_TRUTH_FREE_PROPOSAL_GRID_20260810_V3_T070_A032:070:0142
retrospective_class_stratified	0	P2_WEEDSGALORE_TRUTH_FREE_PROPOSAL_GRID_20260810_V3_T070_A032:070:0192
retrospective_class_stratified	0	P2_WEEDSGALORE_TRUTH_FREE_PROPOSAL_GRID_20260810_V3_T070_A032:071:0039
retrospective_class_stratified	0	P2_WEEDSGALORE_TRUTH_FREE_PROPOSAL_GRID_20260810_V3_T070_A032:071:0076
retrospective_class_stratified	0	P2_WEEDSGALORE_TRUTH_FREE_PROPOSAL_GRID_20260810_V3_T070_A032:071:0096
retrospective_class_stratified	0	P2_WEEDSGALORE_TRUTH_FREE_PROPOSAL_GRID_20260810_V3_T070_A032:071:0098
retrospective_class_stratified	0	P2_WEEDSGALORE_TRUTH_FREE_PROPOSAL_GRID_20260810_V3_T070_A032:071:0125
retrospective_class_stratified	0	P2_WEEDSGALORE_TRUTH_FREE_PROPOSAL_GRID_20260810_V3_T070_A032:072:0015
retrospective_class_stratified	0	P2_WEEDSGALORE_TRUTH_FREE_PROPOSAL_GRID_20260810_V3_T070_A032:072:0059
retrospective_class_stratified	0	P2_WEEDSGALORE_TRUTH_FREE_PROPOSAL_GRID_20260810_V3_T070_A032:072:0072
retrospective_class_stratified	0	P2_WEEDSGALORE_TRUTH_FREE_PROPOSAL_GRID_20260810_V3_T070_A032:073:0031
retrospective_class_stratified	0	P2_WEEDSGALORE_TRUTH_FREE_PROPOSAL_GRID_20260810_V3_T070_A032:073:0052
retrospective_class_stratified	0	P2_WEEDSGALORE_TRUTH_FREE_PROPOSAL_GRID_20260810_V3_T070_A032:073:0055
retrospective_class_stratified	0	P2_WEEDSGALORE_TRUTH_FREE_PROPOSAL_GRID_20260810_V3_T070_A032:073:0121
retrospective_class_stratified	0	P2_WEEDSGALORE_TRUTH_FREE_PROPOSAL_GRID_20260810_V3_T070_A032:074:0016
retrospective_class_stratified	0	P2_WEEDSGALORE_TRUTH_FREE_PROPOSAL_GRID_20260810_V3_T070_A032:074:0033
retrospective_class_stratified	0	P2_WEEDSGALORE_TRUTH_FREE_PROPOSAL_GRID_20260810_V3_T070_A032:074:0043
retrospective_class_stratified	0	P2_WEEDSGALORE_TRUTH_FREE_PROPOSAL_GRID_20260810_V3_T070_A032:074:0048
retrospective_class_stratified	0	P2_WEEDSGALORE_TRUTH_FREE_PROPOSAL_GRID_20260810_V3_T070_A032:074:0056
retrospective_class_stratified	0	P2_WEEDSGALORE_TRUTH_FREE_PROPOSAL_GRID_20260810_V3_T070_A032:074:0105
retrospective_class_stratified	0	P2_WEEDSGALORE_TRUTH_FREE_PROPOSAL_GRID_20260810_V3_T070_A032:074:0122
retrospective_class_stratified	0	P2_WEEDSGALORE_TRUTH_FREE_PROPOSAL_GRID_20260810_V3_T070_A032:078:0118
retrospective_class_stratified	0	P2_WEEDSGALORE_TRUTH_FREE_PROPOSAL_GRID_20260810_V3_T070_A032:078:0132
retrospective_class_stratified	0	P2_WEEDSGALORE_TRUTH_FREE_PROPOSAL_GRID_20260810_V3_T070_A032:078:0145
retrospective_class_stratified	0	P2_WEEDSGALORE_TRUTH_FREE_PROPOSAL_GRID_20260810_V3_T070_A032:078:0199
retrospective_class_stratified	0	P2_WEEDSGALORE_TRUTH_FREE_PROPOSAL_GRID_20260810_V3_T070_A032:080:0054
retrospective_class_stratified	0	P2_WEEDSGALORE_TRUTH_FREE_PROPOSAL_GRID_20260810_V3_T070_A032:080:0071
retrospective_class_stratified	0	P2_WEEDSGALORE_TRUTH_FREE_PROPOSAL_GRID_20260810_V3_T070_A032:080:0129
retrospective_class_stratified	0	P2_WEEDSGALORE_TRUTH_FREE_PROPOSAL_GRID_20260810_V3_T070_A032:083:0003
retrospective_class_stratified	0	P2_WEEDSGALORE_TRUTH_FREE_PROPOSAL_GRID_20260810_V3_T070_A032:083:0026
retrospective_class_stratified	0	P2_WEEDSGALORE_TRUTH_FREE_PROPOSAL_GRID_20260810_V3_T070_A032:083:0047
retrospective_class_stratified	0	P2_WEEDSGALORE_TRUTH_FREE_PROPOSAL_GRID_20260810_V3_T070_A032:083:0085
retrospective_class_stratified	0	P2_WEEDSGALORE_TRUTH_FREE_PROPOSAL_GRID_20260810_V3_T070_A032:083:0092
retrospective_class_stratified	0	P2_WEEDSGALORE_TRUTH_FREE_PROPOSAL_GRID_20260810_V3_T070_A032:083:0109
retrospective_class_stratified	0	P2_WEEDSGALORE_TRUTH_FREE_PROPOSAL_GRID_20260810_V3_T070_A032:084:0025
retrospective_class_stratified	0	P2_WEEDSGALORE_TRUTH_FREE_PROPOSAL_GRID_20260810_V3_T070_A032:084:0031
retrospective_class_stratified	0	P2_WEEDSGALORE_TRUTH_FREE_PROPOSAL_GRID_20260810_V3_T070_A032:084:0037
retrospective_class_stratified	0	P2_WEEDSGALORE_TRUTH_FREE_PROPOSAL_GRID_20260810_V3_T070_A032:084:0057
retrospective_class_stratified	0	P2_WEEDSGALORE_TRUTH_FREE_PROPOSAL_GRID_20260810_V3_T070_A032:085:0046
retrospective_class_stratified	0	P2_WEEDSGALORE_TRUTH_FREE_PROPOSAL_GRID_20260810_V3_T070_A032:085:0048
retrospective_class_stratified	0	P2_WEEDSGALORE_TRUTH_FREE_PROPOSAL_GRID_20260810_V3_T070_A032:085:0067
retrospective_class_stratified	0	P2_WEEDSGALORE_TRUTH_FREE_PROPOSAL_GRID_20260810_V3_T070_A032:085:0068
retrospective_class_stratified	0	P2_WEEDSGALORE_TRUTH_FREE_PROPOSAL_GRID_20260810_V3_T070_A032:085:0069
retrospective_class_stratified	0	P2_WEEDSGALORE_TRUTH_FREE_PROPOSAL_GRID_20260810_V3_T070_A032:085:0076
retrospective_class_stratified	0	P2_WEEDSGALORE_TRUTH_FREE_PROPOSAL_GRID_20260810_V3_T070_A032:086:0006
retrospective_class_stratified	0	P2_WEEDSGALORE_TRUTH_FREE_PROPOSAL_GRID_20260810_V3_T070_A032:086:0053
retrospective_class_stratified	0	P2_WEEDSGALORE_TRUTH_FREE_PROPOSAL_GRID_20260810_V3_T070_A032:089:0047
retrospective_class_stratified	0	P2_WEEDSGALORE_TRUTH_FREE_PROPOSAL_GRID_20260810_V3_T070_A032:089:0096
retrospective_class_stratified	0	P2_WEEDSGALORE_TRUTH_FREE_PROPOSAL_GRID_20260810_V3_T070_A032:090:0029
retrospective_class_stratified	0	P2_WEEDSGALORE_TRUTH_FREE_PROPOSAL_GRID_20260810_V3_T070_A032:091:0025
retrospective_class_stratified	0	P2_WEEDSGALORE_TRUTH_FREE_PROPOSAL_GRID_20260810_V3_T070_A032:091:0034
retrospective_class_stratified	0	P2_WEEDSGALORE_TRUTH_FREE_PROPOSAL_GRID_20260810_V3_T070_A032:092:0003
retrospective_class_stratified	0	P2_WEEDSGALORE_TRUTH_FREE_PROPOSAL_GRID_20260810_V3_T070_A032:092:0009
retrospective_class_stratified	0	P2_WEEDSGALORE_TRUTH_FREE_PROPOSAL_GRID_20260810_V3_T070_A032:092:0018
retrospective_class_stratified	0	P2_WEEDSGALORE_TRUTH_FREE_PROPOSAL_GRID_20260810_V3_T070_A032:092:0033
retrospective_class_stratified	0	P2_WEEDSGALORE_TRUTH_FREE_PROPOSAL_GRID_20260810_V3_T070_A032:093:0013
retrospective_class_stratified	0	P2_WEEDSGALORE_TRUTH_FREE_PROPOSAL_GRID_20260810_V3_T070_A032:093:0018
retrospective_class_stratified	0	P2_WEEDSGALORE_TRUTH_FREE_PROPOSAL_GRID_20260810_V3_T070_A032:093:0034
retrospective_class_stratified	0	P2_WEEDSGALORE_TRUTH_FREE_PROPOSAL_GRID_20260810_V3_T070_A032:094:0011
retrospective_class_stratified	0	P2_WEEDSGALORE_TRUTH_FREE_PROPOSAL_GRID_20260810_V3_T070_A032:094:0033
retrospective_class_stratified	0	P2_WEEDSGALORE_TRUTH_FREE_PROPOSAL_GRID_20260810_V3_T070_A032:097:0035
retrospective_class_stratified	0	P2_WEEDSGALORE_TRUTH_FREE_PROPOSAL_GRID_20260810_V3_T070_A032:097:0037
retrospective_class_stratified	0	P2_WEEDSGALORE_TRUTH_FREE_PROPOSAL_GRID_20260810_V3_T070_A032:097:0038
retrospective_class_stratified	0	P2_WEEDSGALORE_TRUTH_FREE_PROPOSAL_GRID_20260810_V3_T070_A032:101:0012
retrospective_class_stratified	0	P2_WEEDSGALORE_TRUTH_FREE_PROPOSAL_GRID_20260810_V3_T070_A032:101:0052
retrospective_class_stratified	0	P2_WEEDSGALORE_TRUTH_FREE_PROPOSAL_GRID_20260810_V3_T070_A032:101:0077
retrospective_class_stratified	0	P2_WEEDSGALORE_TRUTH_FREE_PROPOSAL_GRID_20260810_V3_T070_A032:101:0086
retrospective_class_stratified	0	P2_WEEDSGALORE_TRUTH_FREE_PROPOSAL_GRID_20260810_V3_T070_A032:103:0019
retrospective_class_stratified	0	P2_WEEDSGALORE_TRUTH_FREE_PROPOSAL_GRID_20260810_V3_T070_A032:103:0054
retrospective_class_stratified	0	P2_WEEDSGALORE_TRUTH_FREE_PROPOSAL_GRID_20260810_V3_T070_A032:103:0055
retrospective_class_stratified	0	P2_WEEDSGALORE_TRUTH_FREE_PROPOSAL_GRID_20260810_V3_T070_A032:103:0077
retrospective_class_stratified	0	P2_WEEDSGALORE_TRUTH_FREE_PROPOSAL_GRID_20260810_V3_T070_A032:104:0015
retrospective_class_stratified	0	P2_WEEDSGALORE_TRUTH_FREE_PROPOSAL_GRID_20260810_V3_T070_A032:106:0006
retrospective_class_stratified	0	P2_WEEDSGALORE_TRUTH_FREE_PROPOSAL_GRID_20260810_V3_T070_A032:106:0011
retrospective_class_stratified	0	P2_WEEDSGALORE_TRUTH_FREE_PROPOSAL_GRID_20260810_V3_T070_A032:106:0022
retrospective_class_stratified	0	P2_WEEDSGALORE_TRUTH_FREE_PROPOSAL_GRID_20260810_V3_T070_A032:106:0024
retrospective_class_stratified	0	P2_WEEDSGALORE_TRUTH_FREE_PROPOSAL_GRID_20260810_V3_T070_A032:106:0035
retrospective_class_stratified	0	P2_WEEDSGALORE_TRUTH_FREE_PROPOSAL_GRID_20260810_V3_T070_A032:106:0039
retrospective_class_stratified	0	P2_WEEDSGALORE_TRUTH_FREE_PROPOSAL_GRID_20260810_V3_T070_A032:106:0055
retrospective_class_stratified	0	P2_WEEDSGALORE_TRUTH_FREE_PROPOSAL_GRID_20260810_V3_T070_A032:106:0057
retrospective_class_stratified	0	P2_WEEDSGALORE_TRUTH_FREE_PROPOSAL_GRID_20260810_V3_T070_A032:107:0016
retrospective_class_stratified	0	P2_WEEDSGALORE_TRUTH_FREE_PROPOSAL_GRID_20260810_V3_T070_A032:107:0056
retrospective_class_stratified	0	P2_WEEDSGALORE_TRUTH_FREE_PROPOSAL_GRID_20260810_V3_T070_A032:107:0067
retrospective_class_stratified	0	P2_WEEDSGALORE_TRUTH_FREE_PROPOSAL_GRID_20260810_V3_T070_A032:108:0038
retrospective_class_stratified	0	P2_WEEDSGALORE_TRUTH_FREE_PROPOSAL_GRID_20260810_V3_T070_A032:108:0041
retrospective_class_stratified	0	P2_WEEDSGALORE_TRUTH_FREE_PROPOSAL_GRID_20260810_V3_T070_A032:108:0049
retrospective_class_stratified	0	P2_WEEDSGALORE_TRUTH_FREE_PROPOSAL_GRID_20260810_V3_T070_A032:108:0051
retrospective_class_stratified	0	P2_WEEDSGALORE_TRUTH_FREE_PROPOSAL_GRID_20260810_V3_T070_A032:109:0014
retrospective_class_stratified	0	P2_WEEDSGALORE_TRUTH_FREE_PROPOSAL_GRID_20260810_V3_T070_A032:110:0043
retrospective_class_stratified	0	P2_WEEDSGALORE_TRUTH_FREE_PROPOSAL_GRID_20260810_V3_T070_A032:110:0105
retrospective_class_stratified	0	P2_WEEDSGALORE_TRUTH_FREE_PROPOSAL_GRID_20260810_V3_T070_A032:111:0003
retrospective_class_stratified	0	P2_WEEDSGALORE_TRUTH_FREE_PROPOSAL_GRID_20260810_V3_T070_A032:111:0026
retrospective_class_stratified	0	P2_WEEDSGALORE_TRUTH_FREE_PROPOSAL_GRID_20260810_V3_T070_A032:111:0035
retrospective_class_stratified	0	P2_WEEDSGALORE_TRUTH_FREE_PROPOSAL_GRID_20260810_V3_T070_A032:111:0052
retrospective_class_stratified	0	P2_WEEDSGALORE_TRUTH_FREE_PROPOSAL_GRID_20260810_V3_T070_A032:111:0056
retrospective_class_stratified	0	P2_WEEDSGALORE_TRUTH_FREE_PROPOSAL_GRID_20260810_V3_T070_A032:114:0008
retrospective_class_stratified	0	P2_WEEDSGALORE_TRUTH_FREE_PROPOSAL_GRID_20260810_V3_T070_A032:114:0014
retrospective_class_stratified	0	P2_WEEDSGALORE_TRUTH_FREE_PROPOSAL_GRID_20260810_V3_T070_A032:114:0023
retrospective_class_stratified	0	P2_WEEDSGALORE_TRUTH_FREE_PROPOSAL_GRID_20260810_V3_T070_A032:114:0025
retrospective_class_stratified	0	P2_WEEDSGALORE_TRUTH_FREE_PROPOSAL_GRID_20260810_V3_T070_A032:115:0002
retrospective_class_stratified	0	P2_WEEDSGALORE_TRUTH_FREE_PROPOSAL_GRID_20260810_V3_T070_A032:115:0012
retrospective_class_stratified	0	P2_WEEDSGALORE_TRUTH_FREE_PROPOSAL_GRID_20260810_V3_T070_A032:115:0031
retrospective_class_stratified	0	P2_WEEDSGALORE_TRUTH_FREE_PROPOSAL_GRID_20260810_V3_T070_A032:115:0034
retrospective_class_stratified	0	P2_WEEDSGALORE_TRUTH_FREE_PROPOSAL_GRID_20260810_V3_T070_A032:115:0046
retrospective_class_stratified	0	P2_WEEDSGALORE_TRUTH_FREE_PROPOSAL_GRID_20260810_V3_T070_A032:115:0048
retrospective_class_stratified	0	P2_WEEDSGALORE_TRUTH_FREE_PROPOSAL_GRID_20260810_V3_T070_A032:115:0052
retrospective_class_stratified	0	P2_WEEDSGALORE_TRUTH_FREE_PROPOSAL_GRID_20260810_V3_T070_A032:115:0056
retrospective_class_stratified	0	P2_WEEDSGALORE_TRUTH_FREE_PROPOSAL_GRID_20260810_V3_T070_A032:115:0064
retrospective_class_stratified	0	P2_WEEDSGALORE_TRUTH_FREE_PROPOSAL_GRID_20260810_V3_T070_A032:116:0044
retrospective_class_stratified	0	P2_WEEDSGALORE_TRUTH_FREE_PROPOSAL_GRID_20260810_V3_T070_A032:116:0048
retrospective_class_stratified	0	P2_WEEDSGALORE_TRUTH_FREE_PROPOSAL_GRID_20260810_V3_T070_A032:116:0066
retrospective_class_stratified	0	P2_WEEDSGALORE_TRUTH_FREE_PROPOSAL_GRID_20260810_V3_T070_A032:116:0067
retrospective_class_stratified	0	P2_WEEDSGALORE_TRUTH_FREE_PROPOSAL_GRID_20260810_V3_T070_A032:116:0069
retrospective_class_stratified	0	P2_WEEDSGALORE_TRUTH_FREE_PROPOSAL_GRID_20260810_V3_T070_A032:116:0078
retrospective_class_stratified	0	P2_WEEDSGALORE_TRUTH_FREE_PROPOSAL_GRID_20260810_V3_T070_A032:119:0001
retrospective_class_stratified	0	P2_WEEDSGALORE_TRUTH_FREE_PROPOSAL_GRID_20260810_V3_T070_A032:119:0008
retrospective_class_stratified	0	P2_WEEDSGALORE_TRUTH_FREE_PROPOSAL_GRID_20260810_V3_T070_A032:119:0081
retrospective_class_stratified	0	P2_WEEDSGALORE_TRUTH_FREE_PROPOSAL_GRID_20260810_V3_T070_A032:119:0082
retrospective_class_stratified	0	P2_WEEDSGALORE_TRUTH_FREE_PROPOSAL_GRID_20260810_V3_T070_A032:119:0083
retrospective_class_stratified	0	P2_WEEDSGALORE_TRUTH_FREE_PROPOSAL_GRID_20260810_V3_T070_A032:120:0002
retrospective_class_stratified	0	P2_WEEDSGALORE_TRUTH_FREE_PROPOSAL_GRID_20260810_V3_T070_A032:120:0052
retrospective_class_stratified	0	P2_WEEDSGALORE_TRUTH_FREE_PROPOSAL_GRID_20260810_V3_T070_A032:121:0041
retrospective_class_stratified	0	P2_WEEDSGALORE_TRUTH_FREE_PROPOSAL_GRID_20260810_V3_T070_A032:123:0019
retrospective_class_stratified	0	P2_WEEDSGALORE_TRUTH_FREE_PROPOSAL_GRID_20260810_V3_T070_A032:123:0041
retrospective_class_stratified	0	P2_WEEDSGALORE_TRUTH_FREE_PROPOSAL_GRID_20260810_V3_T070_A032:123:0101
retrospective_class_stratified	0	P2_WEEDSGALORE_TRUTH_FREE_PROPOSAL_GRID_20260810_V3_T070_A032:127:0015
retrospective_class_stratified	0	P2_WEEDSGALORE_TRUTH_FREE_PROPOSAL_GRID_20260810_V3_T070_A032:127:0018
retrospective_class_stratified	0	P2_WEEDSGALORE_TRUTH_FREE_PROPOSAL_GRID_20260810_V3_T070_A032:127:0019
retrospective_class_stratified	0	P2_WEEDSGALORE_TRUTH_FREE_PROPOSAL_GRID_20260810_V3_T070_A032:127:0045
retrospective_class_stratified	0	P2_WEEDSGALORE_TRUTH_FREE_PROPOSAL_GRID_20260810_V3_T070_A032:127:0077
retrospective_class_stratified	0	P2_WEEDSGALORE_TRUTH_FREE_PROPOSAL_GRID_20260810_V3_T070_A032:128:0035
retrospective_class_stratified	0	P2_WEEDSGALORE_TRUTH_FREE_PROPOSAL_GRID_20260810_V3_T070_A032:128:0093
retrospective_class_stratified	0	P2_WEEDSGALORE_TRUTH_FREE_PROPOSAL_GRID_20260810_V3_T070_A032:130:0013
retrospective_class_stratified	0	P2_WEEDSGALORE_TRUTH_FREE_PROPOSAL_GRID_20260810_V3_T070_A032:130:0014
retrospective_class_stratified	0	P2_WEEDSGALORE_TRUTH_FREE_PROPOSAL_GRID_20260810_V3_T070_A032:130:0015
retrospective_class_stratified	0	P2_WEEDSGALORE_TRUTH_FREE_PROPOSAL_GRID_20260810_V3_T070_A032:130:0028
retrospective_class_stratified	0	P2_WEEDSGALORE_TRUTH_FREE_PROPOSAL_GRID_20260810_V3_T070_A032:130:0038
retrospective_class_stratified	0	P2_WEEDSGALORE_TRUTH_FREE_PROPOSAL_GRID_20260810_V3_T070_A032:130:0064
retrospective_class_stratified	0	P2_WEEDSGALORE_TRUTH_FREE_PROPOSAL_GRID_20260810_V3_T070_A032:131:0012
retrospective_class_stratified	0	P2_WEEDSGALORE_TRUTH_FREE_PROPOSAL_GRID_20260810_V3_T070_A032:133:0044
retrospective_class_stratified	0	P2_WEEDSGALORE_TRUTH_FREE_PROPOSAL_GRID_20260810_V3_T070_A032:133:0049
retrospective_class_stratified	0	P2_WEEDSGALORE_TRUTH_FREE_PROPOSAL_GRID_20260810_V3_T070_A032:133:0053
retrospective_class_stratified	0	P2_WEEDSGALORE_TRUTH_FREE_PROPOSAL_GRID_20260810_V3_T070_A032:134:0032
retrospective_class_stratified	0	P2_WEEDSGALORE_TRUTH_FREE_PROPOSAL_GRID_20260810_V3_T070_A032:135:0018
retrospective_class_stratified	0	P2_WEEDSGALORE_TRUTH_FREE_PROPOSAL_GRID_20260810_V3_T070_A032:135:0019
retrospective_class_stratified	0	P2_WEEDSGALORE_TRUTH_FREE_PROPOSAL_GRID_20260810_V3_T070_A032:135:0033
retrospective_class_stratified	0	P2_WEEDSGALORE_TRUTH_FREE_PROPOSAL_GRID_20260810_V3_T070_A032:135:0034
retrospective_class_stratified	0	P2_WEEDSGALORE_TRUTH_FREE_PROPOSAL_GRID_20260810_V3_T070_A032:136:0030
retrospective_class_stratified	0	P2_WEEDSGALORE_TRUTH_FREE_PROPOSAL_GRID_20260810_V3_T070_A032:136:0046
retrospective_class_stratified	0	P2_WEEDSGALORE_TRUTH_FREE_PROPOSAL_GRID_20260810_V3_T070_A032:136:0054
retrospective_class_stratified	0	P2_WEEDSGALORE_TRUTH_FREE_PROPOSAL_GRID_20260810_V3_T070_A032:136:0059
retrospective_class_stratified	0	P2_WEEDSGALORE_TRUTH_FREE_PROPOSAL_GRID_20260810_V3_T070_A032:136:0071
retrospective_class_stratified	0	P2_WEEDSGALORE_TRUTH_FREE_PROPOSAL_GRID_20260810_V3_T070_A032:139:0020
retrospective_class_stratified	0	P2_WEEDSGALORE_TRUTH_FREE_PROPOSAL_GRID_20260810_V3_T070_A032:139:0026
retrospective_class_stratified	0	P2_WEEDSGALORE_TRUTH_FREE_PROPOSAL_GRID_20260810_V3_T070_A032:139:0038
retrospective_class_stratified	0	P2_WEEDSGALORE_TRUTH_FREE_PROPOSAL_GRID_20260810_V3_T070_A032:139:0072
retrospective_class_stratified	0	P2_WEEDSGALORE_TRUTH_FREE_PROPOSAL_GRID_20260810_V3_T070_A032:142:0003
retrospective_class_stratified	0	P2_WEEDSGALORE_TRUTH_FREE_PROPOSAL_GRID_20260810_V3_T070_A032:142:0017
retrospective_class_stratified	0	P2_WEEDSGALORE_TRUTH_FREE_PROPOSAL_GRID_20260810_V3_T070_A032:142:0035
retrospective_class_stratified	0	P2_WEEDSGALORE_TRUTH_FREE_PROPOSAL_GRID_20260810_V3_T070_A032:142:0069
retrospective_class_stratified	0	P2_WEEDSGALORE_TRUTH_FREE_PROPOSAL_GRID_20260810_V3_T070_A032:142:0073
retrospective_class_stratified	0	P2_WEEDSGALORE_TRUTH_FREE_PROPOSAL_GRID_20260810_V3_T070_A032:142:0081
retrospective_class_stratified	0	P2_WEEDSGALORE_TRUTH_FREE_PROPOSAL_GRID_20260810_V3_T070_A032:142:0083
retrospective_class_stratified	0	P2_WEEDSGALORE_TRUTH_FREE_PROPOSAL_GRID_20260810_V3_T070_A032:143:0007
retrospective_class_stratified	0	P2_WEEDSGALORE_TRUTH_FREE_PROPOSAL_GRID_20260810_V3_T070_A032:143:0008
retrospective_class_stratified	0	P2_WEEDSGALORE_TRUTH_FREE_PROPOSAL_GRID_20260810_V3_T070_A032:143:0018
retrospective_class_stratified	0	P2_WEEDSGALORE_TRUTH_FREE_PROPOSAL_GRID_20260810_V3_T070_A032:143:0073
retrospective_class_stratified	0	P2_WEEDSGALORE_TRUTH_FREE_PROPOSAL_GRID_20260810_V3_T070_A032:143:0084
retrospective_class_stratified	0	P2_WEEDSGALORE_TRUTH_FREE_PROPOSAL_GRID_20260810_V3_T070_A032:144:0063
retrospective_class_stratified	0	P2_WEEDSGALORE_TRUTH_FREE_PROPOSAL_GRID_20260810_V3_T070_A032:145:0007
retrospective_class_stratified	0	P2_WEEDSGALORE_TRUTH_FREE_PROPOSAL_GRID_20260810_V3_T070_A032:145:0020
retrospective_class_stratified	0	P2_WEEDSGALORE_TRUTH_FREE_PROPOSAL_GRID_20260810_V3_T070_A032:145:0022
retrospective_class_stratified	0	P2_WEEDSGALORE_TRUTH_FREE_PROPOSAL_GRID_20260810_V3_T070_A032:146:0003
retrospective_class_stratified	0	P2_WEEDSGALORE_TRUTH_FREE_PROPOSAL_GRID_20260810_V3_T070_A032:146:0010
retrospective_class_stratified	0	P2_WEEDSGALORE_TRUTH_FREE_PROPOSAL_GRID_20260810_V3_T070_A032:146:0019
retrospective_class_stratified	0	P2_WEEDSGALORE_TRUTH_FREE_PROPOSAL_GRID_20260810_V3_T070_A032:146:0021
retrospective_class_stratified	0	P2_WEEDSGALORE_TRUTH_FREE_PROPOSAL_GRID_20260810_V3_T070_A032:146:0041
retrospective_class_stratified	0	P2_WEEDSGALORE_TRUTH_FREE_PROPOSAL_GRID_20260810_V3_T070_A032:150:0026
retrospective_class_stratified	0	P2_WEEDSGALORE_TRUTH_FREE_PROPOSAL_GRID_20260810_V3_T070_A032:150:0033
retrospective_class_stratified	0	P2_WEEDSGALORE_TRUTH_FREE_PROPOSAL_GRID_20260810_V3_T070_A032:151:0051
retrospective_class_stratified	0	P2_WEEDSGALORE_TRUTH_FREE_PROPOSAL_GRID_20260810_V3_T070_A032:153:0003
retrospective_class_stratified	0	P2_WEEDSGALORE_TRUTH_FREE_PROPOSAL_GRID_20260810_V3_T070_A032:153:0027
retrospective_class_stratified	0	P2_WEEDSGALORE_TRUTH_FREE_PROPOSAL_GRID_20260810_V3_T070_A032:153:0062
retrospective_class_stratified	0	P2_WEEDSGALORE_TRUTH_FREE_PROPOSAL_GRID_20260810_V3_T070_A032:153:0071
retrospective_class_stratified	0	P2_WEEDSGALORE_TRUTH_FREE_PROPOSAL_GRID_20260810_V3_T070_A032:153:0083
retrospective_class_stratified	0	P2_WEEDSGALORE_TRUTH_FREE_PROPOSAL_GRID_20260810_V3_T070_A032:153:0090
retrospective_class_stratified	0	P2_WEEDSGALORE_TRUTH_FREE_PROPOSAL_GRID_20260810_V3_T070_A032:153:0097
retrospective_class_stratified	0	P2_WEEDSGALORE_TRUTH_FREE_PROPOSAL_GRID_20260810_V3_T070_A032:153:0116
retrospective_class_stratified	0	P2_WEEDSGALORE_TRUTH_FREE_PROPOSAL_GRID_20260810_V3_T070_A032:155:0023
retrospective_class_stratified	0	P2_WEEDSGALORE_TRUTH_FREE_PROPOSAL_GRID_20260810_V3_T070_A032:155:0040
retrospective_class_stratified	0	P2_WEEDSGALORE_TRUTH_FREE_PROPOSAL_GRID_20260810_V3_T070_A032:155:0070
retrospective_class_stratified	0	P2_WEEDSGALORE_TRUTH_FREE_PROPOSAL_GRID_20260810_V3_T070_A032:155:0076
retrospective_class_stratified	0	P2_WEEDSGALORE_TRUTH_FREE_PROPOSAL_GRID_20260810_V3_T070_A032:155:0078
retrospective_class_stratified	0	P2_WEEDSGALORE_TRUTH_FREE_PROPOSAL_GRID_20260810_V3_T070_A032:156:0019
retrospective_class_stratified	0	P2_WEEDSGALORE_TRUTH_FREE_PROPOSAL_GRID_20260810_V3_T070_A032:156:0031
retrospective_class_stratified	0	P2_WEEDSGALORE_TRUTH_FREE_PROPOSAL_GRID_20260810_V3_T070_A032:156:0039
retrospective_class_stratified	0	P2_WEEDSGALORE_TRUTH_FREE_PROPOSAL_GRID_20260810_V3_T070_A032:156:0055
prospective_uniform	1	P2_WEEDSGALORE_TRUTH_FREE_PROPOSAL_GRID_20260810_V3_T070_A032:003:0004
prospective_uniform	1	P2_WEEDSGALORE_TRUTH_FREE_PROPOSAL_GRID_20260810_V3_T070_A032:004:0005
prospective_uniform	1	P2_WEEDSGALORE_TRUTH_FREE_PROPOSAL_GRID_20260810_V3_T070_A032:004:0007
prospective_uniform	1	P2_WEEDSGALORE_TRUTH_FREE_PROPOSAL_GRID_20260810_V3_T070_A032:004:0009
prospective_uniform	1	P2_WEEDSGALORE_TRUTH_FREE_PROPOSAL_GRID_20260810_V3_T070_A032:004:0051
prospective_uniform	1	P2_WEEDSGALORE_TRUTH_FREE_PROPOSAL_GRID_20260810_V3_T070_A032:004:0063
prospective_uniform	1	P2_WEEDSGALORE_TRUTH_FREE_PROPOSAL_GRID_20260810_V3_T070_A032:004:0065
prospective_uniform	1	P2_WEEDSGALORE_TRUTH_FREE_PROPOSAL_GRID_20260810_V3_T070_A032:004:0092
prospective_uniform	1	P2_WEEDSGALORE_TRUTH_FREE_PROPOSAL_GRID_20260810_V3_T070_A032:005:0038
prospective_uniform	1	P2_WEEDSGALORE_TRUTH_FREE_PROPOSAL_GRID_20260810_V3_T070_A032:005:0064
prospective_uniform	1	P2_WEEDSGALORE_TRUTH_FREE_PROPOSAL_GRID_20260810_V3_T070_A032:005:0081
prospective_uniform	1	P2_WEEDSGALORE_TRUTH_FREE_PROPOSAL_GRID_20260810_V3_T070_A032:005:0169
prospective_uniform	1	P2_WEEDSGALORE_TRUTH_FREE_PROPOSAL_GRID_20260810_V3_T070_A032:006:0034
prospective_uniform	1	P2_WEEDSGALORE_TRUTH_FREE_PROPOSAL_GRID_20260810_V3_T070_A032:006:0036
prospective_uniform	1	P2_WEEDSGALORE_TRUTH_FREE_PROPOSAL_GRID_20260810_V3_T070_A032:006:0040
prospective_uniform	1	P2_WEEDSGALORE_TRUTH_FREE_PROPOSAL_GRID_20260810_V3_T070_A032:006:0075
prospective_uniform	1	P2_WEEDSGALORE_TRUTH_FREE_PROPOSAL_GRID_20260810_V3_T070_A032:006:0157
prospective_uniform	1	P2_WEEDSGALORE_TRUTH_FREE_PROPOSAL_GRID_20260810_V3_T070_A032:006:0190
prospective_uniform	1	P2_WEEDSGALORE_TRUTH_FREE_PROPOSAL_GRID_20260810_V3_T070_A032:006:0208
prospective_uniform	1	P2_WEEDSGALORE_TRUTH_FREE_PROPOSAL_GRID_20260810_V3_T070_A032:009:0002
prospective_uniform	1	P2_WEEDSGALORE_TRUTH_FREE_PROPOSAL_GRID_20260810_V3_T070_A032:009:0013
prospective_uniform	1	P2_WEEDSGALORE_TRUTH_FREE_PROPOSAL_GRID_20260810_V3_T070_A032:009:0065
prospective_uniform	1	P2_WEEDSGALORE_TRUTH_FREE_PROPOSAL_GRID_20260810_V3_T070_A032:009:0073
prospective_uniform	1	P2_WEEDSGALORE_TRUTH_FREE_PROPOSAL_GRID_20260810_V3_T070_A032:009:0080
prospective_uniform	1	P2_WEEDSGALORE_TRUTH_FREE_PROPOSAL_GRID_20260810_V3_T070_A032:011:0009
prospective_uniform	1	P2_WEEDSGALORE_TRUTH_FREE_PROPOSAL_GRID_20260810_V3_T070_A032:011:0030
prospective_uniform	1	P2_WEEDSGALORE_TRUTH_FREE_PROPOSAL_GRID_20260810_V3_T070_A032:011:0049
prospective_uniform	1	P2_WEEDSGALORE_TRUTH_FREE_PROPOSAL_GRID_20260810_V3_T070_A032:011:0118
prospective_uniform	1	P2_WEEDSGALORE_TRUTH_FREE_PROPOSAL_GRID_20260810_V3_T070_A032:011:0156
prospective_uniform	1	P2_WEEDSGALORE_TRUTH_FREE_PROPOSAL_GRID_20260810_V3_T070_A032:012:0027
prospective_uniform	1	P2_WEEDSGALORE_TRUTH_FREE_PROPOSAL_GRID_20260810_V3_T070_A032:012:0042
prospective_uniform	1	P2_WEEDSGALORE_TRUTH_FREE_PROPOSAL_GRID_20260810_V3_T070_A032:012:0073
prospective_uniform	1	P2_WEEDSGALORE_TRUTH_FREE_PROPOSAL_GRID_20260810_V3_T070_A032:012:0116
prospective_uniform	1	P2_WEEDSGALORE_TRUTH_FREE_PROPOSAL_GRID_20260810_V3_T070_A032:012:0117
prospective_uniform	1	P2_WEEDSGALORE_TRUTH_FREE_PROPOSAL_GRID_20260810_V3_T070_A032:012:0134
prospective_uniform	1	P2_WEEDSGALORE_TRUTH_FREE_PROPOSAL_GRID_20260810_V3_T070_A032:012:0159
prospective_uniform	1	P2_WEEDSGALORE_TRUTH_FREE_PROPOSAL_GRID_20260810_V3_T070_A032:012:0176
prospective_uniform	1	P2_WEEDSGALORE_TRUTH_FREE_PROPOSAL_GRID_20260810_V3_T070_A032:012:0184
prospective_uniform	1	P2_WEEDSGALORE_TRUTH_FREE_PROPOSAL_GRID_20260810_V3_T070_A032:013:0033
prospective_uniform	1	P2_WEEDSGALORE_TRUTH_FREE_PROPOSAL_GRID_20260810_V3_T070_A032:014:0008
prospective_uniform	1	P2_WEEDSGALORE_TRUTH_FREE_PROPOSAL_GRID_20260810_V3_T070_A032:014:0021
prospective_uniform	1	P2_WEEDSGALORE_TRUTH_FREE_PROPOSAL_GRID_20260810_V3_T070_A032:014:0042
prospective_uniform	1	P2_WEEDSGALORE_TRUTH_FREE_PROPOSAL_GRID_20260810_V3_T070_A032:018:0053
prospective_uniform	1	P2_WEEDSGALORE_TRUTH_FREE_PROPOSAL_GRID_20260810_V3_T070_A032:018:0062
prospective_uniform	1	P2_WEEDSGALORE_TRUTH_FREE_PROPOSAL_GRID_20260810_V3_T070_A032:018:0071
prospective_uniform	1	P2_WEEDSGALORE_TRUTH_FREE_PROPOSAL_GRID_20260810_V3_T070_A032:018:0102
prospective_uniform	1	P2_WEEDSGALORE_TRUTH_FREE_PROPOSAL_GRID_20260810_V3_T070_A032:018:0166
prospective_uniform	1	P2_WEEDSGALORE_TRUTH_FREE_PROPOSAL_GRID_20260810_V3_T070_A032:018:0186
prospective_uniform	1	P2_WEEDSGALORE_TRUTH_FREE_PROPOSAL_GRID_20260810_V3_T070_A032:019:0003
prospective_uniform	1	P2_WEEDSGALORE_TRUTH_FREE_PROPOSAL_GRID_20260810_V3_T070_A032:019:0020
prospective_uniform	1	P2_WEEDSGALORE_TRUTH_FREE_PROPOSAL_GRID_20260810_V3_T070_A032:019:0032
prospective_uniform	1	P2_WEEDSGALORE_TRUTH_FREE_PROPOSAL_GRID_20260810_V3_T070_A032:020:0020
prospective_uniform	1	P2_WEEDSGALORE_TRUTH_FREE_PROPOSAL_GRID_20260810_V3_T070_A032:020:0052
prospective_uniform	1	P2_WEEDSGALORE_TRUTH_FREE_PROPOSAL_GRID_20260810_V3_T070_A032:020:0061
prospective_uniform	1	P2_WEEDSGALORE_TRUTH_FREE_PROPOSAL_GRID_20260810_V3_T070_A032:020:0063
prospective_uniform	1	P2_WEEDSGALORE_TRUTH_FREE_PROPOSAL_GRID_20260810_V3_T070_A032:020:0065
prospective_uniform	1	P2_WEEDSGALORE_TRUTH_FREE_PROPOSAL_GRID_20260810_V3_T070_A032:023:0001
prospective_uniform	1	P2_WEEDSGALORE_TRUTH_FREE_PROPOSAL_GRID_20260810_V3_T070_A032:023:0060
prospective_uniform	1	P2_WEEDSGALORE_TRUTH_FREE_PROPOSAL_GRID_20260810_V3_T070_A032:024:0013
prospective_uniform	1	P2_WEEDSGALORE_TRUTH_FREE_PROPOSAL_GRID_20260810_V3_T070_A032:024:0088
prospective_uniform	1	P2_WEEDSGALORE_TRUTH_FREE_PROPOSAL_GRID_20260810_V3_T070_A032:025:0008
prospective_uniform	1	P2_WEEDSGALORE_TRUTH_FREE_PROPOSAL_GRID_20260810_V3_T070_A032:025:0064
prospective_uniform	1	P2_WEEDSGALORE_TRUTH_FREE_PROPOSAL_GRID_20260810_V3_T070_A032:026:0021
prospective_uniform	1	P2_WEEDSGALORE_TRUTH_FREE_PROPOSAL_GRID_20260810_V3_T070_A032:027:0009
prospective_uniform	1	P2_WEEDSGALORE_TRUTH_FREE_PROPOSAL_GRID_20260810_V3_T070_A032:030:0036
prospective_uniform	1	P2_WEEDSGALORE_TRUTH_FREE_PROPOSAL_GRID_20260810_V3_T070_A032:030:0049
prospective_uniform	1	P2_WEEDSGALORE_TRUTH_FREE_PROPOSAL_GRID_20260810_V3_T070_A032:031:0013
prospective_uniform	1	P2_WEEDSGALORE_TRUTH_FREE_PROPOSAL_GRID_20260810_V3_T070_A032:032:0017
prospective_uniform	1	P2_WEEDSGALORE_TRUTH_FREE_PROPOSAL_GRID_20260810_V3_T070_A032:034:0051
prospective_uniform	1	P2_WEEDSGALORE_TRUTH_FREE_PROPOSAL_GRID_20260810_V3_T070_A032:034:0053
prospective_uniform	1	P2_WEEDSGALORE_TRUTH_FREE_PROPOSAL_GRID_20260810_V3_T070_A032:034:0060
prospective_uniform	1	P2_WEEDSGALORE_TRUTH_FREE_PROPOSAL_GRID_20260810_V3_T070_A032:034:0128
prospective_uniform	1	P2_WEEDSGALORE_TRUTH_FREE_PROPOSAL_GRID_20260810_V3_T070_A032:034:0145
prospective_uniform	1	P2_WEEDSGALORE_TRUTH_FREE_PROPOSAL_GRID_20260810_V3_T070_A032:034:0154
prospective_uniform	1	P2_WEEDSGALORE_TRUTH_FREE_PROPOSAL_GRID_20260810_V3_T070_A032:035:0025
prospective_uniform	1	P2_WEEDSGALORE_TRUTH_FREE_PROPOSAL_GRID_20260810_V3_T070_A032:035:0027
prospective_uniform	1	P2_WEEDSGALORE_TRUTH_FREE_PROPOSAL_GRID_20260810_V3_T070_A032:035:0055
prospective_uniform	1	P2_WEEDSGALORE_TRUTH_FREE_PROPOSAL_GRID_20260810_V3_T070_A032:037:0039
prospective_uniform	1	P2_WEEDSGALORE_TRUTH_FREE_PROPOSAL_GRID_20260810_V3_T070_A032:038:0037
prospective_uniform	1	P2_WEEDSGALORE_TRUTH_FREE_PROPOSAL_GRID_20260810_V3_T070_A032:038:0044
prospective_uniform	1	P2_WEEDSGALORE_TRUTH_FREE_PROPOSAL_GRID_20260810_V3_T070_A032:039:0025
prospective_uniform	1	P2_WEEDSGALORE_TRUTH_FREE_PROPOSAL_GRID_20260810_V3_T070_A032:039:0062
prospective_uniform	1	P2_WEEDSGALORE_TRUTH_FREE_PROPOSAL_GRID_20260810_V3_T070_A032:039:0068
prospective_uniform	1	P2_WEEDSGALORE_TRUTH_FREE_PROPOSAL_GRID_20260810_V3_T070_A032:040:0002
prospective_uniform	1	P2_WEEDSGALORE_TRUTH_FREE_PROPOSAL_GRID_20260810_V3_T070_A032:040:0011
prospective_uniform	1	P2_WEEDSGALORE_TRUTH_FREE_PROPOSAL_GRID_20260810_V3_T070_A032:043:0007
prospective_uniform	1	P2_WEEDSGALORE_TRUTH_FREE_PROPOSAL_GRID_20260810_V3_T070_A032:043:0022
prospective_uniform	1	P2_WEEDSGALORE_TRUTH_FREE_PROPOSAL_GRID_20260810_V3_T070_A032:043:0026
prospective_uniform	1	P2_WEEDSGALORE_TRUTH_FREE_PROPOSAL_GRID_20260810_V3_T070_A032:043:0042
prospective_uniform	1	P2_WEEDSGALORE_TRUTH_FREE_PROPOSAL_GRID_20260810_V3_T070_A032:043:0052
prospective_uniform	1	P2_WEEDSGALORE_TRUTH_FREE_PROPOSAL_GRID_20260810_V3_T070_A032:043:0055
prospective_uniform	1	P2_WEEDSGALORE_TRUTH_FREE_PROPOSAL_GRID_20260810_V3_T070_A032:048:0008
prospective_uniform	1	P2_WEEDSGALORE_TRUTH_FREE_PROPOSAL_GRID_20260810_V3_T070_A032:048:0022
prospective_uniform	1	P2_WEEDSGALORE_TRUTH_FREE_PROPOSAL_GRID_20260810_V3_T070_A032:051:0011
prospective_uniform	1	P2_WEEDSGALORE_TRUTH_FREE_PROPOSAL_GRID_20260810_V3_T070_A032:051:0012
prospective_uniform	1	P2_WEEDSGALORE_TRUTH_FREE_PROPOSAL_GRID_20260810_V3_T070_A032:051:0016
prospective_uniform	1	P2_WEEDSGALORE_TRUTH_FREE_PROPOSAL_GRID_20260810_V3_T070_A032:051:0026
prospective_uniform	1	P2_WEEDSGALORE_TRUTH_FREE_PROPOSAL_GRID_20260810_V3_T070_A032:051:0049
prospective_uniform	1	P2_WEEDSGALORE_TRUTH_FREE_PROPOSAL_GRID_20260810_V3_T070_A032:051:0081
prospective_uniform	1	P2_WEEDSGALORE_TRUTH_FREE_PROPOSAL_GRID_20260810_V3_T070_A032:051:0084
prospective_uniform	1	P2_WEEDSGALORE_TRUTH_FREE_PROPOSAL_GRID_20260810_V3_T070_A032:052:0011
prospective_uniform	1	P2_WEEDSGALORE_TRUTH_FREE_PROPOSAL_GRID_20260810_V3_T070_A032:052:0050
prospective_uniform	1	P2_WEEDSGALORE_TRUTH_FREE_PROPOSAL_GRID_20260810_V3_T070_A032:052:0155
prospective_uniform	1	P2_WEEDSGALORE_TRUTH_FREE_PROPOSAL_GRID_20260810_V3_T070_A032:052:0160
prospective_uniform	1	P2_WEEDSGALORE_TRUTH_FREE_PROPOSAL_GRID_20260810_V3_T070_A032:052:0185
prospective_uniform	1	P2_WEEDSGALORE_TRUTH_FREE_PROPOSAL_GRID_20260810_V3_T070_A032:052:0232
prospective_uniform	1	P2_WEEDSGALORE_TRUTH_FREE_PROPOSAL_GRID_20260810_V3_T070_A032:053:0023
prospective_uniform	1	P2_WEEDSGALORE_TRUTH_FREE_PROPOSAL_GRID_20260810_V3_T070_A032:053:0045
prospective_uniform	1	P2_WEEDSGALORE_TRUTH_FREE_PROPOSAL_GRID_20260810_V3_T070_A032:053:0068
prospective_uniform	1	P2_WEEDSGALORE_TRUTH_FREE_PROPOSAL_GRID_20260810_V3_T070_A032:053:0070
prospective_uniform	1	P2_WEEDSGALORE_TRUTH_FREE_PROPOSAL_GRID_20260810_V3_T070_A032:053:0076
prospective_uniform	1	P2_WEEDSGALORE_TRUTH_FREE_PROPOSAL_GRID_20260810_V3_T070_A032:053:0082
prospective_uniform	1	P2_WEEDSGALORE_TRUTH_FREE_PROPOSAL_GRID_20260810_V3_T070_A032:053:0146
prospective_uniform	1	P2_WEEDSGALORE_TRUTH_FREE_PROPOSAL_GRID_20260810_V3_T070_A032:054:0125
prospective_uniform	1	P2_WEEDSGALORE_TRUTH_FREE_PROPOSAL_GRID_20260810_V3_T070_A032:054:0169
prospective_uniform	1	P2_WEEDSGALORE_TRUTH_FREE_PROPOSAL_GRID_20260810_V3_T070_A032:054:0195
prospective_uniform	1	P2_WEEDSGALORE_TRUTH_FREE_PROPOSAL_GRID_20260810_V3_T070_A032:057:0036
prospective_uniform	1	P2_WEEDSGALORE_TRUTH_FREE_PROPOSAL_GRID_20260810_V3_T070_A032:058:0020
prospective_uniform	1	P2_WEEDSGALORE_TRUTH_FREE_PROPOSAL_GRID_20260810_V3_T070_A032:058:0121
prospective_uniform	1	P2_WEEDSGALORE_TRUTH_FREE_PROPOSAL_GRID_20260810_V3_T070_A032:059:0087
prospective_uniform	1	P2_WEEDSGALORE_TRUTH_FREE_PROPOSAL_GRID_20260810_V3_T070_A032:060:0095
prospective_uniform	1	P2_WEEDSGALORE_TRUTH_FREE_PROPOSAL_GRID_20260810_V3_T070_A032:060:0109
prospective_uniform	1	P2_WEEDSGALORE_TRUTH_FREE_PROPOSAL_GRID_20260810_V3_T070_A032:060:0112
prospective_uniform	1	P2_WEEDSGALORE_TRUTH_FREE_PROPOSAL_GRID_20260810_V3_T070_A032:060:0128
prospective_uniform	1	P2_WEEDSGALORE_TRUTH_FREE_PROPOSAL_GRID_20260810_V3_T070_A032:060:0134
prospective_uniform	1	P2_WEEDSGALORE_TRUTH_FREE_PROPOSAL_GRID_20260810_V3_T070_A032:060:0139
prospective_uniform	1	P2_WEEDSGALORE_TRUTH_FREE_PROPOSAL_GRID_20260810_V3_T070_A032:061:0021
prospective_uniform	1	P2_WEEDSGALORE_TRUTH_FREE_PROPOSAL_GRID_20260810_V3_T070_A032:061:0052
prospective_uniform	1	P2_WEEDSGALORE_TRUTH_FREE_PROPOSAL_GRID_20260810_V3_T070_A032:061:0053
prospective_uniform	1	P2_WEEDSGALORE_TRUTH_FREE_PROPOSAL_GRID_20260810_V3_T070_A032:061:0128
prospective_uniform	1	P2_WEEDSGALORE_TRUTH_FREE_PROPOSAL_GRID_20260810_V3_T070_A032:061:0137
prospective_uniform	1	P2_WEEDSGALORE_TRUTH_FREE_PROPOSAL_GRID_20260810_V3_T070_A032:061:0151
prospective_uniform	1	P2_WEEDSGALORE_TRUTH_FREE_PROPOSAL_GRID_20260810_V3_T070_A032:061:0153
prospective_uniform	1	P2_WEEDSGALORE_TRUTH_FREE_PROPOSAL_GRID_20260810_V3_T070_A032:062:0039
prospective_uniform	1	P2_WEEDSGALORE_TRUTH_FREE_PROPOSAL_GRID_20260810_V3_T070_A032:062:0073
prospective_uniform	1	P2_WEEDSGALORE_TRUTH_FREE_PROPOSAL_GRID_20260810_V3_T070_A032:062:0078
prospective_uniform	1	P2_WEEDSGALORE_TRUTH_FREE_PROPOSAL_GRID_20260810_V3_T070_A032:062:0080
prospective_uniform	1	P2_WEEDSGALORE_TRUTH_FREE_PROPOSAL_GRID_20260810_V3_T070_A032:063:0038
prospective_uniform	1	P2_WEEDSGALORE_TRUTH_FREE_PROPOSAL_GRID_20260810_V3_T070_A032:063:0042
prospective_uniform	1	P2_WEEDSGALORE_TRUTH_FREE_PROPOSAL_GRID_20260810_V3_T070_A032:063:0068
prospective_uniform	1	P2_WEEDSGALORE_TRUTH_FREE_PROPOSAL_GRID_20260810_V3_T070_A032:064:0023
prospective_uniform	1	P2_WEEDSGALORE_TRUTH_FREE_PROPOSAL_GRID_20260810_V3_T070_A032:064:0029
prospective_uniform	1	P2_WEEDSGALORE_TRUTH_FREE_PROPOSAL_GRID_20260810_V3_T070_A032:064:0046
prospective_uniform	1	P2_WEEDSGALORE_TRUTH_FREE_PROPOSAL_GRID_20260810_V3_T070_A032:064:0054
prospective_uniform	1	P2_WEEDSGALORE_TRUTH_FREE_PROPOSAL_GRID_20260810_V3_T070_A032:064:0076
prospective_uniform	1	P2_WEEDSGALORE_TRUTH_FREE_PROPOSAL_GRID_20260810_V3_T070_A032:064:0099
prospective_uniform	1	P2_WEEDSGALORE_TRUTH_FREE_PROPOSAL_GRID_20260810_V3_T070_A032:064:0123
prospective_uniform	1	P2_WEEDSGALORE_TRUTH_FREE_PROPOSAL_GRID_20260810_V3_T070_A032:067:0045
prospective_uniform	1	P2_WEEDSGALORE_TRUTH_FREE_PROPOSAL_GRID_20260810_V3_T070_A032:067:0046
prospective_uniform	1	P2_WEEDSGALORE_TRUTH_FREE_PROPOSAL_GRID_20260810_V3_T070_A032:070:0084
prospective_uniform	1	P2_WEEDSGALORE_TRUTH_FREE_PROPOSAL_GRID_20260810_V3_T070_A032:070:0087
prospective_uniform	1	P2_WEEDSGALORE_TRUTH_FREE_PROPOSAL_GRID_20260810_V3_T070_A032:070:0097
prospective_uniform	1	P2_WEEDSGALORE_TRUTH_FREE_PROPOSAL_GRID_20260810_V3_T070_A032:070:0118
prospective_uniform	1	P2_WEEDSGALORE_TRUTH_FREE_PROPOSAL_GRID_20260810_V3_T070_A032:070:0120
prospective_uniform	1	P2_WEEDSGALORE_TRUTH_FREE_PROPOSAL_GRID_20260810_V3_T070_A032:070:0122
prospective_uniform	1	P2_WEEDSGALORE_TRUTH_FREE_PROPOSAL_GRID_20260810_V3_T070_A032:070:0124
prospective_uniform	1	P2_WEEDSGALORE_TRUTH_FREE_PROPOSAL_GRID_20260810_V3_T070_A032:070:0171
prospective_uniform	1	P2_WEEDSGALORE_TRUTH_FREE_PROPOSAL_GRID_20260810_V3_T070_A032:070:0175
prospective_uniform	1	P2_WEEDSGALORE_TRUTH_FREE_PROPOSAL_GRID_20260810_V3_T070_A032:071:0006
prospective_uniform	1	P2_WEEDSGALORE_TRUTH_FREE_PROPOSAL_GRID_20260810_V3_T070_A032:071:0007
prospective_uniform	1	P2_WEEDSGALORE_TRUTH_FREE_PROPOSAL_GRID_20260810_V3_T070_A032:071:0017
prospective_uniform	1	P2_WEEDSGALORE_TRUTH_FREE_PROPOSAL_GRID_20260810_V3_T070_A032:071:0102
prospective_uniform	1	P2_WEEDSGALORE_TRUTH_FREE_PROPOSAL_GRID_20260810_V3_T070_A032:072:0032
prospective_uniform	1	P2_WEEDSGALORE_TRUTH_FREE_PROPOSAL_GRID_20260810_V3_T070_A032:072:0067
prospective_uniform	1	P2_WEEDSGALORE_TRUTH_FREE_PROPOSAL_GRID_20260810_V3_T070_A032:073:0015
prospective_uniform	1	P2_WEEDSGALORE_TRUTH_FREE_PROPOSAL_GRID_20260810_V3_T070_A032:073:0064
prospective_uniform	1	P2_WEEDSGALORE_TRUTH_FREE_PROPOSAL_GRID_20260810_V3_T070_A032:073:0110
prospective_uniform	1	P2_WEEDSGALORE_TRUTH_FREE_PROPOSAL_GRID_20260810_V3_T070_A032:073:0127
prospective_uniform	1	P2_WEEDSGALORE_TRUTH_FREE_PROPOSAL_GRID_20260810_V3_T070_A032:073:0134
prospective_uniform	1	P2_WEEDSGALORE_TRUTH_FREE_PROPOSAL_GRID_20260810_V3_T070_A032:074:0073
prospective_uniform	1	P2_WEEDSGALORE_TRUTH_FREE_PROPOSAL_GRID_20260810_V3_T070_A032:074:0089
prospective_uniform	1	P2_WEEDSGALORE_TRUTH_FREE_PROPOSAL_GRID_20260810_V3_T070_A032:074:0119
prospective_uniform	1	P2_WEEDSGALORE_TRUTH_FREE_PROPOSAL_GRID_20260810_V3_T070_A032:074:0126
prospective_uniform	1	P2_WEEDSGALORE_TRUTH_FREE_PROPOSAL_GRID_20260810_V3_T070_A032:074:0149
prospective_uniform	1	P2_WEEDSGALORE_TRUTH_FREE_PROPOSAL_GRID_20260810_V3_T070_A032:074:0161
prospective_uniform	1	P2_WEEDSGALORE_TRUTH_FREE_PROPOSAL_GRID_20260810_V3_T070_A032:074:0165
prospective_uniform	1	P2_WEEDSGALORE_TRUTH_FREE_PROPOSAL_GRID_20260810_V3_T070_A032:077:0004
prospective_uniform	1	P2_WEEDSGALORE_TRUTH_FREE_PROPOSAL_GRID_20260810_V3_T070_A032:077:0013
prospective_uniform	1	P2_WEEDSGALORE_TRUTH_FREE_PROPOSAL_GRID_20260810_V3_T070_A032:077:0030
prospective_uniform	1	P2_WEEDSGALORE_TRUTH_FREE_PROPOSAL_GRID_20260810_V3_T070_A032:077:0087
prospective_uniform	1	P2_WEEDSGALORE_TRUTH_FREE_PROPOSAL_GRID_20260810_V3_T070_A032:077:0091
prospective_uniform	1	P2_WEEDSGALORE_TRUTH_FREE_PROPOSAL_GRID_20260810_V3_T070_A032:077:0177
prospective_uniform	1	P2_WEEDSGALORE_TRUTH_FREE_PROPOSAL_GRID_20260810_V3_T070_A032:078:0016
prospective_uniform	1	P2_WEEDSGALORE_TRUTH_FREE_PROPOSAL_GRID_20260810_V3_T070_A032:078:0064
prospective_uniform	1	P2_WEEDSGALORE_TRUTH_FREE_PROPOSAL_GRID_20260810_V3_T070_A032:078:0104
prospective_uniform	1	P2_WEEDSGALORE_TRUTH_FREE_PROPOSAL_GRID_20260810_V3_T070_A032:078:0139
prospective_uniform	1	P2_WEEDSGALORE_TRUTH_FREE_PROPOSAL_GRID_20260810_V3_T070_A032:078:0155
prospective_uniform	1	P2_WEEDSGALORE_TRUTH_FREE_PROPOSAL_GRID_20260810_V3_T070_A032:078:0183
prospective_uniform	1	P2_WEEDSGALORE_TRUTH_FREE_PROPOSAL_GRID_20260810_V3_T070_A032:078:0187
prospective_uniform	1	P2_WEEDSGALORE_TRUTH_FREE_PROPOSAL_GRID_20260810_V3_T070_A032:080:0081
prospective_uniform	1	P2_WEEDSGALORE_TRUTH_FREE_PROPOSAL_GRID_20260810_V3_T070_A032:080:0084
prospective_uniform	1	P2_WEEDSGALORE_TRUTH_FREE_PROPOSAL_GRID_20260810_V3_T070_A032:080:0103
prospective_uniform	1	P2_WEEDSGALORE_TRUTH_FREE_PROPOSAL_GRID_20260810_V3_T070_A032:080:0122
prospective_uniform	1	P2_WEEDSGALORE_TRUTH_FREE_PROPOSAL_GRID_20260810_V3_T070_A032:081:0009
prospective_uniform	1	P2_WEEDSGALORE_TRUTH_FREE_PROPOSAL_GRID_20260810_V3_T070_A032:081:0017
prospective_uniform	1	P2_WEEDSGALORE_TRUTH_FREE_PROPOSAL_GRID_20260810_V3_T070_A032:081:0024
prospective_uniform	1	P2_WEEDSGALORE_TRUTH_FREE_PROPOSAL_GRID_20260810_V3_T070_A032:081:0041
prospective_uniform	1	P2_WEEDSGALORE_TRUTH_FREE_PROPOSAL_GRID_20260810_V3_T070_A032:083:0015
prospective_uniform	1	P2_WEEDSGALORE_TRUTH_FREE_PROPOSAL_GRID_20260810_V3_T070_A032:083:0031
prospective_uniform	1	P2_WEEDSGALORE_TRUTH_FREE_PROPOSAL_GRID_20260810_V3_T070_A032:084:0035
prospective_uniform	1	P2_WEEDSGALORE_TRUTH_FREE_PROPOSAL_GRID_20260810_V3_T070_A032:084:0039
prospective_uniform	1	P2_WEEDSGALORE_TRUTH_FREE_PROPOSAL_GRID_20260810_V3_T070_A032:085:0014
prospective_uniform	1	P2_WEEDSGALORE_TRUTH_FREE_PROPOSAL_GRID_20260810_V3_T070_A032:085:0019
prospective_uniform	1	P2_WEEDSGALORE_TRUTH_FREE_PROPOSAL_GRID_20260810_V3_T070_A032:085:0035
prospective_uniform	1	P2_WEEDSGALORE_TRUTH_FREE_PROPOSAL_GRID_20260810_V3_T070_A032:086:0005
prospective_uniform	1	P2_WEEDSGALORE_TRUTH_FREE_PROPOSAL_GRID_20260810_V3_T070_A032:086:0064
prospective_uniform	1	P2_WEEDSGALORE_TRUTH_FREE_PROPOSAL_GRID_20260810_V3_T070_A032:089:0039
prospective_uniform	1	P2_WEEDSGALORE_TRUTH_FREE_PROPOSAL_GRID_20260810_V3_T070_A032:089:0050
prospective_uniform	1	P2_WEEDSGALORE_TRUTH_FREE_PROPOSAL_GRID_20260810_V3_T070_A032:089:0066
prospective_uniform	1	P2_WEEDSGALORE_TRUTH_FREE_PROPOSAL_GRID_20260810_V3_T070_A032:091:0025
prospective_uniform	1	P2_WEEDSGALORE_TRUTH_FREE_PROPOSAL_GRID_20260810_V3_T070_A032:091:0026
prospective_uniform	1	P2_WEEDSGALORE_TRUTH_FREE_PROPOSAL_GRID_20260810_V3_T070_A032:092:0022
prospective_uniform	1	P2_WEEDSGALORE_TRUTH_FREE_PROPOSAL_GRID_20260810_V3_T070_A032:092:0047
prospective_uniform	1	P2_WEEDSGALORE_TRUTH_FREE_PROPOSAL_GRID_20260810_V3_T070_A032:092:0062
prospective_uniform	1	P2_WEEDSGALORE_TRUTH_FREE_PROPOSAL_GRID_20260810_V3_T070_A032:092:0101
prospective_uniform	1	P2_WEEDSGALORE_TRUTH_FREE_PROPOSAL_GRID_20260810_V3_T070_A032:093:0034
prospective_uniform	1	P2_WEEDSGALORE_TRUTH_FREE_PROPOSAL_GRID_20260810_V3_T070_A032:093:0045
prospective_uniform	1	P2_WEEDSGALORE_TRUTH_FREE_PROPOSAL_GRID_20260810_V3_T070_A032:093:0053
prospective_uniform	1	P2_WEEDSGALORE_TRUTH_FREE_PROPOSAL_GRID_20260810_V3_T070_A032:102:0021
prospective_uniform	1	P2_WEEDSGALORE_TRUTH_FREE_PROPOSAL_GRID_20260810_V3_T070_A032:102:0035
prospective_uniform	1	P2_WEEDSGALORE_TRUTH_FREE_PROPOSAL_GRID_20260810_V3_T070_A032:103:0052
prospective_uniform	1	P2_WEEDSGALORE_TRUTH_FREE_PROPOSAL_GRID_20260810_V3_T070_A032:104:0029
prospective_uniform	1	P2_WEEDSGALORE_TRUTH_FREE_PROPOSAL_GRID_20260810_V3_T070_A032:104:0046
prospective_uniform	1	P2_WEEDSGALORE_TRUTH_FREE_PROPOSAL_GRID_20260810_V3_T070_A032:107:0003
prospective_uniform	1	P2_WEEDSGALORE_TRUTH_FREE_PROPOSAL_GRID_20260810_V3_T070_A032:107:0021
prospective_uniform	1	P2_WEEDSGALORE_TRUTH_FREE_PROPOSAL_GRID_20260810_V3_T070_A032:107:0032
prospective_uniform	1	P2_WEEDSGALORE_TRUTH_FREE_PROPOSAL_GRID_20260810_V3_T070_A032:107:0039
prospective_uniform	1	P2_WEEDSGALORE_TRUTH_FREE_PROPOSAL_GRID_20260810_V3_T070_A032:108:0006
prospective_uniform	1	P2_WEEDSGALORE_TRUTH_FREE_PROPOSAL_GRID_20260810_V3_T070_A032:108:0045
prospective_uniform	1	P2_WEEDSGALORE_TRUTH_FREE_PROPOSAL_GRID_20260810_V3_T070_A032:108:0060
prospective_uniform	1	P2_WEEDSGALORE_TRUTH_FREE_PROPOSAL_GRID_20260810_V3_T070_A032:109:0035
prospective_uniform	1	P2_WEEDSGALORE_TRUTH_FREE_PROPOSAL_GRID_20260810_V3_T070_A032:110:0007
prospective_uniform	1	P2_WEEDSGALORE_TRUTH_FREE_PROPOSAL_GRID_20260810_V3_T070_A032:111:0028
prospective_uniform	1	P2_WEEDSGALORE_TRUTH_FREE_PROPOSAL_GRID_20260810_V3_T070_A032:111:0053
prospective_uniform	1	P2_WEEDSGALORE_TRUTH_FREE_PROPOSAL_GRID_20260810_V3_T070_A032:114:0015
prospective_uniform	1	P2_WEEDSGALORE_TRUTH_FREE_PROPOSAL_GRID_20260810_V3_T070_A032:114:0030
prospective_uniform	1	P2_WEEDSGALORE_TRUTH_FREE_PROPOSAL_GRID_20260810_V3_T070_A032:114:0048
prospective_uniform	1	P2_WEEDSGALORE_TRUTH_FREE_PROPOSAL_GRID_20260810_V3_T070_A032:114:0060
prospective_uniform	1	P2_WEEDSGALORE_TRUTH_FREE_PROPOSAL_GRID_20260810_V3_T070_A032:115:0004
prospective_uniform	1	P2_WEEDSGALORE_TRUTH_FREE_PROPOSAL_GRID_20260810_V3_T070_A032:115:0037
prospective_uniform	1	P2_WEEDSGALORE_TRUTH_FREE_PROPOSAL_GRID_20260810_V3_T070_A032:115:0069
prospective_uniform	1	P2_WEEDSGALORE_TRUTH_FREE_PROPOSAL_GRID_20260810_V3_T070_A032:115:0072
prospective_uniform	1	P2_WEEDSGALORE_TRUTH_FREE_PROPOSAL_GRID_20260810_V3_T070_A032:116:0016
prospective_uniform	1	P2_WEEDSGALORE_TRUTH_FREE_PROPOSAL_GRID_20260810_V3_T070_A032:116:0023
prospective_uniform	1	P2_WEEDSGALORE_TRUTH_FREE_PROPOSAL_GRID_20260810_V3_T070_A032:116:0045
prospective_uniform	1	P2_WEEDSGALORE_TRUTH_FREE_PROPOSAL_GRID_20260810_V3_T070_A032:119:0020
prospective_uniform	1	P2_WEEDSGALORE_TRUTH_FREE_PROPOSAL_GRID_20260810_V3_T070_A032:119:0027
prospective_uniform	1	P2_WEEDSGALORE_TRUTH_FREE_PROPOSAL_GRID_20260810_V3_T070_A032:119:0030
prospective_uniform	1	P2_WEEDSGALORE_TRUTH_FREE_PROPOSAL_GRID_20260810_V3_T070_A032:120:0006
prospective_uniform	1	P2_WEEDSGALORE_TRUTH_FREE_PROPOSAL_GRID_20260810_V3_T070_A032:120:0023
prospective_uniform	1	P2_WEEDSGALORE_TRUTH_FREE_PROPOSAL_GRID_20260810_V3_T070_A032:120:0049
prospective_uniform	1	P2_WEEDSGALORE_TRUTH_FREE_PROPOSAL_GRID_20260810_V3_T070_A032:120:0054
prospective_uniform	1	P2_WEEDSGALORE_TRUTH_FREE_PROPOSAL_GRID_20260810_V3_T070_A032:122:0010
prospective_uniform	1	P2_WEEDSGALORE_TRUTH_FREE_PROPOSAL_GRID_20260810_V3_T070_A032:122:0031
prospective_uniform	1	P2_WEEDSGALORE_TRUTH_FREE_PROPOSAL_GRID_20260810_V3_T070_A032:122:0046
prospective_uniform	1	P2_WEEDSGALORE_TRUTH_FREE_PROPOSAL_GRID_20260810_V3_T070_A032:122:0047
prospective_uniform	1	P2_WEEDSGALORE_TRUTH_FREE_PROPOSAL_GRID_20260810_V3_T070_A032:123:0018
prospective_uniform	1	P2_WEEDSGALORE_TRUTH_FREE_PROPOSAL_GRID_20260810_V3_T070_A032:123:0100
prospective_uniform	1	P2_WEEDSGALORE_TRUTH_FREE_PROPOSAL_GRID_20260810_V3_T070_A032:126:0021
prospective_uniform	1	P2_WEEDSGALORE_TRUTH_FREE_PROPOSAL_GRID_20260810_V3_T070_A032:127:0016
prospective_uniform	1	P2_WEEDSGALORE_TRUTH_FREE_PROPOSAL_GRID_20260810_V3_T070_A032:127:0049
prospective_uniform	1	P2_WEEDSGALORE_TRUTH_FREE_PROPOSAL_GRID_20260810_V3_T070_A032:127:0080
prospective_uniform	1	P2_WEEDSGALORE_TRUTH_FREE_PROPOSAL_GRID_20260810_V3_T070_A032:128:0044
prospective_uniform	1	P2_WEEDSGALORE_TRUTH_FREE_PROPOSAL_GRID_20260810_V3_T070_A032:128:0079
prospective_uniform	1	P2_WEEDSGALORE_TRUTH_FREE_PROPOSAL_GRID_20260810_V3_T070_A032:131:0005
prospective_uniform	1	P2_WEEDSGALORE_TRUTH_FREE_PROPOSAL_GRID_20260810_V3_T070_A032:131:0012
prospective_uniform	1	P2_WEEDSGALORE_TRUTH_FREE_PROPOSAL_GRID_20260810_V3_T070_A032:131:0030
prospective_uniform	1	P2_WEEDSGALORE_TRUTH_FREE_PROPOSAL_GRID_20260810_V3_T070_A032:131:0046
prospective_uniform	1	P2_WEEDSGALORE_TRUTH_FREE_PROPOSAL_GRID_20260810_V3_T070_A032:133:0016
prospective_uniform	1	P2_WEEDSGALORE_TRUTH_FREE_PROPOSAL_GRID_20260810_V3_T070_A032:133:0032
prospective_uniform	1	P2_WEEDSGALORE_TRUTH_FREE_PROPOSAL_GRID_20260810_V3_T070_A032:134:0005
prospective_uniform	1	P2_WEEDSGALORE_TRUTH_FREE_PROPOSAL_GRID_20260810_V3_T070_A032:134:0012
prospective_uniform	1	P2_WEEDSGALORE_TRUTH_FREE_PROPOSAL_GRID_20260810_V3_T070_A032:134:0023
prospective_uniform	1	P2_WEEDSGALORE_TRUTH_FREE_PROPOSAL_GRID_20260810_V3_T070_A032:134:0036
prospective_uniform	1	P2_WEEDSGALORE_TRUTH_FREE_PROPOSAL_GRID_20260810_V3_T070_A032:134:0050
prospective_uniform	1	P2_WEEDSGALORE_TRUTH_FREE_PROPOSAL_GRID_20260810_V3_T070_A032:134:0058
prospective_uniform	1	P2_WEEDSGALORE_TRUTH_FREE_PROPOSAL_GRID_20260810_V3_T070_A032:135:0008
prospective_uniform	1	P2_WEEDSGALORE_TRUTH_FREE_PROPOSAL_GRID_20260810_V3_T070_A032:135:0056
prospective_uniform	1	P2_WEEDSGALORE_TRUTH_FREE_PROPOSAL_GRID_20260810_V3_T070_A032:135:0063
prospective_uniform	1	P2_WEEDSGALORE_TRUTH_FREE_PROPOSAL_GRID_20260810_V3_T070_A032:136:0071
prospective_uniform	1	P2_WEEDSGALORE_TRUTH_FREE_PROPOSAL_GRID_20260810_V3_T070_A032:139:0037
prospective_uniform	1	P2_WEEDSGALORE_TRUTH_FREE_PROPOSAL_GRID_20260810_V3_T070_A032:139:0043
prospective_uniform	1	P2_WEEDSGALORE_TRUTH_FREE_PROPOSAL_GRID_20260810_V3_T070_A032:139:0088
prospective_uniform	1	P2_WEEDSGALORE_TRUTH_FREE_PROPOSAL_GRID_20260810_V3_T070_A032:143:0023
prospective_uniform	1	P2_WEEDSGALORE_TRUTH_FREE_PROPOSAL_GRID_20260810_V3_T070_A032:144:0030
prospective_uniform	1	P2_WEEDSGALORE_TRUTH_FREE_PROPOSAL_GRID_20260810_V3_T070_A032:144:0055
prospective_uniform	1	P2_WEEDSGALORE_TRUTH_FREE_PROPOSAL_GRID_20260810_V3_T070_A032:144:0069
prospective_uniform	1	P2_WEEDSGALORE_TRUTH_FREE_PROPOSAL_GRID_20260810_V3_T070_A032:145:0004
prospective_uniform	1	P2_WEEDSGALORE_TRUTH_FREE_PROPOSAL_GRID_20260810_V3_T070_A032:145:0013
prospective_uniform	1	P2_WEEDSGALORE_TRUTH_FREE_PROPOSAL_GRID_20260810_V3_T070_A032:145:0017
prospective_uniform	1	P2_WEEDSGALORE_TRUTH_FREE_PROPOSAL_GRID_20260810_V3_T070_A032:146:0008
prospective_uniform	1	P2_WEEDSGALORE_TRUTH_FREE_PROPOSAL_GRID_20260810_V3_T070_A032:146:0035
prospective_uniform	1	P2_WEEDSGALORE_TRUTH_FREE_PROPOSAL_GRID_20260810_V3_T070_A032:150:0027
prospective_uniform	1	P2_WEEDSGALORE_TRUTH_FREE_PROPOSAL_GRID_20260810_V3_T070_A032:151:0043
prospective_uniform	1	P2_WEEDSGALORE_TRUTH_FREE_PROPOSAL_GRID_20260810_V3_T070_A032:153:0048
prospective_uniform	1	P2_WEEDSGALORE_TRUTH_FREE_PROPOSAL_GRID_20260810_V3_T070_A032:153:0088
prospective_uniform	1	P2_WEEDSGALORE_TRUTH_FREE_PROPOSAL_GRID_20260810_V3_T070_A032:155:0036
prospective_uniform	1	P2_WEEDSGALORE_TRUTH_FREE_PROPOSAL_GRID_20260810_V3_T070_A032:155:0089
prospective_uniform	1	P2_WEEDSGALORE_TRUTH_FREE_PROPOSAL_GRID_20260810_V3_T070_A032:155:0098
prospective_uniform	1	P2_WEEDSGALORE_TRUTH_FREE_PROPOSAL_GRID_20260810_V3_T070_A032:156:0016
prospective_dinov2_coreset	1	P2_WEEDSGALORE_TRUTH_FREE_PROPOSAL_GRID_20260810_V3_T070_A032:004:0004
prospective_dinov2_coreset	1	P2_WEEDSGALORE_TRUTH_FREE_PROPOSAL_GRID_20260810_V3_T070_A032:004:0013
prospective_dinov2_coreset	1	P2_WEEDSGALORE_TRUTH_FREE_PROPOSAL_GRID_20260810_V3_T070_A032:004:0052
prospective_dinov2_coreset	1	P2_WEEDSGALORE_TRUTH_FREE_PROPOSAL_GRID_20260810_V3_T070_A032:004:0080
prospective_dinov2_coreset	1	P2_WEEDSGALORE_TRUTH_FREE_PROPOSAL_GRID_20260810_V3_T070_A032:004:0090
prospective_dinov2_coreset	1	P2_WEEDSGALORE_TRUTH_FREE_PROPOSAL_GRID_20260810_V3_T070_A032:005:0024
prospective_dinov2_coreset	1	P2_WEEDSGALORE_TRUTH_FREE_PROPOSAL_GRID_20260810_V3_T070_A032:005:0030
prospective_dinov2_coreset	1	P2_WEEDSGALORE_TRUTH_FREE_PROPOSAL_GRID_20260810_V3_T070_A032:005:0040
prospective_dinov2_coreset	1	P2_WEEDSGALORE_TRUTH_FREE_PROPOSAL_GRID_20260810_V3_T070_A032:005:0044
prospective_dinov2_coreset	1	P2_WEEDSGALORE_TRUTH_FREE_PROPOSAL_GRID_20260810_V3_T070_A032:005:0068
prospective_dinov2_coreset	1	P2_WEEDSGALORE_TRUTH_FREE_PROPOSAL_GRID_20260810_V3_T070_A032:005:0070
prospective_dinov2_coreset	1	P2_WEEDSGALORE_TRUTH_FREE_PROPOSAL_GRID_20260810_V3_T070_A032:005:0088
prospective_dinov2_coreset	1	P2_WEEDSGALORE_TRUTH_FREE_PROPOSAL_GRID_20260810_V3_T070_A032:005:0109
prospective_dinov2_coreset	1	P2_WEEDSGALORE_TRUTH_FREE_PROPOSAL_GRID_20260810_V3_T070_A032:005:0113
prospective_dinov2_coreset	1	P2_WEEDSGALORE_TRUTH_FREE_PROPOSAL_GRID_20260810_V3_T070_A032:005:0128
prospective_dinov2_coreset	1	P2_WEEDSGALORE_TRUTH_FREE_PROPOSAL_GRID_20260810_V3_T070_A032:005:0159
prospective_dinov2_coreset	1	P2_WEEDSGALORE_TRUTH_FREE_PROPOSAL_GRID_20260810_V3_T070_A032:006:0013
prospective_dinov2_coreset	1	P2_WEEDSGALORE_TRUTH_FREE_PROPOSAL_GRID_20260810_V3_T070_A032:006:0033
prospective_dinov2_coreset	1	P2_WEEDSGALORE_TRUTH_FREE_PROPOSAL_GRID_20260810_V3_T070_A032:006:0054
prospective_dinov2_coreset	1	P2_WEEDSGALORE_TRUTH_FREE_PROPOSAL_GRID_20260810_V3_T070_A032:006:0058
prospective_dinov2_coreset	1	P2_WEEDSGALORE_TRUTH_FREE_PROPOSAL_GRID_20260810_V3_T070_A032:006:0065
prospective_dinov2_coreset	1	P2_WEEDSGALORE_TRUTH_FREE_PROPOSAL_GRID_20260810_V3_T070_A032:006:0098
prospective_dinov2_coreset	1	P2_WEEDSGALORE_TRUTH_FREE_PROPOSAL_GRID_20260810_V3_T070_A032:006:0114
prospective_dinov2_coreset	1	P2_WEEDSGALORE_TRUTH_FREE_PROPOSAL_GRID_20260810_V3_T070_A032:006:0219
prospective_dinov2_coreset	1	P2_WEEDSGALORE_TRUTH_FREE_PROPOSAL_GRID_20260810_V3_T070_A032:006:0226
prospective_dinov2_coreset	1	P2_WEEDSGALORE_TRUTH_FREE_PROPOSAL_GRID_20260810_V3_T070_A032:006:0230
prospective_dinov2_coreset	1	P2_WEEDSGALORE_TRUTH_FREE_PROPOSAL_GRID_20260810_V3_T070_A032:006:0237
prospective_dinov2_coreset	1	P2_WEEDSGALORE_TRUTH_FREE_PROPOSAL_GRID_20260810_V3_T070_A032:006:0262
prospective_dinov2_coreset	1	P2_WEEDSGALORE_TRUTH_FREE_PROPOSAL_GRID_20260810_V3_T070_A032:009:0009
prospective_dinov2_coreset	1	P2_WEEDSGALORE_TRUTH_FREE_PROPOSAL_GRID_20260810_V3_T070_A032:009:0034
prospective_dinov2_coreset	1	P2_WEEDSGALORE_TRUTH_FREE_PROPOSAL_GRID_20260810_V3_T070_A032:010:0091
prospective_dinov2_coreset	1	P2_WEEDSGALORE_TRUTH_FREE_PROPOSAL_GRID_20260810_V3_T070_A032:010:0154
prospective_dinov2_coreset	1	P2_WEEDSGALORE_TRUTH_FREE_PROPOSAL_GRID_20260810_V3_T070_A032:011:0013
prospective_dinov2_coreset	1	P2_WEEDSGALORE_TRUTH_FREE_PROPOSAL_GRID_20260810_V3_T070_A032:011:0112
prospective_dinov2_coreset	1	P2_WEEDSGALORE_TRUTH_FREE_PROPOSAL_GRID_20260810_V3_T070_A032:011:0147
prospective_dinov2_coreset	1	P2_WEEDSGALORE_TRUTH_FREE_PROPOSAL_GRID_20260810_V3_T070_A032:012:0004
prospective_dinov2_coreset	1	P2_WEEDSGALORE_TRUTH_FREE_PROPOSAL_GRID_20260810_V3_T070_A032:012:0006
prospective_dinov2_coreset	1	P2_WEEDSGALORE_TRUTH_FREE_PROPOSAL_GRID_20260810_V3_T070_A032:012:0018
prospective_dinov2_coreset	1	P2_WEEDSGALORE_TRUTH_FREE_PROPOSAL_GRID_20260810_V3_T070_A032:012:0037
prospective_dinov2_coreset	1	P2_WEEDSGALORE_TRUTH_FREE_PROPOSAL_GRID_20260810_V3_T070_A032:012:0057
prospective_dinov2_coreset	1	P2_WEEDSGALORE_TRUTH_FREE_PROPOSAL_GRID_20260810_V3_T070_A032:012:0064
prospective_dinov2_coreset	1	P2_WEEDSGALORE_TRUTH_FREE_PROPOSAL_GRID_20260810_V3_T070_A032:012:0093
prospective_dinov2_coreset	1	P2_WEEDSGALORE_TRUTH_FREE_PROPOSAL_GRID_20260810_V3_T070_A032:012:0132
prospective_dinov2_coreset	1	P2_WEEDSGALORE_TRUTH_FREE_PROPOSAL_GRID_20260810_V3_T070_A032:012:0159
prospective_dinov2_coreset	1	P2_WEEDSGALORE_TRUTH_FREE_PROPOSAL_GRID_20260810_V3_T070_A032:012:0176
prospective_dinov2_coreset	1	P2_WEEDSGALORE_TRUTH_FREE_PROPOSAL_GRID_20260810_V3_T070_A032:012:0196
prospective_dinov2_coreset	1	P2_WEEDSGALORE_TRUTH_FREE_PROPOSAL_GRID_20260810_V3_T070_A032:013:0001
prospective_dinov2_coreset	1	P2_WEEDSGALORE_TRUTH_FREE_PROPOSAL_GRID_20260810_V3_T070_A032:014:0026
prospective_dinov2_coreset	1	P2_WEEDSGALORE_TRUTH_FREE_PROPOSAL_GRID_20260810_V3_T070_A032:014:0059
prospective_dinov2_coreset	1	P2_WEEDSGALORE_TRUTH_FREE_PROPOSAL_GRID_20260810_V3_T070_A032:015:0013
prospective_dinov2_coreset	1	P2_WEEDSGALORE_TRUTH_FREE_PROPOSAL_GRID_20260810_V3_T070_A032:018:0001
prospective_dinov2_coreset	1	P2_WEEDSGALORE_TRUTH_FREE_PROPOSAL_GRID_20260810_V3_T070_A032:018:0098
prospective_dinov2_coreset	1	P2_WEEDSGALORE_TRUTH_FREE_PROPOSAL_GRID_20260810_V3_T070_A032:018:0123
prospective_dinov2_coreset	1	P2_WEEDSGALORE_TRUTH_FREE_PROPOSAL_GRID_20260810_V3_T070_A032:018:0157
prospective_dinov2_coreset	1	P2_WEEDSGALORE_TRUTH_FREE_PROPOSAL_GRID_20260810_V3_T070_A032:018:0187
prospective_dinov2_coreset	1	P2_WEEDSGALORE_TRUTH_FREE_PROPOSAL_GRID_20260810_V3_T070_A032:019:0023
prospective_dinov2_coreset	1	P2_WEEDSGALORE_TRUTH_FREE_PROPOSAL_GRID_20260810_V3_T070_A032:020:0009
prospective_dinov2_coreset	1	P2_WEEDSGALORE_TRUTH_FREE_PROPOSAL_GRID_20260810_V3_T070_A032:020:0055
prospective_dinov2_coreset	1	P2_WEEDSGALORE_TRUTH_FREE_PROPOSAL_GRID_20260810_V3_T070_A032:023:0080
prospective_dinov2_coreset	1	P2_WEEDSGALORE_TRUTH_FREE_PROPOSAL_GRID_20260810_V3_T070_A032:024:0018
prospective_dinov2_coreset	1	P2_WEEDSGALORE_TRUTH_FREE_PROPOSAL_GRID_20260810_V3_T070_A032:024:0065
prospective_dinov2_coreset	1	P2_WEEDSGALORE_TRUTH_FREE_PROPOSAL_GRID_20260810_V3_T070_A032:024:0100
prospective_dinov2_coreset	1	P2_WEEDSGALORE_TRUTH_FREE_PROPOSAL_GRID_20260810_V3_T070_A032:024:0111
prospective_dinov2_coreset	1	P2_WEEDSGALORE_TRUTH_FREE_PROPOSAL_GRID_20260810_V3_T070_A032:024:0125
prospective_dinov2_coreset	1	P2_WEEDSGALORE_TRUTH_FREE_PROPOSAL_GRID_20260810_V3_T070_A032:025:0052
prospective_dinov2_coreset	1	P2_WEEDSGALORE_TRUTH_FREE_PROPOSAL_GRID_20260810_V3_T070_A032:025:0068
prospective_dinov2_coreset	1	P2_WEEDSGALORE_TRUTH_FREE_PROPOSAL_GRID_20260810_V3_T070_A032:025:0077
prospective_dinov2_coreset	1	P2_WEEDSGALORE_TRUTH_FREE_PROPOSAL_GRID_20260810_V3_T070_A032:027:0016
prospective_dinov2_coreset	1	P2_WEEDSGALORE_TRUTH_FREE_PROPOSAL_GRID_20260810_V3_T070_A032:027:0023
prospective_dinov2_coreset	1	P2_WEEDSGALORE_TRUTH_FREE_PROPOSAL_GRID_20260810_V3_T070_A032:030:0015
prospective_dinov2_coreset	1	P2_WEEDSGALORE_TRUTH_FREE_PROPOSAL_GRID_20260810_V3_T070_A032:030:0018
prospective_dinov2_coreset	1	P2_WEEDSGALORE_TRUTH_FREE_PROPOSAL_GRID_20260810_V3_T070_A032:030:0073
prospective_dinov2_coreset	1	P2_WEEDSGALORE_TRUTH_FREE_PROPOSAL_GRID_20260810_V3_T070_A032:031:0003
prospective_dinov2_coreset	1	P2_WEEDSGALORE_TRUTH_FREE_PROPOSAL_GRID_20260810_V3_T070_A032:031:0020
prospective_dinov2_coreset	1	P2_WEEDSGALORE_TRUTH_FREE_PROPOSAL_GRID_20260810_V3_T070_A032:032:0010
prospective_dinov2_coreset	1	P2_WEEDSGALORE_TRUTH_FREE_PROPOSAL_GRID_20260810_V3_T070_A032:032:0026
prospective_dinov2_coreset	1	P2_WEEDSGALORE_TRUTH_FREE_PROPOSAL_GRID_20260810_V3_T070_A032:032:0046
prospective_dinov2_coreset	1	P2_WEEDSGALORE_TRUTH_FREE_PROPOSAL_GRID_20260810_V3_T070_A032:032:0049
prospective_dinov2_coreset	1	P2_WEEDSGALORE_TRUTH_FREE_PROPOSAL_GRID_20260810_V3_T070_A032:034:0024
prospective_dinov2_coreset	1	P2_WEEDSGALORE_TRUTH_FREE_PROPOSAL_GRID_20260810_V3_T070_A032:034:0031
prospective_dinov2_coreset	1	P2_WEEDSGALORE_TRUTH_FREE_PROPOSAL_GRID_20260810_V3_T070_A032:034:0084
prospective_dinov2_coreset	1	P2_WEEDSGALORE_TRUTH_FREE_PROPOSAL_GRID_20260810_V3_T070_A032:034:0110
prospective_dinov2_coreset	1	P2_WEEDSGALORE_TRUTH_FREE_PROPOSAL_GRID_20260810_V3_T070_A032:034:0111
prospective_dinov2_coreset	1	P2_WEEDSGALORE_TRUTH_FREE_PROPOSAL_GRID_20260810_V3_T070_A032:035:0060
prospective_dinov2_coreset	1	P2_WEEDSGALORE_TRUTH_FREE_PROPOSAL_GRID_20260810_V3_T070_A032:037:0008
prospective_dinov2_coreset	1	P2_WEEDSGALORE_TRUTH_FREE_PROPOSAL_GRID_20260810_V3_T070_A032:037:0014
prospective_dinov2_coreset	1	P2_WEEDSGALORE_TRUTH_FREE_PROPOSAL_GRID_20260810_V3_T070_A032:037:0046
prospective_dinov2_coreset	1	P2_WEEDSGALORE_TRUTH_FREE_PROPOSAL_GRID_20260810_V3_T070_A032:038:0014
prospective_dinov2_coreset	1	P2_WEEDSGALORE_TRUTH_FREE_PROPOSAL_GRID_20260810_V3_T070_A032:038:0016
prospective_dinov2_coreset	1	P2_WEEDSGALORE_TRUTH_FREE_PROPOSAL_GRID_20260810_V3_T070_A032:039:0032
prospective_dinov2_coreset	1	P2_WEEDSGALORE_TRUTH_FREE_PROPOSAL_GRID_20260810_V3_T070_A032:039:0048
prospective_dinov2_coreset	1	P2_WEEDSGALORE_TRUTH_FREE_PROPOSAL_GRID_20260810_V3_T070_A032:039:0098
prospective_dinov2_coreset	1	P2_WEEDSGALORE_TRUTH_FREE_PROPOSAL_GRID_20260810_V3_T070_A032:040:0004
prospective_dinov2_coreset	1	P2_WEEDSGALORE_TRUTH_FREE_PROPOSAL_GRID_20260810_V3_T070_A032:040:0025
prospective_dinov2_coreset	1	P2_WEEDSGALORE_TRUTH_FREE_PROPOSAL_GRID_20260810_V3_T070_A032:043:0039
prospective_dinov2_coreset	1	P2_WEEDSGALORE_TRUTH_FREE_PROPOSAL_GRID_20260810_V3_T070_A032:043:0055
prospective_dinov2_coreset	1	P2_WEEDSGALORE_TRUTH_FREE_PROPOSAL_GRID_20260810_V3_T070_A032:046:0004
prospective_dinov2_coreset	1	P2_WEEDSGALORE_TRUTH_FREE_PROPOSAL_GRID_20260810_V3_T070_A032:046:0014
prospective_dinov2_coreset	1	P2_WEEDSGALORE_TRUTH_FREE_PROPOSAL_GRID_20260810_V3_T070_A032:046:0016
prospective_dinov2_coreset	1	P2_WEEDSGALORE_TRUTH_FREE_PROPOSAL_GRID_20260810_V3_T070_A032:047:0020
prospective_dinov2_coreset	1	P2_WEEDSGALORE_TRUTH_FREE_PROPOSAL_GRID_20260810_V3_T070_A032:048:0002
prospective_dinov2_coreset	1	P2_WEEDSGALORE_TRUTH_FREE_PROPOSAL_GRID_20260810_V3_T070_A032:048:0028
prospective_dinov2_coreset	1	P2_WEEDSGALORE_TRUTH_FREE_PROPOSAL_GRID_20260810_V3_T070_A032:052:0055
prospective_dinov2_coreset	1	P2_WEEDSGALORE_TRUTH_FREE_PROPOSAL_GRID_20260810_V3_T070_A032:052:0063
prospective_dinov2_coreset	1	P2_WEEDSGALORE_TRUTH_FREE_PROPOSAL_GRID_20260810_V3_T070_A032:052:0109
prospective_dinov2_coreset	1	P2_WEEDSGALORE_TRUTH_FREE_PROPOSAL_GRID_20260810_V3_T070_A032:052:0114
prospective_dinov2_coreset	1	P2_WEEDSGALORE_TRUTH_FREE_PROPOSAL_GRID_20260810_V3_T070_A032:052:0175
prospective_dinov2_coreset	1	P2_WEEDSGALORE_TRUTH_FREE_PROPOSAL_GRID_20260810_V3_T070_A032:052:0194
prospective_dinov2_coreset	1	P2_WEEDSGALORE_TRUTH_FREE_PROPOSAL_GRID_20260810_V3_T070_A032:052:0217
prospective_dinov2_coreset	1	P2_WEEDSGALORE_TRUTH_FREE_PROPOSAL_GRID_20260810_V3_T070_A032:053:0034
prospective_dinov2_coreset	1	P2_WEEDSGALORE_TRUTH_FREE_PROPOSAL_GRID_20260810_V3_T070_A032:053:0064
prospective_dinov2_coreset	1	P2_WEEDSGALORE_TRUTH_FREE_PROPOSAL_GRID_20260810_V3_T070_A032:053:0122
prospective_dinov2_coreset	1	P2_WEEDSGALORE_TRUTH_FREE_PROPOSAL_GRID_20260810_V3_T070_A032:054:0017
prospective_dinov2_coreset	1	P2_WEEDSGALORE_TRUTH_FREE_PROPOSAL_GRID_20260810_V3_T070_A032:054:0020
prospective_dinov2_coreset	1	P2_WEEDSGALORE_TRUTH_FREE_PROPOSAL_GRID_20260810_V3_T070_A032:054:0037
prospective_dinov2_coreset	1	P2_WEEDSGALORE_TRUTH_FREE_PROPOSAL_GRID_20260810_V3_T070_A032:054:0065
prospective_dinov2_coreset	1	P2_WEEDSGALORE_TRUTH_FREE_PROPOSAL_GRID_20260810_V3_T070_A032:054:0106
prospective_dinov2_coreset	1	P2_WEEDSGALORE_TRUTH_FREE_PROPOSAL_GRID_20260810_V3_T070_A032:054:0150
prospective_dinov2_coreset	1	P2_WEEDSGALORE_TRUTH_FREE_PROPOSAL_GRID_20260810_V3_T070_A032:054:0163
prospective_dinov2_coreset	1	P2_WEEDSGALORE_TRUTH_FREE_PROPOSAL_GRID_20260810_V3_T070_A032:054:0166
prospective_dinov2_coreset	1	P2_WEEDSGALORE_TRUTH_FREE_PROPOSAL_GRID_20260810_V3_T070_A032:054:0191
prospective_dinov2_coreset	1	P2_WEEDSGALORE_TRUTH_FREE_PROPOSAL_GRID_20260810_V3_T070_A032:058:0102
prospective_dinov2_coreset	1	P2_WEEDSGALORE_TRUTH_FREE_PROPOSAL_GRID_20260810_V3_T070_A032:058:0126
prospective_dinov2_coreset	1	P2_WEEDSGALORE_TRUTH_FREE_PROPOSAL_GRID_20260810_V3_T070_A032:059:0066
prospective_dinov2_coreset	1	P2_WEEDSGALORE_TRUTH_FREE_PROPOSAL_GRID_20260810_V3_T070_A032:059:0086
prospective_dinov2_coreset	1	P2_WEEDSGALORE_TRUTH_FREE_PROPOSAL_GRID_20260810_V3_T070_A032:059:0098
prospective_dinov2_coreset	1	P2_WEEDSGALORE_TRUTH_FREE_PROPOSAL_GRID_20260810_V3_T070_A032:059:0163
prospective_dinov2_coreset	1	P2_WEEDSGALORE_TRUTH_FREE_PROPOSAL_GRID_20260810_V3_T070_A032:060:0017
prospective_dinov2_coreset	1	P2_WEEDSGALORE_TRUTH_FREE_PROPOSAL_GRID_20260810_V3_T070_A032:060:0034
prospective_dinov2_coreset	1	P2_WEEDSGALORE_TRUTH_FREE_PROPOSAL_GRID_20260810_V3_T070_A032:060:0040
prospective_dinov2_coreset	1	P2_WEEDSGALORE_TRUTH_FREE_PROPOSAL_GRID_20260810_V3_T070_A032:060:0087
prospective_dinov2_coreset	1	P2_WEEDSGALORE_TRUTH_FREE_PROPOSAL_GRID_20260810_V3_T070_A032:060:0099
prospective_dinov2_coreset	1	P2_WEEDSGALORE_TRUTH_FREE_PROPOSAL_GRID_20260810_V3_T070_A032:060:0171
prospective_dinov2_coreset	1	P2_WEEDSGALORE_TRUTH_FREE_PROPOSAL_GRID_20260810_V3_T070_A032:060:0184
prospective_dinov2_coreset	1	P2_WEEDSGALORE_TRUTH_FREE_PROPOSAL_GRID_20260810_V3_T070_A032:061:0049
prospective_dinov2_coreset	1	P2_WEEDSGALORE_TRUTH_FREE_PROPOSAL_GRID_20260810_V3_T070_A032:061:0055
prospective_dinov2_coreset	1	P2_WEEDSGALORE_TRUTH_FREE_PROPOSAL_GRID_20260810_V3_T070_A032:061:0095
prospective_dinov2_coreset	1	P2_WEEDSGALORE_TRUTH_FREE_PROPOSAL_GRID_20260810_V3_T070_A032:061:0147
prospective_dinov2_coreset	1	P2_WEEDSGALORE_TRUTH_FREE_PROPOSAL_GRID_20260810_V3_T070_A032:062:0005
prospective_dinov2_coreset	1	P2_WEEDSGALORE_TRUTH_FREE_PROPOSAL_GRID_20260810_V3_T070_A032:062:0077
prospective_dinov2_coreset	1	P2_WEEDSGALORE_TRUTH_FREE_PROPOSAL_GRID_20260810_V3_T070_A032:062:0078
prospective_dinov2_coreset	1	P2_WEEDSGALORE_TRUTH_FREE_PROPOSAL_GRID_20260810_V3_T070_A032:063:0001
prospective_dinov2_coreset	1	P2_WEEDSGALORE_TRUTH_FREE_PROPOSAL_GRID_20260810_V3_T070_A032:063:0042
prospective_dinov2_coreset	1	P2_WEEDSGALORE_TRUTH_FREE_PROPOSAL_GRID_20260810_V3_T070_A032:064:0003
prospective_dinov2_coreset	1	P2_WEEDSGALORE_TRUTH_FREE_PROPOSAL_GRID_20260810_V3_T070_A032:064:0031
prospective_dinov2_coreset	1	P2_WEEDSGALORE_TRUTH_FREE_PROPOSAL_GRID_20260810_V3_T070_A032:064:0040
prospective_dinov2_coreset	1	P2_WEEDSGALORE_TRUTH_FREE_PROPOSAL_GRID_20260810_V3_T070_A032:064:0058
prospective_dinov2_coreset	1	P2_WEEDSGALORE_TRUTH_FREE_PROPOSAL_GRID_20260810_V3_T070_A032:064:0103
prospective_dinov2_coreset	1	P2_WEEDSGALORE_TRUTH_FREE_PROPOSAL_GRID_20260810_V3_T070_A032:064:0109
prospective_dinov2_coreset	1	P2_WEEDSGALORE_TRUTH_FREE_PROPOSAL_GRID_20260810_V3_T070_A032:067:0015
prospective_dinov2_coreset	1	P2_WEEDSGALORE_TRUTH_FREE_PROPOSAL_GRID_20260810_V3_T070_A032:067:0026
prospective_dinov2_coreset	1	P2_WEEDSGALORE_TRUTH_FREE_PROPOSAL_GRID_20260810_V3_T070_A032:067:0074
prospective_dinov2_coreset	1	P2_WEEDSGALORE_TRUTH_FREE_PROPOSAL_GRID_20260810_V3_T070_A032:067:0113
prospective_dinov2_coreset	1	P2_WEEDSGALORE_TRUTH_FREE_PROPOSAL_GRID_20260810_V3_T070_A032:067:0118
prospective_dinov2_coreset	1	P2_WEEDSGALORE_TRUTH_FREE_PROPOSAL_GRID_20260810_V3_T070_A032:067:0130
prospective_dinov2_coreset	1	P2_WEEDSGALORE_TRUTH_FREE_PROPOSAL_GRID_20260810_V3_T070_A032:067:0151
prospective_dinov2_coreset	1	P2_WEEDSGALORE_TRUTH_FREE_PROPOSAL_GRID_20260810_V3_T070_A032:067:0164
prospective_dinov2_coreset	1	P2_WEEDSGALORE_TRUTH_FREE_PROPOSAL_GRID_20260810_V3_T070_A032:070:0004
prospective_dinov2_coreset	1	P2_WEEDSGALORE_TRUTH_FREE_PROPOSAL_GRID_20260810_V3_T070_A032:070:0008
prospective_dinov2_coreset	1	P2_WEEDSGALORE_TRUTH_FREE_PROPOSAL_GRID_20260810_V3_T070_A032:070:0041
prospective_dinov2_coreset	1	P2_WEEDSGALORE_TRUTH_FREE_PROPOSAL_GRID_20260810_V3_T070_A032:070:0046
prospective_dinov2_coreset	1	P2_WEEDSGALORE_TRUTH_FREE_PROPOSAL_GRID_20260810_V3_T070_A032:070:0058
prospective_dinov2_coreset	1	P2_WEEDSGALORE_TRUTH_FREE_PROPOSAL_GRID_20260810_V3_T070_A032:070:0062
prospective_dinov2_coreset	1	P2_WEEDSGALORE_TRUTH_FREE_PROPOSAL_GRID_20260810_V3_T070_A032:070:0213
prospective_dinov2_coreset	1	P2_WEEDSGALORE_TRUTH_FREE_PROPOSAL_GRID_20260810_V3_T070_A032:071:0099
prospective_dinov2_coreset	1	P2_WEEDSGALORE_TRUTH_FREE_PROPOSAL_GRID_20260810_V3_T070_A032:072:0034
prospective_dinov2_coreset	1	P2_WEEDSGALORE_TRUTH_FREE_PROPOSAL_GRID_20260810_V3_T070_A032:072:0043
prospective_dinov2_coreset	1	P2_WEEDSGALORE_TRUTH_FREE_PROPOSAL_GRID_20260810_V3_T070_A032:073:0005
prospective_dinov2_coreset	1	P2_WEEDSGALORE_TRUTH_FREE_PROPOSAL_GRID_20260810_V3_T070_A032:073:0014
prospective_dinov2_coreset	1	P2_WEEDSGALORE_TRUTH_FREE_PROPOSAL_GRID_20260810_V3_T070_A032:073:0029
prospective_dinov2_coreset	1	P2_WEEDSGALORE_TRUTH_FREE_PROPOSAL_GRID_20260810_V3_T070_A032:073:0033
prospective_dinov2_coreset	1	P2_WEEDSGALORE_TRUTH_FREE_PROPOSAL_GRID_20260810_V3_T070_A032:073:0051
prospective_dinov2_coreset	1	P2_WEEDSGALORE_TRUTH_FREE_PROPOSAL_GRID_20260810_V3_T070_A032:073:0121
prospective_dinov2_coreset	1	P2_WEEDSGALORE_TRUTH_FREE_PROPOSAL_GRID_20260810_V3_T070_A032:074:0098
prospective_dinov2_coreset	1	P2_WEEDSGALORE_TRUTH_FREE_PROPOSAL_GRID_20260810_V3_T070_A032:074:0109
prospective_dinov2_coreset	1	P2_WEEDSGALORE_TRUTH_FREE_PROPOSAL_GRID_20260810_V3_T070_A032:077:0067
prospective_dinov2_coreset	1	P2_WEEDSGALORE_TRUTH_FREE_PROPOSAL_GRID_20260810_V3_T070_A032:077:0072
prospective_dinov2_coreset	1	P2_WEEDSGALORE_TRUTH_FREE_PROPOSAL_GRID_20260810_V3_T070_A032:078:0002
prospective_dinov2_coreset	1	P2_WEEDSGALORE_TRUTH_FREE_PROPOSAL_GRID_20260810_V3_T070_A032:078:0038
prospective_dinov2_coreset	1	P2_WEEDSGALORE_TRUTH_FREE_PROPOSAL_GRID_20260810_V3_T070_A032:078:0084
prospective_dinov2_coreset	1	P2_WEEDSGALORE_TRUTH_FREE_PROPOSAL_GRID_20260810_V3_T070_A032:078:0119
prospective_dinov2_coreset	1	P2_WEEDSGALORE_TRUTH_FREE_PROPOSAL_GRID_20260810_V3_T070_A032:078:0141
prospective_dinov2_coreset	1	P2_WEEDSGALORE_TRUTH_FREE_PROPOSAL_GRID_20260810_V3_T070_A032:078:0150
prospective_dinov2_coreset	1	P2_WEEDSGALORE_TRUTH_FREE_PROPOSAL_GRID_20260810_V3_T070_A032:078:0198
prospective_dinov2_coreset	1	P2_WEEDSGALORE_TRUTH_FREE_PROPOSAL_GRID_20260810_V3_T070_A032:078:0199
prospective_dinov2_coreset	1	P2_WEEDSGALORE_TRUTH_FREE_PROPOSAL_GRID_20260810_V3_T070_A032:080:0010
prospective_dinov2_coreset	1	P2_WEEDSGALORE_TRUTH_FREE_PROPOSAL_GRID_20260810_V3_T070_A032:080:0033
prospective_dinov2_coreset	1	P2_WEEDSGALORE_TRUTH_FREE_PROPOSAL_GRID_20260810_V3_T070_A032:080:0073
prospective_dinov2_coreset	1	P2_WEEDSGALORE_TRUTH_FREE_PROPOSAL_GRID_20260810_V3_T070_A032:080:0075
prospective_dinov2_coreset	1	P2_WEEDSGALORE_TRUTH_FREE_PROPOSAL_GRID_20260810_V3_T070_A032:081:0023
prospective_dinov2_coreset	1	P2_WEEDSGALORE_TRUTH_FREE_PROPOSAL_GRID_20260810_V3_T070_A032:081:0030
prospective_dinov2_coreset	1	P2_WEEDSGALORE_TRUTH_FREE_PROPOSAL_GRID_20260810_V3_T070_A032:083:0087
prospective_dinov2_coreset	1	P2_WEEDSGALORE_TRUTH_FREE_PROPOSAL_GRID_20260810_V3_T070_A032:084:0031
prospective_dinov2_coreset	1	P2_WEEDSGALORE_TRUTH_FREE_PROPOSAL_GRID_20260810_V3_T070_A032:086:0066
prospective_dinov2_coreset	1	P2_WEEDSGALORE_TRUTH_FREE_PROPOSAL_GRID_20260810_V3_T070_A032:089:0019
prospective_dinov2_coreset	1	P2_WEEDSGALORE_TRUTH_FREE_PROPOSAL_GRID_20260810_V3_T070_A032:089:0031
prospective_dinov2_coreset	1	P2_WEEDSGALORE_TRUTH_FREE_PROPOSAL_GRID_20260810_V3_T070_A032:090:0017
prospective_dinov2_coreset	1	P2_WEEDSGALORE_TRUTH_FREE_PROPOSAL_GRID_20260810_V3_T070_A032:091:0007
prospective_dinov2_coreset	1	P2_WEEDSGALORE_TRUTH_FREE_PROPOSAL_GRID_20260810_V3_T070_A032:091:0019
prospective_dinov2_coreset	1	P2_WEEDSGALORE_TRUTH_FREE_PROPOSAL_GRID_20260810_V3_T070_A032:091:0022
prospective_dinov2_coreset	1	P2_WEEDSGALORE_TRUTH_FREE_PROPOSAL_GRID_20260810_V3_T070_A032:091:0044
prospective_dinov2_coreset	1	P2_WEEDSGALORE_TRUTH_FREE_PROPOSAL_GRID_20260810_V3_T070_A032:091:0048
prospective_dinov2_coreset	1	P2_WEEDSGALORE_TRUTH_FREE_PROPOSAL_GRID_20260810_V3_T070_A032:092:0070
prospective_dinov2_coreset	1	P2_WEEDSGALORE_TRUTH_FREE_PROPOSAL_GRID_20260810_V3_T070_A032:093:0042
prospective_dinov2_coreset	1	P2_WEEDSGALORE_TRUTH_FREE_PROPOSAL_GRID_20260810_V3_T070_A032:093:0056
prospective_dinov2_coreset	1	P2_WEEDSGALORE_TRUTH_FREE_PROPOSAL_GRID_20260810_V3_T070_A032:093:0062
prospective_dinov2_coreset	1	P2_WEEDSGALORE_TRUTH_FREE_PROPOSAL_GRID_20260810_V3_T070_A032:094:0003
prospective_dinov2_coreset	1	P2_WEEDSGALORE_TRUTH_FREE_PROPOSAL_GRID_20260810_V3_T070_A032:094:0029
prospective_dinov2_coreset	1	P2_WEEDSGALORE_TRUTH_FREE_PROPOSAL_GRID_20260810_V3_T070_A032:097:0025
prospective_dinov2_coreset	1	P2_WEEDSGALORE_TRUTH_FREE_PROPOSAL_GRID_20260810_V3_T070_A032:101:0017
prospective_dinov2_coreset	1	P2_WEEDSGALORE_TRUTH_FREE_PROPOSAL_GRID_20260810_V3_T070_A032:101:0032
prospective_dinov2_coreset	1	P2_WEEDSGALORE_TRUTH_FREE_PROPOSAL_GRID_20260810_V3_T070_A032:101:0053
prospective_dinov2_coreset	1	P2_WEEDSGALORE_TRUTH_FREE_PROPOSAL_GRID_20260810_V3_T070_A032:102:0013
prospective_dinov2_coreset	1	P2_WEEDSGALORE_TRUTH_FREE_PROPOSAL_GRID_20260810_V3_T070_A032:102:0014
prospective_dinov2_coreset	1	P2_WEEDSGALORE_TRUTH_FREE_PROPOSAL_GRID_20260810_V3_T070_A032:103:0031
prospective_dinov2_coreset	1	P2_WEEDSGALORE_TRUTH_FREE_PROPOSAL_GRID_20260810_V3_T070_A032:103:0035
prospective_dinov2_coreset	1	P2_WEEDSGALORE_TRUTH_FREE_PROPOSAL_GRID_20260810_V3_T070_A032:103:0050
prospective_dinov2_coreset	1	P2_WEEDSGALORE_TRUTH_FREE_PROPOSAL_GRID_20260810_V3_T070_A032:104:0012
prospective_dinov2_coreset	1	P2_WEEDSGALORE_TRUTH_FREE_PROPOSAL_GRID_20260810_V3_T070_A032:104:0022
prospective_dinov2_coreset	1	P2_WEEDSGALORE_TRUTH_FREE_PROPOSAL_GRID_20260810_V3_T070_A032:104:0047
prospective_dinov2_coreset	1	P2_WEEDSGALORE_TRUTH_FREE_PROPOSAL_GRID_20260810_V3_T070_A032:106:0025
prospective_dinov2_coreset	1	P2_WEEDSGALORE_TRUTH_FREE_PROPOSAL_GRID_20260810_V3_T070_A032:106:0026
prospective_dinov2_coreset	1	P2_WEEDSGALORE_TRUTH_FREE_PROPOSAL_GRID_20260810_V3_T070_A032:106:0047
prospective_dinov2_coreset	1	P2_WEEDSGALORE_TRUTH_FREE_PROPOSAL_GRID_20260810_V3_T070_A032:108:0039
prospective_dinov2_coreset	1	P2_WEEDSGALORE_TRUTH_FREE_PROPOSAL_GRID_20260810_V3_T070_A032:108:0083
prospective_dinov2_coreset	1	P2_WEEDSGALORE_TRUTH_FREE_PROPOSAL_GRID_20260810_V3_T070_A032:109:0020
prospective_dinov2_coreset	1	P2_WEEDSGALORE_TRUTH_FREE_PROPOSAL_GRID_20260810_V3_T070_A032:109:0029
prospective_dinov2_coreset	1	P2_WEEDSGALORE_TRUTH_FREE_PROPOSAL_GRID_20260810_V3_T070_A032:109:0032
prospective_dinov2_coreset	1	P2_WEEDSGALORE_TRUTH_FREE_PROPOSAL_GRID_20260810_V3_T070_A032:110:0006
prospective_dinov2_coreset	1	P2_WEEDSGALORE_TRUTH_FREE_PROPOSAL_GRID_20260810_V3_T070_A032:110:0029
prospective_dinov2_coreset	1	P2_WEEDSGALORE_TRUTH_FREE_PROPOSAL_GRID_20260810_V3_T070_A032:110:0032
prospective_dinov2_coreset	1	P2_WEEDSGALORE_TRUTH_FREE_PROPOSAL_GRID_20260810_V3_T070_A032:110:0033
prospective_dinov2_coreset	1	P2_WEEDSGALORE_TRUTH_FREE_PROPOSAL_GRID_20260810_V3_T070_A032:110:0035
prospective_dinov2_coreset	1	P2_WEEDSGALORE_TRUTH_FREE_PROPOSAL_GRID_20260810_V3_T070_A032:110:0044
prospective_dinov2_coreset	1	P2_WEEDSGALORE_TRUTH_FREE_PROPOSAL_GRID_20260810_V3_T070_A032:110:0046
prospective_dinov2_coreset	1	P2_WEEDSGALORE_TRUTH_FREE_PROPOSAL_GRID_20260810_V3_T070_A032:110:0068
prospective_dinov2_coreset	1	P2_WEEDSGALORE_TRUTH_FREE_PROPOSAL_GRID_20260810_V3_T070_A032:110:0092
prospective_dinov2_coreset	1	P2_WEEDSGALORE_TRUTH_FREE_PROPOSAL_GRID_20260810_V3_T070_A032:115:0019
prospective_dinov2_coreset	1	P2_WEEDSGALORE_TRUTH_FREE_PROPOSAL_GRID_20260810_V3_T070_A032:115:0028
prospective_dinov2_coreset	1	P2_WEEDSGALORE_TRUTH_FREE_PROPOSAL_GRID_20260810_V3_T070_A032:115:0037
prospective_dinov2_coreset	1	P2_WEEDSGALORE_TRUTH_FREE_PROPOSAL_GRID_20260810_V3_T070_A032:116:0005
prospective_dinov2_coreset	1	P2_WEEDSGALORE_TRUTH_FREE_PROPOSAL_GRID_20260810_V3_T070_A032:116:0024
prospective_dinov2_coreset	1	P2_WEEDSGALORE_TRUTH_FREE_PROPOSAL_GRID_20260810_V3_T070_A032:116:0030
prospective_dinov2_coreset	1	P2_WEEDSGALORE_TRUTH_FREE_PROPOSAL_GRID_20260810_V3_T070_A032:119:0032
prospective_dinov2_coreset	1	P2_WEEDSGALORE_TRUTH_FREE_PROPOSAL_GRID_20260810_V3_T070_A032:119:0055
prospective_dinov2_coreset	1	P2_WEEDSGALORE_TRUTH_FREE_PROPOSAL_GRID_20260810_V3_T070_A032:120:0014
prospective_dinov2_coreset	1	P2_WEEDSGALORE_TRUTH_FREE_PROPOSAL_GRID_20260810_V3_T070_A032:120:0024
prospective_dinov2_coreset	1	P2_WEEDSGALORE_TRUTH_FREE_PROPOSAL_GRID_20260810_V3_T070_A032:121:0008
prospective_dinov2_coreset	1	P2_WEEDSGALORE_TRUTH_FREE_PROPOSAL_GRID_20260810_V3_T070_A032:123:0094
prospective_dinov2_coreset	1	P2_WEEDSGALORE_TRUTH_FREE_PROPOSAL_GRID_20260810_V3_T070_A032:123:0099
prospective_dinov2_coreset	1	P2_WEEDSGALORE_TRUTH_FREE_PROPOSAL_GRID_20260810_V3_T070_A032:126:0025
prospective_dinov2_coreset	1	P2_WEEDSGALORE_TRUTH_FREE_PROPOSAL_GRID_20260810_V3_T070_A032:126:0049
prospective_dinov2_coreset	1	P2_WEEDSGALORE_TRUTH_FREE_PROPOSAL_GRID_20260810_V3_T070_A032:127:0001
prospective_dinov2_coreset	1	P2_WEEDSGALORE_TRUTH_FREE_PROPOSAL_GRID_20260810_V3_T070_A032:127:0060
prospective_dinov2_coreset	1	P2_WEEDSGALORE_TRUTH_FREE_PROPOSAL_GRID_20260810_V3_T070_A032:127:0067
prospective_dinov2_coreset	1	P2_WEEDSGALORE_TRUTH_FREE_PROPOSAL_GRID_20260810_V3_T070_A032:127:0080
prospective_dinov2_coreset	1	P2_WEEDSGALORE_TRUTH_FREE_PROPOSAL_GRID_20260810_V3_T070_A032:127:0092
prospective_dinov2_coreset	1	P2_WEEDSGALORE_TRUTH_FREE_PROPOSAL_GRID_20260810_V3_T070_A032:128:0003
prospective_dinov2_coreset	1	P2_WEEDSGALORE_TRUTH_FREE_PROPOSAL_GRID_20260810_V3_T070_A032:128:0083
prospective_dinov2_coreset	1	P2_WEEDSGALORE_TRUTH_FREE_PROPOSAL_GRID_20260810_V3_T070_A032:130:0012
prospective_dinov2_coreset	1	P2_WEEDSGALORE_TRUTH_FREE_PROPOSAL_GRID_20260810_V3_T070_A032:130:0035
prospective_dinov2_coreset	1	P2_WEEDSGALORE_TRUTH_FREE_PROPOSAL_GRID_20260810_V3_T070_A032:130:0053
prospective_dinov2_coreset	1	P2_WEEDSGALORE_TRUTH_FREE_PROPOSAL_GRID_20260810_V3_T070_A032:131:0025
prospective_dinov2_coreset	1	P2_WEEDSGALORE_TRUTH_FREE_PROPOSAL_GRID_20260810_V3_T070_A032:134:0013
prospective_dinov2_coreset	1	P2_WEEDSGALORE_TRUTH_FREE_PROPOSAL_GRID_20260810_V3_T070_A032:134:0039
prospective_dinov2_coreset	1	P2_WEEDSGALORE_TRUTH_FREE_PROPOSAL_GRID_20260810_V3_T070_A032:134:0062
prospective_dinov2_coreset	1	P2_WEEDSGALORE_TRUTH_FREE_PROPOSAL_GRID_20260810_V3_T070_A032:135:0009
prospective_dinov2_coreset	1	P2_WEEDSGALORE_TRUTH_FREE_PROPOSAL_GRID_20260810_V3_T070_A032:135:0018
prospective_dinov2_coreset	1	P2_WEEDSGALORE_TRUTH_FREE_PROPOSAL_GRID_20260810_V3_T070_A032:135:0054
prospective_dinov2_coreset	1	P2_WEEDSGALORE_TRUTH_FREE_PROPOSAL_GRID_20260810_V3_T070_A032:139:0005
prospective_dinov2_coreset	1	P2_WEEDSGALORE_TRUTH_FREE_PROPOSAL_GRID_20260810_V3_T070_A032:139:0016
prospective_dinov2_coreset	1	P2_WEEDSGALORE_TRUTH_FREE_PROPOSAL_GRID_20260810_V3_T070_A032:139:0042
prospective_dinov2_coreset	1	P2_WEEDSGALORE_TRUTH_FREE_PROPOSAL_GRID_20260810_V3_T070_A032:139:0076
prospective_dinov2_coreset	1	P2_WEEDSGALORE_TRUTH_FREE_PROPOSAL_GRID_20260810_V3_T070_A032:139:0082
prospective_dinov2_coreset	1	P2_WEEDSGALORE_TRUTH_FREE_PROPOSAL_GRID_20260810_V3_T070_A032:139:0093
prospective_dinov2_coreset	1	P2_WEEDSGALORE_TRUTH_FREE_PROPOSAL_GRID_20260810_V3_T070_A032:142:0021
prospective_dinov2_coreset	1	P2_WEEDSGALORE_TRUTH_FREE_PROPOSAL_GRID_20260810_V3_T070_A032:142:0044
prospective_dinov2_coreset	1	P2_WEEDSGALORE_TRUTH_FREE_PROPOSAL_GRID_20260810_V3_T070_A032:142:0054
prospective_dinov2_coreset	1	P2_WEEDSGALORE_TRUTH_FREE_PROPOSAL_GRID_20260810_V3_T070_A032:143:0003
prospective_dinov2_coreset	1	P2_WEEDSGALORE_TRUTH_FREE_PROPOSAL_GRID_20260810_V3_T070_A032:143:0004
prospective_dinov2_coreset	1	P2_WEEDSGALORE_TRUTH_FREE_PROPOSAL_GRID_20260810_V3_T070_A032:143:0009
prospective_dinov2_coreset	1	P2_WEEDSGALORE_TRUTH_FREE_PROPOSAL_GRID_20260810_V3_T070_A032:143:0035
prospective_dinov2_coreset	1	P2_WEEDSGALORE_TRUTH_FREE_PROPOSAL_GRID_20260810_V3_T070_A032:143:0036
prospective_dinov2_coreset	1	P2_WEEDSGALORE_TRUTH_FREE_PROPOSAL_GRID_20260810_V3_T070_A032:143:0039
prospective_dinov2_coreset	1	P2_WEEDSGALORE_TRUTH_FREE_PROPOSAL_GRID_20260810_V3_T070_A032:143:0041
prospective_dinov2_coreset	1	P2_WEEDSGALORE_TRUTH_FREE_PROPOSAL_GRID_20260810_V3_T070_A032:143:0067
prospective_dinov2_coreset	1	P2_WEEDSGALORE_TRUTH_FREE_PROPOSAL_GRID_20260810_V3_T070_A032:144:0023
prospective_dinov2_coreset	1	P2_WEEDSGALORE_TRUTH_FREE_PROPOSAL_GRID_20260810_V3_T070_A032:145:0018
prospective_dinov2_coreset	1	P2_WEEDSGALORE_TRUTH_FREE_PROPOSAL_GRID_20260810_V3_T070_A032:146:0015
prospective_dinov2_coreset	1	P2_WEEDSGALORE_TRUTH_FREE_PROPOSAL_GRID_20260810_V3_T070_A032:146:0027
prospective_dinov2_coreset	1	P2_WEEDSGALORE_TRUTH_FREE_PROPOSAL_GRID_20260810_V3_T070_A032:146:0036
prospective_dinov2_coreset	1	P2_WEEDSGALORE_TRUTH_FREE_PROPOSAL_GRID_20260810_V3_T070_A032:150:0035
prospective_dinov2_coreset	1	P2_WEEDSGALORE_TRUTH_FREE_PROPOSAL_GRID_20260810_V3_T070_A032:151:0010
prospective_dinov2_coreset	1	P2_WEEDSGALORE_TRUTH_FREE_PROPOSAL_GRID_20260810_V3_T070_A032:153:0002
prospective_dinov2_coreset	1	P2_WEEDSGALORE_TRUTH_FREE_PROPOSAL_GRID_20260810_V3_T070_A032:153:0013
prospective_dinov2_coreset	1	P2_WEEDSGALORE_TRUTH_FREE_PROPOSAL_GRID_20260810_V3_T070_A032:155:0034
prospective_dinov2_coreset	1	P2_WEEDSGALORE_TRUTH_FREE_PROPOSAL_GRID_20260810_V3_T070_A032:155:0043
prospective_dinov2_coreset	1	P2_WEEDSGALORE_TRUTH_FREE_PROPOSAL_GRID_20260810_V3_T070_A032:155:0077
prospective_dinov2_coreset	1	P2_WEEDSGALORE_TRUTH_FREE_PROPOSAL_GRID_20260810_V3_T070_A032:156:0009
prospective_dinov2_coreset	1	P2_WEEDSGALORE_TRUTH_FREE_PROPOSAL_GRID_20260810_V3_T070_A032:156:0033
retrospective_class_stratified	1	P2_WEEDSGALORE_TRUTH_FREE_PROPOSAL_GRID_20260810_V3_T070_A032:003:0008
retrospective_class_stratified	1	P2_WEEDSGALORE_TRUTH_FREE_PROPOSAL_GRID_20260810_V3_T070_A032:004:0063
retrospective_class_stratified	1	P2_WEEDSGALORE_TRUTH_FREE_PROPOSAL_GRID_20260810_V3_T070_A032:004:0069
retrospective_class_stratified	1	P2_WEEDSGALORE_TRUTH_FREE_PROPOSAL_GRID_20260810_V3_T070_A032:004:0075
retrospective_class_stratified	1	P2_WEEDSGALORE_TRUTH_FREE_PROPOSAL_GRID_20260810_V3_T070_A032:004:0076
retrospective_class_stratified	1	P2_WEEDSGALORE_TRUTH_FREE_PROPOSAL_GRID_20260810_V3_T070_A032:005:0017
retrospective_class_stratified	1	P2_WEEDSGALORE_TRUTH_FREE_PROPOSAL_GRID_20260810_V3_T070_A032:005:0053
retrospective_class_stratified	1	P2_WEEDSGALORE_TRUTH_FREE_PROPOSAL_GRID_20260810_V3_T070_A032:005:0106
retrospective_class_stratified	1	P2_WEEDSGALORE_TRUTH_FREE_PROPOSAL_GRID_20260810_V3_T070_A032:006:0046
retrospective_class_stratified	1	P2_WEEDSGALORE_TRUTH_FREE_PROPOSAL_GRID_20260810_V3_T070_A032:006:0083
retrospective_class_stratified	1	P2_WEEDSGALORE_TRUTH_FREE_PROPOSAL_GRID_20260810_V3_T070_A032:006:0103
retrospective_class_stratified	1	P2_WEEDSGALORE_TRUTH_FREE_PROPOSAL_GRID_20260810_V3_T070_A032:006:0134
retrospective_class_stratified	1	P2_WEEDSGALORE_TRUTH_FREE_PROPOSAL_GRID_20260810_V3_T070_A032:006:0218
retrospective_class_stratified	1	P2_WEEDSGALORE_TRUTH_FREE_PROPOSAL_GRID_20260810_V3_T070_A032:006:0226
retrospective_class_stratified	1	P2_WEEDSGALORE_TRUTH_FREE_PROPOSAL_GRID_20260810_V3_T070_A032:006:0263
retrospective_class_stratified	1	P2_WEEDSGALORE_TRUTH_FREE_PROPOSAL_GRID_20260810_V3_T070_A032:009:0035
retrospective_class_stratified	1	P2_WEEDSGALORE_TRUTH_FREE_PROPOSAL_GRID_20260810_V3_T070_A032:010:0116
retrospective_class_stratified	1	P2_WEEDSGALORE_TRUTH_FREE_PROPOSAL_GRID_20260810_V3_T070_A032:010:0175
retrospective_class_stratified	1	P2_WEEDSGALORE_TRUTH_FREE_PROPOSAL_GRID_20260810_V3_T070_A032:010:0204
retrospective_class_stratified	1	P2_WEEDSGALORE_TRUTH_FREE_PROPOSAL_GRID_20260810_V3_T070_A032:011:0060
retrospective_class_stratified	1	P2_WEEDSGALORE_TRUTH_FREE_PROPOSAL_GRID_20260810_V3_T070_A032:011:0077
retrospective_class_stratified	1	P2_WEEDSGALORE_TRUTH_FREE_PROPOSAL_GRID_20260810_V3_T070_A032:011:0117
retrospective_class_stratified	1	P2_WEEDSGALORE_TRUTH_FREE_PROPOSAL_GRID_20260810_V3_T070_A032:012:0097
retrospective_class_stratified	1	P2_WEEDSGALORE_TRUTH_FREE_PROPOSAL_GRID_20260810_V3_T070_A032:012:0112
retrospective_class_stratified	1	P2_WEEDSGALORE_TRUTH_FREE_PROPOSAL_GRID_20260810_V3_T070_A032:012:0130
retrospective_class_stratified	1	P2_WEEDSGALORE_TRUTH_FREE_PROPOSAL_GRID_20260810_V3_T070_A032:012:0132
retrospective_class_stratified	1	P2_WEEDSGALORE_TRUTH_FREE_PROPOSAL_GRID_20260810_V3_T070_A032:012:0150
retrospective_class_stratified	1	P2_WEEDSGALORE_TRUTH_FREE_PROPOSAL_GRID_20260810_V3_T070_A032:013:0003
retrospective_class_stratified	1	P2_WEEDSGALORE_TRUTH_FREE_PROPOSAL_GRID_20260810_V3_T070_A032:018:0074
retrospective_class_stratified	1	P2_WEEDSGALORE_TRUTH_FREE_PROPOSAL_GRID_20260810_V3_T070_A032:018:0187
retrospective_class_stratified	1	P2_WEEDSGALORE_TRUTH_FREE_PROPOSAL_GRID_20260810_V3_T070_A032:020:0019
retrospective_class_stratified	1	P2_WEEDSGALORE_TRUTH_FREE_PROPOSAL_GRID_20260810_V3_T070_A032:020:0039
retrospective_class_stratified	1	P2_WEEDSGALORE_TRUTH_FREE_PROPOSAL_GRID_20260810_V3_T070_A032:020:0045
retrospective_class_stratified	1	P2_WEEDSGALORE_TRUTH_FREE_PROPOSAL_GRID_20260810_V3_T070_A032:020:0052
retrospective_class_stratified	1	P2_WEEDSGALORE_TRUTH_FREE_PROPOSAL_GRID_20260810_V3_T070_A032:023:0012
retrospective_class_stratified	1	P2_WEEDSGALORE_TRUTH_FREE_PROPOSAL_GRID_20260810_V3_T070_A032:023:0039
retrospective_class_stratified	1	P2_WEEDSGALORE_TRUTH_FREE_PROPOSAL_GRID_20260810_V3_T070_A032:023:0088
retrospective_class_stratified	1	P2_WEEDSGALORE_TRUTH_FREE_PROPOSAL_GRID_20260810_V3_T070_A032:023:0096
retrospective_class_stratified	1	P2_WEEDSGALORE_TRUTH_FREE_PROPOSAL_GRID_20260810_V3_T070_A032:024:0045
retrospective_class_stratified	1	P2_WEEDSGALORE_TRUTH_FREE_PROPOSAL_GRID_20260810_V3_T070_A032:024:0056
retrospective_class_stratified	1	P2_WEEDSGALORE_TRUTH_FREE_PROPOSAL_GRID_20260810_V3_T070_A032:024:0102
retrospective_class_stratified	1	P2_WEEDSGALORE_TRUTH_FREE_PROPOSAL_GRID_20260810_V3_T070_A032:025:0071
retrospective_class_stratified	1	P2_WEEDSGALORE_TRUTH_FREE_PROPOSAL_GRID_20260810_V3_T070_A032:025:0081
retrospective_class_stratified	1	P2_WEEDSGALORE_TRUTH_FREE_PROPOSAL_GRID_20260810_V3_T070_A032:026:0003
retrospective_class_stratified	1	P2_WEEDSGALORE_TRUTH_FREE_PROPOSAL_GRID_20260810_V3_T070_A032:026:0011
retrospective_class_stratified	1	P2_WEEDSGALORE_TRUTH_FREE_PROPOSAL_GRID_20260810_V3_T070_A032:026:0018
retrospective_class_stratified	1	P2_WEEDSGALORE_TRUTH_FREE_PROPOSAL_GRID_20260810_V3_T070_A032:026:0030
retrospective_class_stratified	1	P2_WEEDSGALORE_TRUTH_FREE_PROPOSAL_GRID_20260810_V3_T070_A032:027:0009
retrospective_class_stratified	1	P2_WEEDSGALORE_TRUTH_FREE_PROPOSAL_GRID_20260810_V3_T070_A032:030:0010
retrospective_class_stratified	1	P2_WEEDSGALORE_TRUTH_FREE_PROPOSAL_GRID_20260810_V3_T070_A032:031:0001
retrospective_class_stratified	1	P2_WEEDSGALORE_TRUTH_FREE_PROPOSAL_GRID_20260810_V3_T070_A032:031:0010
retrospective_class_stratified	1	P2_WEEDSGALORE_TRUTH_FREE_PROPOSAL_GRID_20260810_V3_T070_A032:032:0028
retrospective_class_stratified	1	P2_WEEDSGALORE_TRUTH_FREE_PROPOSAL_GRID_20260810_V3_T070_A032:032:0059
retrospective_class_stratified	1	P2_WEEDSGALORE_TRUTH_FREE_PROPOSAL_GRID_20260810_V3_T070_A032:034:0072
retrospective_class_stratified	1	P2_WEEDSGALORE_TRUTH_FREE_PROPOSAL_GRID_20260810_V3_T070_A032:034:0097
retrospective_class_stratified	1	P2_WEEDSGALORE_TRUTH_FREE_PROPOSAL_GRID_20260810_V3_T070_A032:038:0027
retrospective_class_stratified	1	P2_WEEDSGALORE_TRUTH_FREE_PROPOSAL_GRID_20260810_V3_T070_A032:043:0040
retrospective_class_stratified	1	P2_WEEDSGALORE_TRUTH_FREE_PROPOSAL_GRID_20260810_V3_T070_A032:043:0055
retrospective_class_stratified	1	P2_WEEDSGALORE_TRUTH_FREE_PROPOSAL_GRID_20260810_V3_T070_A032:051:0040
retrospective_class_stratified	1	P2_WEEDSGALORE_TRUTH_FREE_PROPOSAL_GRID_20260810_V3_T070_A032:051:0059
retrospective_class_stratified	1	P2_WEEDSGALORE_TRUTH_FREE_PROPOSAL_GRID_20260810_V3_T070_A032:052:0034
retrospective_class_stratified	1	P2_WEEDSGALORE_TRUTH_FREE_PROPOSAL_GRID_20260810_V3_T070_A032:052:0126
retrospective_class_stratified	1	P2_WEEDSGALORE_TRUTH_FREE_PROPOSAL_GRID_20260810_V3_T070_A032:052:0137
retrospective_class_stratified	1	P2_WEEDSGALORE_TRUTH_FREE_PROPOSAL_GRID_20260810_V3_T070_A032:052:0138
retrospective_class_stratified	1	P2_WEEDSGALORE_TRUTH_FREE_PROPOSAL_GRID_20260810_V3_T070_A032:052:0205
retrospective_class_stratified	1	P2_WEEDSGALORE_TRUTH_FREE_PROPOSAL_GRID_20260810_V3_T070_A032:052:0232
retrospective_class_stratified	1	P2_WEEDSGALORE_TRUTH_FREE_PROPOSAL_GRID_20260810_V3_T070_A032:053:0008
retrospective_class_stratified	1	P2_WEEDSGALORE_TRUTH_FREE_PROPOSAL_GRID_20260810_V3_T070_A032:053:0018
retrospective_class_stratified	1	P2_WEEDSGALORE_TRUTH_FREE_PROPOSAL_GRID_20260810_V3_T070_A032:053:0176
retrospective_class_stratified	1	P2_WEEDSGALORE_TRUTH_FREE_PROPOSAL_GRID_20260810_V3_T070_A032:054:0085
retrospective_class_stratified	1	P2_WEEDSGALORE_TRUTH_FREE_PROPOSAL_GRID_20260810_V3_T070_A032:054:0111
retrospective_class_stratified	1	P2_WEEDSGALORE_TRUTH_FREE_PROPOSAL_GRID_20260810_V3_T070_A032:054:0147
retrospective_class_stratified	1	P2_WEEDSGALORE_TRUTH_FREE_PROPOSAL_GRID_20260810_V3_T070_A032:054:0153
retrospective_class_stratified	1	P2_WEEDSGALORE_TRUTH_FREE_PROPOSAL_GRID_20260810_V3_T070_A032:054:0166
retrospective_class_stratified	1	P2_WEEDSGALORE_TRUTH_FREE_PROPOSAL_GRID_20260810_V3_T070_A032:054:0209
retrospective_class_stratified	1	P2_WEEDSGALORE_TRUTH_FREE_PROPOSAL_GRID_20260810_V3_T070_A032:054:0210
retrospective_class_stratified	1	P2_WEEDSGALORE_TRUTH_FREE_PROPOSAL_GRID_20260810_V3_T070_A032:054:0217
retrospective_class_stratified	1	P2_WEEDSGALORE_TRUTH_FREE_PROPOSAL_GRID_20260810_V3_T070_A032:058:0005
retrospective_class_stratified	1	P2_WEEDSGALORE_TRUTH_FREE_PROPOSAL_GRID_20260810_V3_T070_A032:058:0070
retrospective_class_stratified	1	P2_WEEDSGALORE_TRUTH_FREE_PROPOSAL_GRID_20260810_V3_T070_A032:058:0073
retrospective_class_stratified	1	P2_WEEDSGALORE_TRUTH_FREE_PROPOSAL_GRID_20260810_V3_T070_A032:059:0070
retrospective_class_stratified	1	P2_WEEDSGALORE_TRUTH_FREE_PROPOSAL_GRID_20260810_V3_T070_A032:059:0073
retrospective_class_stratified	1	P2_WEEDSGALORE_TRUTH_FREE_PROPOSAL_GRID_20260810_V3_T070_A032:059:0079
retrospective_class_stratified	1	P2_WEEDSGALORE_TRUTH_FREE_PROPOSAL_GRID_20260810_V3_T070_A032:059:0161
retrospective_class_stratified	1	P2_WEEDSGALORE_TRUTH_FREE_PROPOSAL_GRID_20260810_V3_T070_A032:060:0011
retrospective_class_stratified	1	P2_WEEDSGALORE_TRUTH_FREE_PROPOSAL_GRID_20260810_V3_T070_A032:060:0133
retrospective_class_stratified	1	P2_WEEDSGALORE_TRUTH_FREE_PROPOSAL_GRID_20260810_V3_T070_A032:061:0037
retrospective_class_stratified	1	P2_WEEDSGALORE_TRUTH_FREE_PROPOSAL_GRID_20260810_V3_T070_A032:062:0021
retrospective_class_stratified	1	P2_WEEDSGALORE_TRUTH_FREE_PROPOSAL_GRID_20260810_V3_T070_A032:062:0071
retrospective_class_stratified	1	P2_WEEDSGALORE_TRUTH_FREE_PROPOSAL_GRID_20260810_V3_T070_A032:062:0080
retrospective_class_stratified	1	P2_WEEDSGALORE_TRUTH_FREE_PROPOSAL_GRID_20260810_V3_T070_A032:062:0102
retrospective_class_stratified	1	P2_WEEDSGALORE_TRUTH_FREE_PROPOSAL_GRID_20260810_V3_T070_A032:063:0052
retrospective_class_stratified	1	P2_WEEDSGALORE_TRUTH_FREE_PROPOSAL_GRID_20260810_V3_T070_A032:064:0012
retrospective_class_stratified	1	P2_WEEDSGALORE_TRUTH_FREE_PROPOSAL_GRID_20260810_V3_T070_A032:064:0080
retrospective_class_stratified	1	P2_WEEDSGALORE_TRUTH_FREE_PROPOSAL_GRID_20260810_V3_T070_A032:064:0127
retrospective_class_stratified	1	P2_WEEDSGALORE_TRUTH_FREE_PROPOSAL_GRID_20260810_V3_T070_A032:067:0041
retrospective_class_stratified	1	P2_WEEDSGALORE_TRUTH_FREE_PROPOSAL_GRID_20260810_V3_T070_A032:067:0057
retrospective_class_stratified	1	P2_WEEDSGALORE_TRUTH_FREE_PROPOSAL_GRID_20260810_V3_T070_A032:070:0079
retrospective_class_stratified	1	P2_WEEDSGALORE_TRUTH_FREE_PROPOSAL_GRID_20260810_V3_T070_A032:070:0114
retrospective_class_stratified	1	P2_WEEDSGALORE_TRUTH_FREE_PROPOSAL_GRID_20260810_V3_T070_A032:070:0118
retrospective_class_stratified	1	P2_WEEDSGALORE_TRUTH_FREE_PROPOSAL_GRID_20260810_V3_T070_A032:070:0198
retrospective_class_stratified	1	P2_WEEDSGALORE_TRUTH_FREE_PROPOSAL_GRID_20260810_V3_T070_A032:070:0212
retrospective_class_stratified	1	P2_WEEDSGALORE_TRUTH_FREE_PROPOSAL_GRID_20260810_V3_T070_A032:071:0007
retrospective_class_stratified	1	P2_WEEDSGALORE_TRUTH_FREE_PROPOSAL_GRID_20260810_V3_T070_A032:071:0035
retrospective_class_stratified	1	P2_WEEDSGALORE_TRUTH_FREE_PROPOSAL_GRID_20260810_V3_T070_A032:071:0102
retrospective_class_stratified	1	P2_WEEDSGALORE_TRUTH_FREE_PROPOSAL_GRID_20260810_V3_T070_A032:071:0126
retrospective_class_stratified	1	P2_WEEDSGALORE_TRUTH_FREE_PROPOSAL_GRID_20260810_V3_T070_A032:071:0146
retrospective_class_stratified	1	P2_WEEDSGALORE_TRUTH_FREE_PROPOSAL_GRID_20260810_V3_T070_A032:072:0030
retrospective_class_stratified	1	P2_WEEDSGALORE_TRUTH_FREE_PROPOSAL_GRID_20260810_V3_T070_A032:072:0054
retrospective_class_stratified	1	P2_WEEDSGALORE_TRUTH_FREE_PROPOSAL_GRID_20260810_V3_T070_A032:072:0059
retrospective_class_stratified	1	P2_WEEDSGALORE_TRUTH_FREE_PROPOSAL_GRID_20260810_V3_T070_A032:073:0019
retrospective_class_stratified	1	P2_WEEDSGALORE_TRUTH_FREE_PROPOSAL_GRID_20260810_V3_T070_A032:073:0028
retrospective_class_stratified	1	P2_WEEDSGALORE_TRUTH_FREE_PROPOSAL_GRID_20260810_V3_T070_A032:073:0065
retrospective_class_stratified	1	P2_WEEDSGALORE_TRUTH_FREE_PROPOSAL_GRID_20260810_V3_T070_A032:073:0096
retrospective_class_stratified	1	P2_WEEDSGALORE_TRUTH_FREE_PROPOSAL_GRID_20260810_V3_T070_A032:073:0119
retrospective_class_stratified	1	P2_WEEDSGALORE_TRUTH_FREE_PROPOSAL_GRID_20260810_V3_T070_A032:074:0024
retrospective_class_stratified	1	P2_WEEDSGALORE_TRUTH_FREE_PROPOSAL_GRID_20260810_V3_T070_A032:074:0027
retrospective_class_stratified	1	P2_WEEDSGALORE_TRUTH_FREE_PROPOSAL_GRID_20260810_V3_T070_A032:074:0031
retrospective_class_stratified	1	P2_WEEDSGALORE_TRUTH_FREE_PROPOSAL_GRID_20260810_V3_T070_A032:074:0070
retrospective_class_stratified	1	P2_WEEDSGALORE_TRUTH_FREE_PROPOSAL_GRID_20260810_V3_T070_A032:074:0136
retrospective_class_stratified	1	P2_WEEDSGALORE_TRUTH_FREE_PROPOSAL_GRID_20260810_V3_T070_A032:077:0039
retrospective_class_stratified	1	P2_WEEDSGALORE_TRUTH_FREE_PROPOSAL_GRID_20260810_V3_T070_A032:077:0057
retrospective_class_stratified	1	P2_WEEDSGALORE_TRUTH_FREE_PROPOSAL_GRID_20260810_V3_T070_A032:077:0071
retrospective_class_stratified	1	P2_WEEDSGALORE_TRUTH_FREE_PROPOSAL_GRID_20260810_V3_T070_A032:077:0140
retrospective_class_stratified	1	P2_WEEDSGALORE_TRUTH_FREE_PROPOSAL_GRID_20260810_V3_T070_A032:077:0150
retrospective_class_stratified	1	P2_WEEDSGALORE_TRUTH_FREE_PROPOSAL_GRID_20260810_V3_T070_A032:077:0160
retrospective_class_stratified	1	P2_WEEDSGALORE_TRUTH_FREE_PROPOSAL_GRID_20260810_V3_T070_A032:077:0176
retrospective_class_stratified	1	P2_WEEDSGALORE_TRUTH_FREE_PROPOSAL_GRID_20260810_V3_T070_A032:078:0012
retrospective_class_stratified	1	P2_WEEDSGALORE_TRUTH_FREE_PROPOSAL_GRID_20260810_V3_T070_A032:078:0068
retrospective_class_stratified	1	P2_WEEDSGALORE_TRUTH_FREE_PROPOSAL_GRID_20260810_V3_T070_A032:078:0108
retrospective_class_stratified	1	P2_WEEDSGALORE_TRUTH_FREE_PROPOSAL_GRID_20260810_V3_T070_A032:078:0144
retrospective_class_stratified	1	P2_WEEDSGALORE_TRUTH_FREE_PROPOSAL_GRID_20260810_V3_T070_A032:080:0100
retrospective_class_stratified	1	P2_WEEDSGALORE_TRUTH_FREE_PROPOSAL_GRID_20260810_V3_T070_A032:080:0132
retrospective_class_stratified	1	P2_WEEDSGALORE_TRUTH_FREE_PROPOSAL_GRID_20260810_V3_T070_A032:081:0043
retrospective_class_stratified	1	P2_WEEDSGALORE_TRUTH_FREE_PROPOSAL_GRID_20260810_V3_T070_A032:083:0006
retrospective_class_stratified	1	P2_WEEDSGALORE_TRUTH_FREE_PROPOSAL_GRID_20260810_V3_T070_A032:083:0029
retrospective_class_stratified	1	P2_WEEDSGALORE_TRUTH_FREE_PROPOSAL_GRID_20260810_V3_T070_A032:083:0058
retrospective_class_stratified	1	P2_WEEDSGALORE_TRUTH_FREE_PROPOSAL_GRID_20260810_V3_T070_A032:083:0076
retrospective_class_stratified	1	P2_WEEDSGALORE_TRUTH_FREE_PROPOSAL_GRID_20260810_V3_T070_A032:084:0020
retrospective_class_stratified	1	P2_WEEDSGALORE_TRUTH_FREE_PROPOSAL_GRID_20260810_V3_T070_A032:084:0024
retrospective_class_stratified	1	P2_WEEDSGALORE_TRUTH_FREE_PROPOSAL_GRID_20260810_V3_T070_A032:084:0048
retrospective_class_stratified	1	P2_WEEDSGALORE_TRUTH_FREE_PROPOSAL_GRID_20260810_V3_T070_A032:084:0052
retrospective_class_stratified	1	P2_WEEDSGALORE_TRUTH_FREE_PROPOSAL_GRID_20260810_V3_T070_A032:084:0064
retrospective_class_stratified	1	P2_WEEDSGALORE_TRUTH_FREE_PROPOSAL_GRID_20260810_V3_T070_A032:085:0054
retrospective_class_stratified	1	P2_WEEDSGALORE_TRUTH_FREE_PROPOSAL_GRID_20260810_V3_T070_A032:086:0064
retrospective_class_stratified	1	P2_WEEDSGALORE_TRUTH_FREE_PROPOSAL_GRID_20260810_V3_T070_A032:089:0006
retrospective_class_stratified	1	P2_WEEDSGALORE_TRUTH_FREE_PROPOSAL_GRID_20260810_V3_T070_A032:089:0013
retrospective_class_stratified	1	P2_WEEDSGALORE_TRUTH_FREE_PROPOSAL_GRID_20260810_V3_T070_A032:089:0026
retrospective_class_stratified	1	P2_WEEDSGALORE_TRUTH_FREE_PROPOSAL_GRID_20260810_V3_T070_A032:089:0080
retrospective_class_stratified	1	P2_WEEDSGALORE_TRUTH_FREE_PROPOSAL_GRID_20260810_V3_T070_A032:090:0045
retrospective_class_stratified	1	P2_WEEDSGALORE_TRUTH_FREE_PROPOSAL_GRID_20260810_V3_T070_A032:090:0065
retrospective_class_stratified	1	P2_WEEDSGALORE_TRUTH_FREE_PROPOSAL_GRID_20260810_V3_T070_A032:091:0062
retrospective_class_stratified	1	P2_WEEDSGALORE_TRUTH_FREE_PROPOSAL_GRID_20260810_V3_T070_A032:091:0070
retrospective_class_stratified	1	P2_WEEDSGALORE_TRUTH_FREE_PROPOSAL_GRID_20260810_V3_T070_A032:092:0022
retrospective_class_stratified	1	P2_WEEDSGALORE_TRUTH_FREE_PROPOSAL_GRID_20260810_V3_T070_A032:092:0060
retrospective_class_stratified	1	P2_WEEDSGALORE_TRUTH_FREE_PROPOSAL_GRID_20260810_V3_T070_A032:093:0024
retrospective_class_stratified	1	P2_WEEDSGALORE_TRUTH_FREE_PROPOSAL_GRID_20260810_V3_T070_A032:093:0027
retrospective_class_stratified	1	P2_WEEDSGALORE_TRUTH_FREE_PROPOSAL_GRID_20260810_V3_T070_A032:093:0031
retrospective_class_stratified	1	P2_WEEDSGALORE_TRUTH_FREE_PROPOSAL_GRID_20260810_V3_T070_A032:093:0037
retrospective_class_stratified	1	P2_WEEDSGALORE_TRUTH_FREE_PROPOSAL_GRID_20260810_V3_T070_A032:093:0042
retrospective_class_stratified	1	P2_WEEDSGALORE_TRUTH_FREE_PROPOSAL_GRID_20260810_V3_T070_A032:094:0056
retrospective_class_stratified	1	P2_WEEDSGALORE_TRUTH_FREE_PROPOSAL_GRID_20260810_V3_T070_A032:094:0060
retrospective_class_stratified	1	P2_WEEDSGALORE_TRUTH_FREE_PROPOSAL_GRID_20260810_V3_T070_A032:101:0015
retrospective_class_stratified	1	P2_WEEDSGALORE_TRUTH_FREE_PROPOSAL_GRID_20260810_V3_T070_A032:101:0032
retrospective_class_stratified	1	P2_WEEDSGALORE_TRUTH_FREE_PROPOSAL_GRID_20260810_V3_T070_A032:101:0043
retrospective_class_stratified	1	P2_WEEDSGALORE_TRUTH_FREE_PROPOSAL_GRID_20260810_V3_T070_A032:101:0058
retrospective_class_stratified	1	P2_WEEDSGALORE_TRUTH_FREE_PROPOSAL_GRID_20260810_V3_T070_A032:101:0077
retrospective_class_stratified	1	P2_WEEDSGALORE_TRUTH_FREE_PROPOSAL_GRID_20260810_V3_T070_A032:102:0027
retrospective_class_stratified	1	P2_WEEDSGALORE_TRUTH_FREE_PROPOSAL_GRID_20260810_V3_T070_A032:103:0004
retrospective_class_stratified	1	P2_WEEDSGALORE_TRUTH_FREE_PROPOSAL_GRID_20260810_V3_T070_A032:103:0006
retrospective_class_stratified	1	P2_WEEDSGALORE_TRUTH_FREE_PROPOSAL_GRID_20260810_V3_T070_A032:103:0027
retrospective_class_stratified	1	P2_WEEDSGALORE_TRUTH_FREE_PROPOSAL_GRID_20260810_V3_T070_A032:103:0035
retrospective_class_stratified	1	P2_WEEDSGALORE_TRUTH_FREE_PROPOSAL_GRID_20260810_V3_T070_A032:103:0047
retrospective_class_stratified	1	P2_WEEDSGALORE_TRUTH_FREE_PROPOSAL_GRID_20260810_V3_T070_A032:104:0033
retrospective_class_stratified	1	P2_WEEDSGALORE_TRUTH_FREE_PROPOSAL_GRID_20260810_V3_T070_A032:106:0055
retrospective_class_stratified	1	P2_WEEDSGALORE_TRUTH_FREE_PROPOSAL_GRID_20260810_V3_T070_A032:107:0010
retrospective_class_stratified	1	P2_WEEDSGALORE_TRUTH_FREE_PROPOSAL_GRID_20260810_V3_T070_A032:108:0057
retrospective_class_stratified	1	P2_WEEDSGALORE_TRUTH_FREE_PROPOSAL_GRID_20260810_V3_T070_A032:108:0060
retrospective_class_stratified	1	P2_WEEDSGALORE_TRUTH_FREE_PROPOSAL_GRID_20260810_V3_T070_A032:108:0062
retrospective_class_stratified	1	P2_WEEDSGALORE_TRUTH_FREE_PROPOSAL_GRID_20260810_V3_T070_A032:108:0080
retrospective_class_stratified	1	P2_WEEDSGALORE_TRUTH_FREE_PROPOSAL_GRID_20260810_V3_T070_A032:109:0009
retrospective_class_stratified	1	P2_WEEDSGALORE_TRUTH_FREE_PROPOSAL_GRID_20260810_V3_T070_A032:109:0026
retrospective_class_stratified	1	P2_WEEDSGALORE_TRUTH_FREE_PROPOSAL_GRID_20260810_V3_T070_A032:110:0002
retrospective_class_stratified	1	P2_WEEDSGALORE_TRUTH_FREE_PROPOSAL_GRID_20260810_V3_T070_A032:110:0003
retrospective_class_stratified	1	P2_WEEDSGALORE_TRUTH_FREE_PROPOSAL_GRID_20260810_V3_T070_A032:110:0071
retrospective_class_stratified	1	P2_WEEDSGALORE_TRUTH_FREE_PROPOSAL_GRID_20260810_V3_T070_A032:110:0081
retrospective_class_stratified	1	P2_WEEDSGALORE_TRUTH_FREE_PROPOSAL_GRID_20260810_V3_T070_A032:110:0105
retrospective_class_stratified	1	P2_WEEDSGALORE_TRUTH_FREE_PROPOSAL_GRID_20260810_V3_T070_A032:111:0026
retrospective_class_stratified	1	P2_WEEDSGALORE_TRUTH_FREE_PROPOSAL_GRID_20260810_V3_T070_A032:114:0006
retrospective_class_stratified	1	P2_WEEDSGALORE_TRUTH_FREE_PROPOSAL_GRID_20260810_V3_T070_A032:114:0008
retrospective_class_stratified	1	P2_WEEDSGALORE_TRUTH_FREE_PROPOSAL_GRID_20260810_V3_T070_A032:114:0018
retrospective_class_stratified	1	P2_WEEDSGALORE_TRUTH_FREE_PROPOSAL_GRID_20260810_V3_T070_A032:114:0042
retrospective_class_stratified	1	P2_WEEDSGALORE_TRUTH_FREE_PROPOSAL_GRID_20260810_V3_T070_A032:114:0050
retrospective_class_stratified	1	P2_WEEDSGALORE_TRUTH_FREE_PROPOSAL_GRID_20260810_V3_T070_A032:114:0053
retrospective_class_stratified	1	P2_WEEDSGALORE_TRUTH_FREE_PROPOSAL_GRID_20260810_V3_T070_A032:115:0033
retrospective_class_stratified	1	P2_WEEDSGALORE_TRUTH_FREE_PROPOSAL_GRID_20260810_V3_T070_A032:115:0044
retrospective_class_stratified	1	P2_WEEDSGALORE_TRUTH_FREE_PROPOSAL_GRID_20260810_V3_T070_A032:115:0047
retrospective_class_stratified	1	P2_WEEDSGALORE_TRUTH_FREE_PROPOSAL_GRID_20260810_V3_T070_A032:115:0054
retrospective_class_stratified	1	P2_WEEDSGALORE_TRUTH_FREE_PROPOSAL_GRID_20260810_V3_T070_A032:115:0063
retrospective_class_stratified	1	P2_WEEDSGALORE_TRUTH_FREE_PROPOSAL_GRID_20260810_V3_T070_A032:115:0070
retrospective_class_stratified	1	P2_WEEDSGALORE_TRUTH_FREE_PROPOSAL_GRID_20260810_V3_T070_A032:116:0015
retrospective_class_stratified	1	P2_WEEDSGALORE_TRUTH_FREE_PROPOSAL_GRID_20260810_V3_T070_A032:116:0031
retrospective_class_stratified	1	P2_WEEDSGALORE_TRUTH_FREE_PROPOSAL_GRID_20260810_V3_T070_A032:116:0088
retrospective_class_stratified	1	P2_WEEDSGALORE_TRUTH_FREE_PROPOSAL_GRID_20260810_V3_T070_A032:119:0041
retrospective_class_stratified	1	P2_WEEDSGALORE_TRUTH_FREE_PROPOSAL_GRID_20260810_V3_T070_A032:119:0045
retrospective_class_stratified	1	P2_WEEDSGALORE_TRUTH_FREE_PROPOSAL_GRID_20260810_V3_T070_A032:119:0070
retrospective_class_stratified	1	P2_WEEDSGALORE_TRUTH_FREE_PROPOSAL_GRID_20260810_V3_T070_A032:119:0084
retrospective_class_stratified	1	P2_WEEDSGALORE_TRUTH_FREE_PROPOSAL_GRID_20260810_V3_T070_A032:120:0012
retrospective_class_stratified	1	P2_WEEDSGALORE_TRUTH_FREE_PROPOSAL_GRID_20260810_V3_T070_A032:120:0018
retrospective_class_stratified	1	P2_WEEDSGALORE_TRUTH_FREE_PROPOSAL_GRID_20260810_V3_T070_A032:121:0018
retrospective_class_stratified	1	P2_WEEDSGALORE_TRUTH_FREE_PROPOSAL_GRID_20260810_V3_T070_A032:121:0032
retrospective_class_stratified	1	P2_WEEDSGALORE_TRUTH_FREE_PROPOSAL_GRID_20260810_V3_T070_A032:122:0023
retrospective_class_stratified	1	P2_WEEDSGALORE_TRUTH_FREE_PROPOSAL_GRID_20260810_V3_T070_A032:122:0031
retrospective_class_stratified	1	P2_WEEDSGALORE_TRUTH_FREE_PROPOSAL_GRID_20260810_V3_T070_A032:123:0020
retrospective_class_stratified	1	P2_WEEDSGALORE_TRUTH_FREE_PROPOSAL_GRID_20260810_V3_T070_A032:123:0026
retrospective_class_stratified	1	P2_WEEDSGALORE_TRUTH_FREE_PROPOSAL_GRID_20260810_V3_T070_A032:123:0079
retrospective_class_stratified	1	P2_WEEDSGALORE_TRUTH_FREE_PROPOSAL_GRID_20260810_V3_T070_A032:123:0098
retrospective_class_stratified	1	P2_WEEDSGALORE_TRUTH_FREE_PROPOSAL_GRID_20260810_V3_T070_A032:123:0108
retrospective_class_stratified	1	P2_WEEDSGALORE_TRUTH_FREE_PROPOSAL_GRID_20260810_V3_T070_A032:126:0029
retrospective_class_stratified	1	P2_WEEDSGALORE_TRUTH_FREE_PROPOSAL_GRID_20260810_V3_T070_A032:126:0036
retrospective_class_stratified	1	P2_WEEDSGALORE_TRUTH_FREE_PROPOSAL_GRID_20260810_V3_T070_A032:126:0039
retrospective_class_stratified	1	P2_WEEDSGALORE_TRUTH_FREE_PROPOSAL_GRID_20260810_V3_T070_A032:127:0002
retrospective_class_stratified	1	P2_WEEDSGALORE_TRUTH_FREE_PROPOSAL_GRID_20260810_V3_T070_A032:127:0077
retrospective_class_stratified	1	P2_WEEDSGALORE_TRUTH_FREE_PROPOSAL_GRID_20260810_V3_T070_A032:128:0013
retrospective_class_stratified	1	P2_WEEDSGALORE_TRUTH_FREE_PROPOSAL_GRID_20260810_V3_T070_A032:128:0019
retrospective_class_stratified	1	P2_WEEDSGALORE_TRUTH_FREE_PROPOSAL_GRID_20260810_V3_T070_A032:128:0042
retrospective_class_stratified	1	P2_WEEDSGALORE_TRUTH_FREE_PROPOSAL_GRID_20260810_V3_T070_A032:128:0079
retrospective_class_stratified	1	P2_WEEDSGALORE_TRUTH_FREE_PROPOSAL_GRID_20260810_V3_T070_A032:128:0080
retrospective_class_stratified	1	P2_WEEDSGALORE_TRUTH_FREE_PROPOSAL_GRID_20260810_V3_T070_A032:128:0088
retrospective_class_stratified	1	P2_WEEDSGALORE_TRUTH_FREE_PROPOSAL_GRID_20260810_V3_T070_A032:130:0004
retrospective_class_stratified	1	P2_WEEDSGALORE_TRUTH_FREE_PROPOSAL_GRID_20260810_V3_T070_A032:130:0047
retrospective_class_stratified	1	P2_WEEDSGALORE_TRUTH_FREE_PROPOSAL_GRID_20260810_V3_T070_A032:131:0035
retrospective_class_stratified	1	P2_WEEDSGALORE_TRUTH_FREE_PROPOSAL_GRID_20260810_V3_T070_A032:133:0038
retrospective_class_stratified	1	P2_WEEDSGALORE_TRUTH_FREE_PROPOSAL_GRID_20260810_V3_T070_A032:133:0048
retrospective_class_stratified	1	P2_WEEDSGALORE_TRUTH_FREE_PROPOSAL_GRID_20260810_V3_T070_A032:134:0002
retrospective_class_stratified	1	P2_WEEDSGALORE_TRUTH_FREE_PROPOSAL_GRID_20260810_V3_T070_A032:134:0003
retrospective_class_stratified	1	P2_WEEDSGALORE_TRUTH_FREE_PROPOSAL_GRID_20260810_V3_T070_A032:134:0049
retrospective_class_stratified	1	P2_WEEDSGALORE_TRUTH_FREE_PROPOSAL_GRID_20260810_V3_T070_A032:134:0051
retrospective_class_stratified	1	P2_WEEDSGALORE_TRUTH_FREE_PROPOSAL_GRID_20260810_V3_T070_A032:134:0089
retrospective_class_stratified	1	P2_WEEDSGALORE_TRUTH_FREE_PROPOSAL_GRID_20260810_V3_T070_A032:135:0022
retrospective_class_stratified	1	P2_WEEDSGALORE_TRUTH_FREE_PROPOSAL_GRID_20260810_V3_T070_A032:135:0041
retrospective_class_stratified	1	P2_WEEDSGALORE_TRUTH_FREE_PROPOSAL_GRID_20260810_V3_T070_A032:135:0044
retrospective_class_stratified	1	P2_WEEDSGALORE_TRUTH_FREE_PROPOSAL_GRID_20260810_V3_T070_A032:135:0061
retrospective_class_stratified	1	P2_WEEDSGALORE_TRUTH_FREE_PROPOSAL_GRID_20260810_V3_T070_A032:136:0005
retrospective_class_stratified	1	P2_WEEDSGALORE_TRUTH_FREE_PROPOSAL_GRID_20260810_V3_T070_A032:136:0007
retrospective_class_stratified	1	P2_WEEDSGALORE_TRUTH_FREE_PROPOSAL_GRID_20260810_V3_T070_A032:136:0014
retrospective_class_stratified	1	P2_WEEDSGALORE_TRUTH_FREE_PROPOSAL_GRID_20260810_V3_T070_A032:136:0015
retrospective_class_stratified	1	P2_WEEDSGALORE_TRUTH_FREE_PROPOSAL_GRID_20260810_V3_T070_A032:136:0016
retrospective_class_stratified	1	P2_WEEDSGALORE_TRUTH_FREE_PROPOSAL_GRID_20260810_V3_T070_A032:136:0027
retrospective_class_stratified	1	P2_WEEDSGALORE_TRUTH_FREE_PROPOSAL_GRID_20260810_V3_T070_A032:136:0033
retrospective_class_stratified	1	P2_WEEDSGALORE_TRUTH_FREE_PROPOSAL_GRID_20260810_V3_T070_A032:139:0009
retrospective_class_stratified	1	P2_WEEDSGALORE_TRUTH_FREE_PROPOSAL_GRID_20260810_V3_T070_A032:139:0023
retrospective_class_stratified	1	P2_WEEDSGALORE_TRUTH_FREE_PROPOSAL_GRID_20260810_V3_T070_A032:139:0027
retrospective_class_stratified	1	P2_WEEDSGALORE_TRUTH_FREE_PROPOSAL_GRID_20260810_V3_T070_A032:139:0030
retrospective_class_stratified	1	P2_WEEDSGALORE_TRUTH_FREE_PROPOSAL_GRID_20260810_V3_T070_A032:139:0072
retrospective_class_stratified	1	P2_WEEDSGALORE_TRUTH_FREE_PROPOSAL_GRID_20260810_V3_T070_A032:139:0083
retrospective_class_stratified	1	P2_WEEDSGALORE_TRUTH_FREE_PROPOSAL_GRID_20260810_V3_T070_A032:139:0084
retrospective_class_stratified	1	P2_WEEDSGALORE_TRUTH_FREE_PROPOSAL_GRID_20260810_V3_T070_A032:142:0001
retrospective_class_stratified	1	P2_WEEDSGALORE_TRUTH_FREE_PROPOSAL_GRID_20260810_V3_T070_A032:142:0004
retrospective_class_stratified	1	P2_WEEDSGALORE_TRUTH_FREE_PROPOSAL_GRID_20260810_V3_T070_A032:142:0024
retrospective_class_stratified	1	P2_WEEDSGALORE_TRUTH_FREE_PROPOSAL_GRID_20260810_V3_T070_A032:142:0025
retrospective_class_stratified	1	P2_WEEDSGALORE_TRUTH_FREE_PROPOSAL_GRID_20260810_V3_T070_A032:142:0041
retrospective_class_stratified	1	P2_WEEDSGALORE_TRUTH_FREE_PROPOSAL_GRID_20260810_V3_T070_A032:142:0068
retrospective_class_stratified	1	P2_WEEDSGALORE_TRUTH_FREE_PROPOSAL_GRID_20260810_V3_T070_A032:142:0072
retrospective_class_stratified	1	P2_WEEDSGALORE_TRUTH_FREE_PROPOSAL_GRID_20260810_V3_T070_A032:143:0013
retrospective_class_stratified	1	P2_WEEDSGALORE_TRUTH_FREE_PROPOSAL_GRID_20260810_V3_T070_A032:143:0027
retrospective_class_stratified	1	P2_WEEDSGALORE_TRUTH_FREE_PROPOSAL_GRID_20260810_V3_T070_A032:143:0039
retrospective_class_stratified	1	P2_WEEDSGALORE_TRUTH_FREE_PROPOSAL_GRID_20260810_V3_T070_A032:143:0062
retrospective_class_stratified	1	P2_WEEDSGALORE_TRUTH_FREE_PROPOSAL_GRID_20260810_V3_T070_A032:143:0072
retrospective_class_stratified	1	P2_WEEDSGALORE_TRUTH_FREE_PROPOSAL_GRID_20260810_V3_T070_A032:144:0022
retrospective_class_stratified	1	P2_WEEDSGALORE_TRUTH_FREE_PROPOSAL_GRID_20260810_V3_T070_A032:144:0032
retrospective_class_stratified	1	P2_WEEDSGALORE_TRUTH_FREE_PROPOSAL_GRID_20260810_V3_T070_A032:144:0054
retrospective_class_stratified	1	P2_WEEDSGALORE_TRUTH_FREE_PROPOSAL_GRID_20260810_V3_T070_A032:144:0055
retrospective_class_stratified	1	P2_WEEDSGALORE_TRUTH_FREE_PROPOSAL_GRID_20260810_V3_T070_A032:145:0012
retrospective_class_stratified	1	P2_WEEDSGALORE_TRUTH_FREE_PROPOSAL_GRID_20260810_V3_T070_A032:145:0026
retrospective_class_stratified	1	P2_WEEDSGALORE_TRUTH_FREE_PROPOSAL_GRID_20260810_V3_T070_A032:146:0022
retrospective_class_stratified	1	P2_WEEDSGALORE_TRUTH_FREE_PROPOSAL_GRID_20260810_V3_T070_A032:146:0026
retrospective_class_stratified	1	P2_WEEDSGALORE_TRUTH_FREE_PROPOSAL_GRID_20260810_V3_T070_A032:148:0018
retrospective_class_stratified	1	P2_WEEDSGALORE_TRUTH_FREE_PROPOSAL_GRID_20260810_V3_T070_A032:151:0015
retrospective_class_stratified	1	P2_WEEDSGALORE_TRUTH_FREE_PROPOSAL_GRID_20260810_V3_T070_A032:153:0008
retrospective_class_stratified	1	P2_WEEDSGALORE_TRUTH_FREE_PROPOSAL_GRID_20260810_V3_T070_A032:153:0019
retrospective_class_stratified	1	P2_WEEDSGALORE_TRUTH_FREE_PROPOSAL_GRID_20260810_V3_T070_A032:153:0020
retrospective_class_stratified	1	P2_WEEDSGALORE_TRUTH_FREE_PROPOSAL_GRID_20260810_V3_T070_A032:153:0047
retrospective_class_stratified	1	P2_WEEDSGALORE_TRUTH_FREE_PROPOSAL_GRID_20260810_V3_T070_A032:153:0057
retrospective_class_stratified	1	P2_WEEDSGALORE_TRUTH_FREE_PROPOSAL_GRID_20260810_V3_T070_A032:153:0063
retrospective_class_stratified	1	P2_WEEDSGALORE_TRUTH_FREE_PROPOSAL_GRID_20260810_V3_T070_A032:153:0077
retrospective_class_stratified	1	P2_WEEDSGALORE_TRUTH_FREE_PROPOSAL_GRID_20260810_V3_T070_A032:153:0085
retrospective_class_stratified	1	P2_WEEDSGALORE_TRUTH_FREE_PROPOSAL_GRID_20260810_V3_T070_A032:153:0087
retrospective_class_stratified	1	P2_WEEDSGALORE_TRUTH_FREE_PROPOSAL_GRID_20260810_V3_T070_A032:155:0047
retrospective_class_stratified	1	P2_WEEDSGALORE_TRUTH_FREE_PROPOSAL_GRID_20260810_V3_T070_A032:155:0048
retrospective_class_stratified	1	P2_WEEDSGALORE_TRUTH_FREE_PROPOSAL_GRID_20260810_V3_T070_A032:155:0054
retrospective_class_stratified	1	P2_WEEDSGALORE_TRUTH_FREE_PROPOSAL_GRID_20260810_V3_T070_A032:155:0088
retrospective_class_stratified	1	P2_WEEDSGALORE_TRUTH_FREE_PROPOSAL_GRID_20260810_V3_T070_A032:156:0008
retrospective_class_stratified	1	P2_WEEDSGALORE_TRUTH_FREE_PROPOSAL_GRID_20260810_V3_T070_A032:156:0028
retrospective_class_stratified	1	P2_WEEDSGALORE_TRUTH_FREE_PROPOSAL_GRID_20260810_V3_T070_A032:156:0030
retrospective_class_stratified	1	P2_WEEDSGALORE_TRUTH_FREE_PROPOSAL_GRID_20260810_V3_T070_A032:156:0034
retrospective_class_stratified	1	P2_WEEDSGALORE_TRUTH_FREE_PROPOSAL_GRID_20260810_V3_T070_A032:156:0036
retrospective_class_stratified	1	P2_WEEDSGALORE_TRUTH_FREE_PROPOSAL_GRID_20260810_V3_T070_A032:156:0048
retrospective_class_stratified	1	P2_WEEDSGALORE_TRUTH_FREE_PROPOSAL_GRID_20260810_V3_T070_A032:156:0050
retrospective_class_stratified	1	P2_WEEDSGALORE_TRUTH_FREE_PROPOSAL_GRID_20260810_V3_T070_A032:156:0056
prospective_uniform	2	P2_WEEDSGALORE_TRUTH_FREE_PROPOSAL_GRID_20260810_V3_T070_A032:004:0046
prospective_uniform	2	P2_WEEDSGALORE_TRUTH_FREE_PROPOSAL_GRID_20260810_V3_T070_A032:004:0049
prospective_uniform	2	P2_WEEDSGALORE_TRUTH_FREE_PROPOSAL_GRID_20260810_V3_T070_A032:004:0052
prospective_uniform	2	P2_WEEDSGALORE_TRUTH_FREE_PROPOSAL_GRID_20260810_V3_T070_A032:004:0063
prospective_uniform	2	P2_WEEDSGALORE_TRUTH_FREE_PROPOSAL_GRID_20260810_V3_T070_A032:005:0015
prospective_uniform	2	P2_WEEDSGALORE_TRUTH_FREE_PROPOSAL_GRID_20260810_V3_T070_A032:005:0035
prospective_uniform	2	P2_WEEDSGALORE_TRUTH_FREE_PROPOSAL_GRID_20260810_V3_T070_A032:005:0070
prospective_uniform	2	P2_WEEDSGALORE_TRUTH_FREE_PROPOSAL_GRID_20260810_V3_T070_A032:005:0099
prospective_uniform	2	P2_WEEDSGALORE_TRUTH_FREE_PROPOSAL_GRID_20260810_V3_T070_A032:005:0145
prospective_uniform	2	P2_WEEDSGALORE_TRUTH_FREE_PROPOSAL_GRID_20260810_V3_T070_A032:006:0044
prospective_uniform	2	P2_WEEDSGALORE_TRUTH_FREE_PROPOSAL_GRID_20260810_V3_T070_A032:006:0071
prospective_uniform	2	P2_WEEDSGALORE_TRUTH_FREE_PROPOSAL_GRID_20260810_V3_T070_A032:006:0084
prospective_uniform	2	P2_WEEDSGALORE_TRUTH_FREE_PROPOSAL_GRID_20260810_V3_T070_A032:006:0136
prospective_uniform	2	P2_WEEDSGALORE_TRUTH_FREE_PROPOSAL_GRID_20260810_V3_T070_A032:006:0192
prospective_uniform	2	P2_WEEDSGALORE_TRUTH_FREE_PROPOSAL_GRID_20260810_V3_T070_A032:006:0226
prospective_uniform	2	P2_WEEDSGALORE_TRUTH_FREE_PROPOSAL_GRID_20260810_V3_T070_A032:006:0240
prospective_uniform	2	P2_WEEDSGALORE_TRUTH_FREE_PROPOSAL_GRID_20260810_V3_T070_A032:006:0241
prospective_uniform	2	P2_WEEDSGALORE_TRUTH_FREE_PROPOSAL_GRID_20260810_V3_T070_A032:006:0251
prospective_uniform	2	P2_WEEDSGALORE_TRUTH_FREE_PROPOSAL_GRID_20260810_V3_T070_A032:006:0258
prospective_uniform	2	P2_WEEDSGALORE_TRUTH_FREE_PROPOSAL_GRID_20260810_V3_T070_A032:006:0260
prospective_uniform	2	P2_WEEDSGALORE_TRUTH_FREE_PROPOSAL_GRID_20260810_V3_T070_A032:006:0263
prospective_uniform	2	P2_WEEDSGALORE_TRUTH_FREE_PROPOSAL_GRID_20260810_V3_T070_A032:009:0054
prospective_uniform	2	P2_WEEDSGALORE_TRUTH_FREE_PROPOSAL_GRID_20260810_V3_T070_A032:009:0058
prospective_uniform	2	P2_WEEDSGALORE_TRUTH_FREE_PROPOSAL_GRID_20260810_V3_T070_A032:009:0061
prospective_uniform	2	P2_WEEDSGALORE_TRUTH_FREE_PROPOSAL_GRID_20260810_V3_T070_A032:010:0008
prospective_uniform	2	P2_WEEDSGALORE_TRUTH_FREE_PROPOSAL_GRID_20260810_V3_T070_A032:010:0018
prospective_uniform	2	P2_WEEDSGALORE_TRUTH_FREE_PROPOSAL_GRID_20260810_V3_T070_A032:010:0044
prospective_uniform	2	P2_WEEDSGALORE_TRUTH_FREE_PROPOSAL_GRID_20260810_V3_T070_A032:010:0069
prospective_uniform	2	P2_WEEDSGALORE_TRUTH_FREE_PROPOSAL_GRID_20260810_V3_T070_A032:010:0082
prospective_uniform	2	P2_WEEDSGALORE_TRUTH_FREE_PROPOSAL_GRID_20260810_V3_T070_A032:010:0102
prospective_uniform	2	P2_WEEDSGALORE_TRUTH_FREE_PROPOSAL_GRID_20260810_V3_T070_A032:010:0111
prospective_uniform	2	P2_WEEDSGALORE_TRUTH_FREE_PROPOSAL_GRID_20260810_V3_T070_A032:010:0181
prospective_uniform	2	P2_WEEDSGALORE_TRUTH_FREE_PROPOSAL_GRID_20260810_V3_T070_A032:010:0217
prospective_uniform	2	P2_WEEDSGALORE_TRUTH_FREE_PROPOSAL_GRID_20260810_V3_T070_A032:011:0034
prospective_uniform	2	P2_WEEDSGALORE_TRUTH_FREE_PROPOSAL_GRID_20260810_V3_T070_A032:011:0087
prospective_uniform	2	P2_WEEDSGALORE_TRUTH_FREE_PROPOSAL_GRID_20260810_V3_T070_A032:011:0126
prospective_uniform	2	P2_WEEDSGALORE_TRUTH_FREE_PROPOSAL_GRID_20260810_V3_T070_A032:012:0040
prospective_uniform	2	P2_WEEDSGALORE_TRUTH_FREE_PROPOSAL_GRID_20260810_V3_T070_A032:012:0041
prospective_uniform	2	P2_WEEDSGALORE_TRUTH_FREE_PROPOSAL_GRID_20260810_V3_T070_A032:012:0050
prospective_uniform	2	P2_WEEDSGALORE_TRUTH_FREE_PROPOSAL_GRID_20260810_V3_T070_A032:012:0057
prospective_uniform	2	P2_WEEDSGALORE_TRUTH_FREE_PROPOSAL_GRID_20260810_V3_T070_A032:012:0076
prospective_uniform	2	P2_WEEDSGALORE_TRUTH_FREE_PROPOSAL_GRID_20260810_V3_T070_A032:012:0106
prospective_uniform	2	P2_WEEDSGALORE_TRUTH_FREE_PROPOSAL_GRID_20260810_V3_T070_A032:013:0033
prospective_uniform	2	P2_WEEDSGALORE_TRUTH_FREE_PROPOSAL_GRID_20260810_V3_T070_A032:013:0035
prospective_uniform	2	P2_WEEDSGALORE_TRUTH_FREE_PROPOSAL_GRID_20260810_V3_T070_A032:014:0016
prospective_uniform	2	P2_WEEDSGALORE_TRUTH_FREE_PROPOSAL_GRID_20260810_V3_T070_A032:018:0026
prospective_uniform	2	P2_WEEDSGALORE_TRUTH_FREE_PROPOSAL_GRID_20260810_V3_T070_A032:018:0053
prospective_uniform	2	P2_WEEDSGALORE_TRUTH_FREE_PROPOSAL_GRID_20260810_V3_T070_A032:018:0102
prospective_uniform	2	P2_WEEDSGALORE_TRUTH_FREE_PROPOSAL_GRID_20260810_V3_T070_A032:018:0110
prospective_uniform	2	P2_WEEDSGALORE_TRUTH_FREE_PROPOSAL_GRID_20260810_V3_T070_A032:018:0112
prospective_uniform	2	P2_WEEDSGALORE_TRUTH_FREE_PROPOSAL_GRID_20260810_V3_T070_A032:018:0162
prospective_uniform	2	P2_WEEDSGALORE_TRUTH_FREE_PROPOSAL_GRID_20260810_V3_T070_A032:018:0175
prospective_uniform	2	P2_WEEDSGALORE_TRUTH_FREE_PROPOSAL_GRID_20260810_V3_T070_A032:018:0187
prospective_uniform	2	P2_WEEDSGALORE_TRUTH_FREE_PROPOSAL_GRID_20260810_V3_T070_A032:020:0022
prospective_uniform	2	P2_WEEDSGALORE_TRUTH_FREE_PROPOSAL_GRID_20260810_V3_T070_A032:020:0024
prospective_uniform	2	P2_WEEDSGALORE_TRUTH_FREE_PROPOSAL_GRID_20260810_V3_T070_A032:023:0027
prospective_uniform	2	P2_WEEDSGALORE_TRUTH_FREE_PROPOSAL_GRID_20260810_V3_T070_A032:023:0030
prospective_uniform	2	P2_WEEDSGALORE_TRUTH_FREE_PROPOSAL_GRID_20260810_V3_T070_A032:023:0052
prospective_uniform	2	P2_WEEDSGALORE_TRUTH_FREE_PROPOSAL_GRID_20260810_V3_T070_A032:024:0016
prospective_uniform	2	P2_WEEDSGALORE_TRUTH_FREE_PROPOSAL_GRID_20260810_V3_T070_A032:024:0124
prospective_uniform	2	P2_WEEDSGALORE_TRUTH_FREE_PROPOSAL_GRID_20260810_V3_T070_A032:025:0075
prospective_uniform	2	P2_WEEDSGALORE_TRUTH_FREE_PROPOSAL_GRID_20260810_V3_T070_A032:026:0001
prospective_uniform	2	P2_WEEDSGALORE_TRUTH_FREE_PROPOSAL_GRID_20260810_V3_T070_A032:026:0018
prospective_uniform	2	P2_WEEDSGALORE_TRUTH_FREE_PROPOSAL_GRID_20260810_V3_T070_A032:030:0015
prospective_uniform	2	P2_WEEDSGALORE_TRUTH_FREE_PROPOSAL_GRID_20260810_V3_T070_A032:031:0017
prospective_uniform	2	P2_WEEDSGALORE_TRUTH_FREE_PROPOSAL_GRID_20260810_V3_T070_A032:032:0054
prospective_uniform	2	P2_WEEDSGALORE_TRUTH_FREE_PROPOSAL_GRID_20260810_V3_T070_A032:034:0011
prospective_uniform	2	P2_WEEDSGALORE_TRUTH_FREE_PROPOSAL_GRID_20260810_V3_T070_A032:034:0030
prospective_uniform	2	P2_WEEDSGALORE_TRUTH_FREE_PROPOSAL_GRID_20260810_V3_T070_A032:034:0048
prospective_uniform	2	P2_WEEDSGALORE_TRUTH_FREE_PROPOSAL_GRID_20260810_V3_T070_A032:034:0061
prospective_uniform	2	P2_WEEDSGALORE_TRUTH_FREE_PROPOSAL_GRID_20260810_V3_T070_A032:034:0100
prospective_uniform	2	P2_WEEDSGALORE_TRUTH_FREE_PROPOSAL_GRID_20260810_V3_T070_A032:034:0140
prospective_uniform	2	P2_WEEDSGALORE_TRUTH_FREE_PROPOSAL_GRID_20260810_V3_T070_A032:034:0159
prospective_uniform	2	P2_WEEDSGALORE_TRUTH_FREE_PROPOSAL_GRID_20260810_V3_T070_A032:035:0021
prospective_uniform	2	P2_WEEDSGALORE_TRUTH_FREE_PROPOSAL_GRID_20260810_V3_T070_A032:035:0049
prospective_uniform	2	P2_WEEDSGALORE_TRUTH_FREE_PROPOSAL_GRID_20260810_V3_T070_A032:035:0063
prospective_uniform	2	P2_WEEDSGALORE_TRUTH_FREE_PROPOSAL_GRID_20260810_V3_T070_A032:037:0002
prospective_uniform	2	P2_WEEDSGALORE_TRUTH_FREE_PROPOSAL_GRID_20260810_V3_T070_A032:037:0013
prospective_uniform	2	P2_WEEDSGALORE_TRUTH_FREE_PROPOSAL_GRID_20260810_V3_T070_A032:037:0014
prospective_uniform	2	P2_WEEDSGALORE_TRUTH_FREE_PROPOSAL_GRID_20260810_V3_T070_A032:037:0015
prospective_uniform	2	P2_WEEDSGALORE_TRUTH_FREE_PROPOSAL_GRID_20260810_V3_T070_A032:037:0049
prospective_uniform	2	P2_WEEDSGALORE_TRUTH_FREE_PROPOSAL_GRID_20260810_V3_T070_A032:038:0006
prospective_uniform	2	P2_WEEDSGALORE_TRUTH_FREE_PROPOSAL_GRID_20260810_V3_T070_A032:038:0022
prospective_uniform	2	P2_WEEDSGALORE_TRUTH_FREE_PROPOSAL_GRID_20260810_V3_T070_A032:038:0038
prospective_uniform	2	P2_WEEDSGALORE_TRUTH_FREE_PROPOSAL_GRID_20260810_V3_T070_A032:038:0039
prospective_uniform	2	P2_WEEDSGALORE_TRUTH_FREE_PROPOSAL_GRID_20260810_V3_T070_A032:040:0008
prospective_uniform	2	P2_WEEDSGALORE_TRUTH_FREE_PROPOSAL_GRID_20260810_V3_T070_A032:043:0025
prospective_uniform	2	P2_WEEDSGALORE_TRUTH_FREE_PROPOSAL_GRID_20260810_V3_T070_A032:043:0029
prospective_uniform	2	P2_WEEDSGALORE_TRUTH_FREE_PROPOSAL_GRID_20260810_V3_T070_A032:043:0061
prospective_uniform	2	P2_WEEDSGALORE_TRUTH_FREE_PROPOSAL_GRID_20260810_V3_T070_A032:046:0029
prospective_uniform	2	P2_WEEDSGALORE_TRUTH_FREE_PROPOSAL_GRID_20260810_V3_T070_A032:047:0021
prospective_uniform	2	P2_WEEDSGALORE_TRUTH_FREE_PROPOSAL_GRID_20260810_V3_T070_A032:048:0015
prospective_uniform	2	P2_WEEDSGALORE_TRUTH_FREE_PROPOSAL_GRID_20260810_V3_T070_A032:048:0042
prospective_uniform	2	P2_WEEDSGALORE_TRUTH_FREE_PROPOSAL_GRID_20260810_V3_T070_A032:048:0048
prospective_uniform	2	P2_WEEDSGALORE_TRUTH_FREE_PROPOSAL_GRID_20260810_V3_T070_A032:051:0011
prospective_uniform	2	P2_WEEDSGALORE_TRUTH_FREE_PROPOSAL_GRID_20260810_V3_T070_A032:051:0027
prospective_uniform	2	P2_WEEDSGALORE_TRUTH_FREE_PROPOSAL_GRID_20260810_V3_T070_A032:051:0049
prospective_uniform	2	P2_WEEDSGALORE_TRUTH_FREE_PROPOSAL_GRID_20260810_V3_T070_A032:051:0068
prospective_uniform	2	P2_WEEDSGALORE_TRUTH_FREE_PROPOSAL_GRID_20260810_V3_T070_A032:052:0031
prospective_uniform	2	P2_WEEDSGALORE_TRUTH_FREE_PROPOSAL_GRID_20260810_V3_T070_A032:052:0032
prospective_uniform	2	P2_WEEDSGALORE_TRUTH_FREE_PROPOSAL_GRID_20260810_V3_T070_A032:052:0061
prospective_uniform	2	P2_WEEDSGALORE_TRUTH_FREE_PROPOSAL_GRID_20260810_V3_T070_A032:052:0157
prospective_uniform	2	P2_WEEDSGALORE_TRUTH_FREE_PROPOSAL_GRID_20260810_V3_T070_A032:052:0178
prospective_uniform	2	P2_WEEDSGALORE_TRUTH_FREE_PROPOSAL_GRID_20260810_V3_T070_A032:052:0200
prospective_uniform	2	P2_WEEDSGALORE_TRUTH_FREE_PROPOSAL_GRID_20260810_V3_T070_A032:052:0220
prospective_uniform	2	P2_WEEDSGALORE_TRUTH_FREE_PROPOSAL_GRID_20260810_V3_T070_A032:053:0042
prospective_uniform	2	P2_WEEDSGALORE_TRUTH_FREE_PROPOSAL_GRID_20260810_V3_T070_A032:053:0067
prospective_uniform	2	P2_WEEDSGALORE_TRUTH_FREE_PROPOSAL_GRID_20260810_V3_T070_A032:053:0082
prospective_uniform	2	P2_WEEDSGALORE_TRUTH_FREE_PROPOSAL_GRID_20260810_V3_T070_A032:053:0111
prospective_uniform	2	P2_WEEDSGALORE_TRUTH_FREE_PROPOSAL_GRID_20260810_V3_T070_A032:054:0019
prospective_uniform	2	P2_WEEDSGALORE_TRUTH_FREE_PROPOSAL_GRID_20260810_V3_T070_A032:054:0051
prospective_uniform	2	P2_WEEDSGALORE_TRUTH_FREE_PROPOSAL_GRID_20260810_V3_T070_A032:054:0055
prospective_uniform	2	P2_WEEDSGALORE_TRUTH_FREE_PROPOSAL_GRID_20260810_V3_T070_A032:054:0064
prospective_uniform	2	P2_WEEDSGALORE_TRUTH_FREE_PROPOSAL_GRID_20260810_V3_T070_A032:054:0068
prospective_uniform	2	P2_WEEDSGALORE_TRUTH_FREE_PROPOSAL_GRID_20260810_V3_T070_A032:054:0109
prospective_uniform	2	P2_WEEDSGALORE_TRUTH_FREE_PROPOSAL_GRID_20260810_V3_T070_A032:054:0137
prospective_uniform	2	P2_WEEDSGALORE_TRUTH_FREE_PROPOSAL_GRID_20260810_V3_T070_A032:054:0166
prospective_uniform	2	P2_WEEDSGALORE_TRUTH_FREE_PROPOSAL_GRID_20260810_V3_T070_A032:057:0032
prospective_uniform	2	P2_WEEDSGALORE_TRUTH_FREE_PROPOSAL_GRID_20260810_V3_T070_A032:058:0008
prospective_uniform	2	P2_WEEDSGALORE_TRUTH_FREE_PROPOSAL_GRID_20260810_V3_T070_A032:058:0032
prospective_uniform	2	P2_WEEDSGALORE_TRUTH_FREE_PROPOSAL_GRID_20260810_V3_T070_A032:058:0040
prospective_uniform	2	P2_WEEDSGALORE_TRUTH_FREE_PROPOSAL_GRID_20260810_V3_T070_A032:058:0047
prospective_uniform	2	P2_WEEDSGALORE_TRUTH_FREE_PROPOSAL_GRID_20260810_V3_T070_A032:058:0078
prospective_uniform	2	P2_WEEDSGALORE_TRUTH_FREE_PROPOSAL_GRID_20260810_V3_T070_A032:059:0003
prospective_uniform	2	P2_WEEDSGALORE_TRUTH_FREE_PROPOSAL_GRID_20260810_V3_T070_A032:059:0050
prospective_uniform	2	P2_WEEDSGALORE_TRUTH_FREE_PROPOSAL_GRID_20260810_V3_T070_A032:059:0072
prospective_uniform	2	P2_WEEDSGALORE_TRUTH_FREE_PROPOSAL_GRID_20260810_V3_T070_A032:059:0084
prospective_uniform	2	P2_WEEDSGALORE_TRUTH_FREE_PROPOSAL_GRID_20260810_V3_T070_A032:059:0085
prospective_uniform	2	P2_WEEDSGALORE_TRUTH_FREE_PROPOSAL_GRID_20260810_V3_T070_A032:060:0051
prospective_uniform	2	P2_WEEDSGALORE_TRUTH_FREE_PROPOSAL_GRID_20260810_V3_T070_A032:060:0062
prospective_uniform	2	P2_WEEDSGALORE_TRUTH_FREE_PROPOSAL_GRID_20260810_V3_T070_A032:060:0113
prospective_uniform	2	P2_WEEDSGALORE_TRUTH_FREE_PROPOSAL_GRID_20260810_V3_T070_A032:060:0127
prospective_uniform	2	P2_WEEDSGALORE_TRUTH_FREE_PROPOSAL_GRID_20260810_V3_T070_A032:060:0151
prospective_uniform	2	P2_WEEDSGALORE_TRUTH_FREE_PROPOSAL_GRID_20260810_V3_T070_A032:061:0091
prospective_uniform	2	P2_WEEDSGALORE_TRUTH_FREE_PROPOSAL_GRID_20260810_V3_T070_A032:061:0112
prospective_uniform	2	P2_WEEDSGALORE_TRUTH_FREE_PROPOSAL_GRID_20260810_V3_T070_A032:061:0129
prospective_uniform	2	P2_WEEDSGALORE_TRUTH_FREE_PROPOSAL_GRID_20260810_V3_T070_A032:061:0136
prospective_uniform	2	P2_WEEDSGALORE_TRUTH_FREE_PROPOSAL_GRID_20260810_V3_T070_A032:061:0140
prospective_uniform	2	P2_WEEDSGALORE_TRUTH_FREE_PROPOSAL_GRID_20260810_V3_T070_A032:061:0147
prospective_uniform	2	P2_WEEDSGALORE_TRUTH_FREE_PROPOSAL_GRID_20260810_V3_T070_A032:061:0162
prospective_uniform	2	P2_WEEDSGALORE_TRUTH_FREE_PROPOSAL_GRID_20260810_V3_T070_A032:062:0018
prospective_uniform	2	P2_WEEDSGALORE_TRUTH_FREE_PROPOSAL_GRID_20260810_V3_T070_A032:062:0027
prospective_uniform	2	P2_WEEDSGALORE_TRUTH_FREE_PROPOSAL_GRID_20260810_V3_T070_A032:062:0117
prospective_uniform	2	P2_WEEDSGALORE_TRUTH_FREE_PROPOSAL_GRID_20260810_V3_T070_A032:063:0040
prospective_uniform	2	P2_WEEDSGALORE_TRUTH_FREE_PROPOSAL_GRID_20260810_V3_T070_A032:064:0076
prospective_uniform	2	P2_WEEDSGALORE_TRUTH_FREE_PROPOSAL_GRID_20260810_V3_T070_A032:064:0097
prospective_uniform	2	P2_WEEDSGALORE_TRUTH_FREE_PROPOSAL_GRID_20260810_V3_T070_A032:064:0137
prospective_uniform	2	P2_WEEDSGALORE_TRUTH_FREE_PROPOSAL_GRID_20260810_V3_T070_A032:067:0035
prospective_uniform	2	P2_WEEDSGALORE_TRUTH_FREE_PROPOSAL_GRID_20260810_V3_T070_A032:067:0063
prospective_uniform	2	P2_WEEDSGALORE_TRUTH_FREE_PROPOSAL_GRID_20260810_V3_T070_A032:070:0017
prospective_uniform	2	P2_WEEDSGALORE_TRUTH_FREE_PROPOSAL_GRID_20260810_V3_T070_A032:070:0086
prospective_uniform	2	P2_WEEDSGALORE_TRUTH_FREE_PROPOSAL_GRID_20260810_V3_T070_A032:070:0095
prospective_uniform	2	P2_WEEDSGALORE_TRUTH_FREE_PROPOSAL_GRID_20260810_V3_T070_A032:070:0124
prospective_uniform	2	P2_WEEDSGALORE_TRUTH_FREE_PROPOSAL_GRID_20260810_V3_T070_A032:070:0180
prospective_uniform	2	P2_WEEDSGALORE_TRUTH_FREE_PROPOSAL_GRID_20260810_V3_T070_A032:070:0203
prospective_uniform	2	P2_WEEDSGALORE_TRUTH_FREE_PROPOSAL_GRID_20260810_V3_T070_A032:071:0022
prospective_uniform	2	P2_WEEDSGALORE_TRUTH_FREE_PROPOSAL_GRID_20260810_V3_T070_A032:071:0039
prospective_uniform	2	P2_WEEDSGALORE_TRUTH_FREE_PROPOSAL_GRID_20260810_V3_T070_A032:071:0064
prospective_uniform	2	P2_WEEDSGALORE_TRUTH_FREE_PROPOSAL_GRID_20260810_V3_T070_A032:071:0106
prospective_uniform	2	P2_WEEDSGALORE_TRUTH_FREE_PROPOSAL_GRID_20260810_V3_T070_A032:072:0019
prospective_uniform	2	P2_WEEDSGALORE_TRUTH_FREE_PROPOSAL_GRID_20260810_V3_T070_A032:072:0024
prospective_uniform	2	P2_WEEDSGALORE_TRUTH_FREE_PROPOSAL_GRID_20260810_V3_T070_A032:072:0037
prospective_uniform	2	P2_WEEDSGALORE_TRUTH_FREE_PROPOSAL_GRID_20260810_V3_T070_A032:072:0079
prospective_uniform	2	P2_WEEDSGALORE_TRUTH_FREE_PROPOSAL_GRID_20260810_V3_T070_A032:073:0022
prospective_uniform	2	P2_WEEDSGALORE_TRUTH_FREE_PROPOSAL_GRID_20260810_V3_T070_A032:073:0055
prospective_uniform	2	P2_WEEDSGALORE_TRUTH_FREE_PROPOSAL_GRID_20260810_V3_T070_A032:073:0085
prospective_uniform	2	P2_WEEDSGALORE_TRUTH_FREE_PROPOSAL_GRID_20260810_V3_T070_A032:074:0025
prospective_uniform	2	P2_WEEDSGALORE_TRUTH_FREE_PROPOSAL_GRID_20260810_V3_T070_A032:074:0065
prospective_uniform	2	P2_WEEDSGALORE_TRUTH_FREE_PROPOSAL_GRID_20260810_V3_T070_A032:074:0094
prospective_uniform	2	P2_WEEDSGALORE_TRUTH_FREE_PROPOSAL_GRID_20260810_V3_T070_A032:074:0132
prospective_uniform	2	P2_WEEDSGALORE_TRUTH_FREE_PROPOSAL_GRID_20260810_V3_T070_A032:074:0141
prospective_uniform	2	P2_WEEDSGALORE_TRUTH_FREE_PROPOSAL_GRID_20260810_V3_T070_A032:074:0166
prospective_uniform	2	P2_WEEDSGALORE_TRUTH_FREE_PROPOSAL_GRID_20260810_V3_T070_A032:074:0179
prospective_uniform	2	P2_WEEDSGALORE_TRUTH_FREE_PROPOSAL_GRID_20260810_V3_T070_A032:074:0184
prospective_uniform	2	P2_WEEDSGALORE_TRUTH_FREE_PROPOSAL_GRID_20260810_V3_T070_A032:077:0174
prospective_uniform	2	P2_WEEDSGALORE_TRUTH_FREE_PROPOSAL_GRID_20260810_V3_T070_A032:078:0003
prospective_uniform	2	P2_WEEDSGALORE_TRUTH_FREE_PROPOSAL_GRID_20260810_V3_T070_A032:078:0013
prospective_uniform	2	P2_WEEDSGALORE_TRUTH_FREE_PROPOSAL_GRID_20260810_V3_T070_A032:078:0021
prospective_uniform	2	P2_WEEDSGALORE_TRUTH_FREE_PROPOSAL_GRID_20260810_V3_T070_A032:078:0090
prospective_uniform	2	P2_WEEDSGALORE_TRUTH_FREE_PROPOSAL_GRID_20260810_V3_T070_A032:078:0109
prospective_uniform	2	P2_WEEDSGALORE_TRUTH_FREE_PROPOSAL_GRID_20260810_V3_T070_A032:078:0143
prospective_uniform	2	P2_WEEDSGALORE_TRUTH_FREE_PROPOSAL_GRID_20260810_V3_T070_A032:078:0145
prospective_uniform	2	P2_WEEDSGALORE_TRUTH_FREE_PROPOSAL_GRID_20260810_V3_T070_A032:078:0174
prospective_uniform	2	P2_WEEDSGALORE_TRUTH_FREE_PROPOSAL_GRID_20260810_V3_T070_A032:078:0186
prospective_uniform	2	P2_WEEDSGALORE_TRUTH_FREE_PROPOSAL_GRID_20260810_V3_T070_A032:078:0188
prospective_uniform	2	P2_WEEDSGALORE_TRUTH_FREE_PROPOSAL_GRID_20260810_V3_T070_A032:078:0198
prospective_uniform	2	P2_WEEDSGALORE_TRUTH_FREE_PROPOSAL_GRID_20260810_V3_T070_A032:080:0004
prospective_uniform	2	P2_WEEDSGALORE_TRUTH_FREE_PROPOSAL_GRID_20260810_V3_T070_A032:080:0020
prospective_uniform	2	P2_WEEDSGALORE_TRUTH_FREE_PROPOSAL_GRID_20260810_V3_T070_A032:080:0025
prospective_uniform	2	P2_WEEDSGALORE_TRUTH_FREE_PROPOSAL_GRID_20260810_V3_T070_A032:080:0029
prospective_uniform	2	P2_WEEDSGALORE_TRUTH_FREE_PROPOSAL_GRID_20260810_V3_T070_A032:080:0112
prospective_uniform	2	P2_WEEDSGALORE_TRUTH_FREE_PROPOSAL_GRID_20260810_V3_T070_A032:080:0122
prospective_uniform	2	P2_WEEDSGALORE_TRUTH_FREE_PROPOSAL_GRID_20260810_V3_T070_A032:081:0019
prospective_uniform	2	P2_WEEDSGALORE_TRUTH_FREE_PROPOSAL_GRID_20260810_V3_T070_A032:083:0005
prospective_uniform	2	P2_WEEDSGALORE_TRUTH_FREE_PROPOSAL_GRID_20260810_V3_T070_A032:083:0013
prospective_uniform	2	P2_WEEDSGALORE_TRUTH_FREE_PROPOSAL_GRID_20260810_V3_T070_A032:083:0059
prospective_uniform	2	P2_WEEDSGALORE_TRUTH_FREE_PROPOSAL_GRID_20260810_V3_T070_A032:083:0061
prospective_uniform	2	P2_WEEDSGALORE_TRUTH_FREE_PROPOSAL_GRID_20260810_V3_T070_A032:083:0065
prospective_uniform	2	P2_WEEDSGALORE_TRUTH_FREE_PROPOSAL_GRID_20260810_V3_T070_A032:085:0048
prospective_uniform	2	P2_WEEDSGALORE_TRUTH_FREE_PROPOSAL_GRID_20260810_V3_T070_A032:085:0056
prospective_uniform	2	P2_WEEDSGALORE_TRUTH_FREE_PROPOSAL_GRID_20260810_V3_T070_A032:086:0004
prospective_uniform	2	P2_WEEDSGALORE_TRUTH_FREE_PROPOSAL_GRID_20260810_V3_T070_A032:086:0028
prospective_uniform	2	P2_WEEDSGALORE_TRUTH_FREE_PROPOSAL_GRID_20260810_V3_T070_A032:089:0013
prospective_uniform	2	P2_WEEDSGALORE_TRUTH_FREE_PROPOSAL_GRID_20260810_V3_T070_A032:089:0028
prospective_uniform	2	P2_WEEDSGALORE_TRUTH_FREE_PROPOSAL_GRID_20260810_V3_T070_A032:089:0065
prospective_uniform	2	P2_WEEDSGALORE_TRUTH_FREE_PROPOSAL_GRID_20260810_V3_T070_A032:090:0029
prospective_uniform	2	P2_WEEDSGALORE_TRUTH_FREE_PROPOSAL_GRID_20260810_V3_T070_A032:090:0031
prospective_uniform	2	P2_WEEDSGALORE_TRUTH_FREE_PROPOSAL_GRID_20260810_V3_T070_A032:091:0028
prospective_uniform	2	P2_WEEDSGALORE_TRUTH_FREE_PROPOSAL_GRID_20260810_V3_T070_A032:091:0083
prospective_uniform	2	P2_WEEDSGALORE_TRUTH_FREE_PROPOSAL_GRID_20260810_V3_T070_A032:092:0012
prospective_uniform	2	P2_WEEDSGALORE_TRUTH_FREE_PROPOSAL_GRID_20260810_V3_T070_A032:092:0014
prospective_uniform	2	P2_WEEDSGALORE_TRUTH_FREE_PROPOSAL_GRID_20260810_V3_T070_A032:092:0032
prospective_uniform	2	P2_WEEDSGALORE_TRUTH_FREE_PROPOSAL_GRID_20260810_V3_T070_A032:092:0038
prospective_uniform	2	P2_WEEDSGALORE_TRUTH_FREE_PROPOSAL_GRID_20260810_V3_T070_A032:092:0039
prospective_uniform	2	P2_WEEDSGALORE_TRUTH_FREE_PROPOSAL_GRID_20260810_V3_T070_A032:092:0053
prospective_uniform	2	P2_WEEDSGALORE_TRUTH_FREE_PROPOSAL_GRID_20260810_V3_T070_A032:092:0060
prospective_uniform	2	P2_WEEDSGALORE_TRUTH_FREE_PROPOSAL_GRID_20260810_V3_T070_A032:093:0005
prospective_uniform	2	P2_WEEDSGALORE_TRUTH_FREE_PROPOSAL_GRID_20260810_V3_T070_A032:093:0018
prospective_uniform	2	P2_WEEDSGALORE_TRUTH_FREE_PROPOSAL_GRID_20260810_V3_T070_A032:094:0015
prospective_uniform	2	P2_WEEDSGALORE_TRUTH_FREE_PROPOSAL_GRID_20260810_V3_T070_A032:094:0027
prospective_uniform	2	P2_WEEDSGALORE_TRUTH_FREE_PROPOSAL_GRID_20260810_V3_T070_A032:094:0057
prospective_uniform	2	P2_WEEDSGALORE_TRUTH_FREE_PROPOSAL_GRID_20260810_V3_T070_A032:097:0009
prospective_uniform	2	P2_WEEDSGALORE_TRUTH_FREE_PROPOSAL_GRID_20260810_V3_T070_A032:101:0012
prospective_uniform	2	P2_WEEDSGALORE_TRUTH_FREE_PROPOSAL_GRID_20260810_V3_T070_A032:101:0016
prospective_uniform	2	P2_WEEDSGALORE_TRUTH_FREE_PROPOSAL_GRID_20260810_V3_T070_A032:101:0043
prospective_uniform	2	P2_WEEDSGALORE_TRUTH_FREE_PROPOSAL_GRID_20260810_V3_T070_A032:101:0045
prospective_uniform	2	P2_WEEDSGALORE_TRUTH_FREE_PROPOSAL_GRID_20260810_V3_T070_A032:102:0001
prospective_uniform	2	P2_WEEDSGALORE_TRUTH_FREE_PROPOSAL_GRID_20260810_V3_T070_A032:102:0041
prospective_uniform	2	P2_WEEDSGALORE_TRUTH_FREE_PROPOSAL_GRID_20260810_V3_T070_A032:103:0020
prospective_uniform	2	P2_WEEDSGALORE_TRUTH_FREE_PROPOSAL_GRID_20260810_V3_T070_A032:103:0023
prospective_uniform	2	P2_WEEDSGALORE_TRUTH_FREE_PROPOSAL_GRID_20260810_V3_T070_A032:104:0006
prospective_uniform	2	P2_WEEDSGALORE_TRUTH_FREE_PROPOSAL_GRID_20260810_V3_T070_A032:104:0018
prospective_uniform	2	P2_WEEDSGALORE_TRUTH_FREE_PROPOSAL_GRID_20260810_V3_T070_A032:107:0027
prospective_uniform	2	P2_WEEDSGALORE_TRUTH_FREE_PROPOSAL_GRID_20260810_V3_T070_A032:107:0046
prospective_uniform	2	P2_WEEDSGALORE_TRUTH_FREE_PROPOSAL_GRID_20260810_V3_T070_A032:107:0079
prospective_uniform	2	P2_WEEDSGALORE_TRUTH_FREE_PROPOSAL_GRID_20260810_V3_T070_A032:108:0059
prospective_uniform	2	P2_WEEDSGALORE_TRUTH_FREE_PROPOSAL_GRID_20260810_V3_T070_A032:108:0062
prospective_uniform	2	P2_WEEDSGALORE_TRUTH_FREE_PROPOSAL_GRID_20260810_V3_T070_A032:108:0063
prospective_uniform	2	P2_WEEDSGALORE_TRUTH_FREE_PROPOSAL_GRID_20260810_V3_T070_A032:108:0093
prospective_uniform	2	P2_WEEDSGALORE_TRUTH_FREE_PROPOSAL_GRID_20260810_V3_T070_A032:109:0014
prospective_uniform	2	P2_WEEDSGALORE_TRUTH_FREE_PROPOSAL_GRID_20260810_V3_T070_A032:109:0026
prospective_uniform	2	P2_WEEDSGALORE_TRUTH_FREE_PROPOSAL_GRID_20260810_V3_T070_A032:109:0030
prospective_uniform	2	P2_WEEDSGALORE_TRUTH_FREE_PROPOSAL_GRID_20260810_V3_T070_A032:110:0029
prospective_uniform	2	P2_WEEDSGALORE_TRUTH_FREE_PROPOSAL_GRID_20260810_V3_T070_A032:110:0045
prospective_uniform	2	P2_WEEDSGALORE_TRUTH_FREE_PROPOSAL_GRID_20260810_V3_T070_A032:110:0047
prospective_uniform	2	P2_WEEDSGALORE_TRUTH_FREE_PROPOSAL_GRID_20260810_V3_T070_A032:110:0097
prospective_uniform	2	P2_WEEDSGALORE_TRUTH_FREE_PROPOSAL_GRID_20260810_V3_T070_A032:111:0013
prospective_uniform	2	P2_WEEDSGALORE_TRUTH_FREE_PROPOSAL_GRID_20260810_V3_T070_A032:111:0014
prospective_uniform	2	P2_WEEDSGALORE_TRUTH_FREE_PROPOSAL_GRID_20260810_V3_T070_A032:114:0008
prospective_uniform	2	P2_WEEDSGALORE_TRUTH_FREE_PROPOSAL_GRID_20260810_V3_T070_A032:114:0013
prospective_uniform	2	P2_WEEDSGALORE_TRUTH_FREE_PROPOSAL_GRID_20260810_V3_T070_A032:114:0023
prospective_uniform	2	P2_WEEDSGALORE_TRUTH_FREE_PROPOSAL_GRID_20260810_V3_T070_A032:114:0048
prospective_uniform	2	P2_WEEDSGALORE_TRUTH_FREE_PROPOSAL_GRID_20260810_V3_T070_A032:115:0062
prospective_uniform	2	P2_WEEDSGALORE_TRUTH_FREE_PROPOSAL_GRID_20260810_V3_T070_A032:116:0007
prospective_uniform	2	P2_WEEDSGALORE_TRUTH_FREE_PROPOSAL_GRID_20260810_V3_T070_A032:116:0081
prospective_uniform	2	P2_WEEDSGALORE_TRUTH_FREE_PROPOSAL_GRID_20260810_V3_T070_A032:120:0029
prospective_uniform	2	P2_WEEDSGALORE_TRUTH_FREE_PROPOSAL_GRID_20260810_V3_T070_A032:121:0029
prospective_uniform	2	P2_WEEDSGALORE_TRUTH_FREE_PROPOSAL_GRID_20260810_V3_T070_A032:122:0021
prospective_uniform	2	P2_WEEDSGALORE_TRUTH_FREE_PROPOSAL_GRID_20260810_V3_T070_A032:123:0035
prospective_uniform	2	P2_WEEDSGALORE_TRUTH_FREE_PROPOSAL_GRID_20260810_V3_T070_A032:123:0043
prospective_uniform	2	P2_WEEDSGALORE_TRUTH_FREE_PROPOSAL_GRID_20260810_V3_T070_A032:123:0072
prospective_uniform	2	P2_WEEDSGALORE_TRUTH_FREE_PROPOSAL_GRID_20260810_V3_T070_A032:126:0016
prospective_uniform	2	P2_WEEDSGALORE_TRUTH_FREE_PROPOSAL_GRID_20260810_V3_T070_A032:126:0048
prospective_uniform	2	P2_WEEDSGALORE_TRUTH_FREE_PROPOSAL_GRID_20260810_V3_T070_A032:127:0026
prospective_uniform	2	P2_WEEDSGALORE_TRUTH_FREE_PROPOSAL_GRID_20260810_V3_T070_A032:127:0041
prospective_uniform	2	P2_WEEDSGALORE_TRUTH_FREE_PROPOSAL_GRID_20260810_V3_T070_A032:128:0032
prospective_uniform	2	P2_WEEDSGALORE_TRUTH_FREE_PROPOSAL_GRID_20260810_V3_T070_A032:128:0073
prospective_uniform	2	P2_WEEDSGALORE_TRUTH_FREE_PROPOSAL_GRID_20260810_V3_T070_A032:128:0083
prospective_uniform	2	P2_WEEDSGALORE_TRUTH_FREE_PROPOSAL_GRID_20260810_V3_T070_A032:128:0087
prospective_uniform	2	P2_WEEDSGALORE_TRUTH_FREE_PROPOSAL_GRID_20260810_V3_T070_A032:130:0005
prospective_uniform	2	P2_WEEDSGALORE_TRUTH_FREE_PROPOSAL_GRID_20260810_V3_T070_A032:131:0005
prospective_uniform	2	P2_WEEDSGALORE_TRUTH_FREE_PROPOSAL_GRID_20260810_V3_T070_A032:131:0011
prospective_uniform	2	P2_WEEDSGALORE_TRUTH_FREE_PROPOSAL_GRID_20260810_V3_T070_A032:131:0022
prospective_uniform	2	P2_WEEDSGALORE_TRUTH_FREE_PROPOSAL_GRID_20260810_V3_T070_A032:131:0030
prospective_uniform	2	P2_WEEDSGALORE_TRUTH_FREE_PROPOSAL_GRID_20260810_V3_T070_A032:133:0011
prospective_uniform	2	P2_WEEDSGALORE_TRUTH_FREE_PROPOSAL_GRID_20260810_V3_T070_A032:133:0024
prospective_uniform	2	P2_WEEDSGALORE_TRUTH_FREE_PROPOSAL_GRID_20260810_V3_T070_A032:133:0051
prospective_uniform	2	P2_WEEDSGALORE_TRUTH_FREE_PROPOSAL_GRID_20260810_V3_T070_A032:134:0013
prospective_uniform	2	P2_WEEDSGALORE_TRUTH_FREE_PROPOSAL_GRID_20260810_V3_T070_A032:134:0066
prospective_uniform	2	P2_WEEDSGALORE_TRUTH_FREE_PROPOSAL_GRID_20260810_V3_T070_A032:135:0011
prospective_uniform	2	P2_WEEDSGALORE_TRUTH_FREE_PROPOSAL_GRID_20260810_V3_T070_A032:135:0024
prospective_uniform	2	P2_WEEDSGALORE_TRUTH_FREE_PROPOSAL_GRID_20260810_V3_T070_A032:135:0034
prospective_uniform	2	P2_WEEDSGALORE_TRUTH_FREE_PROPOSAL_GRID_20260810_V3_T070_A032:136:0036
prospective_uniform	2	P2_WEEDSGALORE_TRUTH_FREE_PROPOSAL_GRID_20260810_V3_T070_A032:139:0027
prospective_uniform	2	P2_WEEDSGALORE_TRUTH_FREE_PROPOSAL_GRID_20260810_V3_T070_A032:139:0039
prospective_uniform	2	P2_WEEDSGALORE_TRUTH_FREE_PROPOSAL_GRID_20260810_V3_T070_A032:139:0053
prospective_uniform	2	P2_WEEDSGALORE_TRUTH_FREE_PROPOSAL_GRID_20260810_V3_T070_A032:139:0091
prospective_uniform	2	P2_WEEDSGALORE_TRUTH_FREE_PROPOSAL_GRID_20260810_V3_T070_A032:142:0025
prospective_uniform	2	P2_WEEDSGALORE_TRUTH_FREE_PROPOSAL_GRID_20260810_V3_T070_A032:142:0038
prospective_uniform	2	P2_WEEDSGALORE_TRUTH_FREE_PROPOSAL_GRID_20260810_V3_T070_A032:142:0063
prospective_uniform	2	P2_WEEDSGALORE_TRUTH_FREE_PROPOSAL_GRID_20260810_V3_T070_A032:143:0040
prospective_uniform	2	P2_WEEDSGALORE_TRUTH_FREE_PROPOSAL_GRID_20260810_V3_T070_A032:144:0020
prospective_uniform	2	P2_WEEDSGALORE_TRUTH_FREE_PROPOSAL_GRID_20260810_V3_T070_A032:144:0058
prospective_uniform	2	P2_WEEDSGALORE_TRUTH_FREE_PROPOSAL_GRID_20260810_V3_T070_A032:144:0059
prospective_uniform	2	P2_WEEDSGALORE_TRUTH_FREE_PROPOSAL_GRID_20260810_V3_T070_A032:146:0005
prospective_uniform	2	P2_WEEDSGALORE_TRUTH_FREE_PROPOSAL_GRID_20260810_V3_T070_A032:146:0044
prospective_uniform	2	P2_WEEDSGALORE_TRUTH_FREE_PROPOSAL_GRID_20260810_V3_T070_A032:146:0047
prospective_uniform	2	P2_WEEDSGALORE_TRUTH_FREE_PROPOSAL_GRID_20260810_V3_T070_A032:151:0021
prospective_uniform	2	P2_WEEDSGALORE_TRUTH_FREE_PROPOSAL_GRID_20260810_V3_T070_A032:153:0072
prospective_uniform	2	P2_WEEDSGALORE_TRUTH_FREE_PROPOSAL_GRID_20260810_V3_T070_A032:155:0036
prospective_dinov2_coreset	2	P2_WEEDSGALORE_TRUTH_FREE_PROPOSAL_GRID_20260810_V3_T070_A032:005:0029
prospective_dinov2_coreset	2	P2_WEEDSGALORE_TRUTH_FREE_PROPOSAL_GRID_20260810_V3_T070_A032:005:0039
prospective_dinov2_coreset	2	P2_WEEDSGALORE_TRUTH_FREE_PROPOSAL_GRID_20260810_V3_T070_A032:005:0043
prospective_dinov2_coreset	2	P2_WEEDSGALORE_TRUTH_FREE_PROPOSAL_GRID_20260810_V3_T070_A032:005:0057
prospective_dinov2_coreset	2	P2_WEEDSGALORE_TRUTH_FREE_PROPOSAL_GRID_20260810_V3_T070_A032:005:0068
prospective_dinov2_coreset	2	P2_WEEDSGALORE_TRUTH_FREE_PROPOSAL_GRID_20260810_V3_T070_A032:005:0073
prospective_dinov2_coreset	2	P2_WEEDSGALORE_TRUTH_FREE_PROPOSAL_GRID_20260810_V3_T070_A032:005:0079
prospective_dinov2_coreset	2	P2_WEEDSGALORE_TRUTH_FREE_PROPOSAL_GRID_20260810_V3_T070_A032:005:0085
prospective_dinov2_coreset	2	P2_WEEDSGALORE_TRUTH_FREE_PROPOSAL_GRID_20260810_V3_T070_A032:005:0090
prospective_dinov2_coreset	2	P2_WEEDSGALORE_TRUTH_FREE_PROPOSAL_GRID_20260810_V3_T070_A032:005:0092
prospective_dinov2_coreset	2	P2_WEEDSGALORE_TRUTH_FREE_PROPOSAL_GRID_20260810_V3_T070_A032:005:0128
prospective_dinov2_coreset	2	P2_WEEDSGALORE_TRUTH_FREE_PROPOSAL_GRID_20260810_V3_T070_A032:005:0139
prospective_dinov2_coreset	2	P2_WEEDSGALORE_TRUTH_FREE_PROPOSAL_GRID_20260810_V3_T070_A032:005:0153
prospective_dinov2_coreset	2	P2_WEEDSGALORE_TRUTH_FREE_PROPOSAL_GRID_20260810_V3_T070_A032:005:0157
prospective_dinov2_coreset	2	P2_WEEDSGALORE_TRUTH_FREE_PROPOSAL_GRID_20260810_V3_T070_A032:005:0164
prospective_dinov2_coreset	2	P2_WEEDSGALORE_TRUTH_FREE_PROPOSAL_GRID_20260810_V3_T070_A032:006:0048
prospective_dinov2_coreset	2	P2_WEEDSGALORE_TRUTH_FREE_PROPOSAL_GRID_20260810_V3_T070_A032:006:0054
prospective_dinov2_coreset	2	P2_WEEDSGALORE_TRUTH_FREE_PROPOSAL_GRID_20260810_V3_T070_A032:006:0077
prospective_dinov2_coreset	2	P2_WEEDSGALORE_TRUTH_FREE_PROPOSAL_GRID_20260810_V3_T070_A032:006:0143
prospective_dinov2_coreset	2	P2_WEEDSGALORE_TRUTH_FREE_PROPOSAL_GRID_20260810_V3_T070_A032:006:0199
prospective_dinov2_coreset	2	P2_WEEDSGALORE_TRUTH_FREE_PROPOSAL_GRID_20260810_V3_T070_A032:009:0009
prospective_dinov2_coreset	2	P2_WEEDSGALORE_TRUTH_FREE_PROPOSAL_GRID_20260810_V3_T070_A032:009:0081
prospective_dinov2_coreset	2	P2_WEEDSGALORE_TRUTH_FREE_PROPOSAL_GRID_20260810_V3_T070_A032:010:0028
prospective_dinov2_coreset	2	P2_WEEDSGALORE_TRUTH_FREE_PROPOSAL_GRID_20260810_V3_T070_A032:010:0045
prospective_dinov2_coreset	2	P2_WEEDSGALORE_TRUTH_FREE_PROPOSAL_GRID_20260810_V3_T070_A032:010:0062
prospective_dinov2_coreset	2	P2_WEEDSGALORE_TRUTH_FREE_PROPOSAL_GRID_20260810_V3_T070_A032:010:0113
prospective_dinov2_coreset	2	P2_WEEDSGALORE_TRUTH_FREE_PROPOSAL_GRID_20260810_V3_T070_A032:010:0114
prospective_dinov2_coreset	2	P2_WEEDSGALORE_TRUTH_FREE_PROPOSAL_GRID_20260810_V3_T070_A032:010:0125
prospective_dinov2_coreset	2	P2_WEEDSGALORE_TRUTH_FREE_PROPOSAL_GRID_20260810_V3_T070_A032:010:0146
prospective_dinov2_coreset	2	P2_WEEDSGALORE_TRUTH_FREE_PROPOSAL_GRID_20260810_V3_T070_A032:010:0157
prospective_dinov2_coreset	2	P2_WEEDSGALORE_TRUTH_FREE_PROPOSAL_GRID_20260810_V3_T070_A032:010:0184
prospective_dinov2_coreset	2	P2_WEEDSGALORE_TRUTH_FREE_PROPOSAL_GRID_20260810_V3_T070_A032:011:0055
prospective_dinov2_coreset	2	P2_WEEDSGALORE_TRUTH_FREE_PROPOSAL_GRID_20260810_V3_T070_A032:011:0093
prospective_dinov2_coreset	2	P2_WEEDSGALORE_TRUTH_FREE_PROPOSAL_GRID_20260810_V3_T070_A032:011:0112
prospective_dinov2_coreset	2	P2_WEEDSGALORE_TRUTH_FREE_PROPOSAL_GRID_20260810_V3_T070_A032:012:0023
prospective_dinov2_coreset	2	P2_WEEDSGALORE_TRUTH_FREE_PROPOSAL_GRID_20260810_V3_T070_A032:012:0037
prospective_dinov2_coreset	2	P2_WEEDSGALORE_TRUTH_FREE_PROPOSAL_GRID_20260810_V3_T070_A032:012:0057
prospective_dinov2_coreset	2	P2_WEEDSGALORE_TRUTH_FREE_PROPOSAL_GRID_20260810_V3_T070_A032:012:0123
prospective_dinov2_coreset	2	P2_WEEDSGALORE_TRUTH_FREE_PROPOSAL_GRID_20260810_V3_T070_A032:012:0133
prospective_dinov2_coreset	2	P2_WEEDSGALORE_TRUTH_FREE_PROPOSAL_GRID_20260810_V3_T070_A032:012:0141
prospective_dinov2_coreset	2	P2_WEEDSGALORE_TRUTH_FREE_PROPOSAL_GRID_20260810_V3_T070_A032:012:0148
prospective_dinov2_coreset	2	P2_WEEDSGALORE_TRUTH_FREE_PROPOSAL_GRID_20260810_V3_T070_A032:012:0165
prospective_dinov2_coreset	2	P2_WEEDSGALORE_TRUTH_FREE_PROPOSAL_GRID_20260810_V3_T070_A032:012:0196
prospective_dinov2_coreset	2	P2_WEEDSGALORE_TRUTH_FREE_PROPOSAL_GRID_20260810_V3_T070_A032:013:0001
prospective_dinov2_coreset	2	P2_WEEDSGALORE_TRUTH_FREE_PROPOSAL_GRID_20260810_V3_T070_A032:013:0030
prospective_dinov2_coreset	2	P2_WEEDSGALORE_TRUTH_FREE_PROPOSAL_GRID_20260810_V3_T070_A032:014:0003
prospective_dinov2_coreset	2	P2_WEEDSGALORE_TRUTH_FREE_PROPOSAL_GRID_20260810_V3_T070_A032:014:0011
prospective_dinov2_coreset	2	P2_WEEDSGALORE_TRUTH_FREE_PROPOSAL_GRID_20260810_V3_T070_A032:014:0047
prospective_dinov2_coreset	2	P2_WEEDSGALORE_TRUTH_FREE_PROPOSAL_GRID_20260810_V3_T070_A032:018:0016
prospective_dinov2_coreset	2	P2_WEEDSGALORE_TRUTH_FREE_PROPOSAL_GRID_20260810_V3_T070_A032:018:0048
prospective_dinov2_coreset	2	P2_WEEDSGALORE_TRUTH_FREE_PROPOSAL_GRID_20260810_V3_T070_A032:018:0078
prospective_dinov2_coreset	2	P2_WEEDSGALORE_TRUTH_FREE_PROPOSAL_GRID_20260810_V3_T070_A032:018:0084
prospective_dinov2_coreset	2	P2_WEEDSGALORE_TRUTH_FREE_PROPOSAL_GRID_20260810_V3_T070_A032:018:0090
prospective_dinov2_coreset	2	P2_WEEDSGALORE_TRUTH_FREE_PROPOSAL_GRID_20260810_V3_T070_A032:018:0102
prospective_dinov2_coreset	2	P2_WEEDSGALORE_TRUTH_FREE_PROPOSAL_GRID_20260810_V3_T070_A032:018:0109
prospective_dinov2_coreset	2	P2_WEEDSGALORE_TRUTH_FREE_PROPOSAL_GRID_20260810_V3_T070_A032:018:0192
prospective_dinov2_coreset	2	P2_WEEDSGALORE_TRUTH_FREE_PROPOSAL_GRID_20260810_V3_T070_A032:020:0021
prospective_dinov2_coreset	2	P2_WEEDSGALORE_TRUTH_FREE_PROPOSAL_GRID_20260810_V3_T070_A032:023:0028
prospective_dinov2_coreset	2	P2_WEEDSGALORE_TRUTH_FREE_PROPOSAL_GRID_20260810_V3_T070_A032:023:0055
prospective_dinov2_coreset	2	P2_WEEDSGALORE_TRUTH_FREE_PROPOSAL_GRID_20260810_V3_T070_A032:023:0060
prospective_dinov2_coreset	2	P2_WEEDSGALORE_TRUTH_FREE_PROPOSAL_GRID_20260810_V3_T070_A032:023:0096
prospective_dinov2_coreset	2	P2_WEEDSGALORE_TRUTH_FREE_PROPOSAL_GRID_20260810_V3_T070_A032:024:0003
prospective_dinov2_coreset	2	P2_WEEDSGALORE_TRUTH_FREE_PROPOSAL_GRID_20260810_V3_T070_A032:024:0019
prospective_dinov2_coreset	2	P2_WEEDSGALORE_TRUTH_FREE_PROPOSAL_GRID_20260810_V3_T070_A032:024:0033
prospective_dinov2_coreset	2	P2_WEEDSGALORE_TRUTH_FREE_PROPOSAL_GRID_20260810_V3_T070_A032:024:0100
prospective_dinov2_coreset	2	P2_WEEDSGALORE_TRUTH_FREE_PROPOSAL_GRID_20260810_V3_T070_A032:024:0125
prospective_dinov2_coreset	2	P2_WEEDSGALORE_TRUTH_FREE_PROPOSAL_GRID_20260810_V3_T070_A032:025:0073
prospective_dinov2_coreset	2	P2_WEEDSGALORE_TRUTH_FREE_PROPOSAL_GRID_20260810_V3_T070_A032:030:0018
prospective_dinov2_coreset	2	P2_WEEDSGALORE_TRUTH_FREE_PROPOSAL_GRID_20260810_V3_T070_A032:030:0050
prospective_dinov2_coreset	2	P2_WEEDSGALORE_TRUTH_FREE_PROPOSAL_GRID_20260810_V3_T070_A032:031:0019
prospective_dinov2_coreset	2	P2_WEEDSGALORE_TRUTH_FREE_PROPOSAL_GRID_20260810_V3_T070_A032:032:0026
prospective_dinov2_coreset	2	P2_WEEDSGALORE_TRUTH_FREE_PROPOSAL_GRID_20260810_V3_T070_A032:034:0002
prospective_dinov2_coreset	2	P2_WEEDSGALORE_TRUTH_FREE_PROPOSAL_GRID_20260810_V3_T070_A032:034:0064
prospective_dinov2_coreset	2	P2_WEEDSGALORE_TRUTH_FREE_PROPOSAL_GRID_20260810_V3_T070_A032:034:0110
prospective_dinov2_coreset	2	P2_WEEDSGALORE_TRUTH_FREE_PROPOSAL_GRID_20260810_V3_T070_A032:034:0150
prospective_dinov2_coreset	2	P2_WEEDSGALORE_TRUTH_FREE_PROPOSAL_GRID_20260810_V3_T070_A032:035:0039
prospective_dinov2_coreset	2	P2_WEEDSGALORE_TRUTH_FREE_PROPOSAL_GRID_20260810_V3_T070_A032:037:0008
prospective_dinov2_coreset	2	P2_WEEDSGALORE_TRUTH_FREE_PROPOSAL_GRID_20260810_V3_T070_A032:038:0021
prospective_dinov2_coreset	2	P2_WEEDSGALORE_TRUTH_FREE_PROPOSAL_GRID_20260810_V3_T070_A032:039:0025
prospective_dinov2_coreset	2	P2_WEEDSGALORE_TRUTH_FREE_PROPOSAL_GRID_20260810_V3_T070_A032:039:0026
prospective_dinov2_coreset	2	P2_WEEDSGALORE_TRUTH_FREE_PROPOSAL_GRID_20260810_V3_T070_A032:039:0027
prospective_dinov2_coreset	2	P2_WEEDSGALORE_TRUTH_FREE_PROPOSAL_GRID_20260810_V3_T070_A032:039:0035
prospective_dinov2_coreset	2	P2_WEEDSGALORE_TRUTH_FREE_PROPOSAL_GRID_20260810_V3_T070_A032:039:0048
prospective_dinov2_coreset	2	P2_WEEDSGALORE_TRUTH_FREE_PROPOSAL_GRID_20260810_V3_T070_A032:039:0078
prospective_dinov2_coreset	2	P2_WEEDSGALORE_TRUTH_FREE_PROPOSAL_GRID_20260810_V3_T070_A032:039:0092
prospective_dinov2_coreset	2	P2_WEEDSGALORE_TRUTH_FREE_PROPOSAL_GRID_20260810_V3_T070_A032:040:0004
prospective_dinov2_coreset	2	P2_WEEDSGALORE_TRUTH_FREE_PROPOSAL_GRID_20260810_V3_T070_A032:040:0016
prospective_dinov2_coreset	2	P2_WEEDSGALORE_TRUTH_FREE_PROPOSAL_GRID_20260810_V3_T070_A032:040:0023
prospective_dinov2_coreset	2	P2_WEEDSGALORE_TRUTH_FREE_PROPOSAL_GRID_20260810_V3_T070_A032:040:0025
prospective_dinov2_coreset	2	P2_WEEDSGALORE_TRUTH_FREE_PROPOSAL_GRID_20260810_V3_T070_A032:043:0004
prospective_dinov2_coreset	2	P2_WEEDSGALORE_TRUTH_FREE_PROPOSAL_GRID_20260810_V3_T070_A032:043:0018
prospective_dinov2_coreset	2	P2_WEEDSGALORE_TRUTH_FREE_PROPOSAL_GRID_20260810_V3_T070_A032:046:0029
prospective_dinov2_coreset	2	P2_WEEDSGALORE_TRUTH_FREE_PROPOSAL_GRID_20260810_V3_T070_A032:047:0003
prospective_dinov2_coreset	2	P2_WEEDSGALORE_TRUTH_FREE_PROPOSAL_GRID_20260810_V3_T070_A032:047:0017
prospective_dinov2_coreset	2	P2_WEEDSGALORE_TRUTH_FREE_PROPOSAL_GRID_20260810_V3_T070_A032:048:0002
prospective_dinov2_coreset	2	P2_WEEDSGALORE_TRUTH_FREE_PROPOSAL_GRID_20260810_V3_T070_A032:051:0015
prospective_dinov2_coreset	2	P2_WEEDSGALORE_TRUTH_FREE_PROPOSAL_GRID_20260810_V3_T070_A032:051:0019
prospective_dinov2_coreset	2	P2_WEEDSGALORE_TRUTH_FREE_PROPOSAL_GRID_20260810_V3_T070_A032:051:0028
prospective_dinov2_coreset	2	P2_WEEDSGALORE_TRUTH_FREE_PROPOSAL_GRID_20260810_V3_T070_A032:052:0015
prospective_dinov2_coreset	2	P2_WEEDSGALORE_TRUTH_FREE_PROPOSAL_GRID_20260810_V3_T070_A032:052:0029
prospective_dinov2_coreset	2	P2_WEEDSGALORE_TRUTH_FREE_PROPOSAL_GRID_20260810_V3_T070_A032:052:0063
prospective_dinov2_coreset	2	P2_WEEDSGALORE_TRUTH_FREE_PROPOSAL_GRID_20260810_V3_T070_A032:052:0070
prospective_dinov2_coreset	2	P2_WEEDSGALORE_TRUTH_FREE_PROPOSAL_GRID_20260810_V3_T070_A032:052:0106
prospective_dinov2_coreset	2	P2_WEEDSGALORE_TRUTH_FREE_PROPOSAL_GRID_20260810_V3_T070_A032:052:0154
prospective_dinov2_coreset	2	P2_WEEDSGALORE_TRUTH_FREE_PROPOSAL_GRID_20260810_V3_T070_A032:052:0219
prospective_dinov2_coreset	2	P2_WEEDSGALORE_TRUTH_FREE_PROPOSAL_GRID_20260810_V3_T070_A032:053:0003
prospective_dinov2_coreset	2	P2_WEEDSGALORE_TRUTH_FREE_PROPOSAL_GRID_20260810_V3_T070_A032:053:0076
prospective_dinov2_coreset	2	P2_WEEDSGALORE_TRUTH_FREE_PROPOSAL_GRID_20260810_V3_T070_A032:053:0104
prospective_dinov2_coreset	2	P2_WEEDSGALORE_TRUTH_FREE_PROPOSAL_GRID_20260810_V3_T070_A032:053:0128
prospective_dinov2_coreset	2	P2_WEEDSGALORE_TRUTH_FREE_PROPOSAL_GRID_20260810_V3_T070_A032:053:0153
prospective_dinov2_coreset	2	P2_WEEDSGALORE_TRUTH_FREE_PROPOSAL_GRID_20260810_V3_T070_A032:054:0094
prospective_dinov2_coreset	2	P2_WEEDSGALORE_TRUTH_FREE_PROPOSAL_GRID_20260810_V3_T070_A032:054:0130
prospective_dinov2_coreset	2	P2_WEEDSGALORE_TRUTH_FREE_PROPOSAL_GRID_20260810_V3_T070_A032:054:0191
prospective_dinov2_coreset	2	P2_WEEDSGALORE_TRUTH_FREE_PROPOSAL_GRID_20260810_V3_T070_A032:054:0199
prospective_dinov2_coreset	2	P2_WEEDSGALORE_TRUTH_FREE_PROPOSAL_GRID_20260810_V3_T070_A032:058:0082
prospective_dinov2_coreset	2	P2_WEEDSGALORE_TRUTH_FREE_PROPOSAL_GRID_20260810_V3_T070_A032:058:0108
prospective_dinov2_coreset	2	P2_WEEDSGALORE_TRUTH_FREE_PROPOSAL_GRID_20260810_V3_T070_A032:059:0014
prospective_dinov2_coreset	2	P2_WEEDSGALORE_TRUTH_FREE_PROPOSAL_GRID_20260810_V3_T070_A032:059:0034
prospective_dinov2_coreset	2	P2_WEEDSGALORE_TRUTH_FREE_PROPOSAL_GRID_20260810_V3_T070_A032:059:0055
prospective_dinov2_coreset	2	P2_WEEDSGALORE_TRUTH_FREE_PROPOSAL_GRID_20260810_V3_T070_A032:059:0058
prospective_dinov2_coreset	2	P2_WEEDSGALORE_TRUTH_FREE_PROPOSAL_GRID_20260810_V3_T070_A032:060:0034
prospective_dinov2_coreset	2	P2_WEEDSGALORE_TRUTH_FREE_PROPOSAL_GRID_20260810_V3_T070_A032:060:0059
prospective_dinov2_coreset	2	P2_WEEDSGALORE_TRUTH_FREE_PROPOSAL_GRID_20260810_V3_T070_A032:061:0072
prospective_dinov2_coreset	2	P2_WEEDSGALORE_TRUTH_FREE_PROPOSAL_GRID_20260810_V3_T070_A032:061:0088
prospective_dinov2_coreset	2	P2_WEEDSGALORE_TRUTH_FREE_PROPOSAL_GRID_20260810_V3_T070_A032:061:0132
prospective_dinov2_coreset	2	P2_WEEDSGALORE_TRUTH_FREE_PROPOSAL_GRID_20260810_V3_T070_A032:061:0133
prospective_dinov2_coreset	2	P2_WEEDSGALORE_TRUTH_FREE_PROPOSAL_GRID_20260810_V3_T070_A032:062:0065
prospective_dinov2_coreset	2	P2_WEEDSGALORE_TRUTH_FREE_PROPOSAL_GRID_20260810_V3_T070_A032:062:0092
prospective_dinov2_coreset	2	P2_WEEDSGALORE_TRUTH_FREE_PROPOSAL_GRID_20260810_V3_T070_A032:063:0002
prospective_dinov2_coreset	2	P2_WEEDSGALORE_TRUTH_FREE_PROPOSAL_GRID_20260810_V3_T070_A032:063:0016
prospective_dinov2_coreset	2	P2_WEEDSGALORE_TRUTH_FREE_PROPOSAL_GRID_20260810_V3_T070_A032:064:0003
prospective_dinov2_coreset	2	P2_WEEDSGALORE_TRUTH_FREE_PROPOSAL_GRID_20260810_V3_T070_A032:064:0015
prospective_dinov2_coreset	2	P2_WEEDSGALORE_TRUTH_FREE_PROPOSAL_GRID_20260810_V3_T070_A032:064:0050
prospective_dinov2_coreset	2	P2_WEEDSGALORE_TRUTH_FREE_PROPOSAL_GRID_20260810_V3_T070_A032:064:0063
prospective_dinov2_coreset	2	P2_WEEDSGALORE_TRUTH_FREE_PROPOSAL_GRID_20260810_V3_T070_A032:064:0105
prospective_dinov2_coreset	2	P2_WEEDSGALORE_TRUTH_FREE_PROPOSAL_GRID_20260810_V3_T070_A032:067:0011
prospective_dinov2_coreset	2	P2_WEEDSGALORE_TRUTH_FREE_PROPOSAL_GRID_20260810_V3_T070_A032:067:0023
prospective_dinov2_coreset	2	P2_WEEDSGALORE_TRUTH_FREE_PROPOSAL_GRID_20260810_V3_T070_A032:067:0041
prospective_dinov2_coreset	2	P2_WEEDSGALORE_TRUTH_FREE_PROPOSAL_GRID_20260810_V3_T070_A032:067:0074
prospective_dinov2_coreset	2	P2_WEEDSGALORE_TRUTH_FREE_PROPOSAL_GRID_20260810_V3_T070_A032:067:0130
prospective_dinov2_coreset	2	P2_WEEDSGALORE_TRUTH_FREE_PROPOSAL_GRID_20260810_V3_T070_A032:067:0182
prospective_dinov2_coreset	2	P2_WEEDSGALORE_TRUTH_FREE_PROPOSAL_GRID_20260810_V3_T070_A032:070:0004
prospective_dinov2_coreset	2	P2_WEEDSGALORE_TRUTH_FREE_PROPOSAL_GRID_20260810_V3_T070_A032:070:0008
prospective_dinov2_coreset	2	P2_WEEDSGALORE_TRUTH_FREE_PROPOSAL_GRID_20260810_V3_T070_A032:070:0017
prospective_dinov2_coreset	2	P2_WEEDSGALORE_TRUTH_FREE_PROPOSAL_GRID_20260810_V3_T070_A032:070:0022
prospective_dinov2_coreset	2	P2_WEEDSGALORE_TRUTH_FREE_PROPOSAL_GRID_20260810_V3_T070_A032:070:0050
prospective_dinov2_coreset	2	P2_WEEDSGALORE_TRUTH_FREE_PROPOSAL_GRID_20260810_V3_T070_A032:070:0062
prospective_dinov2_coreset	2	P2_WEEDSGALORE_TRUTH_FREE_PROPOSAL_GRID_20260810_V3_T070_A032:070:0075
prospective_dinov2_coreset	2	P2_WEEDSGALORE_TRUTH_FREE_PROPOSAL_GRID_20260810_V3_T070_A032:070:0214
prospective_dinov2_coreset	2	P2_WEEDSGALORE_TRUTH_FREE_PROPOSAL_GRID_20260810_V3_T070_A032:071:0024
prospective_dinov2_coreset	2	P2_WEEDSGALORE_TRUTH_FREE_PROPOSAL_GRID_20260810_V3_T070_A032:071:0077
prospective_dinov2_coreset	2	P2_WEEDSGALORE_TRUTH_FREE_PROPOSAL_GRID_20260810_V3_T070_A032:071:0090
prospective_dinov2_coreset	2	P2_WEEDSGALORE_TRUTH_FREE_PROPOSAL_GRID_20260810_V3_T070_A032:071:0096
prospective_dinov2_coreset	2	P2_WEEDSGALORE_TRUTH_FREE_PROPOSAL_GRID_20260810_V3_T070_A032:071:0099
prospective_dinov2_coreset	2	P2_WEEDSGALORE_TRUTH_FREE_PROPOSAL_GRID_20260810_V3_T070_A032:071:0134
prospective_dinov2_coreset	2	P2_WEEDSGALORE_TRUTH_FREE_PROPOSAL_GRID_20260810_V3_T070_A032:073:0005
prospective_dinov2_coreset	2	P2_WEEDSGALORE_TRUTH_FREE_PROPOSAL_GRID_20260810_V3_T070_A032:073:0014
prospective_dinov2_coreset	2	P2_WEEDSGALORE_TRUTH_FREE_PROPOSAL_GRID_20260810_V3_T070_A032:073:0033
prospective_dinov2_coreset	2	P2_WEEDSGALORE_TRUTH_FREE_PROPOSAL_GRID_20260810_V3_T070_A032:073:0034
prospective_dinov2_coreset	2	P2_WEEDSGALORE_TRUTH_FREE_PROPOSAL_GRID_20260810_V3_T070_A032:073:0047
prospective_dinov2_coreset	2	P2_WEEDSGALORE_TRUTH_FREE_PROPOSAL_GRID_20260810_V3_T070_A032:073:0105
prospective_dinov2_coreset	2	P2_WEEDSGALORE_TRUTH_FREE_PROPOSAL_GRID_20260810_V3_T070_A032:074:0069
prospective_dinov2_coreset	2	P2_WEEDSGALORE_TRUTH_FREE_PROPOSAL_GRID_20260810_V3_T070_A032:074:0089
prospective_dinov2_coreset	2	P2_WEEDSGALORE_TRUTH_FREE_PROPOSAL_GRID_20260810_V3_T070_A032:074:0109
prospective_dinov2_coreset	2	P2_WEEDSGALORE_TRUTH_FREE_PROPOSAL_GRID_20260810_V3_T070_A032:074:0116
prospective_dinov2_coreset	2	P2_WEEDSGALORE_TRUTH_FREE_PROPOSAL_GRID_20260810_V3_T070_A032:077:0014
prospective_dinov2_coreset	2	P2_WEEDSGALORE_TRUTH_FREE_PROPOSAL_GRID_20260810_V3_T070_A032:077:0067
prospective_dinov2_coreset	2	P2_WEEDSGALORE_TRUTH_FREE_PROPOSAL_GRID_20260810_V3_T070_A032:077:0072
prospective_dinov2_coreset	2	P2_WEEDSGALORE_TRUTH_FREE_PROPOSAL_GRID_20260810_V3_T070_A032:077:0121
prospective_dinov2_coreset	2	P2_WEEDSGALORE_TRUTH_FREE_PROPOSAL_GRID_20260810_V3_T070_A032:078:0051
prospective_dinov2_coreset	2	P2_WEEDSGALORE_TRUTH_FREE_PROPOSAL_GRID_20260810_V3_T070_A032:078:0127
prospective_dinov2_coreset	2	P2_WEEDSGALORE_TRUTH_FREE_PROPOSAL_GRID_20260810_V3_T070_A032:080:0010
prospective_dinov2_coreset	2	P2_WEEDSGALORE_TRUTH_FREE_PROPOSAL_GRID_20260810_V3_T070_A032:080:0012
prospective_dinov2_coreset	2	P2_WEEDSGALORE_TRUTH_FREE_PROPOSAL_GRID_20260810_V3_T070_A032:080:0026
prospective_dinov2_coreset	2	P2_WEEDSGALORE_TRUTH_FREE_PROPOSAL_GRID_20260810_V3_T070_A032:080:0073
prospective_dinov2_coreset	2	P2_WEEDSGALORE_TRUTH_FREE_PROPOSAL_GRID_20260810_V3_T070_A032:080:0100
prospective_dinov2_coreset	2	P2_WEEDSGALORE_TRUTH_FREE_PROPOSAL_GRID_20260810_V3_T070_A032:081:0012
prospective_dinov2_coreset	2	P2_WEEDSGALORE_TRUTH_FREE_PROPOSAL_GRID_20260810_V3_T070_A032:083:0017
prospective_dinov2_coreset	2	P2_WEEDSGALORE_TRUTH_FREE_PROPOSAL_GRID_20260810_V3_T070_A032:083:0029
prospective_dinov2_coreset	2	P2_WEEDSGALORE_TRUTH_FREE_PROPOSAL_GRID_20260810_V3_T070_A032:083:0064
prospective_dinov2_coreset	2	P2_WEEDSGALORE_TRUTH_FREE_PROPOSAL_GRID_20260810_V3_T070_A032:083:0082
prospective_dinov2_coreset	2	P2_WEEDSGALORE_TRUTH_FREE_PROPOSAL_GRID_20260810_V3_T070_A032:083:0089
prospective_dinov2_coreset	2	P2_WEEDSGALORE_TRUTH_FREE_PROPOSAL_GRID_20260810_V3_T070_A032:084:0070
prospective_dinov2_coreset	2	P2_WEEDSGALORE_TRUTH_FREE_PROPOSAL_GRID_20260810_V3_T070_A032:085:0061
prospective_dinov2_coreset	2	P2_WEEDSGALORE_TRUTH_FREE_PROPOSAL_GRID_20260810_V3_T070_A032:085:0071
prospective_dinov2_coreset	2	P2_WEEDSGALORE_TRUTH_FREE_PROPOSAL_GRID_20260810_V3_T070_A032:086:0019
prospective_dinov2_coreset	2	P2_WEEDSGALORE_TRUTH_FREE_PROPOSAL_GRID_20260810_V3_T070_A032:086:0049
prospective_dinov2_coreset	2	P2_WEEDSGALORE_TRUTH_FREE_PROPOSAL_GRID_20260810_V3_T070_A032:086:0069
prospective_dinov2_coreset	2	P2_WEEDSGALORE_TRUTH_FREE_PROPOSAL_GRID_20260810_V3_T070_A032:089:0013
prospective_dinov2_coreset	2	P2_WEEDSGALORE_TRUTH_FREE_PROPOSAL_GRID_20260810_V3_T070_A032:089:0022
prospective_dinov2_coreset	2	P2_WEEDSGALORE_TRUTH_FREE_PROPOSAL_GRID_20260810_V3_T070_A032:089:0031
prospective_dinov2_coreset	2	P2_WEEDSGALORE_TRUTH_FREE_PROPOSAL_GRID_20260810_V3_T070_A032:089:0049
prospective_dinov2_coreset	2	P2_WEEDSGALORE_TRUTH_FREE_PROPOSAL_GRID_20260810_V3_T070_A032:089:0062
prospective_dinov2_coreset	2	P2_WEEDSGALORE_TRUTH_FREE_PROPOSAL_GRID_20260810_V3_T070_A032:089:0086
prospective_dinov2_coreset	2	P2_WEEDSGALORE_TRUTH_FREE_PROPOSAL_GRID_20260810_V3_T070_A032:090:0014
prospective_dinov2_coreset	2	P2_WEEDSGALORE_TRUTH_FREE_PROPOSAL_GRID_20260810_V3_T070_A032:090:0020
prospective_dinov2_coreset	2	P2_WEEDSGALORE_TRUTH_FREE_PROPOSAL_GRID_20260810_V3_T070_A032:090:0022
prospective_dinov2_coreset	2	P2_WEEDSGALORE_TRUTH_FREE_PROPOSAL_GRID_20260810_V3_T070_A032:091:0022
prospective_dinov2_coreset	2	P2_WEEDSGALORE_TRUTH_FREE_PROPOSAL_GRID_20260810_V3_T070_A032:091:0038
prospective_dinov2_coreset	2	P2_WEEDSGALORE_TRUTH_FREE_PROPOSAL_GRID_20260810_V3_T070_A032:091:0044
prospective_dinov2_coreset	2	P2_WEEDSGALORE_TRUTH_FREE_PROPOSAL_GRID_20260810_V3_T070_A032:092:0070
prospective_dinov2_coreset	2	P2_WEEDSGALORE_TRUTH_FREE_PROPOSAL_GRID_20260810_V3_T070_A032:093:0020
prospective_dinov2_coreset	2	P2_WEEDSGALORE_TRUTH_FREE_PROPOSAL_GRID_20260810_V3_T070_A032:093:0059
prospective_dinov2_coreset	2	P2_WEEDSGALORE_TRUTH_FREE_PROPOSAL_GRID_20260810_V3_T070_A032:093:0061
prospective_dinov2_coreset	2	P2_WEEDSGALORE_TRUTH_FREE_PROPOSAL_GRID_20260810_V3_T070_A032:094:0034
prospective_dinov2_coreset	2	P2_WEEDSGALORE_TRUTH_FREE_PROPOSAL_GRID_20260810_V3_T070_A032:097:0026
prospective_dinov2_coreset	2	P2_WEEDSGALORE_TRUTH_FREE_PROPOSAL_GRID_20260810_V3_T070_A032:101:0015
prospective_dinov2_coreset	2	P2_WEEDSGALORE_TRUTH_FREE_PROPOSAL_GRID_20260810_V3_T070_A032:101:0052
prospective_dinov2_coreset	2	P2_WEEDSGALORE_TRUTH_FREE_PROPOSAL_GRID_20260810_V3_T070_A032:101:0071
prospective_dinov2_coreset	2	P2_WEEDSGALORE_TRUTH_FREE_PROPOSAL_GRID_20260810_V3_T070_A032:102:0037
prospective_dinov2_coreset	2	P2_WEEDSGALORE_TRUTH_FREE_PROPOSAL_GRID_20260810_V3_T070_A032:104:0014
prospective_dinov2_coreset	2	P2_WEEDSGALORE_TRUTH_FREE_PROPOSAL_GRID_20260810_V3_T070_A032:104:0022
prospective_dinov2_coreset	2	P2_WEEDSGALORE_TRUTH_FREE_PROPOSAL_GRID_20260810_V3_T070_A032:104:0024
prospective_dinov2_coreset	2	P2_WEEDSGALORE_TRUTH_FREE_PROPOSAL_GRID_20260810_V3_T070_A032:104:0035
prospective_dinov2_coreset	2	P2_WEEDSGALORE_TRUTH_FREE_PROPOSAL_GRID_20260810_V3_T070_A032:106:0025
prospective_dinov2_coreset	2	P2_WEEDSGALORE_TRUTH_FREE_PROPOSAL_GRID_20260810_V3_T070_A032:106:0026
prospective_dinov2_coreset	2	P2_WEEDSGALORE_TRUTH_FREE_PROPOSAL_GRID_20260810_V3_T070_A032:107:0025
prospective_dinov2_coreset	2	P2_WEEDSGALORE_TRUTH_FREE_PROPOSAL_GRID_20260810_V3_T070_A032:107:0057
prospective_dinov2_coreset	2	P2_WEEDSGALORE_TRUTH_FREE_PROPOSAL_GRID_20260810_V3_T070_A032:109:0002
prospective_dinov2_coreset	2	P2_WEEDSGALORE_TRUTH_FREE_PROPOSAL_GRID_20260810_V3_T070_A032:109:0003
prospective_dinov2_coreset	2	P2_WEEDSGALORE_TRUTH_FREE_PROPOSAL_GRID_20260810_V3_T070_A032:110:0021
prospective_dinov2_coreset	2	P2_WEEDSGALORE_TRUTH_FREE_PROPOSAL_GRID_20260810_V3_T070_A032:110:0044
prospective_dinov2_coreset	2	P2_WEEDSGALORE_TRUTH_FREE_PROPOSAL_GRID_20260810_V3_T070_A032:110:0086
prospective_dinov2_coreset	2	P2_WEEDSGALORE_TRUTH_FREE_PROPOSAL_GRID_20260810_V3_T070_A032:111:0019
prospective_dinov2_coreset	2	P2_WEEDSGALORE_TRUTH_FREE_PROPOSAL_GRID_20260810_V3_T070_A032:111:0031
prospective_dinov2_coreset	2	P2_WEEDSGALORE_TRUTH_FREE_PROPOSAL_GRID_20260810_V3_T070_A032:111:0041
prospective_dinov2_coreset	2	P2_WEEDSGALORE_TRUTH_FREE_PROPOSAL_GRID_20260810_V3_T070_A032:114:0016
prospective_dinov2_coreset	2	P2_WEEDSGALORE_TRUTH_FREE_PROPOSAL_GRID_20260810_V3_T070_A032:114:0057
prospective_dinov2_coreset	2	P2_WEEDSGALORE_TRUTH_FREE_PROPOSAL_GRID_20260810_V3_T070_A032:114:0063
prospective_dinov2_coreset	2	P2_WEEDSGALORE_TRUTH_FREE_PROPOSAL_GRID_20260810_V3_T070_A032:115:0048
prospective_dinov2_coreset	2	P2_WEEDSGALORE_TRUTH_FREE_PROPOSAL_GRID_20260810_V3_T070_A032:116:0011
prospective_dinov2_coreset	2	P2_WEEDSGALORE_TRUTH_FREE_PROPOSAL_GRID_20260810_V3_T070_A032:116:0015
prospective_dinov2_coreset	2	P2_WEEDSGALORE_TRUTH_FREE_PROPOSAL_GRID_20260810_V3_T070_A032:116:0033
prospective_dinov2_coreset	2	P2_WEEDSGALORE_TRUTH_FREE_PROPOSAL_GRID_20260810_V3_T070_A032:116:0060
prospective_dinov2_coreset	2	P2_WEEDSGALORE_TRUTH_FREE_PROPOSAL_GRID_20260810_V3_T070_A032:119:0075
prospective_dinov2_coreset	2	P2_WEEDSGALORE_TRUTH_FREE_PROPOSAL_GRID_20260810_V3_T070_A032:120:0020
prospective_dinov2_coreset	2	P2_WEEDSGALORE_TRUTH_FREE_PROPOSAL_GRID_20260810_V3_T070_A032:120:0024
prospective_dinov2_coreset	2	P2_WEEDSGALORE_TRUTH_FREE_PROPOSAL_GRID_20260810_V3_T070_A032:121:0007
prospective_dinov2_coreset	2	P2_WEEDSGALORE_TRUTH_FREE_PROPOSAL_GRID_20260810_V3_T070_A032:122:0008
prospective_dinov2_coreset	2	P2_WEEDSGALORE_TRUTH_FREE_PROPOSAL_GRID_20260810_V3_T070_A032:122:0029
prospective_dinov2_coreset	2	P2_WEEDSGALORE_TRUTH_FREE_PROPOSAL_GRID_20260810_V3_T070_A032:123:0009
prospective_dinov2_coreset	2	P2_WEEDSGALORE_TRUTH_FREE_PROPOSAL_GRID_20260810_V3_T070_A032:127:0035
prospective_dinov2_coreset	2	P2_WEEDSGALORE_TRUTH_FREE_PROPOSAL_GRID_20260810_V3_T070_A032:127:0041
prospective_dinov2_coreset	2	P2_WEEDSGALORE_TRUTH_FREE_PROPOSAL_GRID_20260810_V3_T070_A032:127:0081
prospective_dinov2_coreset	2	P2_WEEDSGALORE_TRUTH_FREE_PROPOSAL_GRID_20260810_V3_T070_A032:127:0092
prospective_dinov2_coreset	2	P2_WEEDSGALORE_TRUTH_FREE_PROPOSAL_GRID_20260810_V3_T070_A032:128:0030
prospective_dinov2_coreset	2	P2_WEEDSGALORE_TRUTH_FREE_PROPOSAL_GRID_20260810_V3_T070_A032:130:0012
prospective_dinov2_coreset	2	P2_WEEDSGALORE_TRUTH_FREE_PROPOSAL_GRID_20260810_V3_T070_A032:130:0053
prospective_dinov2_coreset	2	P2_WEEDSGALORE_TRUTH_FREE_PROPOSAL_GRID_20260810_V3_T070_A032:133:0016
prospective_dinov2_coreset	2	P2_WEEDSGALORE_TRUTH_FREE_PROPOSAL_GRID_20260810_V3_T070_A032:133:0028
prospective_dinov2_coreset	2	P2_WEEDSGALORE_TRUTH_FREE_PROPOSAL_GRID_20260810_V3_T070_A032:133:0067
prospective_dinov2_coreset	2	P2_WEEDSGALORE_TRUTH_FREE_PROPOSAL_GRID_20260810_V3_T070_A032:134:0003
prospective_dinov2_coreset	2	P2_WEEDSGALORE_TRUTH_FREE_PROPOSAL_GRID_20260810_V3_T070_A032:134:0007
prospective_dinov2_coreset	2	P2_WEEDSGALORE_TRUTH_FREE_PROPOSAL_GRID_20260810_V3_T070_A032:134:0015
prospective_dinov2_coreset	2	P2_WEEDSGALORE_TRUTH_FREE_PROPOSAL_GRID_20260810_V3_T070_A032:134:0062
prospective_dinov2_coreset	2	P2_WEEDSGALORE_TRUTH_FREE_PROPOSAL_GRID_20260810_V3_T070_A032:134:0066
prospective_dinov2_coreset	2	P2_WEEDSGALORE_TRUTH_FREE_PROPOSAL_GRID_20260810_V3_T070_A032:134:0069
prospective_dinov2_coreset	2	P2_WEEDSGALORE_TRUTH_FREE_PROPOSAL_GRID_20260810_V3_T070_A032:134:0084
prospective_dinov2_coreset	2	P2_WEEDSGALORE_TRUTH_FREE_PROPOSAL_GRID_20260810_V3_T070_A032:135:0063
prospective_dinov2_coreset	2	P2_WEEDSGALORE_TRUTH_FREE_PROPOSAL_GRID_20260810_V3_T070_A032:135:0067
prospective_dinov2_coreset	2	P2_WEEDSGALORE_TRUTH_FREE_PROPOSAL_GRID_20260810_V3_T070_A032:136:0003
prospective_dinov2_coreset	2	P2_WEEDSGALORE_TRUTH_FREE_PROPOSAL_GRID_20260810_V3_T070_A032:136:0011
prospective_dinov2_coreset	2	P2_WEEDSGALORE_TRUTH_FREE_PROPOSAL_GRID_20260810_V3_T070_A032:136:0041
prospective_dinov2_coreset	2	P2_WEEDSGALORE_TRUTH_FREE_PROPOSAL_GRID_20260810_V3_T070_A032:136:0052
prospective_dinov2_coreset	2	P2_WEEDSGALORE_TRUTH_FREE_PROPOSAL_GRID_20260810_V3_T070_A032:136:0065
prospective_dinov2_coreset	2	P2_WEEDSGALORE_TRUTH_FREE_PROPOSAL_GRID_20260810_V3_T070_A032:139:0019
prospective_dinov2_coreset	2	P2_WEEDSGALORE_TRUTH_FREE_PROPOSAL_GRID_20260810_V3_T070_A032:139:0035
prospective_dinov2_coreset	2	P2_WEEDSGALORE_TRUTH_FREE_PROPOSAL_GRID_20260810_V3_T070_A032:139:0082
prospective_dinov2_coreset	2	P2_WEEDSGALORE_TRUTH_FREE_PROPOSAL_GRID_20260810_V3_T070_A032:142:0029
prospective_dinov2_coreset	2	P2_WEEDSGALORE_TRUTH_FREE_PROPOSAL_GRID_20260810_V3_T070_A032:142:0036
prospective_dinov2_coreset	2	P2_WEEDSGALORE_TRUTH_FREE_PROPOSAL_GRID_20260810_V3_T070_A032:142:0049
prospective_dinov2_coreset	2	P2_WEEDSGALORE_TRUTH_FREE_PROPOSAL_GRID_20260810_V3_T070_A032:142:0065
prospective_dinov2_coreset	2	P2_WEEDSGALORE_TRUTH_FREE_PROPOSAL_GRID_20260810_V3_T070_A032:142:0073
prospective_dinov2_coreset	2	P2_WEEDSGALORE_TRUTH_FREE_PROPOSAL_GRID_20260810_V3_T070_A032:142:0078
prospective_dinov2_coreset	2	P2_WEEDSGALORE_TRUTH_FREE_PROPOSAL_GRID_20260810_V3_T070_A032:143:0003
prospective_dinov2_coreset	2	P2_WEEDSGALORE_TRUTH_FREE_PROPOSAL_GRID_20260810_V3_T070_A032:143:0036
prospective_dinov2_coreset	2	P2_WEEDSGALORE_TRUTH_FREE_PROPOSAL_GRID_20260810_V3_T070_A032:143:0057
prospective_dinov2_coreset	2	P2_WEEDSGALORE_TRUTH_FREE_PROPOSAL_GRID_20260810_V3_T070_A032:143:0082
prospective_dinov2_coreset	2	P2_WEEDSGALORE_TRUTH_FREE_PROPOSAL_GRID_20260810_V3_T070_A032:144:0016
prospective_dinov2_coreset	2	P2_WEEDSGALORE_TRUTH_FREE_PROPOSAL_GRID_20260810_V3_T070_A032:146:0001
prospective_dinov2_coreset	2	P2_WEEDSGALORE_TRUTH_FREE_PROPOSAL_GRID_20260810_V3_T070_A032:146:0009
prospective_dinov2_coreset	2	P2_WEEDSGALORE_TRUTH_FREE_PROPOSAL_GRID_20260810_V3_T070_A032:146:0015
prospective_dinov2_coreset	2	P2_WEEDSGALORE_TRUTH_FREE_PROPOSAL_GRID_20260810_V3_T070_A032:146:0043
prospective_dinov2_coreset	2	P2_WEEDSGALORE_TRUTH_FREE_PROPOSAL_GRID_20260810_V3_T070_A032:146:0047
prospective_dinov2_coreset	2	P2_WEEDSGALORE_TRUTH_FREE_PROPOSAL_GRID_20260810_V3_T070_A032:146:0049
prospective_dinov2_coreset	2	P2_WEEDSGALORE_TRUTH_FREE_PROPOSAL_GRID_20260810_V3_T070_A032:148:0003
prospective_dinov2_coreset	2	P2_WEEDSGALORE_TRUTH_FREE_PROPOSAL_GRID_20260810_V3_T070_A032:150:0026
prospective_dinov2_coreset	2	P2_WEEDSGALORE_TRUTH_FREE_PROPOSAL_GRID_20260810_V3_T070_A032:150:0035
prospective_dinov2_coreset	2	P2_WEEDSGALORE_TRUTH_FREE_PROPOSAL_GRID_20260810_V3_T070_A032:151:0044
prospective_dinov2_coreset	2	P2_WEEDSGALORE_TRUTH_FREE_PROPOSAL_GRID_20260810_V3_T070_A032:153:0062
prospective_dinov2_coreset	2	P2_WEEDSGALORE_TRUTH_FREE_PROPOSAL_GRID_20260810_V3_T070_A032:153:0085
prospective_dinov2_coreset	2	P2_WEEDSGALORE_TRUTH_FREE_PROPOSAL_GRID_20260810_V3_T070_A032:155:0003
prospective_dinov2_coreset	2	P2_WEEDSGALORE_TRUTH_FREE_PROPOSAL_GRID_20260810_V3_T070_A032:155:0008
prospective_dinov2_coreset	2	P2_WEEDSGALORE_TRUTH_FREE_PROPOSAL_GRID_20260810_V3_T070_A032:155:0066
prospective_dinov2_coreset	2	P2_WEEDSGALORE_TRUTH_FREE_PROPOSAL_GRID_20260810_V3_T070_A032:155:0076
prospective_dinov2_coreset	2	P2_WEEDSGALORE_TRUTH_FREE_PROPOSAL_GRID_20260810_V3_T070_A032:155:0088
prospective_dinov2_coreset	2	P2_WEEDSGALORE_TRUTH_FREE_PROPOSAL_GRID_20260810_V3_T070_A032:156:0033
prospective_dinov2_coreset	2	P2_WEEDSGALORE_TRUTH_FREE_PROPOSAL_GRID_20260810_V3_T070_A032:156:0035
prospective_dinov2_coreset	2	P2_WEEDSGALORE_TRUTH_FREE_PROPOSAL_GRID_20260810_V3_T070_A032:156:0041
prospective_dinov2_coreset	2	P2_WEEDSGALORE_TRUTH_FREE_PROPOSAL_GRID_20260810_V3_T070_A032:156:0055
retrospective_class_stratified	2	P2_WEEDSGALORE_TRUTH_FREE_PROPOSAL_GRID_20260810_V3_T070_A032:003:0021
retrospective_class_stratified	2	P2_WEEDSGALORE_TRUTH_FREE_PROPOSAL_GRID_20260810_V3_T070_A032:005:0130
retrospective_class_stratified	2	P2_WEEDSGALORE_TRUTH_FREE_PROPOSAL_GRID_20260810_V3_T070_A032:006:0059
retrospective_class_stratified	2	P2_WEEDSGALORE_TRUTH_FREE_PROPOSAL_GRID_20260810_V3_T070_A032:006:0078
retrospective_class_stratified	2	P2_WEEDSGALORE_TRUTH_FREE_PROPOSAL_GRID_20260810_V3_T070_A032:006:0081
retrospective_class_stratified	2	P2_WEEDSGALORE_TRUTH_FREE_PROPOSAL_GRID_20260810_V3_T070_A032:006:0115
retrospective_class_stratified	2	P2_WEEDSGALORE_TRUTH_FREE_PROPOSAL_GRID_20260810_V3_T070_A032:006:0146
retrospective_class_stratified	2	P2_WEEDSGALORE_TRUTH_FREE_PROPOSAL_GRID_20260810_V3_T070_A032:006:0278
retrospective_class_stratified	2	P2_WEEDSGALORE_TRUTH_FREE_PROPOSAL_GRID_20260810_V3_T070_A032:009:0038
retrospective_class_stratified	2	P2_WEEDSGALORE_TRUTH_FREE_PROPOSAL_GRID_20260810_V3_T070_A032:009:0081
retrospective_class_stratified	2	P2_WEEDSGALORE_TRUTH_FREE_PROPOSAL_GRID_20260810_V3_T070_A032:010:0079
retrospective_class_stratified	2	P2_WEEDSGALORE_TRUTH_FREE_PROPOSAL_GRID_20260810_V3_T070_A032:010:0142
retrospective_class_stratified	2	P2_WEEDSGALORE_TRUTH_FREE_PROPOSAL_GRID_20260810_V3_T070_A032:010:0155
retrospective_class_stratified	2	P2_WEEDSGALORE_TRUTH_FREE_PROPOSAL_GRID_20260810_V3_T070_A032:010:0157
retrospective_class_stratified	2	P2_WEEDSGALORE_TRUTH_FREE_PROPOSAL_GRID_20260810_V3_T070_A032:010:0174
retrospective_class_stratified	2	P2_WEEDSGALORE_TRUTH_FREE_PROPOSAL_GRID_20260810_V3_T070_A032:010:0210
retrospective_class_stratified	2	P2_WEEDSGALORE_TRUTH_FREE_PROPOSAL_GRID_20260810_V3_T070_A032:010:0231
retrospective_class_stratified	2	P2_WEEDSGALORE_TRUTH_FREE_PROPOSAL_GRID_20260810_V3_T070_A032:011:0001
retrospective_class_stratified	2	P2_WEEDSGALORE_TRUTH_FREE_PROPOSAL_GRID_20260810_V3_T070_A032:011:0083
retrospective_class_stratified	2	P2_WEEDSGALORE_TRUTH_FREE_PROPOSAL_GRID_20260810_V3_T070_A032:011:0092
retrospective_class_stratified	2	P2_WEEDSGALORE_TRUTH_FREE_PROPOSAL_GRID_20260810_V3_T070_A032:011:0114
retrospective_class_stratified	2	P2_WEEDSGALORE_TRUTH_FREE_PROPOSAL_GRID_20260810_V3_T070_A032:011:0144
retrospective_class_stratified	2	P2_WEEDSGALORE_TRUTH_FREE_PROPOSAL_GRID_20260810_V3_T070_A032:012:0008
retrospective_class_stratified	2	P2_WEEDSGALORE_TRUTH_FREE_PROPOSAL_GRID_20260810_V3_T070_A032:012:0041
retrospective_class_stratified	2	P2_WEEDSGALORE_TRUTH_FREE_PROPOSAL_GRID_20260810_V3_T070_A032:012:0085
retrospective_class_stratified	2	P2_WEEDSGALORE_TRUTH_FREE_PROPOSAL_GRID_20260810_V3_T070_A032:012:0107
retrospective_class_stratified	2	P2_WEEDSGALORE_TRUTH_FREE_PROPOSAL_GRID_20260810_V3_T070_A032:012:0108
retrospective_class_stratified	2	P2_WEEDSGALORE_TRUTH_FREE_PROPOSAL_GRID_20260810_V3_T070_A032:012:0139
retrospective_class_stratified	2	P2_WEEDSGALORE_TRUTH_FREE_PROPOSAL_GRID_20260810_V3_T070_A032:012:0185
retrospective_class_stratified	2	P2_WEEDSGALORE_TRUTH_FREE_PROPOSAL_GRID_20260810_V3_T070_A032:012:0187
retrospective_class_stratified	2	P2_WEEDSGALORE_TRUTH_FREE_PROPOSAL_GRID_20260810_V3_T070_A032:013:0013
retrospective_class_stratified	2	P2_WEEDSGALORE_TRUTH_FREE_PROPOSAL_GRID_20260810_V3_T070_A032:013:0029
retrospective_class_stratified	2	P2_WEEDSGALORE_TRUTH_FREE_PROPOSAL_GRID_20260810_V3_T070_A032:014:0009
retrospective_class_stratified	2	P2_WEEDSGALORE_TRUTH_FREE_PROPOSAL_GRID_20260810_V3_T070_A032:014:0016
retrospective_class_stratified	2	P2_WEEDSGALORE_TRUTH_FREE_PROPOSAL_GRID_20260810_V3_T070_A032:014:0032
retrospective_class_stratified	2	P2_WEEDSGALORE_TRUTH_FREE_PROPOSAL_GRID_20260810_V3_T070_A032:014:0040
retrospective_class_stratified	2	P2_WEEDSGALORE_TRUTH_FREE_PROPOSAL_GRID_20260810_V3_T070_A032:018:0015
retrospective_class_stratified	2	P2_WEEDSGALORE_TRUTH_FREE_PROPOSAL_GRID_20260810_V3_T070_A032:018:0035
retrospective_class_stratified	2	P2_WEEDSGALORE_TRUTH_FREE_PROPOSAL_GRID_20260810_V3_T070_A032:018:0097
retrospective_class_stratified	2	P2_WEEDSGALORE_TRUTH_FREE_PROPOSAL_GRID_20260810_V3_T070_A032:018:0125
retrospective_class_stratified	2	P2_WEEDSGALORE_TRUTH_FREE_PROPOSAL_GRID_20260810_V3_T070_A032:018:0132
retrospective_class_stratified	2	P2_WEEDSGALORE_TRUTH_FREE_PROPOSAL_GRID_20260810_V3_T070_A032:019:0031
retrospective_class_stratified	2	P2_WEEDSGALORE_TRUTH_FREE_PROPOSAL_GRID_20260810_V3_T070_A032:023:0011
retrospective_class_stratified	2	P2_WEEDSGALORE_TRUTH_FREE_PROPOSAL_GRID_20260810_V3_T070_A032:023:0023
retrospective_class_stratified	2	P2_WEEDSGALORE_TRUTH_FREE_PROPOSAL_GRID_20260810_V3_T070_A032:023:0044
retrospective_class_stratified	2	P2_WEEDSGALORE_TRUTH_FREE_PROPOSAL_GRID_20260810_V3_T070_A032:023:0053
retrospective_class_stratified	2	P2_WEEDSGALORE_TRUTH_FREE_PROPOSAL_GRID_20260810_V3_T070_A032:024:0116
retrospective_class_stratified	2	P2_WEEDSGALORE_TRUTH_FREE_PROPOSAL_GRID_20260810_V3_T070_A032:025:0009
retrospective_class_stratified	2	P2_WEEDSGALORE_TRUTH_FREE_PROPOSAL_GRID_20260810_V3_T070_A032:025:0016
retrospective_class_stratified	2	P2_WEEDSGALORE_TRUTH_FREE_PROPOSAL_GRID_20260810_V3_T070_A032:026:0005
retrospective_class_stratified	2	P2_WEEDSGALORE_TRUTH_FREE_PROPOSAL_GRID_20260810_V3_T070_A032:027:0020
retrospective_class_stratified	2	P2_WEEDSGALORE_TRUTH_FREE_PROPOSAL_GRID_20260810_V3_T070_A032:030:0021
retrospective_class_stratified	2	P2_WEEDSGALORE_TRUTH_FREE_PROPOSAL_GRID_20260810_V3_T070_A032:031:0004
retrospective_class_stratified	2	P2_WEEDSGALORE_TRUTH_FREE_PROPOSAL_GRID_20260810_V3_T070_A032:032:0026
retrospective_class_stratified	2	P2_WEEDSGALORE_TRUTH_FREE_PROPOSAL_GRID_20260810_V3_T070_A032:034:0120
retrospective_class_stratified	2	P2_WEEDSGALORE_TRUTH_FREE_PROPOSAL_GRID_20260810_V3_T070_A032:034:0128
retrospective_class_stratified	2	P2_WEEDSGALORE_TRUTH_FREE_PROPOSAL_GRID_20260810_V3_T070_A032:035:0011
retrospective_class_stratified	2	P2_WEEDSGALORE_TRUTH_FREE_PROPOSAL_GRID_20260810_V3_T070_A032:035:0027
retrospective_class_stratified	2	P2_WEEDSGALORE_TRUTH_FREE_PROPOSAL_GRID_20260810_V3_T070_A032:037:0007
retrospective_class_stratified	2	P2_WEEDSGALORE_TRUTH_FREE_PROPOSAL_GRID_20260810_V3_T070_A032:038:0008
retrospective_class_stratified	2	P2_WEEDSGALORE_TRUTH_FREE_PROPOSAL_GRID_20260810_V3_T070_A032:039:0041
retrospective_class_stratified	2	P2_WEEDSGALORE_TRUTH_FREE_PROPOSAL_GRID_20260810_V3_T070_A032:039:0075
retrospective_class_stratified	2	P2_WEEDSGALORE_TRUTH_FREE_PROPOSAL_GRID_20260810_V3_T070_A032:039:0080
retrospective_class_stratified	2	P2_WEEDSGALORE_TRUTH_FREE_PROPOSAL_GRID_20260810_V3_T070_A032:043:0025
retrospective_class_stratified	2	P2_WEEDSGALORE_TRUTH_FREE_PROPOSAL_GRID_20260810_V3_T070_A032:043:0048
retrospective_class_stratified	2	P2_WEEDSGALORE_TRUTH_FREE_PROPOSAL_GRID_20260810_V3_T070_A032:047:0020
retrospective_class_stratified	2	P2_WEEDSGALORE_TRUTH_FREE_PROPOSAL_GRID_20260810_V3_T070_A032:048:0020
retrospective_class_stratified	2	P2_WEEDSGALORE_TRUTH_FREE_PROPOSAL_GRID_20260810_V3_T070_A032:048:0040
retrospective_class_stratified	2	P2_WEEDSGALORE_TRUTH_FREE_PROPOSAL_GRID_20260810_V3_T070_A032:051:0014
retrospective_class_stratified	2	P2_WEEDSGALORE_TRUTH_FREE_PROPOSAL_GRID_20260810_V3_T070_A032:051:0028
retrospective_class_stratified	2	P2_WEEDSGALORE_TRUTH_FREE_PROPOSAL_GRID_20260810_V3_T070_A032:051:0063
retrospective_class_stratified	2	P2_WEEDSGALORE_TRUTH_FREE_PROPOSAL_GRID_20260810_V3_T070_A032:052:0018
retrospective_class_stratified	2	P2_WEEDSGALORE_TRUTH_FREE_PROPOSAL_GRID_20260810_V3_T070_A032:052:0053
retrospective_class_stratified	2	P2_WEEDSGALORE_TRUTH_FREE_PROPOSAL_GRID_20260810_V3_T070_A032:052:0210
retrospective_class_stratified	2	P2_WEEDSGALORE_TRUTH_FREE_PROPOSAL_GRID_20260810_V3_T070_A032:052:0215
retrospective_class_stratified	2	P2_WEEDSGALORE_TRUTH_FREE_PROPOSAL_GRID_20260810_V3_T070_A032:052:0227
retrospective_class_stratified	2	P2_WEEDSGALORE_TRUTH_FREE_PROPOSAL_GRID_20260810_V3_T070_A032:053:0038
retrospective_class_stratified	2	P2_WEEDSGALORE_TRUTH_FREE_PROPOSAL_GRID_20260810_V3_T070_A032:053:0048
retrospective_class_stratified	2	P2_WEEDSGALORE_TRUTH_FREE_PROPOSAL_GRID_20260810_V3_T070_A032:053:0132
retrospective_class_stratified	2	P2_WEEDSGALORE_TRUTH_FREE_PROPOSAL_GRID_20260810_V3_T070_A032:054:0027
retrospective_class_stratified	2	P2_WEEDSGALORE_TRUTH_FREE_PROPOSAL_GRID_20260810_V3_T070_A032:054:0112
retrospective_class_stratified	2	P2_WEEDSGALORE_TRUTH_FREE_PROPOSAL_GRID_20260810_V3_T070_A032:054:0145
retrospective_class_stratified	2	P2_WEEDSGALORE_TRUTH_FREE_PROPOSAL_GRID_20260810_V3_T070_A032:057:0028
retrospective_class_stratified	2	P2_WEEDSGALORE_TRUTH_FREE_PROPOSAL_GRID_20260810_V3_T070_A032:058:0031
retrospective_class_stratified	2	P2_WEEDSGALORE_TRUTH_FREE_PROPOSAL_GRID_20260810_V3_T070_A032:058:0049
retrospective_class_stratified	2	P2_WEEDSGALORE_TRUTH_FREE_PROPOSAL_GRID_20260810_V3_T070_A032:058:0074
retrospective_class_stratified	2	P2_WEEDSGALORE_TRUTH_FREE_PROPOSAL_GRID_20260810_V3_T070_A032:058:0104
retrospective_class_stratified	2	P2_WEEDSGALORE_TRUTH_FREE_PROPOSAL_GRID_20260810_V3_T070_A032:058:0106
retrospective_class_stratified	2	P2_WEEDSGALORE_TRUTH_FREE_PROPOSAL_GRID_20260810_V3_T070_A032:058:0119
retrospective_class_stratified	2	P2_WEEDSGALORE_TRUTH_FREE_PROPOSAL_GRID_20260810_V3_T070_A032:058:0126
retrospective_class_stratified	2	P2_WEEDSGALORE_TRUTH_FREE_PROPOSAL_GRID_20260810_V3_T070_A032:059:0131
retrospective_class_stratified	2	P2_WEEDSGALORE_TRUTH_FREE_PROPOSAL_GRID_20260810_V3_T070_A032:060:0071
retrospective_class_stratified	2	P2_WEEDSGALORE_TRUTH_FREE_PROPOSAL_GRID_20260810_V3_T070_A032:060:0182
retrospective_class_stratified	2	P2_WEEDSGALORE_TRUTH_FREE_PROPOSAL_GRID_20260810_V3_T070_A032:061:0007
retrospective_class_stratified	2	P2_WEEDSGALORE_TRUTH_FREE_PROPOSAL_GRID_20260810_V3_T070_A032:061:0023
retrospective_class_stratified	2	P2_WEEDSGALORE_TRUTH_FREE_PROPOSAL_GRID_20260810_V3_T070_A032:062:0009
retrospective_class_stratified	2	P2_WEEDSGALORE_TRUTH_FREE_PROPOSAL_GRID_20260810_V3_T070_A032:062:0074
retrospective_class_stratified	2	P2_WEEDSGALORE_TRUTH_FREE_PROPOSAL_GRID_20260810_V3_T070_A032:062:0087
retrospective_class_stratified	2	P2_WEEDSGALORE_TRUTH_FREE_PROPOSAL_GRID_20260810_V3_T070_A032:063:0018
retrospective_class_stratified	2	P2_WEEDSGALORE_TRUTH_FREE_PROPOSAL_GRID_20260810_V3_T070_A032:064:0009
retrospective_class_stratified	2	P2_WEEDSGALORE_TRUTH_FREE_PROPOSAL_GRID_20260810_V3_T070_A032:064:0063
retrospective_class_stratified	2	P2_WEEDSGALORE_TRUTH_FREE_PROPOSAL_GRID_20260810_V3_T070_A032:064:0069
retrospective_class_stratified	2	P2_WEEDSGALORE_TRUTH_FREE_PROPOSAL_GRID_20260810_V3_T070_A032:064:0077
retrospective_class_stratified	2	P2_WEEDSGALORE_TRUTH_FREE_PROPOSAL_GRID_20260810_V3_T070_A032:064:0083
retrospective_class_stratified	2	P2_WEEDSGALORE_TRUTH_FREE_PROPOSAL_GRID_20260810_V3_T070_A032:067:0001
retrospective_class_stratified	2	P2_WEEDSGALORE_TRUTH_FREE_PROPOSAL_GRID_20260810_V3_T070_A032:067:0013
retrospective_class_stratified	2	P2_WEEDSGALORE_TRUTH_FREE_PROPOSAL_GRID_20260810_V3_T070_A032:067:0096
retrospective_class_stratified	2	P2_WEEDSGALORE_TRUTH_FREE_PROPOSAL_GRID_20260810_V3_T070_A032:067:0133
retrospective_class_stratified	2	P2_WEEDSGALORE_TRUTH_FREE_PROPOSAL_GRID_20260810_V3_T070_A032:067:0136
retrospective_class_stratified	2	P2_WEEDSGALORE_TRUTH_FREE_PROPOSAL_GRID_20260810_V3_T070_A032:067:0192
retrospective_class_stratified	2	P2_WEEDSGALORE_TRUTH_FREE_PROPOSAL_GRID_20260810_V3_T070_A032:070:0123
retrospective_class_stratified	2	P2_WEEDSGALORE_TRUTH_FREE_PROPOSAL_GRID_20260810_V3_T070_A032:070:0188
retrospective_class_stratified	2	P2_WEEDSGALORE_TRUTH_FREE_PROPOSAL_GRID_20260810_V3_T070_A032:071:0024
retrospective_class_stratified	2	P2_WEEDSGALORE_TRUTH_FREE_PROPOSAL_GRID_20260810_V3_T070_A032:072:0017
retrospective_class_stratified	2	P2_WEEDSGALORE_TRUTH_FREE_PROPOSAL_GRID_20260810_V3_T070_A032:072:0053
retrospective_class_stratified	2	P2_WEEDSGALORE_TRUTH_FREE_PROPOSAL_GRID_20260810_V3_T070_A032:072:0076
retrospective_class_stratified	2	P2_WEEDSGALORE_TRUTH_FREE_PROPOSAL_GRID_20260810_V3_T070_A032:073:0111
retrospective_class_stratified	2	P2_WEEDSGALORE_TRUTH_FREE_PROPOSAL_GRID_20260810_V3_T070_A032:074:0132
retrospective_class_stratified	2	P2_WEEDSGALORE_TRUTH_FREE_PROPOSAL_GRID_20260810_V3_T070_A032:077:0016
retrospective_class_stratified	2	P2_WEEDSGALORE_TRUTH_FREE_PROPOSAL_GRID_20260810_V3_T070_A032:077:0173
retrospective_class_stratified	2	P2_WEEDSGALORE_TRUTH_FREE_PROPOSAL_GRID_20260810_V3_T070_A032:077:0175
retrospective_class_stratified	2	P2_WEEDSGALORE_TRUTH_FREE_PROPOSAL_GRID_20260810_V3_T070_A032:078:0024
retrospective_class_stratified	2	P2_WEEDSGALORE_TRUTH_FREE_PROPOSAL_GRID_20260810_V3_T070_A032:078:0161
retrospective_class_stratified	2	P2_WEEDSGALORE_TRUTH_FREE_PROPOSAL_GRID_20260810_V3_T070_A032:078:0169
retrospective_class_stratified	2	P2_WEEDSGALORE_TRUTH_FREE_PROPOSAL_GRID_20260810_V3_T070_A032:078:0180
retrospective_class_stratified	2	P2_WEEDSGALORE_TRUTH_FREE_PROPOSAL_GRID_20260810_V3_T070_A032:080:0031
retrospective_class_stratified	2	P2_WEEDSGALORE_TRUTH_FREE_PROPOSAL_GRID_20260810_V3_T070_A032:080:0073
retrospective_class_stratified	2	P2_WEEDSGALORE_TRUTH_FREE_PROPOSAL_GRID_20260810_V3_T070_A032:080:0095
retrospective_class_stratified	2	P2_WEEDSGALORE_TRUTH_FREE_PROPOSAL_GRID_20260810_V3_T070_A032:080:0110
retrospective_class_stratified	2	P2_WEEDSGALORE_TRUTH_FREE_PROPOSAL_GRID_20260810_V3_T070_A032:080:0113
retrospective_class_stratified	2	P2_WEEDSGALORE_TRUTH_FREE_PROPOSAL_GRID_20260810_V3_T070_A032:081:0030
retrospective_class_stratified	2	P2_WEEDSGALORE_TRUTH_FREE_PROPOSAL_GRID_20260810_V3_T070_A032:081:0033
retrospective_class_stratified	2	P2_WEEDSGALORE_TRUTH_FREE_PROPOSAL_GRID_20260810_V3_T070_A032:083:0075
retrospective_class_stratified	2	P2_WEEDSGALORE_TRUTH_FREE_PROPOSAL_GRID_20260810_V3_T070_A032:083:0092
retrospective_class_stratified	2	P2_WEEDSGALORE_TRUTH_FREE_PROPOSAL_GRID_20260810_V3_T070_A032:084:0012
retrospective_class_stratified	2	P2_WEEDSGALORE_TRUTH_FREE_PROPOSAL_GRID_20260810_V3_T070_A032:084:0056
retrospective_class_stratified	2	P2_WEEDSGALORE_TRUTH_FREE_PROPOSAL_GRID_20260810_V3_T070_A032:085:0014
retrospective_class_stratified	2	P2_WEEDSGALORE_TRUTH_FREE_PROPOSAL_GRID_20260810_V3_T070_A032:085:0024
retrospective_class_stratified	2	P2_WEEDSGALORE_TRUTH_FREE_PROPOSAL_GRID_20260810_V3_T070_A032:086:0028
retrospective_class_stratified	2	P2_WEEDSGALORE_TRUTH_FREE_PROPOSAL_GRID_20260810_V3_T070_A032:086:0035
retrospective_class_stratified	2	P2_WEEDSGALORE_TRUTH_FREE_PROPOSAL_GRID_20260810_V3_T070_A032:086:0045
retrospective_class_stratified	2	P2_WEEDSGALORE_TRUTH_FREE_PROPOSAL_GRID_20260810_V3_T070_A032:089:0056
retrospective_class_stratified	2	P2_WEEDSGALORE_TRUTH_FREE_PROPOSAL_GRID_20260810_V3_T070_A032:089:0076
retrospective_class_stratified	2	P2_WEEDSGALORE_TRUTH_FREE_PROPOSAL_GRID_20260810_V3_T070_A032:089:0087
retrospective_class_stratified	2	P2_WEEDSGALORE_TRUTH_FREE_PROPOSAL_GRID_20260810_V3_T070_A032:089:0090
retrospective_class_stratified	2	P2_WEEDSGALORE_TRUTH_FREE_PROPOSAL_GRID_20260810_V3_T070_A032:090:0014
retrospective_class_stratified	2	P2_WEEDSGALORE_TRUTH_FREE_PROPOSAL_GRID_20260810_V3_T070_A032:090:0017
retrospective_class_stratified	2	P2_WEEDSGALORE_TRUTH_FREE_PROPOSAL_GRID_20260810_V3_T070_A032:090:0026
retrospective_class_stratified	2	P2_WEEDSGALORE_TRUTH_FREE_PROPOSAL_GRID_20260810_V3_T070_A032:090:0049
retrospective_class_stratified	2	P2_WEEDSGALORE_TRUTH_FREE_PROPOSAL_GRID_20260810_V3_T070_A032:091:0030
retrospective_class_stratified	2	P2_WEEDSGALORE_TRUTH_FREE_PROPOSAL_GRID_20260810_V3_T070_A032:091:0065
retrospective_class_stratified	2	P2_WEEDSGALORE_TRUTH_FREE_PROPOSAL_GRID_20260810_V3_T070_A032:091:0084
retrospective_class_stratified	2	P2_WEEDSGALORE_TRUTH_FREE_PROPOSAL_GRID_20260810_V3_T070_A032:092:0008
retrospective_class_stratified	2	P2_WEEDSGALORE_TRUTH_FREE_PROPOSAL_GRID_20260810_V3_T070_A032:092:0019
retrospective_class_stratified	2	P2_WEEDSGALORE_TRUTH_FREE_PROPOSAL_GRID_20260810_V3_T070_A032:092:0022
retrospective_class_stratified	2	P2_WEEDSGALORE_TRUTH_FREE_PROPOSAL_GRID_20260810_V3_T070_A032:092:0031
retrospective_class_stratified	2	P2_WEEDSGALORE_TRUTH_FREE_PROPOSAL_GRID_20260810_V3_T070_A032:092:0074
retrospective_class_stratified	2	P2_WEEDSGALORE_TRUTH_FREE_PROPOSAL_GRID_20260810_V3_T070_A032:092:0099
retrospective_class_stratified	2	P2_WEEDSGALORE_TRUTH_FREE_PROPOSAL_GRID_20260810_V3_T070_A032:097:0005
retrospective_class_stratified	2	P2_WEEDSGALORE_TRUTH_FREE_PROPOSAL_GRID_20260810_V3_T070_A032:097:0015
retrospective_class_stratified	2	P2_WEEDSGALORE_TRUTH_FREE_PROPOSAL_GRID_20260810_V3_T070_A032:097:0037
retrospective_class_stratified	2	P2_WEEDSGALORE_TRUTH_FREE_PROPOSAL_GRID_20260810_V3_T070_A032:101:0080
retrospective_class_stratified	2	P2_WEEDSGALORE_TRUTH_FREE_PROPOSAL_GRID_20260810_V3_T070_A032:101:0090
retrospective_class_stratified	2	P2_WEEDSGALORE_TRUTH_FREE_PROPOSAL_GRID_20260810_V3_T070_A032:102:0002
retrospective_class_stratified	2	P2_WEEDSGALORE_TRUTH_FREE_PROPOSAL_GRID_20260810_V3_T070_A032:102:0027
retrospective_class_stratified	2	P2_WEEDSGALORE_TRUTH_FREE_PROPOSAL_GRID_20260810_V3_T070_A032:102:0034
retrospective_class_stratified	2	P2_WEEDSGALORE_TRUTH_FREE_PROPOSAL_GRID_20260810_V3_T070_A032:102:0039
retrospective_class_stratified	2	P2_WEEDSGALORE_TRUTH_FREE_PROPOSAL_GRID_20260810_V3_T070_A032:103:0043
retrospective_class_stratified	2	P2_WEEDSGALORE_TRUTH_FREE_PROPOSAL_GRID_20260810_V3_T070_A032:103:0068
retrospective_class_stratified	2	P2_WEEDSGALORE_TRUTH_FREE_PROPOSAL_GRID_20260810_V3_T070_A032:103:0075
retrospective_class_stratified	2	P2_WEEDSGALORE_TRUTH_FREE_PROPOSAL_GRID_20260810_V3_T070_A032:104:0022
retrospective_class_stratified	2	P2_WEEDSGALORE_TRUTH_FREE_PROPOSAL_GRID_20260810_V3_T070_A032:104:0045
retrospective_class_stratified	2	P2_WEEDSGALORE_TRUTH_FREE_PROPOSAL_GRID_20260810_V3_T070_A032:106:0035
retrospective_class_stratified	2	P2_WEEDSGALORE_TRUTH_FREE_PROPOSAL_GRID_20260810_V3_T070_A032:107:0002
retrospective_class_stratified	2	P2_WEEDSGALORE_TRUTH_FREE_PROPOSAL_GRID_20260810_V3_T070_A032:107:0010
retrospective_class_stratified	2	P2_WEEDSGALORE_TRUTH_FREE_PROPOSAL_GRID_20260810_V3_T070_A032:107:0019
retrospective_class_stratified	2	P2_WEEDSGALORE_TRUTH_FREE_PROPOSAL_GRID_20260810_V3_T070_A032:107:0020
retrospective_class_stratified	2	P2_WEEDSGALORE_TRUTH_FREE_PROPOSAL_GRID_20260810_V3_T070_A032:107:0067
retrospective_class_stratified	2	P2_WEEDSGALORE_TRUTH_FREE_PROPOSAL_GRID_20260810_V3_T070_A032:108:0005
retrospective_class_stratified	2	P2_WEEDSGALORE_TRUTH_FREE_PROPOSAL_GRID_20260810_V3_T070_A032:108:0038
retrospective_class_stratified	2	P2_WEEDSGALORE_TRUTH_FREE_PROPOSAL_GRID_20260810_V3_T070_A032:108:0041
retrospective_class_stratified	2	P2_WEEDSGALORE_TRUTH_FREE_PROPOSAL_GRID_20260810_V3_T070_A032:108:0043
retrospective_class_stratified	2	P2_WEEDSGALORE_TRUTH_FREE_PROPOSAL_GRID_20260810_V3_T070_A032:108:0062
retrospective_class_stratified	2	P2_WEEDSGALORE_TRUTH_FREE_PROPOSAL_GRID_20260810_V3_T070_A032:109:0016
retrospective_class_stratified	2	P2_WEEDSGALORE_TRUTH_FREE_PROPOSAL_GRID_20260810_V3_T070_A032:109:0022
retrospective_class_stratified	2	P2_WEEDSGALORE_TRUTH_FREE_PROPOSAL_GRID_20260810_V3_T070_A032:109:0038
retrospective_class_stratified	2	P2_WEEDSGALORE_TRUTH_FREE_PROPOSAL_GRID_20260810_V3_T070_A032:109:0039
retrospective_class_stratified	2	P2_WEEDSGALORE_TRUTH_FREE_PROPOSAL_GRID_20260810_V3_T070_A032:110:0081
retrospective_class_stratified	2	P2_WEEDSGALORE_TRUTH_FREE_PROPOSAL_GRID_20260810_V3_T070_A032:111:0044
retrospective_class_stratified	2	P2_WEEDSGALORE_TRUTH_FREE_PROPOSAL_GRID_20260810_V3_T070_A032:111:0051
retrospective_class_stratified	2	P2_WEEDSGALORE_TRUTH_FREE_PROPOSAL_GRID_20260810_V3_T070_A032:114:0022
retrospective_class_stratified	2	P2_WEEDSGALORE_TRUTH_FREE_PROPOSAL_GRID_20260810_V3_T070_A032:114:0030
retrospective_class_stratified	2	P2_WEEDSGALORE_TRUTH_FREE_PROPOSAL_GRID_20260810_V3_T070_A032:114:0042
retrospective_class_stratified	2	P2_WEEDSGALORE_TRUTH_FREE_PROPOSAL_GRID_20260810_V3_T070_A032:115:0015
retrospective_class_stratified	2	P2_WEEDSGALORE_TRUTH_FREE_PROPOSAL_GRID_20260810_V3_T070_A032:115:0017
retrospective_class_stratified	2	P2_WEEDSGALORE_TRUTH_FREE_PROPOSAL_GRID_20260810_V3_T070_A032:115:0059
retrospective_class_stratified	2	P2_WEEDSGALORE_TRUTH_FREE_PROPOSAL_GRID_20260810_V3_T070_A032:115:0060
retrospective_class_stratified	2	P2_WEEDSGALORE_TRUTH_FREE_PROPOSAL_GRID_20260810_V3_T070_A032:119:0014
retrospective_class_stratified	2	P2_WEEDSGALORE_TRUTH_FREE_PROPOSAL_GRID_20260810_V3_T070_A032:119:0057
retrospective_class_stratified	2	P2_WEEDSGALORE_TRUTH_FREE_PROPOSAL_GRID_20260810_V3_T070_A032:119:0080
retrospective_class_stratified	2	P2_WEEDSGALORE_TRUTH_FREE_PROPOSAL_GRID_20260810_V3_T070_A032:120:0023
retrospective_class_stratified	2	P2_WEEDSGALORE_TRUTH_FREE_PROPOSAL_GRID_20260810_V3_T070_A032:120:0041
retrospective_class_stratified	2	P2_WEEDSGALORE_TRUTH_FREE_PROPOSAL_GRID_20260810_V3_T070_A032:120:0045
retrospective_class_stratified	2	P2_WEEDSGALORE_TRUTH_FREE_PROPOSAL_GRID_20260810_V3_T070_A032:120:0050
retrospective_class_stratified	2	P2_WEEDSGALORE_TRUTH_FREE_PROPOSAL_GRID_20260810_V3_T070_A032:120:0051
retrospective_class_stratified	2	P2_WEEDSGALORE_TRUTH_FREE_PROPOSAL_GRID_20260810_V3_T070_A032:121:0014
retrospective_class_stratified	2	P2_WEEDSGALORE_TRUTH_FREE_PROPOSAL_GRID_20260810_V3_T070_A032:121:0021
retrospective_class_stratified	2	P2_WEEDSGALORE_TRUTH_FREE_PROPOSAL_GRID_20260810_V3_T070_A032:122:0009
retrospective_class_stratified	2	P2_WEEDSGALORE_TRUTH_FREE_PROPOSAL_GRID_20260810_V3_T070_A032:122:0020
retrospective_class_stratified	2	P2_WEEDSGALORE_TRUTH_FREE_PROPOSAL_GRID_20260810_V3_T070_A032:122:0026
retrospective_class_stratified	2	P2_WEEDSGALORE_TRUTH_FREE_PROPOSAL_GRID_20260810_V3_T070_A032:122:0031
retrospective_class_stratified	2	P2_WEEDSGALORE_TRUTH_FREE_PROPOSAL_GRID_20260810_V3_T070_A032:122:0033
retrospective_class_stratified	2	P2_WEEDSGALORE_TRUTH_FREE_PROPOSAL_GRID_20260810_V3_T070_A032:122:0034
retrospective_class_stratified	2	P2_WEEDSGALORE_TRUTH_FREE_PROPOSAL_GRID_20260810_V3_T070_A032:122:0047
retrospective_class_stratified	2	P2_WEEDSGALORE_TRUTH_FREE_PROPOSAL_GRID_20260810_V3_T070_A032:123:0005
retrospective_class_stratified	2	P2_WEEDSGALORE_TRUTH_FREE_PROPOSAL_GRID_20260810_V3_T070_A032:123:0009
retrospective_class_stratified	2	P2_WEEDSGALORE_TRUTH_FREE_PROPOSAL_GRID_20260810_V3_T070_A032:123:0024
retrospective_class_stratified	2	P2_WEEDSGALORE_TRUTH_FREE_PROPOSAL_GRID_20260810_V3_T070_A032:123:0025
retrospective_class_stratified	2	P2_WEEDSGALORE_TRUTH_FREE_PROPOSAL_GRID_20260810_V3_T070_A032:123:0071
retrospective_class_stratified	2	P2_WEEDSGALORE_TRUTH_FREE_PROPOSAL_GRID_20260810_V3_T070_A032:123:0072
retrospective_class_stratified	2	P2_WEEDSGALORE_TRUTH_FREE_PROPOSAL_GRID_20260810_V3_T070_A032:126:0025
retrospective_class_stratified	2	P2_WEEDSGALORE_TRUTH_FREE_PROPOSAL_GRID_20260810_V3_T070_A032:126:0027
retrospective_class_stratified	2	P2_WEEDSGALORE_TRUTH_FREE_PROPOSAL_GRID_20260810_V3_T070_A032:127:0047
retrospective_class_stratified	2	P2_WEEDSGALORE_TRUTH_FREE_PROPOSAL_GRID_20260810_V3_T070_A032:127:0055
retrospective_class_stratified	2	P2_WEEDSGALORE_TRUTH_FREE_PROPOSAL_GRID_20260810_V3_T070_A032:127:0066
retrospective_class_stratified	2	P2_WEEDSGALORE_TRUTH_FREE_PROPOSAL_GRID_20260810_V3_T070_A032:127:0083
retrospective_class_stratified	2	P2_WEEDSGALORE_TRUTH_FREE_PROPOSAL_GRID_20260810_V3_T070_A032:127:0086
retrospective_class_stratified	2	P2_WEEDSGALORE_TRUTH_FREE_PROPOSAL_GRID_20260810_V3_T070_A032:128:0021
retrospective_class_stratified	2	P2_WEEDSGALORE_TRUTH_FREE_PROPOSAL_GRID_20260810_V3_T070_A032:130:0028
retrospective_class_stratified	2	P2_WEEDSGALORE_TRUTH_FREE_PROPOSAL_GRID_20260810_V3_T070_A032:130:0030
retrospective_class_stratified	2	P2_WEEDSGALORE_TRUTH_FREE_PROPOSAL_GRID_20260810_V3_T070_A032:131:0036
retrospective_class_stratified	2	P2_WEEDSGALORE_TRUTH_FREE_PROPOSAL_GRID_20260810_V3_T070_A032:133:0031
retrospective_class_stratified	2	P2_WEEDSGALORE_TRUTH_FREE_PROPOSAL_GRID_20260810_V3_T070_A032:133:0038
retrospective_class_stratified	2	P2_WEEDSGALORE_TRUTH_FREE_PROPOSAL_GRID_20260810_V3_T070_A032:133:0050
retrospective_class_stratified	2	P2_WEEDSGALORE_TRUTH_FREE_PROPOSAL_GRID_20260810_V3_T070_A032:134:0002
retrospective_class_stratified	2	P2_WEEDSGALORE_TRUTH_FREE_PROPOSAL_GRID_20260810_V3_T070_A032:134:0025
retrospective_class_stratified	2	P2_WEEDSGALORE_TRUTH_FREE_PROPOSAL_GRID_20260810_V3_T070_A032:134:0035
retrospective_class_stratified	2	P2_WEEDSGALORE_TRUTH_FREE_PROPOSAL_GRID_20260810_V3_T070_A032:135:0025
retrospective_class_stratified	2	P2_WEEDSGALORE_TRUTH_FREE_PROPOSAL_GRID_20260810_V3_T070_A032:135:0027
retrospective_class_stratified	2	P2_WEEDSGALORE_TRUTH_FREE_PROPOSAL_GRID_20260810_V3_T070_A032:135:0036
retrospective_class_stratified	2	P2_WEEDSGALORE_TRUTH_FREE_PROPOSAL_GRID_20260810_V3_T070_A032:135:0048
retrospective_class_stratified	2	P2_WEEDSGALORE_TRUTH_FREE_PROPOSAL_GRID_20260810_V3_T070_A032:136:0014
retrospective_class_stratified	2	P2_WEEDSGALORE_TRUTH_FREE_PROPOSAL_GRID_20260810_V3_T070_A032:136:0023
retrospective_class_stratified	2	P2_WEEDSGALORE_TRUTH_FREE_PROPOSAL_GRID_20260810_V3_T070_A032:136:0029
retrospective_class_stratified	2	P2_WEEDSGALORE_TRUTH_FREE_PROPOSAL_GRID_20260810_V3_T070_A032:136:0031
retrospective_class_stratified	2	P2_WEEDSGALORE_TRUTH_FREE_PROPOSAL_GRID_20260810_V3_T070_A032:136:0045
retrospective_class_stratified	2	P2_WEEDSGALORE_TRUTH_FREE_PROPOSAL_GRID_20260810_V3_T070_A032:136:0055
retrospective_class_stratified	2	P2_WEEDSGALORE_TRUTH_FREE_PROPOSAL_GRID_20260810_V3_T070_A032:136:0063
retrospective_class_stratified	2	P2_WEEDSGALORE_TRUTH_FREE_PROPOSAL_GRID_20260810_V3_T070_A032:139:0010
retrospective_class_stratified	2	P2_WEEDSGALORE_TRUTH_FREE_PROPOSAL_GRID_20260810_V3_T070_A032:139:0026
retrospective_class_stratified	2	P2_WEEDSGALORE_TRUTH_FREE_PROPOSAL_GRID_20260810_V3_T070_A032:139:0027
retrospective_class_stratified	2	P2_WEEDSGALORE_TRUTH_FREE_PROPOSAL_GRID_20260810_V3_T070_A032:139:0028
retrospective_class_stratified	2	P2_WEEDSGALORE_TRUTH_FREE_PROPOSAL_GRID_20260810_V3_T070_A032:139:0048
retrospective_class_stratified	2	P2_WEEDSGALORE_TRUTH_FREE_PROPOSAL_GRID_20260810_V3_T070_A032:139:0057
retrospective_class_stratified	2	P2_WEEDSGALORE_TRUTH_FREE_PROPOSAL_GRID_20260810_V3_T070_A032:139:0062
retrospective_class_stratified	2	P2_WEEDSGALORE_TRUTH_FREE_PROPOSAL_GRID_20260810_V3_T070_A032:139:0066
retrospective_class_stratified	2	P2_WEEDSGALORE_TRUTH_FREE_PROPOSAL_GRID_20260810_V3_T070_A032:142:0025
retrospective_class_stratified	2	P2_WEEDSGALORE_TRUTH_FREE_PROPOSAL_GRID_20260810_V3_T070_A032:142:0026
retrospective_class_stratified	2	P2_WEEDSGALORE_TRUTH_FREE_PROPOSAL_GRID_20260810_V3_T070_A032:142:0032
retrospective_class_stratified	2	P2_WEEDSGALORE_TRUTH_FREE_PROPOSAL_GRID_20260810_V3_T070_A032:142:0077
retrospective_class_stratified	2	P2_WEEDSGALORE_TRUTH_FREE_PROPOSAL_GRID_20260810_V3_T070_A032:142:0081
retrospective_class_stratified	2	P2_WEEDSGALORE_TRUTH_FREE_PROPOSAL_GRID_20260810_V3_T070_A032:142:0085
retrospective_class_stratified	2	P2_WEEDSGALORE_TRUTH_FREE_PROPOSAL_GRID_20260810_V3_T070_A032:143:0006
retrospective_class_stratified	2	P2_WEEDSGALORE_TRUTH_FREE_PROPOSAL_GRID_20260810_V3_T070_A032:143:0062
retrospective_class_stratified	2	P2_WEEDSGALORE_TRUTH_FREE_PROPOSAL_GRID_20260810_V3_T070_A032:144:0048
retrospective_class_stratified	2	P2_WEEDSGALORE_TRUTH_FREE_PROPOSAL_GRID_20260810_V3_T070_A032:144:0067
retrospective_class_stratified	2	P2_WEEDSGALORE_TRUTH_FREE_PROPOSAL_GRID_20260810_V3_T070_A032:144:0068
retrospective_class_stratified	2	P2_WEEDSGALORE_TRUTH_FREE_PROPOSAL_GRID_20260810_V3_T070_A032:145:0019
retrospective_class_stratified	2	P2_WEEDSGALORE_TRUTH_FREE_PROPOSAL_GRID_20260810_V3_T070_A032:145:0021
retrospective_class_stratified	2	P2_WEEDSGALORE_TRUTH_FREE_PROPOSAL_GRID_20260810_V3_T070_A032:146:0027
retrospective_class_stratified	2	P2_WEEDSGALORE_TRUTH_FREE_PROPOSAL_GRID_20260810_V3_T070_A032:146:0029
retrospective_class_stratified	2	P2_WEEDSGALORE_TRUTH_FREE_PROPOSAL_GRID_20260810_V3_T070_A032:146:0039
retrospective_class_stratified	2	P2_WEEDSGALORE_TRUTH_FREE_PROPOSAL_GRID_20260810_V3_T070_A032:148:0025
retrospective_class_stratified	2	P2_WEEDSGALORE_TRUTH_FREE_PROPOSAL_GRID_20260810_V3_T070_A032:150:0004
retrospective_class_stratified	2	P2_WEEDSGALORE_TRUTH_FREE_PROPOSAL_GRID_20260810_V3_T070_A032:151:0026
retrospective_class_stratified	2	P2_WEEDSGALORE_TRUTH_FREE_PROPOSAL_GRID_20260810_V3_T070_A032:151:0029
retrospective_class_stratified	2	P2_WEEDSGALORE_TRUTH_FREE_PROPOSAL_GRID_20260810_V3_T070_A032:151:0034
retrospective_class_stratified	2	P2_WEEDSGALORE_TRUTH_FREE_PROPOSAL_GRID_20260810_V3_T070_A032:151:0037
retrospective_class_stratified	2	P2_WEEDSGALORE_TRUTH_FREE_PROPOSAL_GRID_20260810_V3_T070_A032:151:0038
retrospective_class_stratified	2	P2_WEEDSGALORE_TRUTH_FREE_PROPOSAL_GRID_20260810_V3_T070_A032:151:0041
retrospective_class_stratified	2	P2_WEEDSGALORE_TRUTH_FREE_PROPOSAL_GRID_20260810_V3_T070_A032:151:0042
retrospective_class_stratified	2	P2_WEEDSGALORE_TRUTH_FREE_PROPOSAL_GRID_20260810_V3_T070_A032:151:0045
retrospective_class_stratified	2	P2_WEEDSGALORE_TRUTH_FREE_PROPOSAL_GRID_20260810_V3_T070_A032:153:0014
retrospective_class_stratified	2	P2_WEEDSGALORE_TRUTH_FREE_PROPOSAL_GRID_20260810_V3_T070_A032:153:0018
retrospective_class_stratified	2	P2_WEEDSGALORE_TRUTH_FREE_PROPOSAL_GRID_20260810_V3_T070_A032:153:0043
retrospective_class_stratified	2	P2_WEEDSGALORE_TRUTH_FREE_PROPOSAL_GRID_20260810_V3_T070_A032:153:0082
retrospective_class_stratified	2	P2_WEEDSGALORE_TRUTH_FREE_PROPOSAL_GRID_20260810_V3_T070_A032:153:0085
retrospective_class_stratified	2	P2_WEEDSGALORE_TRUTH_FREE_PROPOSAL_GRID_20260810_V3_T070_A032:153:0087
retrospective_class_stratified	2	P2_WEEDSGALORE_TRUTH_FREE_PROPOSAL_GRID_20260810_V3_T070_A032:153:0093
retrospective_class_stratified	2	P2_WEEDSGALORE_TRUTH_FREE_PROPOSAL_GRID_20260810_V3_T070_A032:153:0108
retrospective_class_stratified	2	P2_WEEDSGALORE_TRUTH_FREE_PROPOSAL_GRID_20260810_V3_T070_A032:153:0109
retrospective_class_stratified	2	P2_WEEDSGALORE_TRUTH_FREE_PROPOSAL_GRID_20260810_V3_T070_A032:153:0119
retrospective_class_stratified	2	P2_WEEDSGALORE_TRUTH_FREE_PROPOSAL_GRID_20260810_V3_T070_A032:155:0012
retrospective_class_stratified	2	P2_WEEDSGALORE_TRUTH_FREE_PROPOSAL_GRID_20260810_V3_T070_A032:155:0022
retrospective_class_stratified	2	P2_WEEDSGALORE_TRUTH_FREE_PROPOSAL_GRID_20260810_V3_T070_A032:155:0055
retrospective_class_stratified	2	P2_WEEDSGALORE_TRUTH_FREE_PROPOSAL_GRID_20260810_V3_T070_A032:155:0058
retrospective_class_stratified	2	P2_WEEDSGALORE_TRUTH_FREE_PROPOSAL_GRID_20260810_V3_T070_A032:155:0085
retrospective_class_stratified	2	P2_WEEDSGALORE_TRUTH_FREE_PROPOSAL_GRID_20260810_V3_T070_A032:156:0025
retrospective_class_stratified	2	P2_WEEDSGALORE_TRUTH_FREE_PROPOSAL_GRID_20260810_V3_T070_A032:156:0031
retrospective_class_stratified	2	P2_WEEDSGALORE_TRUTH_FREE_PROPOSAL_GRID_20260810_V3_T070_A032:156:0061
prospective_uniform	3	P2_WEEDSGALORE_TRUTH_FREE_PROPOSAL_GRID_20260810_V3_T070_A032:004:0005
prospective_uniform	3	P2_WEEDSGALORE_TRUTH_FREE_PROPOSAL_GRID_20260810_V3_T070_A032:004:0011
prospective_uniform	3	P2_WEEDSGALORE_TRUTH_FREE_PROPOSAL_GRID_20260810_V3_T070_A032:004:0033
prospective_uniform	3	P2_WEEDSGALORE_TRUTH_FREE_PROPOSAL_GRID_20260810_V3_T070_A032:004:0090
prospective_uniform	3	P2_WEEDSGALORE_TRUTH_FREE_PROPOSAL_GRID_20260810_V3_T070_A032:005:0009
prospective_uniform	3	P2_WEEDSGALORE_TRUTH_FREE_PROPOSAL_GRID_20260810_V3_T070_A032:005:0025
prospective_uniform	3	P2_WEEDSGALORE_TRUTH_FREE_PROPOSAL_GRID_20260810_V3_T070_A032:005:0033
prospective_uniform	3	P2_WEEDSGALORE_TRUTH_FREE_PROPOSAL_GRID_20260810_V3_T070_A032:005:0084
prospective_uniform	3	P2_WEEDSGALORE_TRUTH_FREE_PROPOSAL_GRID_20260810_V3_T070_A032:005:0106
prospective_uniform	3	P2_WEEDSGALORE_TRUTH_FREE_PROPOSAL_GRID_20260810_V3_T070_A032:005:0113
prospective_uniform	3	P2_WEEDSGALORE_TRUTH_FREE_PROPOSAL_GRID_20260810_V3_T070_A032:005:0147
prospective_uniform	3	P2_WEEDSGALORE_TRUTH_FREE_PROPOSAL_GRID_20260810_V3_T070_A032:005:0159
prospective_uniform	3	P2_WEEDSGALORE_TRUTH_FREE_PROPOSAL_GRID_20260810_V3_T070_A032:006:0034
prospective_uniform	3	P2_WEEDSGALORE_TRUTH_FREE_PROPOSAL_GRID_20260810_V3_T070_A032:006:0061
prospective_uniform	3	P2_WEEDSGALORE_TRUTH_FREE_PROPOSAL_GRID_20260810_V3_T070_A032:006:0109
prospective_uniform	3	P2_WEEDSGALORE_TRUTH_FREE_PROPOSAL_GRID_20260810_V3_T070_A032:006:0126
prospective_uniform	3	P2_WEEDSGALORE_TRUTH_FREE_PROPOSAL_GRID_20260810_V3_T070_A032:006:0162
prospective_uniform	3	P2_WEEDSGALORE_TRUTH_FREE_PROPOSAL_GRID_20260810_V3_T070_A032:006:0216
prospective_uniform	3	P2_WEEDSGALORE_TRUTH_FREE_PROPOSAL_GRID_20260810_V3_T070_A032:006:0232
prospective_uniform	3	P2_WEEDSGALORE_TRUTH_FREE_PROPOSAL_GRID_20260810_V3_T070_A032:009:0004
prospective_uniform	3	P2_WEEDSGALORE_TRUTH_FREE_PROPOSAL_GRID_20260810_V3_T070_A032:009:0042
prospective_uniform	3	P2_WEEDSGALORE_TRUTH_FREE_PROPOSAL_GRID_20260810_V3_T070_A032:009:0043
prospective_uniform	3	P2_WEEDSGALORE_TRUTH_FREE_PROPOSAL_GRID_20260810_V3_T070_A032:010:0021
prospective_uniform	3	P2_WEEDSGALORE_TRUTH_FREE_PROPOSAL_GRID_20260810_V3_T070_A032:010:0025
prospective_uniform	3	P2_WEEDSGALORE_TRUTH_FREE_PROPOSAL_GRID_20260810_V3_T070_A032:010:0031
prospective_uniform	3	P2_WEEDSGALORE_TRUTH_FREE_PROPOSAL_GRID_20260810_V3_T070_A032:010:0067
prospective_uniform	3	P2_WEEDSGALORE_TRUTH_FREE_PROPOSAL_GRID_20260810_V3_T070_A032:010:0101
prospective_uniform	3	P2_WEEDSGALORE_TRUTH_FREE_PROPOSAL_GRID_20260810_V3_T070_A032:010:0107
prospective_uniform	3	P2_WEEDSGALORE_TRUTH_FREE_PROPOSAL_GRID_20260810_V3_T070_A032:010:0151
prospective_uniform	3	P2_WEEDSGALORE_TRUTH_FREE_PROPOSAL_GRID_20260810_V3_T070_A032:010:0170
prospective_uniform	3	P2_WEEDSGALORE_TRUTH_FREE_PROPOSAL_GRID_20260810_V3_T070_A032:011:0022
prospective_uniform	3	P2_WEEDSGALORE_TRUTH_FREE_PROPOSAL_GRID_20260810_V3_T070_A032:011:0068
prospective_uniform	3	P2_WEEDSGALORE_TRUTH_FREE_PROPOSAL_GRID_20260810_V3_T070_A032:011:0092
prospective_uniform	3	P2_WEEDSGALORE_TRUTH_FREE_PROPOSAL_GRID_20260810_V3_T070_A032:011:0133
prospective_uniform	3	P2_WEEDSGALORE_TRUTH_FREE_PROPOSAL_GRID_20260810_V3_T070_A032:012:0033
prospective_uniform	3	P2_WEEDSGALORE_TRUTH_FREE_PROPOSAL_GRID_20260810_V3_T070_A032:012:0057
prospective_uniform	3	P2_WEEDSGALORE_TRUTH_FREE_PROPOSAL_GRID_20260810_V3_T070_A032:012:0105
prospective_uniform	3	P2_WEEDSGALORE_TRUTH_FREE_PROPOSAL_GRID_20260810_V3_T070_A032:012:0108
prospective_uniform	3	P2_WEEDSGALORE_TRUTH_FREE_PROPOSAL_GRID_20260810_V3_T070_A032:012:0137
prospective_uniform	3	P2_WEEDSGALORE_TRUTH_FREE_PROPOSAL_GRID_20260810_V3_T070_A032:012:0203
prospective_uniform	3	P2_WEEDSGALORE_TRUTH_FREE_PROPOSAL_GRID_20260810_V3_T070_A032:013:0039
prospective_uniform	3	P2_WEEDSGALORE_TRUTH_FREE_PROPOSAL_GRID_20260810_V3_T070_A032:014:0014
prospective_uniform	3	P2_WEEDSGALORE_TRUTH_FREE_PROPOSAL_GRID_20260810_V3_T070_A032:014:0030
prospective_uniform	3	P2_WEEDSGALORE_TRUTH_FREE_PROPOSAL_GRID_20260810_V3_T070_A032:018:0034
prospective_uniform	3	P2_WEEDSGALORE_TRUTH_FREE_PROPOSAL_GRID_20260810_V3_T070_A032:018:0042
prospective_uniform	3	P2_WEEDSGALORE_TRUTH_FREE_PROPOSAL_GRID_20260810_V3_T070_A032:018:0059
prospective_uniform	3	P2_WEEDSGALORE_TRUTH_FREE_PROPOSAL_GRID_20260810_V3_T070_A032:018:0060
prospective_uniform	3	P2_WEEDSGALORE_TRUTH_FREE_PROPOSAL_GRID_20260810_V3_T070_A032:018:0139
prospective_uniform	3	P2_WEEDSGALORE_TRUTH_FREE_PROPOSAL_GRID_20260810_V3_T070_A032:018:0145
prospective_uniform	3	P2_WEEDSGALORE_TRUTH_FREE_PROPOSAL_GRID_20260810_V3_T070_A032:018:0151
prospective_uniform	3	P2_WEEDSGALORE_TRUTH_FREE_PROPOSAL_GRID_20260810_V3_T070_A032:018:0155
prospective_uniform	3	P2_WEEDSGALORE_TRUTH_FREE_PROPOSAL_GRID_20260810_V3_T070_A032:019:0008
prospective_uniform	3	P2_WEEDSGALORE_TRUTH_FREE_PROPOSAL_GRID_20260810_V3_T070_A032:019:0021
prospective_uniform	3	P2_WEEDSGALORE_TRUTH_FREE_PROPOSAL_GRID_20260810_V3_T070_A032:020:0059
prospective_uniform	3	P2_WEEDSGALORE_TRUTH_FREE_PROPOSAL_GRID_20260810_V3_T070_A032:020:0064
prospective_uniform	3	P2_WEEDSGALORE_TRUTH_FREE_PROPOSAL_GRID_20260810_V3_T070_A032:020:0072
prospective_uniform	3	P2_WEEDSGALORE_TRUTH_FREE_PROPOSAL_GRID_20260810_V3_T070_A032:023:0031
prospective_uniform	3	P2_WEEDSGALORE_TRUTH_FREE_PROPOSAL_GRID_20260810_V3_T070_A032:023:0043
prospective_uniform	3	P2_WEEDSGALORE_TRUTH_FREE_PROPOSAL_GRID_20260810_V3_T070_A032:023:0063
prospective_uniform	3	P2_WEEDSGALORE_TRUTH_FREE_PROPOSAL_GRID_20260810_V3_T070_A032:023:0065
prospective_uniform	3	P2_WEEDSGALORE_TRUTH_FREE_PROPOSAL_GRID_20260810_V3_T070_A032:024:0020
prospective_uniform	3	P2_WEEDSGALORE_TRUTH_FREE_PROPOSAL_GRID_20260810_V3_T070_A032:024:0051
prospective_uniform	3	P2_WEEDSGALORE_TRUTH_FREE_PROPOSAL_GRID_20260810_V3_T070_A032:024:0074
prospective_uniform	3	P2_WEEDSGALORE_TRUTH_FREE_PROPOSAL_GRID_20260810_V3_T070_A032:024:0111
prospective_uniform	3	P2_WEEDSGALORE_TRUTH_FREE_PROPOSAL_GRID_20260810_V3_T070_A032:025:0008
prospective_uniform	3	P2_WEEDSGALORE_TRUTH_FREE_PROPOSAL_GRID_20260810_V3_T070_A032:025:0010
prospective_uniform	3	P2_WEEDSGALORE_TRUTH_FREE_PROPOSAL_GRID_20260810_V3_T070_A032:025:0012
prospective_uniform	3	P2_WEEDSGALORE_TRUTH_FREE_PROPOSAL_GRID_20260810_V3_T070_A032:025:0030
prospective_uniform	3	P2_WEEDSGALORE_TRUTH_FREE_PROPOSAL_GRID_20260810_V3_T070_A032:025:0037
prospective_uniform	3	P2_WEEDSGALORE_TRUTH_FREE_PROPOSAL_GRID_20260810_V3_T070_A032:025:0082
prospective_uniform	3	P2_WEEDSGALORE_TRUTH_FREE_PROPOSAL_GRID_20260810_V3_T070_A032:026:0044
prospective_uniform	3	P2_WEEDSGALORE_TRUTH_FREE_PROPOSAL_GRID_20260810_V3_T070_A032:030:0054
prospective_uniform	3	P2_WEEDSGALORE_TRUTH_FREE_PROPOSAL_GRID_20260810_V3_T070_A032:032:0045
prospective_uniform	3	P2_WEEDSGALORE_TRUTH_FREE_PROPOSAL_GRID_20260810_V3_T070_A032:032:0050
prospective_uniform	3	P2_WEEDSGALORE_TRUTH_FREE_PROPOSAL_GRID_20260810_V3_T070_A032:032:0060
prospective_uniform	3	P2_WEEDSGALORE_TRUTH_FREE_PROPOSAL_GRID_20260810_V3_T070_A032:032:0062
prospective_uniform	3	P2_WEEDSGALORE_TRUTH_FREE_PROPOSAL_GRID_20260810_V3_T070_A032:034:0094
prospective_uniform	3	P2_WEEDSGALORE_TRUTH_FREE_PROPOSAL_GRID_20260810_V3_T070_A032:034:0113
prospective_uniform	3	P2_WEEDSGALORE_TRUTH_FREE_PROPOSAL_GRID_20260810_V3_T070_A032:034:0134
prospective_uniform	3	P2_WEEDSGALORE_TRUTH_FREE_PROPOSAL_GRID_20260810_V3_T070_A032:034:0136
prospective_uniform	3	P2_WEEDSGALORE_TRUTH_FREE_PROPOSAL_GRID_20260810_V3_T070_A032:034:0138
prospective_uniform	3	P2_WEEDSGALORE_TRUTH_FREE_PROPOSAL_GRID_20260810_V3_T070_A032:034:0144
prospective_uniform	3	P2_WEEDSGALORE_TRUTH_FREE_PROPOSAL_GRID_20260810_V3_T070_A032:034:0154
prospective_uniform	3	P2_WEEDSGALORE_TRUTH_FREE_PROPOSAL_GRID_20260810_V3_T070_A032:035:0047
prospective_uniform	3	P2_WEEDSGALORE_TRUTH_FREE_PROPOSAL_GRID_20260810_V3_T070_A032:035:0051
prospective_uniform	3	P2_WEEDSGALORE_TRUTH_FREE_PROPOSAL_GRID_20260810_V3_T070_A032:035:0067
prospective_uniform	3	P2_WEEDSGALORE_TRUTH_FREE_PROPOSAL_GRID_20260810_V3_T070_A032:037:0019
prospective_uniform	3	P2_WEEDSGALORE_TRUTH_FREE_PROPOSAL_GRID_20260810_V3_T070_A032:037:0044
prospective_uniform	3	P2_WEEDSGALORE_TRUTH_FREE_PROPOSAL_GRID_20260810_V3_T070_A032:039:0005
prospective_uniform	3	P2_WEEDSGALORE_TRUTH_FREE_PROPOSAL_GRID_20260810_V3_T070_A032:039:0049
prospective_uniform	3	P2_WEEDSGALORE_TRUTH_FREE_PROPOSAL_GRID_20260810_V3_T070_A032:039:0066
prospective_uniform	3	P2_WEEDSGALORE_TRUTH_FREE_PROPOSAL_GRID_20260810_V3_T070_A032:039:0088
prospective_uniform	3	P2_WEEDSGALORE_TRUTH_FREE_PROPOSAL_GRID_20260810_V3_T070_A032:040:0008
prospective_uniform	3	P2_WEEDSGALORE_TRUTH_FREE_PROPOSAL_GRID_20260810_V3_T070_A032:043:0006
prospective_uniform	3	P2_WEEDSGALORE_TRUTH_FREE_PROPOSAL_GRID_20260810_V3_T070_A032:043:0053
prospective_uniform	3	P2_WEEDSGALORE_TRUTH_FREE_PROPOSAL_GRID_20260810_V3_T070_A032:051:0023
prospective_uniform	3	P2_WEEDSGALORE_TRUTH_FREE_PROPOSAL_GRID_20260810_V3_T070_A032:051:0028
prospective_uniform	3	P2_WEEDSGALORE_TRUTH_FREE_PROPOSAL_GRID_20260810_V3_T070_A032:051:0080
prospective_uniform	3	P2_WEEDSGALORE_TRUTH_FREE_PROPOSAL_GRID_20260810_V3_T070_A032:052:0020
prospective_uniform	3	P2_WEEDSGALORE_TRUTH_FREE_PROPOSAL_GRID_20260810_V3_T070_A032:052:0069
prospective_uniform	3	P2_WEEDSGALORE_TRUTH_FREE_PROPOSAL_GRID_20260810_V3_T070_A032:052:0078
prospective_uniform	3	P2_WEEDSGALORE_TRUTH_FREE_PROPOSAL_GRID_20260810_V3_T070_A032:052:0155
prospective_uniform	3	P2_WEEDSGALORE_TRUTH_FREE_PROPOSAL_GRID_20260810_V3_T070_A032:052:0176
prospective_uniform	3	P2_WEEDSGALORE_TRUTH_FREE_PROPOSAL_GRID_20260810_V3_T070_A032:052:0186
prospective_uniform	3	P2_WEEDSGALORE_TRUTH_FREE_PROPOSAL_GRID_20260810_V3_T070_A032:052:0196
prospective_uniform	3	P2_WEEDSGALORE_TRUTH_FREE_PROPOSAL_GRID_20260810_V3_T070_A032:052:0224
prospective_uniform	3	P2_WEEDSGALORE_TRUTH_FREE_PROPOSAL_GRID_20260810_V3_T070_A032:053:0042
prospective_uniform	3	P2_WEEDSGALORE_TRUTH_FREE_PROPOSAL_GRID_20260810_V3_T070_A032:053:0087
prospective_uniform	3	P2_WEEDSGALORE_TRUTH_FREE_PROPOSAL_GRID_20260810_V3_T070_A032:053:0120
prospective_uniform	3	P2_WEEDSGALORE_TRUTH_FREE_PROPOSAL_GRID_20260810_V3_T070_A032:053:0130
prospective_uniform	3	P2_WEEDSGALORE_TRUTH_FREE_PROPOSAL_GRID_20260810_V3_T070_A032:053:0138
prospective_uniform	3	P2_WEEDSGALORE_TRUTH_FREE_PROPOSAL_GRID_20260810_V3_T070_A032:053:0163
prospective_uniform	3	P2_WEEDSGALORE_TRUTH_FREE_PROPOSAL_GRID_20260810_V3_T070_A032:054:0006
prospective_uniform	3	P2_WEEDSGALORE_TRUTH_FREE_PROPOSAL_GRID_20260810_V3_T070_A032:054:0023
prospective_uniform	3	P2_WEEDSGALORE_TRUTH_FREE_PROPOSAL_GRID_20260810_V3_T070_A032:054:0036
prospective_uniform	3	P2_WEEDSGALORE_TRUTH_FREE_PROPOSAL_GRID_20260810_V3_T070_A032:054:0051
prospective_uniform	3	P2_WEEDSGALORE_TRUTH_FREE_PROPOSAL_GRID_20260810_V3_T070_A032:054:0144
prospective_uniform	3	P2_WEEDSGALORE_TRUTH_FREE_PROPOSAL_GRID_20260810_V3_T070_A032:054:0145
prospective_uniform	3	P2_WEEDSGALORE_TRUTH_FREE_PROPOSAL_GRID_20260810_V3_T070_A032:054:0169
prospective_uniform	3	P2_WEEDSGALORE_TRUTH_FREE_PROPOSAL_GRID_20260810_V3_T070_A032:054:0173
prospective_uniform	3	P2_WEEDSGALORE_TRUTH_FREE_PROPOSAL_GRID_20260810_V3_T070_A032:054:0206
prospective_uniform	3	P2_WEEDSGALORE_TRUTH_FREE_PROPOSAL_GRID_20260810_V3_T070_A032:054:0209
prospective_uniform	3	P2_WEEDSGALORE_TRUTH_FREE_PROPOSAL_GRID_20260810_V3_T070_A032:057:0021
prospective_uniform	3	P2_WEEDSGALORE_TRUTH_FREE_PROPOSAL_GRID_20260810_V3_T070_A032:057:0028
prospective_uniform	3	P2_WEEDSGALORE_TRUTH_FREE_PROPOSAL_GRID_20260810_V3_T070_A032:058:0001
prospective_uniform	3	P2_WEEDSGALORE_TRUTH_FREE_PROPOSAL_GRID_20260810_V3_T070_A032:058:0028
prospective_uniform	3	P2_WEEDSGALORE_TRUTH_FREE_PROPOSAL_GRID_20260810_V3_T070_A032:058:0038
prospective_uniform	3	P2_WEEDSGALORE_TRUTH_FREE_PROPOSAL_GRID_20260810_V3_T070_A032:058:0083
prospective_uniform	3	P2_WEEDSGALORE_TRUTH_FREE_PROPOSAL_GRID_20260810_V3_T070_A032:058:0096
prospective_uniform	3	P2_WEEDSGALORE_TRUTH_FREE_PROPOSAL_GRID_20260810_V3_T070_A032:058:0144
prospective_uniform	3	P2_WEEDSGALORE_TRUTH_FREE_PROPOSAL_GRID_20260810_V3_T070_A032:059:0016
prospective_uniform	3	P2_WEEDSGALORE_TRUTH_FREE_PROPOSAL_GRID_20260810_V3_T070_A032:059:0022
prospective_uniform	3	P2_WEEDSGALORE_TRUTH_FREE_PROPOSAL_GRID_20260810_V3_T070_A032:059:0070
prospective_uniform	3	P2_WEEDSGALORE_TRUTH_FREE_PROPOSAL_GRID_20260810_V3_T070_A032:059:0084
prospective_uniform	3	P2_WEEDSGALORE_TRUTH_FREE_PROPOSAL_GRID_20260810_V3_T070_A032:060:0004
prospective_uniform	3	P2_WEEDSGALORE_TRUTH_FREE_PROPOSAL_GRID_20260810_V3_T070_A032:060:0035
prospective_uniform	3	P2_WEEDSGALORE_TRUTH_FREE_PROPOSAL_GRID_20260810_V3_T070_A032:060:0085
prospective_uniform	3	P2_WEEDSGALORE_TRUTH_FREE_PROPOSAL_GRID_20260810_V3_T070_A032:060:0103
prospective_uniform	3	P2_WEEDSGALORE_TRUTH_FREE_PROPOSAL_GRID_20260810_V3_T070_A032:060:0120
prospective_uniform	3	P2_WEEDSGALORE_TRUTH_FREE_PROPOSAL_GRID_20260810_V3_T070_A032:060:0163
prospective_uniform	3	P2_WEEDSGALORE_TRUTH_FREE_PROPOSAL_GRID_20260810_V3_T070_A032:060:0183
prospective_uniform	3	P2_WEEDSGALORE_TRUTH_FREE_PROPOSAL_GRID_20260810_V3_T070_A032:061:0020
prospective_uniform	3	P2_WEEDSGALORE_TRUTH_FREE_PROPOSAL_GRID_20260810_V3_T070_A032:061:0052
prospective_uniform	3	P2_WEEDSGALORE_TRUTH_FREE_PROPOSAL_GRID_20260810_V3_T070_A032:061:0065
prospective_uniform	3	P2_WEEDSGALORE_TRUTH_FREE_PROPOSAL_GRID_20260810_V3_T070_A032:061:0076
prospective_uniform	3	P2_WEEDSGALORE_TRUTH_FREE_PROPOSAL_GRID_20260810_V3_T070_A032:061:0104
prospective_uniform	3	P2_WEEDSGALORE_TRUTH_FREE_PROPOSAL_GRID_20260810_V3_T070_A032:062:0075
prospective_uniform	3	P2_WEEDSGALORE_TRUTH_FREE_PROPOSAL_GRID_20260810_V3_T070_A032:062:0146
prospective_uniform	3	P2_WEEDSGALORE_TRUTH_FREE_PROPOSAL_GRID_20260810_V3_T070_A032:063:0026
prospective_uniform	3	P2_WEEDSGALORE_TRUTH_FREE_PROPOSAL_GRID_20260810_V3_T070_A032:063:0034
prospective_uniform	3	P2_WEEDSGALORE_TRUTH_FREE_PROPOSAL_GRID_20260810_V3_T070_A032:063:0056
prospective_uniform	3	P2_WEEDSGALORE_TRUTH_FREE_PROPOSAL_GRID_20260810_V3_T070_A032:064:0022
prospective_uniform	3	P2_WEEDSGALORE_TRUTH_FREE_PROPOSAL_GRID_20260810_V3_T070_A032:064:0060
prospective_uniform	3	P2_WEEDSGALORE_TRUTH_FREE_PROPOSAL_GRID_20260810_V3_T070_A032:064:0080
prospective_uniform	3	P2_WEEDSGALORE_TRUTH_FREE_PROPOSAL_GRID_20260810_V3_T070_A032:064:0110
prospective_uniform	3	P2_WEEDSGALORE_TRUTH_FREE_PROPOSAL_GRID_20260810_V3_T070_A032:067:0092
prospective_uniform	3	P2_WEEDSGALORE_TRUTH_FREE_PROPOSAL_GRID_20260810_V3_T070_A032:067:0180
prospective_uniform	3	P2_WEEDSGALORE_TRUTH_FREE_PROPOSAL_GRID_20260810_V3_T070_A032:067:0188
prospective_uniform	3	P2_WEEDSGALORE_TRUTH_FREE_PROPOSAL_GRID_20260810_V3_T070_A032:070:0028
prospective_uniform	3	P2_WEEDSGALORE_TRUTH_FREE_PROPOSAL_GRID_20260810_V3_T070_A032:070:0055
prospective_uniform	3	P2_WEEDSGALORE_TRUTH_FREE_PROPOSAL_GRID_20260810_V3_T070_A032:070:0083
prospective_uniform	3	P2_WEEDSGALORE_TRUTH_FREE_PROPOSAL_GRID_20260810_V3_T070_A032:070:0115
prospective_uniform	3	P2_WEEDSGALORE_TRUTH_FREE_PROPOSAL_GRID_20260810_V3_T070_A032:070:0166
prospective_uniform	3	P2_WEEDSGALORE_TRUTH_FREE_PROPOSAL_GRID_20260810_V3_T070_A032:070:0167
prospective_uniform	3	P2_WEEDSGALORE_TRUTH_FREE_PROPOSAL_GRID_20260810_V3_T070_A032:070:0175
prospective_uniform	3	P2_WEEDSGALORE_TRUTH_FREE_PROPOSAL_GRID_20260810_V3_T070_A032:070:0188
prospective_uniform	3	P2_WEEDSGALORE_TRUTH_FREE_PROPOSAL_GRID_20260810_V3_T070_A032:071:0027
prospective_uniform	3	P2_WEEDSGALORE_TRUTH_FREE_PROPOSAL_GRID_20260810_V3_T070_A032:071:0045
prospective_uniform	3	P2_WEEDSGALORE_TRUTH_FREE_PROPOSAL_GRID_20260810_V3_T070_A032:071:0109
prospective_uniform	3	P2_WEEDSGALORE_TRUTH_FREE_PROPOSAL_GRID_20260810_V3_T070_A032:071:0118
prospective_uniform	3	P2_WEEDSGALORE_TRUTH_FREE_PROPOSAL_GRID_20260810_V3_T070_A032:072:0004
prospective_uniform	3	P2_WEEDSGALORE_TRUTH_FREE_PROPOSAL_GRID_20260810_V3_T070_A032:072:0012
prospective_uniform	3	P2_WEEDSGALORE_TRUTH_FREE_PROPOSAL_GRID_20260810_V3_T070_A032:072:0014
prospective_uniform	3	P2_WEEDSGALORE_TRUTH_FREE_PROPOSAL_GRID_20260810_V3_T070_A032:072:0039
prospective_uniform	3	P2_WEEDSGALORE_TRUTH_FREE_PROPOSAL_GRID_20260810_V3_T070_A032:072:0048
prospective_uniform	3	P2_WEEDSGALORE_TRUTH_FREE_PROPOSAL_GRID_20260810_V3_T070_A032:072:0056
prospective_uniform	3	P2_WEEDSGALORE_TRUTH_FREE_PROPOSAL_GRID_20260810_V3_T070_A032:072:0082
prospective_uniform	3	P2_WEEDSGALORE_TRUTH_FREE_PROPOSAL_GRID_20260810_V3_T070_A032:073:0005
prospective_uniform	3	P2_WEEDSGALORE_TRUTH_FREE_PROPOSAL_GRID_20260810_V3_T070_A032:073:0044
prospective_uniform	3	P2_WEEDSGALORE_TRUTH_FREE_PROPOSAL_GRID_20260810_V3_T070_A032:073:0048
prospective_uniform	3	P2_WEEDSGALORE_TRUTH_FREE_PROPOSAL_GRID_20260810_V3_T070_A032:073:0120
prospective_uniform	3	P2_WEEDSGALORE_TRUTH_FREE_PROPOSAL_GRID_20260810_V3_T070_A032:073:0121
prospective_uniform	3	P2_WEEDSGALORE_TRUTH_FREE_PROPOSAL_GRID_20260810_V3_T070_A032:073:0134
prospective_uniform	3	P2_WEEDSGALORE_TRUTH_FREE_PROPOSAL_GRID_20260810_V3_T070_A032:074:0064
prospective_uniform	3	P2_WEEDSGALORE_TRUTH_FREE_PROPOSAL_GRID_20260810_V3_T070_A032:074:0138
prospective_uniform	3	P2_WEEDSGALORE_TRUTH_FREE_PROPOSAL_GRID_20260810_V3_T070_A032:074:0151
prospective_uniform	3	P2_WEEDSGALORE_TRUTH_FREE_PROPOSAL_GRID_20260810_V3_T070_A032:074:0157
prospective_uniform	3	P2_WEEDSGALORE_TRUTH_FREE_PROPOSAL_GRID_20260810_V3_T070_A032:074:0158
prospective_uniform	3	P2_WEEDSGALORE_TRUTH_FREE_PROPOSAL_GRID_20260810_V3_T070_A032:074:0165
prospective_uniform	3	P2_WEEDSGALORE_TRUTH_FREE_PROPOSAL_GRID_20260810_V3_T070_A032:074:0169
prospective_uniform	3	P2_WEEDSGALORE_TRUTH_FREE_PROPOSAL_GRID_20260810_V3_T070_A032:077:0136
prospective_uniform	3	P2_WEEDSGALORE_TRUTH_FREE_PROPOSAL_GRID_20260810_V3_T070_A032:077:0167
prospective_uniform	3	P2_WEEDSGALORE_TRUTH_FREE_PROPOSAL_GRID_20260810_V3_T070_A032:078:0006
prospective_uniform	3	P2_WEEDSGALORE_TRUTH_FREE_PROPOSAL_GRID_20260810_V3_T070_A032:078:0056
prospective_uniform	3	P2_WEEDSGALORE_TRUTH_FREE_PROPOSAL_GRID_20260810_V3_T070_A032:078:0075
prospective_uniform	3	P2_WEEDSGALORE_TRUTH_FREE_PROPOSAL_GRID_20260810_V3_T070_A032:078:0148
prospective_uniform	3	P2_WEEDSGALORE_TRUTH_FREE_PROPOSAL_GRID_20260810_V3_T070_A032:078:0170
prospective_uniform	3	P2_WEEDSGALORE_TRUTH_FREE_PROPOSAL_GRID_20260810_V3_T070_A032:078:0178
prospective_uniform	3	P2_WEEDSGALORE_TRUTH_FREE_PROPOSAL_GRID_20260810_V3_T070_A032:078:0195
prospective_uniform	3	P2_WEEDSGALORE_TRUTH_FREE_PROPOSAL_GRID_20260810_V3_T070_A032:080:0022
prospective_uniform	3	P2_WEEDSGALORE_TRUTH_FREE_PROPOSAL_GRID_20260810_V3_T070_A032:080:0029
prospective_uniform	3	P2_WEEDSGALORE_TRUTH_FREE_PROPOSAL_GRID_20260810_V3_T070_A032:080:0116
prospective_uniform	3	P2_WEEDSGALORE_TRUTH_FREE_PROPOSAL_GRID_20260810_V3_T070_A032:081:0030
prospective_uniform	3	P2_WEEDSGALORE_TRUTH_FREE_PROPOSAL_GRID_20260810_V3_T070_A032:083:0015
prospective_uniform	3	P2_WEEDSGALORE_TRUTH_FREE_PROPOSAL_GRID_20260810_V3_T070_A032:083:0090
prospective_uniform	3	P2_WEEDSGALORE_TRUTH_FREE_PROPOSAL_GRID_20260810_V3_T070_A032:084:0005
prospective_uniform	3	P2_WEEDSGALORE_TRUTH_FREE_PROPOSAL_GRID_20260810_V3_T070_A032:084:0050
prospective_uniform	3	P2_WEEDSGALORE_TRUTH_FREE_PROPOSAL_GRID_20260810_V3_T070_A032:084:0066
prospective_uniform	3	P2_WEEDSGALORE_TRUTH_FREE_PROPOSAL_GRID_20260810_V3_T070_A032:086:0001
prospective_uniform	3	P2_WEEDSGALORE_TRUTH_FREE_PROPOSAL_GRID_20260810_V3_T070_A032:086:0046
prospective_uniform	3	P2_WEEDSGALORE_TRUTH_FREE_PROPOSAL_GRID_20260810_V3_T070_A032:089:0025
prospective_uniform	3	P2_WEEDSGALORE_TRUTH_FREE_PROPOSAL_GRID_20260810_V3_T070_A032:089:0027
prospective_uniform	3	P2_WEEDSGALORE_TRUTH_FREE_PROPOSAL_GRID_20260810_V3_T070_A032:089:0082
prospective_uniform	3	P2_WEEDSGALORE_TRUTH_FREE_PROPOSAL_GRID_20260810_V3_T070_A032:090:0057
prospective_uniform	3	P2_WEEDSGALORE_TRUTH_FREE_PROPOSAL_GRID_20260810_V3_T070_A032:091:0059
prospective_uniform	3	P2_WEEDSGALORE_TRUTH_FREE_PROPOSAL_GRID_20260810_V3_T070_A032:091:0068
prospective_uniform	3	P2_WEEDSGALORE_TRUTH_FREE_PROPOSAL_GRID_20260810_V3_T070_A032:091:0079
prospective_uniform	3	P2_WEEDSGALORE_TRUTH_FREE_PROPOSAL_GRID_20260810_V3_T070_A032:092:0013
prospective_uniform	3	P2_WEEDSGALORE_TRUTH_FREE_PROPOSAL_GRID_20260810_V3_T070_A032:092:0016
prospective_uniform	3	P2_WEEDSGALORE_TRUTH_FREE_PROPOSAL_GRID_20260810_V3_T070_A032:092:0019
prospective_uniform	3	P2_WEEDSGALORE_TRUTH_FREE_PROPOSAL_GRID_20260810_V3_T070_A032:092:0026
prospective_uniform	3	P2_WEEDSGALORE_TRUTH_FREE_PROPOSAL_GRID_20260810_V3_T070_A032:092:0037
prospective_uniform	3	P2_WEEDSGALORE_TRUTH_FREE_PROPOSAL_GRID_20260810_V3_T070_A032:092:0062
prospective_uniform	3	P2_WEEDSGALORE_TRUTH_FREE_PROPOSAL_GRID_20260810_V3_T070_A032:092:0068
prospective_uniform	3	P2_WEEDSGALORE_TRUTH_FREE_PROPOSAL_GRID_20260810_V3_T070_A032:092:0096
prospective_uniform	3	P2_WEEDSGALORE_TRUTH_FREE_PROPOSAL_GRID_20260810_V3_T070_A032:092:0097
prospective_uniform	3	P2_WEEDSGALORE_TRUTH_FREE_PROPOSAL_GRID_20260810_V3_T070_A032:094:0013
prospective_uniform	3	P2_WEEDSGALORE_TRUTH_FREE_PROPOSAL_GRID_20260810_V3_T070_A032:094:0026
prospective_uniform	3	P2_WEEDSGALORE_TRUTH_FREE_PROPOSAL_GRID_20260810_V3_T070_A032:094:0041
prospective_uniform	3	P2_WEEDSGALORE_TRUTH_FREE_PROPOSAL_GRID_20260810_V3_T070_A032:094:0044
prospective_uniform	3	P2_WEEDSGALORE_TRUTH_FREE_PROPOSAL_GRID_20260810_V3_T070_A032:101:0019
prospective_uniform	3	P2_WEEDSGALORE_TRUTH_FREE_PROPOSAL_GRID_20260810_V3_T070_A032:101:0046
prospective_uniform	3	P2_WEEDSGALORE_TRUTH_FREE_PROPOSAL_GRID_20260810_V3_T070_A032:101:0090
prospective_uniform	3	P2_WEEDSGALORE_TRUTH_FREE_PROPOSAL_GRID_20260810_V3_T070_A032:102:0049
prospective_uniform	3	P2_WEEDSGALORE_TRUTH_FREE_PROPOSAL_GRID_20260810_V3_T070_A032:106:0013
prospective_uniform	3	P2_WEEDSGALORE_TRUTH_FREE_PROPOSAL_GRID_20260810_V3_T070_A032:106:0027
prospective_uniform	3	P2_WEEDSGALORE_TRUTH_FREE_PROPOSAL_GRID_20260810_V3_T070_A032:107:0010
prospective_uniform	3	P2_WEEDSGALORE_TRUTH_FREE_PROPOSAL_GRID_20260810_V3_T070_A032:107:0017
prospective_uniform	3	P2_WEEDSGALORE_TRUTH_FREE_PROPOSAL_GRID_20260810_V3_T070_A032:107:0025
prospective_uniform	3	P2_WEEDSGALORE_TRUTH_FREE_PROPOSAL_GRID_20260810_V3_T070_A032:107:0033
prospective_uniform	3	P2_WEEDSGALORE_TRUTH_FREE_PROPOSAL_GRID_20260810_V3_T070_A032:107:0059
prospective_uniform	3	P2_WEEDSGALORE_TRUTH_FREE_PROPOSAL_GRID_20260810_V3_T070_A032:107:0061
prospective_uniform	3	P2_WEEDSGALORE_TRUTH_FREE_PROPOSAL_GRID_20260810_V3_T070_A032:107:0063
prospective_uniform	3	P2_WEEDSGALORE_TRUTH_FREE_PROPOSAL_GRID_20260810_V3_T070_A032:108:0011
prospective_uniform	3	P2_WEEDSGALORE_TRUTH_FREE_PROPOSAL_GRID_20260810_V3_T070_A032:108:0018
prospective_uniform	3	P2_WEEDSGALORE_TRUTH_FREE_PROPOSAL_GRID_20260810_V3_T070_A032:108:0035
prospective_uniform	3	P2_WEEDSGALORE_TRUTH_FREE_PROPOSAL_GRID_20260810_V3_T070_A032:108:0071
prospective_uniform	3	P2_WEEDSGALORE_TRUTH_FREE_PROPOSAL_GRID_20260810_V3_T070_A032:108:0092
prospective_uniform	3	P2_WEEDSGALORE_TRUTH_FREE_PROPOSAL_GRID_20260810_V3_T070_A032:110:0011
prospective_uniform	3	P2_WEEDSGALORE_TRUTH_FREE_PROPOSAL_GRID_20260810_V3_T070_A032:110:0045
prospective_uniform	3	P2_WEEDSGALORE_TRUTH_FREE_PROPOSAL_GRID_20260810_V3_T070_A032:110:0047
prospective_uniform	3	P2_WEEDSGALORE_TRUTH_FREE_PROPOSAL_GRID_20260810_V3_T070_A032:110:0083
prospective_uniform	3	P2_WEEDSGALORE_TRUTH_FREE_PROPOSAL_GRID_20260810_V3_T070_A032:110:0096
prospective_uniform	3	P2_WEEDSGALORE_TRUTH_FREE_PROPOSAL_GRID_20260810_V3_T070_A032:114:0053
prospective_uniform	3	P2_WEEDSGALORE_TRUTH_FREE_PROPOSAL_GRID_20260810_V3_T070_A032:115:0013
prospective_uniform	3	P2_WEEDSGALORE_TRUTH_FREE_PROPOSAL_GRID_20260810_V3_T070_A032:115:0027
prospective_uniform	3	P2_WEEDSGALORE_TRUTH_FREE_PROPOSAL_GRID_20260810_V3_T070_A032:115:0043
prospective_uniform	3	P2_WEEDSGALORE_TRUTH_FREE_PROPOSAL_GRID_20260810_V3_T070_A032:115:0062
prospective_uniform	3	P2_WEEDSGALORE_TRUTH_FREE_PROPOSAL_GRID_20260810_V3_T070_A032:116:0078
prospective_uniform	3	P2_WEEDSGALORE_TRUTH_FREE_PROPOSAL_GRID_20260810_V3_T070_A032:119:0032
prospective_uniform	3	P2_WEEDSGALORE_TRUTH_FREE_PROPOSAL_GRID_20260810_V3_T070_A032:119:0071
prospective_uniform	3	P2_WEEDSGALORE_TRUTH_FREE_PROPOSAL_GRID_20260810_V3_T070_A032:120:0029
prospective_uniform	3	P2_WEEDSGALORE_TRUTH_FREE_PROPOSAL_GRID_20260810_V3_T070_A032:120:0054
prospective_uniform	3	P2_WEEDSGALORE_TRUTH_FREE_PROPOSAL_GRID_20260810_V3_T070_A032:121:0015
prospective_uniform	3	P2_WEEDSGALORE_TRUTH_FREE_PROPOSAL_GRID_20260810_V3_T070_A032:121:0040
prospective_uniform	3	P2_WEEDSGALORE_TRUTH_FREE_PROPOSAL_GRID_20260810_V3_T070_A032:122:0024
prospective_uniform	3	P2_WEEDSGALORE_TRUTH_FREE_PROPOSAL_GRID_20260810_V3_T070_A032:122:0030
prospective_uniform	3	P2_WEEDSGALORE_TRUTH_FREE_PROPOSAL_GRID_20260810_V3_T070_A032:123:0027
prospective_uniform	3	P2_WEEDSGALORE_TRUTH_FREE_PROPOSAL_GRID_20260810_V3_T070_A032:126:0032
prospective_uniform	3	P2_WEEDSGALORE_TRUTH_FREE_PROPOSAL_GRID_20260810_V3_T070_A032:127:0002
prospective_uniform	3	P2_WEEDSGALORE_TRUTH_FREE_PROPOSAL_GRID_20260810_V3_T070_A032:127:0027
prospective_uniform	3	P2_WEEDSGALORE_TRUTH_FREE_PROPOSAL_GRID_20260810_V3_T070_A032:127:0032
prospective_uniform	3	P2_WEEDSGALORE_TRUTH_FREE_PROPOSAL_GRID_20260810_V3_T070_A032:127:0038
prospective_uniform	3	P2_WEEDSGALORE_TRUTH_FREE_PROPOSAL_GRID_20260810_V3_T070_A032:127:0051
prospective_uniform	3	P2_WEEDSGALORE_TRUTH_FREE_PROPOSAL_GRID_20260810_V3_T070_A032:127:0066
prospective_uniform	3	P2_WEEDSGALORE_TRUTH_FREE_PROPOSAL_GRID_20260810_V3_T070_A032:130:0015
prospective_uniform	3	P2_WEEDSGALORE_TRUTH_FREE_PROPOSAL_GRID_20260810_V3_T070_A032:133:0002
prospective_uniform	3	P2_WEEDSGALORE_TRUTH_FREE_PROPOSAL_GRID_20260810_V3_T070_A032:133:0024
prospective_uniform	3	P2_WEEDSGALORE_TRUTH_FREE_PROPOSAL_GRID_20260810_V3_T070_A032:133:0048
prospective_uniform	3	P2_WEEDSGALORE_TRUTH_FREE_PROPOSAL_GRID_20260810_V3_T070_A032:134:0011
prospective_uniform	3	P2_WEEDSGALORE_TRUTH_FREE_PROPOSAL_GRID_20260810_V3_T070_A032:134:0041
prospective_uniform	3	P2_WEEDSGALORE_TRUTH_FREE_PROPOSAL_GRID_20260810_V3_T070_A032:135:0019
prospective_uniform	3	P2_WEEDSGALORE_TRUTH_FREE_PROPOSAL_GRID_20260810_V3_T070_A032:136:0028
prospective_uniform	3	P2_WEEDSGALORE_TRUTH_FREE_PROPOSAL_GRID_20260810_V3_T070_A032:136:0049
prospective_uniform	3	P2_WEEDSGALORE_TRUTH_FREE_PROPOSAL_GRID_20260810_V3_T070_A032:142:0011
prospective_uniform	3	P2_WEEDSGALORE_TRUTH_FREE_PROPOSAL_GRID_20260810_V3_T070_A032:142:0062
prospective_uniform	3	P2_WEEDSGALORE_TRUTH_FREE_PROPOSAL_GRID_20260810_V3_T070_A032:143:0049
prospective_uniform	3	P2_WEEDSGALORE_TRUTH_FREE_PROPOSAL_GRID_20260810_V3_T070_A032:144:0074
prospective_uniform	3	P2_WEEDSGALORE_TRUTH_FREE_PROPOSAL_GRID_20260810_V3_T070_A032:145:0005
prospective_uniform	3	P2_WEEDSGALORE_TRUTH_FREE_PROPOSAL_GRID_20260810_V3_T070_A032:145:0010
prospective_uniform	3	P2_WEEDSGALORE_TRUTH_FREE_PROPOSAL_GRID_20260810_V3_T070_A032:145:0017
prospective_uniform	3	P2_WEEDSGALORE_TRUTH_FREE_PROPOSAL_GRID_20260810_V3_T070_A032:146:0020
prospective_uniform	3	P2_WEEDSGALORE_TRUTH_FREE_PROPOSAL_GRID_20260810_V3_T070_A032:148:0001
prospective_uniform	3	P2_WEEDSGALORE_TRUTH_FREE_PROPOSAL_GRID_20260810_V3_T070_A032:151:0044
prospective_uniform	3	P2_WEEDSGALORE_TRUTH_FREE_PROPOSAL_GRID_20260810_V3_T070_A032:153:0001
prospective_uniform	3	P2_WEEDSGALORE_TRUTH_FREE_PROPOSAL_GRID_20260810_V3_T070_A032:153:0014
prospective_uniform	3	P2_WEEDSGALORE_TRUTH_FREE_PROPOSAL_GRID_20260810_V3_T070_A032:153:0096
prospective_uniform	3	P2_WEEDSGALORE_TRUTH_FREE_PROPOSAL_GRID_20260810_V3_T070_A032:155:0014
prospective_uniform	3	P2_WEEDSGALORE_TRUTH_FREE_PROPOSAL_GRID_20260810_V3_T070_A032:155:0041
prospective_uniform	3	P2_WEEDSGALORE_TRUTH_FREE_PROPOSAL_GRID_20260810_V3_T070_A032:156:0025
prospective_dinov2_coreset	3	P2_WEEDSGALORE_TRUTH_FREE_PROPOSAL_GRID_20260810_V3_T070_A032:003:0013
prospective_dinov2_coreset	3	P2_WEEDSGALORE_TRUTH_FREE_PROPOSAL_GRID_20260810_V3_T070_A032:004:0013
prospective_dinov2_coreset	3	P2_WEEDSGALORE_TRUTH_FREE_PROPOSAL_GRID_20260810_V3_T070_A032:004:0016
prospective_dinov2_coreset	3	P2_WEEDSGALORE_TRUTH_FREE_PROPOSAL_GRID_20260810_V3_T070_A032:004:0024
prospective_dinov2_coreset	3	P2_WEEDSGALORE_TRUTH_FREE_PROPOSAL_GRID_20260810_V3_T070_A032:004:0062
prospective_dinov2_coreset	3	P2_WEEDSGALORE_TRUTH_FREE_PROPOSAL_GRID_20260810_V3_T070_A032:004:0080
prospective_dinov2_coreset	3	P2_WEEDSGALORE_TRUTH_FREE_PROPOSAL_GRID_20260810_V3_T070_A032:004:0090
prospective_dinov2_coreset	3	P2_WEEDSGALORE_TRUTH_FREE_PROPOSAL_GRID_20260810_V3_T070_A032:005:0010
prospective_dinov2_coreset	3	P2_WEEDSGALORE_TRUTH_FREE_PROPOSAL_GRID_20260810_V3_T070_A032:005:0022
prospective_dinov2_coreset	3	P2_WEEDSGALORE_TRUTH_FREE_PROPOSAL_GRID_20260810_V3_T070_A032:005:0033
prospective_dinov2_coreset	3	P2_WEEDSGALORE_TRUTH_FREE_PROPOSAL_GRID_20260810_V3_T070_A032:005:0040
prospective_dinov2_coreset	3	P2_WEEDSGALORE_TRUTH_FREE_PROPOSAL_GRID_20260810_V3_T070_A032:005:0043
prospective_dinov2_coreset	3	P2_WEEDSGALORE_TRUTH_FREE_PROPOSAL_GRID_20260810_V3_T070_A032:005:0062
prospective_dinov2_coreset	3	P2_WEEDSGALORE_TRUTH_FREE_PROPOSAL_GRID_20260810_V3_T070_A032:005:0073
prospective_dinov2_coreset	3	P2_WEEDSGALORE_TRUTH_FREE_PROPOSAL_GRID_20260810_V3_T070_A032:005:0085
prospective_dinov2_coreset	3	P2_WEEDSGALORE_TRUTH_FREE_PROPOSAL_GRID_20260810_V3_T070_A032:005:0088
prospective_dinov2_coreset	3	P2_WEEDSGALORE_TRUTH_FREE_PROPOSAL_GRID_20260810_V3_T070_A032:005:0093
prospective_dinov2_coreset	3	P2_WEEDSGALORE_TRUTH_FREE_PROPOSAL_GRID_20260810_V3_T070_A032:005:0119
prospective_dinov2_coreset	3	P2_WEEDSGALORE_TRUTH_FREE_PROPOSAL_GRID_20260810_V3_T070_A032:005:0125
prospective_dinov2_coreset	3	P2_WEEDSGALORE_TRUTH_FREE_PROPOSAL_GRID_20260810_V3_T070_A032:005:0139
prospective_dinov2_coreset	3	P2_WEEDSGALORE_TRUTH_FREE_PROPOSAL_GRID_20260810_V3_T070_A032:005:0141
prospective_dinov2_coreset	3	P2_WEEDSGALORE_TRUTH_FREE_PROPOSAL_GRID_20260810_V3_T070_A032:005:0144
prospective_dinov2_coreset	3	P2_WEEDSGALORE_TRUTH_FREE_PROPOSAL_GRID_20260810_V3_T070_A032:005:0157
prospective_dinov2_coreset	3	P2_WEEDSGALORE_TRUTH_FREE_PROPOSAL_GRID_20260810_V3_T070_A032:006:0054
prospective_dinov2_coreset	3	P2_WEEDSGALORE_TRUTH_FREE_PROPOSAL_GRID_20260810_V3_T070_A032:006:0087
prospective_dinov2_coreset	3	P2_WEEDSGALORE_TRUTH_FREE_PROPOSAL_GRID_20260810_V3_T070_A032:006:0093
prospective_dinov2_coreset	3	P2_WEEDSGALORE_TRUTH_FREE_PROPOSAL_GRID_20260810_V3_T070_A032:006:0115
prospective_dinov2_coreset	3	P2_WEEDSGALORE_TRUTH_FREE_PROPOSAL_GRID_20260810_V3_T070_A032:006:0118
prospective_dinov2_coreset	3	P2_WEEDSGALORE_TRUTH_FREE_PROPOSAL_GRID_20260810_V3_T070_A032:006:0168
prospective_dinov2_coreset	3	P2_WEEDSGALORE_TRUTH_FREE_PROPOSAL_GRID_20260810_V3_T070_A032:006:0230
prospective_dinov2_coreset	3	P2_WEEDSGALORE_TRUTH_FREE_PROPOSAL_GRID_20260810_V3_T070_A032:006:0262
prospective_dinov2_coreset	3	P2_WEEDSGALORE_TRUTH_FREE_PROPOSAL_GRID_20260810_V3_T070_A032:010:0007
prospective_dinov2_coreset	3	P2_WEEDSGALORE_TRUTH_FREE_PROPOSAL_GRID_20260810_V3_T070_A032:010:0014
prospective_dinov2_coreset	3	P2_WEEDSGALORE_TRUTH_FREE_PROPOSAL_GRID_20260810_V3_T070_A032:010:0066
prospective_dinov2_coreset	3	P2_WEEDSGALORE_TRUTH_FREE_PROPOSAL_GRID_20260810_V3_T070_A032:010:0067
prospective_dinov2_coreset	3	P2_WEEDSGALORE_TRUTH_FREE_PROPOSAL_GRID_20260810_V3_T070_A032:010:0068
prospective_dinov2_coreset	3	P2_WEEDSGALORE_TRUTH_FREE_PROPOSAL_GRID_20260810_V3_T070_A032:010:0111
prospective_dinov2_coreset	3	P2_WEEDSGALORE_TRUTH_FREE_PROPOSAL_GRID_20260810_V3_T070_A032:010:0140
prospective_dinov2_coreset	3	P2_WEEDSGALORE_TRUTH_FREE_PROPOSAL_GRID_20260810_V3_T070_A032:010:0146
prospective_dinov2_coreset	3	P2_WEEDSGALORE_TRUTH_FREE_PROPOSAL_GRID_20260810_V3_T070_A032:010:0149
prospective_dinov2_coreset	3	P2_WEEDSGALORE_TRUTH_FREE_PROPOSAL_GRID_20260810_V3_T070_A032:010:0183
prospective_dinov2_coreset	3	P2_WEEDSGALORE_TRUTH_FREE_PROPOSAL_GRID_20260810_V3_T070_A032:010:0198
prospective_dinov2_coreset	3	P2_WEEDSGALORE_TRUTH_FREE_PROPOSAL_GRID_20260810_V3_T070_A032:010:0220
prospective_dinov2_coreset	3	P2_WEEDSGALORE_TRUTH_FREE_PROPOSAL_GRID_20260810_V3_T070_A032:011:0045
prospective_dinov2_coreset	3	P2_WEEDSGALORE_TRUTH_FREE_PROPOSAL_GRID_20260810_V3_T070_A032:011:0047
prospective_dinov2_coreset	3	P2_WEEDSGALORE_TRUTH_FREE_PROPOSAL_GRID_20260810_V3_T070_A032:011:0055
prospective_dinov2_coreset	3	P2_WEEDSGALORE_TRUTH_FREE_PROPOSAL_GRID_20260810_V3_T070_A032:011:0058
prospective_dinov2_coreset	3	P2_WEEDSGALORE_TRUTH_FREE_PROPOSAL_GRID_20260810_V3_T070_A032:012:0004
prospective_dinov2_coreset	3	P2_WEEDSGALORE_TRUTH_FREE_PROPOSAL_GRID_20260810_V3_T070_A032:012:0005
prospective_dinov2_coreset	3	P2_WEEDSGALORE_TRUTH_FREE_PROPOSAL_GRID_20260810_V3_T070_A032:012:0037
prospective_dinov2_coreset	3	P2_WEEDSGALORE_TRUTH_FREE_PROPOSAL_GRID_20260810_V3_T070_A032:012:0130
prospective_dinov2_coreset	3	P2_WEEDSGALORE_TRUTH_FREE_PROPOSAL_GRID_20260810_V3_T070_A032:012:0131
prospective_dinov2_coreset	3	P2_WEEDSGALORE_TRUTH_FREE_PROPOSAL_GRID_20260810_V3_T070_A032:012:0159
prospective_dinov2_coreset	3	P2_WEEDSGALORE_TRUTH_FREE_PROPOSAL_GRID_20260810_V3_T070_A032:013:0001
prospective_dinov2_coreset	3	P2_WEEDSGALORE_TRUTH_FREE_PROPOSAL_GRID_20260810_V3_T070_A032:013:0028
prospective_dinov2_coreset	3	P2_WEEDSGALORE_TRUTH_FREE_PROPOSAL_GRID_20260810_V3_T070_A032:015:0013
prospective_dinov2_coreset	3	P2_WEEDSGALORE_TRUTH_FREE_PROPOSAL_GRID_20260810_V3_T070_A032:018:0049
prospective_dinov2_coreset	3	P2_WEEDSGALORE_TRUTH_FREE_PROPOSAL_GRID_20260810_V3_T070_A032:018:0154
prospective_dinov2_coreset	3	P2_WEEDSGALORE_TRUTH_FREE_PROPOSAL_GRID_20260810_V3_T070_A032:018:0168
prospective_dinov2_coreset	3	P2_WEEDSGALORE_TRUTH_FREE_PROPOSAL_GRID_20260810_V3_T070_A032:018:0187
prospective_dinov2_coreset	3	P2_WEEDSGALORE_TRUTH_FREE_PROPOSAL_GRID_20260810_V3_T070_A032:019:0022
prospective_dinov2_coreset	3	P2_WEEDSGALORE_TRUTH_FREE_PROPOSAL_GRID_20260810_V3_T070_A032:019:0025
prospective_dinov2_coreset	3	P2_WEEDSGALORE_TRUTH_FREE_PROPOSAL_GRID_20260810_V3_T070_A032:020:0001
prospective_dinov2_coreset	3	P2_WEEDSGALORE_TRUTH_FREE_PROPOSAL_GRID_20260810_V3_T070_A032:020:0005
prospective_dinov2_coreset	3	P2_WEEDSGALORE_TRUTH_FREE_PROPOSAL_GRID_20260810_V3_T070_A032:023:0003
prospective_dinov2_coreset	3	P2_WEEDSGALORE_TRUTH_FREE_PROPOSAL_GRID_20260810_V3_T070_A032:023:0045
prospective_dinov2_coreset	3	P2_WEEDSGALORE_TRUTH_FREE_PROPOSAL_GRID_20260810_V3_T070_A032:024:0007
prospective_dinov2_coreset	3	P2_WEEDSGALORE_TRUTH_FREE_PROPOSAL_GRID_20260810_V3_T070_A032:025:0033
prospective_dinov2_coreset	3	P2_WEEDSGALORE_TRUTH_FREE_PROPOSAL_GRID_20260810_V3_T070_A032:025:0052
prospective_dinov2_coreset	3	P2_WEEDSGALORE_TRUTH_FREE_PROPOSAL_GRID_20260810_V3_T070_A032:026:0008
prospective_dinov2_coreset	3	P2_WEEDSGALORE_TRUTH_FREE_PROPOSAL_GRID_20260810_V3_T070_A032:026:0045
prospective_dinov2_coreset	3	P2_WEEDSGALORE_TRUTH_FREE_PROPOSAL_GRID_20260810_V3_T070_A032:027:0014
prospective_dinov2_coreset	3	P2_WEEDSGALORE_TRUTH_FREE_PROPOSAL_GRID_20260810_V3_T070_A032:030:0008
prospective_dinov2_coreset	3	P2_WEEDSGALORE_TRUTH_FREE_PROPOSAL_GRID_20260810_V3_T070_A032:032:0020
prospective_dinov2_coreset	3	P2_WEEDSGALORE_TRUTH_FREE_PROPOSAL_GRID_20260810_V3_T070_A032:032:0026
prospective_dinov2_coreset	3	P2_WEEDSGALORE_TRUTH_FREE_PROPOSAL_GRID_20260810_V3_T070_A032:034:0037
prospective_dinov2_coreset	3	P2_WEEDSGALORE_TRUTH_FREE_PROPOSAL_GRID_20260810_V3_T070_A032:034:0072
prospective_dinov2_coreset	3	P2_WEEDSGALORE_TRUTH_FREE_PROPOSAL_GRID_20260810_V3_T070_A032:034:0078
prospective_dinov2_coreset	3	P2_WEEDSGALORE_TRUTH_FREE_PROPOSAL_GRID_20260810_V3_T070_A032:034:0107
prospective_dinov2_coreset	3	P2_WEEDSGALORE_TRUTH_FREE_PROPOSAL_GRID_20260810_V3_T070_A032:034:0153
prospective_dinov2_coreset	3	P2_WEEDSGALORE_TRUTH_FREE_PROPOSAL_GRID_20260810_V3_T070_A032:035:0051
prospective_dinov2_coreset	3	P2_WEEDSGALORE_TRUTH_FREE_PROPOSAL_GRID_20260810_V3_T070_A032:035:0064
prospective_dinov2_coreset	3	P2_WEEDSGALORE_TRUTH_FREE_PROPOSAL_GRID_20260810_V3_T070_A032:037:0008
prospective_dinov2_coreset	3	P2_WEEDSGALORE_TRUTH_FREE_PROPOSAL_GRID_20260810_V3_T070_A032:037:0011
prospective_dinov2_coreset	3	P2_WEEDSGALORE_TRUTH_FREE_PROPOSAL_GRID_20260810_V3_T070_A032:038:0007
prospective_dinov2_coreset	3	P2_WEEDSGALORE_TRUTH_FREE_PROPOSAL_GRID_20260810_V3_T070_A032:038:0032
prospective_dinov2_coreset	3	P2_WEEDSGALORE_TRUTH_FREE_PROPOSAL_GRID_20260810_V3_T070_A032:039:0048
prospective_dinov2_coreset	3	P2_WEEDSGALORE_TRUTH_FREE_PROPOSAL_GRID_20260810_V3_T070_A032:039:0071
prospective_dinov2_coreset	3	P2_WEEDSGALORE_TRUTH_FREE_PROPOSAL_GRID_20260810_V3_T070_A032:039:0074
prospective_dinov2_coreset	3	P2_WEEDSGALORE_TRUTH_FREE_PROPOSAL_GRID_20260810_V3_T070_A032:039:0102
prospective_dinov2_coreset	3	P2_WEEDSGALORE_TRUTH_FREE_PROPOSAL_GRID_20260810_V3_T070_A032:040:0004
prospective_dinov2_coreset	3	P2_WEEDSGALORE_TRUTH_FREE_PROPOSAL_GRID_20260810_V3_T070_A032:040:0008
prospective_dinov2_coreset	3	P2_WEEDSGALORE_TRUTH_FREE_PROPOSAL_GRID_20260810_V3_T070_A032:043:0051
prospective_dinov2_coreset	3	P2_WEEDSGALORE_TRUTH_FREE_PROPOSAL_GRID_20260810_V3_T070_A032:046:0007
prospective_dinov2_coreset	3	P2_WEEDSGALORE_TRUTH_FREE_PROPOSAL_GRID_20260810_V3_T070_A032:046:0014
prospective_dinov2_coreset	3	P2_WEEDSGALORE_TRUTH_FREE_PROPOSAL_GRID_20260810_V3_T070_A032:046:0029
prospective_dinov2_coreset	3	P2_WEEDSGALORE_TRUTH_FREE_PROPOSAL_GRID_20260810_V3_T070_A032:047:0020
prospective_dinov2_coreset	3	P2_WEEDSGALORE_TRUTH_FREE_PROPOSAL_GRID_20260810_V3_T070_A032:048:0016
prospective_dinov2_coreset	3	P2_WEEDSGALORE_TRUTH_FREE_PROPOSAL_GRID_20260810_V3_T070_A032:052:0029
prospective_dinov2_coreset	3	P2_WEEDSGALORE_TRUTH_FREE_PROPOSAL_GRID_20260810_V3_T070_A032:052:0079
prospective_dinov2_coreset	3	P2_WEEDSGALORE_TRUTH_FREE_PROPOSAL_GRID_20260810_V3_T070_A032:052:0114
prospective_dinov2_coreset	3	P2_WEEDSGALORE_TRUTH_FREE_PROPOSAL_GRID_20260810_V3_T070_A032:052:0217
prospective_dinov2_coreset	3	P2_WEEDSGALORE_TRUTH_FREE_PROPOSAL_GRID_20260810_V3_T070_A032:053:0031
prospective_dinov2_coreset	3	P2_WEEDSGALORE_TRUTH_FREE_PROPOSAL_GRID_20260810_V3_T070_A032:053:0085
prospective_dinov2_coreset	3	P2_WEEDSGALORE_TRUTH_FREE_PROPOSAL_GRID_20260810_V3_T070_A032:053:0109
prospective_dinov2_coreset	3	P2_WEEDSGALORE_TRUTH_FREE_PROPOSAL_GRID_20260810_V3_T070_A032:053:0132
prospective_dinov2_coreset	3	P2_WEEDSGALORE_TRUTH_FREE_PROPOSAL_GRID_20260810_V3_T070_A032:053:0158
prospective_dinov2_coreset	3	P2_WEEDSGALORE_TRUTH_FREE_PROPOSAL_GRID_20260810_V3_T070_A032:054:0008
prospective_dinov2_coreset	3	P2_WEEDSGALORE_TRUTH_FREE_PROPOSAL_GRID_20260810_V3_T070_A032:054:0017
prospective_dinov2_coreset	3	P2_WEEDSGALORE_TRUTH_FREE_PROPOSAL_GRID_20260810_V3_T070_A032:054:0037
prospective_dinov2_coreset	3	P2_WEEDSGALORE_TRUTH_FREE_PROPOSAL_GRID_20260810_V3_T070_A032:054:0102
prospective_dinov2_coreset	3	P2_WEEDSGALORE_TRUTH_FREE_PROPOSAL_GRID_20260810_V3_T070_A032:054:0120
prospective_dinov2_coreset	3	P2_WEEDSGALORE_TRUTH_FREE_PROPOSAL_GRID_20260810_V3_T070_A032:054:0191
prospective_dinov2_coreset	3	P2_WEEDSGALORE_TRUTH_FREE_PROPOSAL_GRID_20260810_V3_T070_A032:058:0031
prospective_dinov2_coreset	3	P2_WEEDSGALORE_TRUTH_FREE_PROPOSAL_GRID_20260810_V3_T070_A032:058:0127
prospective_dinov2_coreset	3	P2_WEEDSGALORE_TRUTH_FREE_PROPOSAL_GRID_20260810_V3_T070_A032:059:0114
prospective_dinov2_coreset	3	P2_WEEDSGALORE_TRUTH_FREE_PROPOSAL_GRID_20260810_V3_T070_A032:059:0119
prospective_dinov2_coreset	3	P2_WEEDSGALORE_TRUTH_FREE_PROPOSAL_GRID_20260810_V3_T070_A032:059:0163
prospective_dinov2_coreset	3	P2_WEEDSGALORE_TRUTH_FREE_PROPOSAL_GRID_20260810_V3_T070_A032:060:0040
prospective_dinov2_coreset	3	P2_WEEDSGALORE_TRUTH_FREE_PROPOSAL_GRID_20260810_V3_T070_A032:060:0060
prospective_dinov2_coreset	3	P2_WEEDSGALORE_TRUTH_FREE_PROPOSAL_GRID_20260810_V3_T070_A032:060:0108
prospective_dinov2_coreset	3	P2_WEEDSGALORE_TRUTH_FREE_PROPOSAL_GRID_20260810_V3_T070_A032:060:0126
prospective_dinov2_coreset	3	P2_WEEDSGALORE_TRUTH_FREE_PROPOSAL_GRID_20260810_V3_T070_A032:060:0170
prospective_dinov2_coreset	3	P2_WEEDSGALORE_TRUTH_FREE_PROPOSAL_GRID_20260810_V3_T070_A032:061:0055
prospective_dinov2_coreset	3	P2_WEEDSGALORE_TRUTH_FREE_PROPOSAL_GRID_20260810_V3_T070_A032:061:0063
prospective_dinov2_coreset	3	P2_WEEDSGALORE_TRUTH_FREE_PROPOSAL_GRID_20260810_V3_T070_A032:061:0079
prospective_dinov2_coreset	3	P2_WEEDSGALORE_TRUTH_FREE_PROPOSAL_GRID_20260810_V3_T070_A032:061:0105
prospective_dinov2_coreset	3	P2_WEEDSGALORE_TRUTH_FREE_PROPOSAL_GRID_20260810_V3_T070_A032:061:0111
prospective_dinov2_coreset	3	P2_WEEDSGALORE_TRUTH_FREE_PROPOSAL_GRID_20260810_V3_T070_A032:062:0065
prospective_dinov2_coreset	3	P2_WEEDSGALORE_TRUTH_FREE_PROPOSAL_GRID_20260810_V3_T070_A032:062:0071
prospective_dinov2_coreset	3	P2_WEEDSGALORE_TRUTH_FREE_PROPOSAL_GRID_20260810_V3_T070_A032:062:0072
prospective_dinov2_coreset	3	P2_WEEDSGALORE_TRUTH_FREE_PROPOSAL_GRID_20260810_V3_T070_A032:063:0042
prospective_dinov2_coreset	3	P2_WEEDSGALORE_TRUTH_FREE_PROPOSAL_GRID_20260810_V3_T070_A032:064:0058
prospective_dinov2_coreset	3	P2_WEEDSGALORE_TRUTH_FREE_PROPOSAL_GRID_20260810_V3_T070_A032:064:0129
prospective_dinov2_coreset	3	P2_WEEDSGALORE_TRUTH_FREE_PROPOSAL_GRID_20260810_V3_T070_A032:067:0011
prospective_dinov2_coreset	3	P2_WEEDSGALORE_TRUTH_FREE_PROPOSAL_GRID_20260810_V3_T070_A032:067:0041
prospective_dinov2_coreset	3	P2_WEEDSGALORE_TRUTH_FREE_PROPOSAL_GRID_20260810_V3_T070_A032:067:0151
prospective_dinov2_coreset	3	P2_WEEDSGALORE_TRUTH_FREE_PROPOSAL_GRID_20260810_V3_T070_A032:067:0160
prospective_dinov2_coreset	3	P2_WEEDSGALORE_TRUTH_FREE_PROPOSAL_GRID_20260810_V3_T070_A032:070:0008
prospective_dinov2_coreset	3	P2_WEEDSGALORE_TRUTH_FREE_PROPOSAL_GRID_20260810_V3_T070_A032:070:0104
prospective_dinov2_coreset	3	P2_WEEDSGALORE_TRUTH_FREE_PROPOSAL_GRID_20260810_V3_T070_A032:070:0124
prospective_dinov2_coreset	3	P2_WEEDSGALORE_TRUTH_FREE_PROPOSAL_GRID_20260810_V3_T070_A032:070:0176
prospective_dinov2_coreset	3	P2_WEEDSGALORE_TRUTH_FREE_PROPOSAL_GRID_20260810_V3_T070_A032:070:0190
prospective_dinov2_coreset	3	P2_WEEDSGALORE_TRUTH_FREE_PROPOSAL_GRID_20260810_V3_T070_A032:070:0210
prospective_dinov2_coreset	3	P2_WEEDSGALORE_TRUTH_FREE_PROPOSAL_GRID_20260810_V3_T070_A032:071:0021
prospective_dinov2_coreset	3	P2_WEEDSGALORE_TRUTH_FREE_PROPOSAL_GRID_20260810_V3_T070_A032:071:0042
prospective_dinov2_coreset	3	P2_WEEDSGALORE_TRUTH_FREE_PROPOSAL_GRID_20260810_V3_T070_A032:071:0049
prospective_dinov2_coreset	3	P2_WEEDSGALORE_TRUTH_FREE_PROPOSAL_GRID_20260810_V3_T070_A032:071:0132
prospective_dinov2_coreset	3	P2_WEEDSGALORE_TRUTH_FREE_PROPOSAL_GRID_20260810_V3_T070_A032:072:0006
prospective_dinov2_coreset	3	P2_WEEDSGALORE_TRUTH_FREE_PROPOSAL_GRID_20260810_V3_T070_A032:072:0082
prospective_dinov2_coreset	3	P2_WEEDSGALORE_TRUTH_FREE_PROPOSAL_GRID_20260810_V3_T070_A032:073:0005
prospective_dinov2_coreset	3	P2_WEEDSGALORE_TRUTH_FREE_PROPOSAL_GRID_20260810_V3_T070_A032:073:0016
prospective_dinov2_coreset	3	P2_WEEDSGALORE_TRUTH_FREE_PROPOSAL_GRID_20260810_V3_T070_A032:073:0021
prospective_dinov2_coreset	3	P2_WEEDSGALORE_TRUTH_FREE_PROPOSAL_GRID_20260810_V3_T070_A032:073:0023
prospective_dinov2_coreset	3	P2_WEEDSGALORE_TRUTH_FREE_PROPOSAL_GRID_20260810_V3_T070_A032:073:0027
prospective_dinov2_coreset	3	P2_WEEDSGALORE_TRUTH_FREE_PROPOSAL_GRID_20260810_V3_T070_A032:073:0033
prospective_dinov2_coreset	3	P2_WEEDSGALORE_TRUTH_FREE_PROPOSAL_GRID_20260810_V3_T070_A032:074:0024
prospective_dinov2_coreset	3	P2_WEEDSGALORE_TRUTH_FREE_PROPOSAL_GRID_20260810_V3_T070_A032:074:0080
prospective_dinov2_coreset	3	P2_WEEDSGALORE_TRUTH_FREE_PROPOSAL_GRID_20260810_V3_T070_A032:074:0124
prospective_dinov2_coreset	3	P2_WEEDSGALORE_TRUTH_FREE_PROPOSAL_GRID_20260810_V3_T070_A032:074:0128
prospective_dinov2_coreset	3	P2_WEEDSGALORE_TRUTH_FREE_PROPOSAL_GRID_20260810_V3_T070_A032:074:0158
prospective_dinov2_coreset	3	P2_WEEDSGALORE_TRUTH_FREE_PROPOSAL_GRID_20260810_V3_T070_A032:077:0072
prospective_dinov2_coreset	3	P2_WEEDSGALORE_TRUTH_FREE_PROPOSAL_GRID_20260810_V3_T070_A032:077:0087
prospective_dinov2_coreset	3	P2_WEEDSGALORE_TRUTH_FREE_PROPOSAL_GRID_20260810_V3_T070_A032:077:0166
prospective_dinov2_coreset	3	P2_WEEDSGALORE_TRUTH_FREE_PROPOSAL_GRID_20260810_V3_T070_A032:077:0179
prospective_dinov2_coreset	3	P2_WEEDSGALORE_TRUTH_FREE_PROPOSAL_GRID_20260810_V3_T070_A032:078:0024
prospective_dinov2_coreset	3	P2_WEEDSGALORE_TRUTH_FREE_PROPOSAL_GRID_20260810_V3_T070_A032:078:0046
prospective_dinov2_coreset	3	P2_WEEDSGALORE_TRUTH_FREE_PROPOSAL_GRID_20260810_V3_T070_A032:078:0087
prospective_dinov2_coreset	3	P2_WEEDSGALORE_TRUTH_FREE_PROPOSAL_GRID_20260810_V3_T070_A032:078:0088
prospective_dinov2_coreset	3	P2_WEEDSGALORE_TRUTH_FREE_PROPOSAL_GRID_20260810_V3_T070_A032:078:0098
prospective_dinov2_coreset	3	P2_WEEDSGALORE_TRUTH_FREE_PROPOSAL_GRID_20260810_V3_T070_A032:078:0130
prospective_dinov2_coreset	3	P2_WEEDSGALORE_TRUTH_FREE_PROPOSAL_GRID_20260810_V3_T070_A032:078:0144
prospective_dinov2_coreset	3	P2_WEEDSGALORE_TRUTH_FREE_PROPOSAL_GRID_20260810_V3_T070_A032:080:0016
prospective_dinov2_coreset	3	P2_WEEDSGALORE_TRUTH_FREE_PROPOSAL_GRID_20260810_V3_T070_A032:080:0051
prospective_dinov2_coreset	3	P2_WEEDSGALORE_TRUTH_FREE_PROPOSAL_GRID_20260810_V3_T070_A032:080:0104
prospective_dinov2_coreset	3	P2_WEEDSGALORE_TRUTH_FREE_PROPOSAL_GRID_20260810_V3_T070_A032:080:0133
prospective_dinov2_coreset	3	P2_WEEDSGALORE_TRUTH_FREE_PROPOSAL_GRID_20260810_V3_T070_A032:081:0015
prospective_dinov2_coreset	3	P2_WEEDSGALORE_TRUTH_FREE_PROPOSAL_GRID_20260810_V3_T070_A032:081:0031
prospective_dinov2_coreset	3	P2_WEEDSGALORE_TRUTH_FREE_PROPOSAL_GRID_20260810_V3_T070_A032:081:0035
prospective_dinov2_coreset	3	P2_WEEDSGALORE_TRUTH_FREE_PROPOSAL_GRID_20260810_V3_T070_A032:084:0010
prospective_dinov2_coreset	3	P2_WEEDSGALORE_TRUTH_FREE_PROPOSAL_GRID_20260810_V3_T070_A032:084:0047
prospective_dinov2_coreset	3	P2_WEEDSGALORE_TRUTH_FREE_PROPOSAL_GRID_20260810_V3_T070_A032:084:0058
prospective_dinov2_coreset	3	P2_WEEDSGALORE_TRUTH_FREE_PROPOSAL_GRID_20260810_V3_T070_A032:085:0035
prospective_dinov2_coreset	3	P2_WEEDSGALORE_TRUTH_FREE_PROPOSAL_GRID_20260810_V3_T070_A032:085:0061
prospective_dinov2_coreset	3	P2_WEEDSGALORE_TRUTH_FREE_PROPOSAL_GRID_20260810_V3_T070_A032:086:0041
prospective_dinov2_coreset	3	P2_WEEDSGALORE_TRUTH_FREE_PROPOSAL_GRID_20260810_V3_T070_A032:089:0024
prospective_dinov2_coreset	3	P2_WEEDSGALORE_TRUTH_FREE_PROPOSAL_GRID_20260810_V3_T070_A032:089:0031
prospective_dinov2_coreset	3	P2_WEEDSGALORE_TRUTH_FREE_PROPOSAL_GRID_20260810_V3_T070_A032:089:0067
prospective_dinov2_coreset	3	P2_WEEDSGALORE_TRUTH_FREE_PROPOSAL_GRID_20260810_V3_T070_A032:090:0027
prospective_dinov2_coreset	3	P2_WEEDSGALORE_TRUTH_FREE_PROPOSAL_GRID_20260810_V3_T070_A032:091:0069
prospective_dinov2_coreset	3	P2_WEEDSGALORE_TRUTH_FREE_PROPOSAL_GRID_20260810_V3_T070_A032:092:0020
prospective_dinov2_coreset	3	P2_WEEDSGALORE_TRUTH_FREE_PROPOSAL_GRID_20260810_V3_T070_A032:092:0068
prospective_dinov2_coreset	3	P2_WEEDSGALORE_TRUTH_FREE_PROPOSAL_GRID_20260810_V3_T070_A032:092:0077
prospective_dinov2_coreset	3	P2_WEEDSGALORE_TRUTH_FREE_PROPOSAL_GRID_20260810_V3_T070_A032:093:0042
prospective_dinov2_coreset	3	P2_WEEDSGALORE_TRUTH_FREE_PROPOSAL_GRID_20260810_V3_T070_A032:093:0054
prospective_dinov2_coreset	3	P2_WEEDSGALORE_TRUTH_FREE_PROPOSAL_GRID_20260810_V3_T070_A032:093:0059
prospective_dinov2_coreset	3	P2_WEEDSGALORE_TRUTH_FREE_PROPOSAL_GRID_20260810_V3_T070_A032:094:0007
prospective_dinov2_coreset	3	P2_WEEDSGALORE_TRUTH_FREE_PROPOSAL_GRID_20260810_V3_T070_A032:094:0026
prospective_dinov2_coreset	3	P2_WEEDSGALORE_TRUTH_FREE_PROPOSAL_GRID_20260810_V3_T070_A032:094:0034
prospective_dinov2_coreset	3	P2_WEEDSGALORE_TRUTH_FREE_PROPOSAL_GRID_20260810_V3_T070_A032:094:0042
prospective_dinov2_coreset	3	P2_WEEDSGALORE_TRUTH_FREE_PROPOSAL_GRID_20260810_V3_T070_A032:094:0051
prospective_dinov2_coreset	3	P2_WEEDSGALORE_TRUTH_FREE_PROPOSAL_GRID_20260810_V3_T070_A032:097:0021
prospective_dinov2_coreset	3	P2_WEEDSGALORE_TRUTH_FREE_PROPOSAL_GRID_20260810_V3_T070_A032:101:0036
prospective_dinov2_coreset	3	P2_WEEDSGALORE_TRUTH_FREE_PROPOSAL_GRID_20260810_V3_T070_A032:101:0080
prospective_dinov2_coreset	3	P2_WEEDSGALORE_TRUTH_FREE_PROPOSAL_GRID_20260810_V3_T070_A032:103:0009
prospective_dinov2_coreset	3	P2_WEEDSGALORE_TRUTH_FREE_PROPOSAL_GRID_20260810_V3_T070_A032:103:0031
prospective_dinov2_coreset	3	P2_WEEDSGALORE_TRUTH_FREE_PROPOSAL_GRID_20260810_V3_T070_A032:103:0040
prospective_dinov2_coreset	3	P2_WEEDSGALORE_TRUTH_FREE_PROPOSAL_GRID_20260810_V3_T070_A032:104:0019
prospective_dinov2_coreset	3	P2_WEEDSGALORE_TRUTH_FREE_PROPOSAL_GRID_20260810_V3_T070_A032:104:0022
prospective_dinov2_coreset	3	P2_WEEDSGALORE_TRUTH_FREE_PROPOSAL_GRID_20260810_V3_T070_A032:104:0035
prospective_dinov2_coreset	3	P2_WEEDSGALORE_TRUTH_FREE_PROPOSAL_GRID_20260810_V3_T070_A032:106:0026
prospective_dinov2_coreset	3	P2_WEEDSGALORE_TRUTH_FREE_PROPOSAL_GRID_20260810_V3_T070_A032:106:0029
prospective_dinov2_coreset	3	P2_WEEDSGALORE_TRUTH_FREE_PROPOSAL_GRID_20260810_V3_T070_A032:106:0036
prospective_dinov2_coreset	3	P2_WEEDSGALORE_TRUTH_FREE_PROPOSAL_GRID_20260810_V3_T070_A032:107:0021
prospective_dinov2_coreset	3	P2_WEEDSGALORE_TRUTH_FREE_PROPOSAL_GRID_20260810_V3_T070_A032:107:0057
prospective_dinov2_coreset	3	P2_WEEDSGALORE_TRUTH_FREE_PROPOSAL_GRID_20260810_V3_T070_A032:107:0070
prospective_dinov2_coreset	3	P2_WEEDSGALORE_TRUTH_FREE_PROPOSAL_GRID_20260810_V3_T070_A032:107:0071
prospective_dinov2_coreset	3	P2_WEEDSGALORE_TRUTH_FREE_PROPOSAL_GRID_20260810_V3_T070_A032:108:0042
prospective_dinov2_coreset	3	P2_WEEDSGALORE_TRUTH_FREE_PROPOSAL_GRID_20260810_V3_T070_A032:109:0003
prospective_dinov2_coreset	3	P2_WEEDSGALORE_TRUTH_FREE_PROPOSAL_GRID_20260810_V3_T070_A032:109:0004
prospective_dinov2_coreset	3	P2_WEEDSGALORE_TRUTH_FREE_PROPOSAL_GRID_20260810_V3_T070_A032:109:0007
prospective_dinov2_coreset	3	P2_WEEDSGALORE_TRUTH_FREE_PROPOSAL_GRID_20260810_V3_T070_A032:109:0029
prospective_dinov2_coreset	3	P2_WEEDSGALORE_TRUTH_FREE_PROPOSAL_GRID_20260810_V3_T070_A032:110:0023
prospective_dinov2_coreset	3	P2_WEEDSGALORE_TRUTH_FREE_PROPOSAL_GRID_20260810_V3_T070_A032:110:0029
prospective_dinov2_coreset	3	P2_WEEDSGALORE_TRUTH_FREE_PROPOSAL_GRID_20260810_V3_T070_A032:110:0032
prospective_dinov2_coreset	3	P2_WEEDSGALORE_TRUTH_FREE_PROPOSAL_GRID_20260810_V3_T070_A032:110:0055
prospective_dinov2_coreset	3	P2_WEEDSGALORE_TRUTH_FREE_PROPOSAL_GRID_20260810_V3_T070_A032:111:0019
prospective_dinov2_coreset	3	P2_WEEDSGALORE_TRUTH_FREE_PROPOSAL_GRID_20260810_V3_T070_A032:111:0053
prospective_dinov2_coreset	3	P2_WEEDSGALORE_TRUTH_FREE_PROPOSAL_GRID_20260810_V3_T070_A032:114:0009
prospective_dinov2_coreset	3	P2_WEEDSGALORE_TRUTH_FREE_PROPOSAL_GRID_20260810_V3_T070_A032:114:0016
prospective_dinov2_coreset	3	P2_WEEDSGALORE_TRUTH_FREE_PROPOSAL_GRID_20260810_V3_T070_A032:115:0015
prospective_dinov2_coreset	3	P2_WEEDSGALORE_TRUTH_FREE_PROPOSAL_GRID_20260810_V3_T070_A032:115:0044
prospective_dinov2_coreset	3	P2_WEEDSGALORE_TRUTH_FREE_PROPOSAL_GRID_20260810_V3_T070_A032:115:0047
prospective_dinov2_coreset	3	P2_WEEDSGALORE_TRUTH_FREE_PROPOSAL_GRID_20260810_V3_T070_A032:115:0052
prospective_dinov2_coreset	3	P2_WEEDSGALORE_TRUTH_FREE_PROPOSAL_GRID_20260810_V3_T070_A032:115:0058
prospective_dinov2_coreset	3	P2_WEEDSGALORE_TRUTH_FREE_PROPOSAL_GRID_20260810_V3_T070_A032:116:0010
prospective_dinov2_coreset	3	P2_WEEDSGALORE_TRUTH_FREE_PROPOSAL_GRID_20260810_V3_T070_A032:116:0024
prospective_dinov2_coreset	3	P2_WEEDSGALORE_TRUTH_FREE_PROPOSAL_GRID_20260810_V3_T070_A032:116:0074
prospective_dinov2_coreset	3	P2_WEEDSGALORE_TRUTH_FREE_PROPOSAL_GRID_20260810_V3_T070_A032:116:0088
prospective_dinov2_coreset	3	P2_WEEDSGALORE_TRUTH_FREE_PROPOSAL_GRID_20260810_V3_T070_A032:119:0053
prospective_dinov2_coreset	3	P2_WEEDSGALORE_TRUTH_FREE_PROPOSAL_GRID_20260810_V3_T070_A032:119:0055
prospective_dinov2_coreset	3	P2_WEEDSGALORE_TRUTH_FREE_PROPOSAL_GRID_20260810_V3_T070_A032:119:0060
prospective_dinov2_coreset	3	P2_WEEDSGALORE_TRUTH_FREE_PROPOSAL_GRID_20260810_V3_T070_A032:119:0062
prospective_dinov2_coreset	3	P2_WEEDSGALORE_TRUTH_FREE_PROPOSAL_GRID_20260810_V3_T070_A032:120:0015
prospective_dinov2_coreset	3	P2_WEEDSGALORE_TRUTH_FREE_PROPOSAL_GRID_20260810_V3_T070_A032:120:0020
prospective_dinov2_coreset	3	P2_WEEDSGALORE_TRUTH_FREE_PROPOSAL_GRID_20260810_V3_T070_A032:120:0024
prospective_dinov2_coreset	3	P2_WEEDSGALORE_TRUTH_FREE_PROPOSAL_GRID_20260810_V3_T070_A032:121:0009
prospective_dinov2_coreset	3	P2_WEEDSGALORE_TRUTH_FREE_PROPOSAL_GRID_20260810_V3_T070_A032:122:0008
prospective_dinov2_coreset	3	P2_WEEDSGALORE_TRUTH_FREE_PROPOSAL_GRID_20260810_V3_T070_A032:122:0029
prospective_dinov2_coreset	3	P2_WEEDSGALORE_TRUTH_FREE_PROPOSAL_GRID_20260810_V3_T070_A032:122:0048
prospective_dinov2_coreset	3	P2_WEEDSGALORE_TRUTH_FREE_PROPOSAL_GRID_20260810_V3_T070_A032:123:0009
prospective_dinov2_coreset	3	P2_WEEDSGALORE_TRUTH_FREE_PROPOSAL_GRID_20260810_V3_T070_A032:126:0035
prospective_dinov2_coreset	3	P2_WEEDSGALORE_TRUTH_FREE_PROPOSAL_GRID_20260810_V3_T070_A032:126:0041
prospective_dinov2_coreset	3	P2_WEEDSGALORE_TRUTH_FREE_PROPOSAL_GRID_20260810_V3_T070_A032:127:0035
prospective_dinov2_coreset	3	P2_WEEDSGALORE_TRUTH_FREE_PROPOSAL_GRID_20260810_V3_T070_A032:128:0003
prospective_dinov2_coreset	3	P2_WEEDSGALORE_TRUTH_FREE_PROPOSAL_GRID_20260810_V3_T070_A032:128:0044
prospective_dinov2_coreset	3	P2_WEEDSGALORE_TRUTH_FREE_PROPOSAL_GRID_20260810_V3_T070_A032:133:0003
prospective_dinov2_coreset	3	P2_WEEDSGALORE_TRUTH_FREE_PROPOSAL_GRID_20260810_V3_T070_A032:133:0028
prospective_dinov2_coreset	3	P2_WEEDSGALORE_TRUTH_FREE_PROPOSAL_GRID_20260810_V3_T070_A032:133:0037
prospective_dinov2_coreset	3	P2_WEEDSGALORE_TRUTH_FREE_PROPOSAL_GRID_20260810_V3_T070_A032:133:0065
prospective_dinov2_coreset	3	P2_WEEDSGALORE_TRUTH_FREE_PROPOSAL_GRID_20260810_V3_T070_A032:134:0003
prospective_dinov2_coreset	3	P2_WEEDSGALORE_TRUTH_FREE_PROPOSAL_GRID_20260810_V3_T070_A032:134:0035
prospective_dinov2_coreset	3	P2_WEEDSGALORE_TRUTH_FREE_PROPOSAL_GRID_20260810_V3_T070_A032:135:0067
prospective_dinov2_coreset	3	P2_WEEDSGALORE_TRUTH_FREE_PROPOSAL_GRID_20260810_V3_T070_A032:136:0052
prospective_dinov2_coreset	3	P2_WEEDSGALORE_TRUTH_FREE_PROPOSAL_GRID_20260810_V3_T070_A032:136:0057
prospective_dinov2_coreset	3	P2_WEEDSGALORE_TRUTH_FREE_PROPOSAL_GRID_20260810_V3_T070_A032:139:0002
prospective_dinov2_coreset	3	P2_WEEDSGALORE_TRUTH_FREE_PROPOSAL_GRID_20260810_V3_T070_A032:139:0034
prospective_dinov2_coreset	3	P2_WEEDSGALORE_TRUTH_FREE_PROPOSAL_GRID_20260810_V3_T070_A032:139:0082
prospective_dinov2_coreset	3	P2_WEEDSGALORE_TRUTH_FREE_PROPOSAL_GRID_20260810_V3_T070_A032:142:0013
prospective_dinov2_coreset	3	P2_WEEDSGALORE_TRUTH_FREE_PROPOSAL_GRID_20260810_V3_T070_A032:142:0016
prospective_dinov2_coreset	3	P2_WEEDSGALORE_TRUTH_FREE_PROPOSAL_GRID_20260810_V3_T070_A032:142:0025
prospective_dinov2_coreset	3	P2_WEEDSGALORE_TRUTH_FREE_PROPOSAL_GRID_20260810_V3_T070_A032:142:0029
prospective_dinov2_coreset	3	P2_WEEDSGALORE_TRUTH_FREE_PROPOSAL_GRID_20260810_V3_T070_A032:142:0049
prospective_dinov2_coreset	3	P2_WEEDSGALORE_TRUTH_FREE_PROPOSAL_GRID_20260810_V3_T070_A032:142:0065
prospective_dinov2_coreset	3	P2_WEEDSGALORE_TRUTH_FREE_PROPOSAL_GRID_20260810_V3_T070_A032:142:0083
prospective_dinov2_coreset	3	P2_WEEDSGALORE_TRUTH_FREE_PROPOSAL_GRID_20260810_V3_T070_A032:143:0009
prospective_dinov2_coreset	3	P2_WEEDSGALORE_TRUTH_FREE_PROPOSAL_GRID_20260810_V3_T070_A032:143:0012
prospective_dinov2_coreset	3	P2_WEEDSGALORE_TRUTH_FREE_PROPOSAL_GRID_20260810_V3_T070_A032:143:0036
prospective_dinov2_coreset	3	P2_WEEDSGALORE_TRUTH_FREE_PROPOSAL_GRID_20260810_V3_T070_A032:144:0002
prospective_dinov2_coreset	3	P2_WEEDSGALORE_TRUTH_FREE_PROPOSAL_GRID_20260810_V3_T070_A032:144:0016
prospective_dinov2_coreset	3	P2_WEEDSGALORE_TRUTH_FREE_PROPOSAL_GRID_20260810_V3_T070_A032:144:0026
prospective_dinov2_coreset	3	P2_WEEDSGALORE_TRUTH_FREE_PROPOSAL_GRID_20260810_V3_T070_A032:144:0048
prospective_dinov2_coreset	3	P2_WEEDSGALORE_TRUTH_FREE_PROPOSAL_GRID_20260810_V3_T070_A032:145:0018
prospective_dinov2_coreset	3	P2_WEEDSGALORE_TRUTH_FREE_PROPOSAL_GRID_20260810_V3_T070_A032:146:0036
prospective_dinov2_coreset	3	P2_WEEDSGALORE_TRUTH_FREE_PROPOSAL_GRID_20260810_V3_T070_A032:150:0017
prospective_dinov2_coreset	3	P2_WEEDSGALORE_TRUTH_FREE_PROPOSAL_GRID_20260810_V3_T070_A032:151:0033
prospective_dinov2_coreset	3	P2_WEEDSGALORE_TRUTH_FREE_PROPOSAL_GRID_20260810_V3_T070_A032:153:0002
prospective_dinov2_coreset	3	P2_WEEDSGALORE_TRUTH_FREE_PROPOSAL_GRID_20260810_V3_T070_A032:155:0008
prospective_dinov2_coreset	3	P2_WEEDSGALORE_TRUTH_FREE_PROPOSAL_GRID_20260810_V3_T070_A032:155:0052
prospective_dinov2_coreset	3	P2_WEEDSGALORE_TRUTH_FREE_PROPOSAL_GRID_20260810_V3_T070_A032:155:0056
prospective_dinov2_coreset	3	P2_WEEDSGALORE_TRUTH_FREE_PROPOSAL_GRID_20260810_V3_T070_A032:155:0062
prospective_dinov2_coreset	3	P2_WEEDSGALORE_TRUTH_FREE_PROPOSAL_GRID_20260810_V3_T070_A032:155:0075
prospective_dinov2_coreset	3	P2_WEEDSGALORE_TRUTH_FREE_PROPOSAL_GRID_20260810_V3_T070_A032:155:0077
prospective_dinov2_coreset	3	P2_WEEDSGALORE_TRUTH_FREE_PROPOSAL_GRID_20260810_V3_T070_A032:155:0084
prospective_dinov2_coreset	3	P2_WEEDSGALORE_TRUTH_FREE_PROPOSAL_GRID_20260810_V3_T070_A032:155:0087
prospective_dinov2_coreset	3	P2_WEEDSGALORE_TRUTH_FREE_PROPOSAL_GRID_20260810_V3_T070_A032:155:0091
prospective_dinov2_coreset	3	P2_WEEDSGALORE_TRUTH_FREE_PROPOSAL_GRID_20260810_V3_T070_A032:155:0098
prospective_dinov2_coreset	3	P2_WEEDSGALORE_TRUTH_FREE_PROPOSAL_GRID_20260810_V3_T070_A032:156:0024
prospective_dinov2_coreset	3	P2_WEEDSGALORE_TRUTH_FREE_PROPOSAL_GRID_20260810_V3_T070_A032:156:0033
prospective_dinov2_coreset	3	P2_WEEDSGALORE_TRUTH_FREE_PROPOSAL_GRID_20260810_V3_T070_A032:156:0056
retrospective_class_stratified	3	P2_WEEDSGALORE_TRUTH_FREE_PROPOSAL_GRID_20260810_V3_T070_A032:004:0030
retrospective_class_stratified	3	P2_WEEDSGALORE_TRUTH_FREE_PROPOSAL_GRID_20260810_V3_T070_A032:004:0036
retrospective_class_stratified	3	P2_WEEDSGALORE_TRUTH_FREE_PROPOSAL_GRID_20260810_V3_T070_A032:004:0048
retrospective_class_stratified	3	P2_WEEDSGALORE_TRUTH_FREE_PROPOSAL_GRID_20260810_V3_T070_A032:004:0049
retrospective_class_stratified	3	P2_WEEDSGALORE_TRUTH_FREE_PROPOSAL_GRID_20260810_V3_T070_A032:004:0080
retrospective_class_stratified	3	P2_WEEDSGALORE_TRUTH_FREE_PROPOSAL_GRID_20260810_V3_T070_A032:005:0039
retrospective_class_stratified	3	P2_WEEDSGALORE_TRUTH_FREE_PROPOSAL_GRID_20260810_V3_T070_A032:005:0071
retrospective_class_stratified	3	P2_WEEDSGALORE_TRUTH_FREE_PROPOSAL_GRID_20260810_V3_T070_A032:005:0113
retrospective_class_stratified	3	P2_WEEDSGALORE_TRUTH_FREE_PROPOSAL_GRID_20260810_V3_T070_A032:005:0141
retrospective_class_stratified	3	P2_WEEDSGALORE_TRUTH_FREE_PROPOSAL_GRID_20260810_V3_T070_A032:006:0042
retrospective_class_stratified	3	P2_WEEDSGALORE_TRUTH_FREE_PROPOSAL_GRID_20260810_V3_T070_A032:006:0058
retrospective_class_stratified	3	P2_WEEDSGALORE_TRUTH_FREE_PROPOSAL_GRID_20260810_V3_T070_A032:006:0060
retrospective_class_stratified	3	P2_WEEDSGALORE_TRUTH_FREE_PROPOSAL_GRID_20260810_V3_T070_A032:006:0065
retrospective_class_stratified	3	P2_WEEDSGALORE_TRUTH_FREE_PROPOSAL_GRID_20260810_V3_T070_A032:006:0073
retrospective_class_stratified	3	P2_WEEDSGALORE_TRUTH_FREE_PROPOSAL_GRID_20260810_V3_T070_A032:006:0088
retrospective_class_stratified	3	P2_WEEDSGALORE_TRUTH_FREE_PROPOSAL_GRID_20260810_V3_T070_A032:006:0102
retrospective_class_stratified	3	P2_WEEDSGALORE_TRUTH_FREE_PROPOSAL_GRID_20260810_V3_T070_A032:006:0228
retrospective_class_stratified	3	P2_WEEDSGALORE_TRUTH_FREE_PROPOSAL_GRID_20260810_V3_T070_A032:006:0263
retrospective_class_stratified	3	P2_WEEDSGALORE_TRUTH_FREE_PROPOSAL_GRID_20260810_V3_T070_A032:006:0268
retrospective_class_stratified	3	P2_WEEDSGALORE_TRUTH_FREE_PROPOSAL_GRID_20260810_V3_T070_A032:009:0044
retrospective_class_stratified	3	P2_WEEDSGALORE_TRUTH_FREE_PROPOSAL_GRID_20260810_V3_T070_A032:009:0062
retrospective_class_stratified	3	P2_WEEDSGALORE_TRUTH_FREE_PROPOSAL_GRID_20260810_V3_T070_A032:009:0092
retrospective_class_stratified	3	P2_WEEDSGALORE_TRUTH_FREE_PROPOSAL_GRID_20260810_V3_T070_A032:010:0015
retrospective_class_stratified	3	P2_WEEDSGALORE_TRUTH_FREE_PROPOSAL_GRID_20260810_V3_T070_A032:010:0102
retrospective_class_stratified	3	P2_WEEDSGALORE_TRUTH_FREE_PROPOSAL_GRID_20260810_V3_T070_A032:010:0112
retrospective_class_stratified	3	P2_WEEDSGALORE_TRUTH_FREE_PROPOSAL_GRID_20260810_V3_T070_A032:010:0135
retrospective_class_stratified	3	P2_WEEDSGALORE_TRUTH_FREE_PROPOSAL_GRID_20260810_V3_T070_A032:010:0139
retrospective_class_stratified	3	P2_WEEDSGALORE_TRUTH_FREE_PROPOSAL_GRID_20260810_V3_T070_A032:010:0210
retrospective_class_stratified	3	P2_WEEDSGALORE_TRUTH_FREE_PROPOSAL_GRID_20260810_V3_T070_A032:011:0001
retrospective_class_stratified	3	P2_WEEDSGALORE_TRUTH_FREE_PROPOSAL_GRID_20260810_V3_T070_A032:011:0093
retrospective_class_stratified	3	P2_WEEDSGALORE_TRUTH_FREE_PROPOSAL_GRID_20260810_V3_T070_A032:012:0001
retrospective_class_stratified	3	P2_WEEDSGALORE_TRUTH_FREE_PROPOSAL_GRID_20260810_V3_T070_A032:012:0035
retrospective_class_stratified	3	P2_WEEDSGALORE_TRUTH_FREE_PROPOSAL_GRID_20260810_V3_T070_A032:012:0109
retrospective_class_stratified	3	P2_WEEDSGALORE_TRUTH_FREE_PROPOSAL_GRID_20260810_V3_T070_A032:012:0164
retrospective_class_stratified	3	P2_WEEDSGALORE_TRUTH_FREE_PROPOSAL_GRID_20260810_V3_T070_A032:013:0031
retrospective_class_stratified	3	P2_WEEDSGALORE_TRUTH_FREE_PROPOSAL_GRID_20260810_V3_T070_A032:018:0026
retrospective_class_stratified	3	P2_WEEDSGALORE_TRUTH_FREE_PROPOSAL_GRID_20260810_V3_T070_A032:018:0050
retrospective_class_stratified	3	P2_WEEDSGALORE_TRUTH_FREE_PROPOSAL_GRID_20260810_V3_T070_A032:018:0086
retrospective_class_stratified	3	P2_WEEDSGALORE_TRUTH_FREE_PROPOSAL_GRID_20260810_V3_T070_A032:018:0108
retrospective_class_stratified	3	P2_WEEDSGALORE_TRUTH_FREE_PROPOSAL_GRID_20260810_V3_T070_A032:018:0184
retrospective_class_stratified	3	P2_WEEDSGALORE_TRUTH_FREE_PROPOSAL_GRID_20260810_V3_T070_A032:020:0031
retrospective_class_stratified	3	P2_WEEDSGALORE_TRUTH_FREE_PROPOSAL_GRID_20260810_V3_T070_A032:020:0070
retrospective_class_stratified	3	P2_WEEDSGALORE_TRUTH_FREE_PROPOSAL_GRID_20260810_V3_T070_A032:024:0047
retrospective_class_stratified	3	P2_WEEDSGALORE_TRUTH_FREE_PROPOSAL_GRID_20260810_V3_T070_A032:024:0078
retrospective_class_stratified	3	P2_WEEDSGALORE_TRUTH_FREE_PROPOSAL_GRID_20260810_V3_T070_A032:024:0084
retrospective_class_stratified	3	P2_WEEDSGALORE_TRUTH_FREE_PROPOSAL_GRID_20260810_V3_T070_A032:024:0127
retrospective_class_stratified	3	P2_WEEDSGALORE_TRUTH_FREE_PROPOSAL_GRID_20260810_V3_T070_A032:025:0007
retrospective_class_stratified	3	P2_WEEDSGALORE_TRUTH_FREE_PROPOSAL_GRID_20260810_V3_T070_A032:025:0029
retrospective_class_stratified	3	P2_WEEDSGALORE_TRUTH_FREE_PROPOSAL_GRID_20260810_V3_T070_A032:026:0042
retrospective_class_stratified	3	P2_WEEDSGALORE_TRUTH_FREE_PROPOSAL_GRID_20260810_V3_T070_A032:030:0014
retrospective_class_stratified	3	P2_WEEDSGALORE_TRUTH_FREE_PROPOSAL_GRID_20260810_V3_T070_A032:030:0050
retrospective_class_stratified	3	P2_WEEDSGALORE_TRUTH_FREE_PROPOSAL_GRID_20260810_V3_T070_A032:034:0007
retrospective_class_stratified	3	P2_WEEDSGALORE_TRUTH_FREE_PROPOSAL_GRID_20260810_V3_T070_A032:034:0027
retrospective_class_stratified	3	P2_WEEDSGALORE_TRUTH_FREE_PROPOSAL_GRID_20260810_V3_T070_A032:034:0069
retrospective_class_stratified	3	P2_WEEDSGALORE_TRUTH_FREE_PROPOSAL_GRID_20260810_V3_T070_A032:034:0083
retrospective_class_stratified	3	P2_WEEDSGALORE_TRUTH_FREE_PROPOSAL_GRID_20260810_V3_T070_A032:034:0131
retrospective_class_stratified	3	P2_WEEDSGALORE_TRUTH_FREE_PROPOSAL_GRID_20260810_V3_T070_A032:034:0144
retrospective_class_stratified	3	P2_WEEDSGALORE_TRUTH_FREE_PROPOSAL_GRID_20260810_V3_T070_A032:037:0005
retrospective_class_stratified	3	P2_WEEDSGALORE_TRUTH_FREE_PROPOSAL_GRID_20260810_V3_T070_A032:037:0034
retrospective_class_stratified	3	P2_WEEDSGALORE_TRUTH_FREE_PROPOSAL_GRID_20260810_V3_T070_A032:037:0041
retrospective_class_stratified	3	P2_WEEDSGALORE_TRUTH_FREE_PROPOSAL_GRID_20260810_V3_T070_A032:038:0033
retrospective_class_stratified	3	P2_WEEDSGALORE_TRUTH_FREE_PROPOSAL_GRID_20260810_V3_T070_A032:039:0067
retrospective_class_stratified	3	P2_WEEDSGALORE_TRUTH_FREE_PROPOSAL_GRID_20260810_V3_T070_A032:039:0093
retrospective_class_stratified	3	P2_WEEDSGALORE_TRUTH_FREE_PROPOSAL_GRID_20260810_V3_T070_A032:040:0015
retrospective_class_stratified	3	P2_WEEDSGALORE_TRUTH_FREE_PROPOSAL_GRID_20260810_V3_T070_A032:048:0022
retrospective_class_stratified	3	P2_WEEDSGALORE_TRUTH_FREE_PROPOSAL_GRID_20260810_V3_T070_A032:051:0080
retrospective_class_stratified	3	P2_WEEDSGALORE_TRUTH_FREE_PROPOSAL_GRID_20260810_V3_T070_A032:052:0063
retrospective_class_stratified	3	P2_WEEDSGALORE_TRUTH_FREE_PROPOSAL_GRID_20260810_V3_T070_A032:053:0030
retrospective_class_stratified	3	P2_WEEDSGALORE_TRUTH_FREE_PROPOSAL_GRID_20260810_V3_T070_A032:053:0157
retrospective_class_stratified	3	P2_WEEDSGALORE_TRUTH_FREE_PROPOSAL_GRID_20260810_V3_T070_A032:054:0031
retrospective_class_stratified	3	P2_WEEDSGALORE_TRUTH_FREE_PROPOSAL_GRID_20260810_V3_T070_A032:054:0084
retrospective_class_stratified	3	P2_WEEDSGALORE_TRUTH_FREE_PROPOSAL_GRID_20260810_V3_T070_A032:054:0117
retrospective_class_stratified	3	P2_WEEDSGALORE_TRUTH_FREE_PROPOSAL_GRID_20260810_V3_T070_A032:054:0140
retrospective_class_stratified	3	P2_WEEDSGALORE_TRUTH_FREE_PROPOSAL_GRID_20260810_V3_T070_A032:058:0135
retrospective_class_stratified	3	P2_WEEDSGALORE_TRUTH_FREE_PROPOSAL_GRID_20260810_V3_T070_A032:058:0139
retrospective_class_stratified	3	P2_WEEDSGALORE_TRUTH_FREE_PROPOSAL_GRID_20260810_V3_T070_A032:059:0041
retrospective_class_stratified	3	P2_WEEDSGALORE_TRUTH_FREE_PROPOSAL_GRID_20260810_V3_T070_A032:059:0064
retrospective_class_stratified	3	P2_WEEDSGALORE_TRUTH_FREE_PROPOSAL_GRID_20260810_V3_T070_A032:059:0077
retrospective_class_stratified	3	P2_WEEDSGALORE_TRUTH_FREE_PROPOSAL_GRID_20260810_V3_T070_A032:059:0096
retrospective_class_stratified	3	P2_WEEDSGALORE_TRUTH_FREE_PROPOSAL_GRID_20260810_V3_T070_A032:059:0166
retrospective_class_stratified	3	P2_WEEDSGALORE_TRUTH_FREE_PROPOSAL_GRID_20260810_V3_T070_A032:060:0024
retrospective_class_stratified	3	P2_WEEDSGALORE_TRUTH_FREE_PROPOSAL_GRID_20260810_V3_T070_A032:060:0032
retrospective_class_stratified	3	P2_WEEDSGALORE_TRUTH_FREE_PROPOSAL_GRID_20260810_V3_T070_A032:060:0041
retrospective_class_stratified	3	P2_WEEDSGALORE_TRUTH_FREE_PROPOSAL_GRID_20260810_V3_T070_A032:060:0081
retrospective_class_stratified	3	P2_WEEDSGALORE_TRUTH_FREE_PROPOSAL_GRID_20260810_V3_T070_A032:061:0062
retrospective_class_stratified	3	P2_WEEDSGALORE_TRUTH_FREE_PROPOSAL_GRID_20260810_V3_T070_A032:061:0073
retrospective_class_stratified	3	P2_WEEDSGALORE_TRUTH_FREE_PROPOSAL_GRID_20260810_V3_T070_A032:061:0088
retrospective_class_stratified	3	P2_WEEDSGALORE_TRUTH_FREE_PROPOSAL_GRID_20260810_V3_T070_A032:061:0169
retrospective_class_stratified	3	P2_WEEDSGALORE_TRUTH_FREE_PROPOSAL_GRID_20260810_V3_T070_A032:062:0052
retrospective_class_stratified	3	P2_WEEDSGALORE_TRUTH_FREE_PROPOSAL_GRID_20260810_V3_T070_A032:062:0078
retrospective_class_stratified	3	P2_WEEDSGALORE_TRUTH_FREE_PROPOSAL_GRID_20260810_V3_T070_A032:062:0123
retrospective_class_stratified	3	P2_WEEDSGALORE_TRUTH_FREE_PROPOSAL_GRID_20260810_V3_T070_A032:062:0142
retrospective_class_stratified	3	P2_WEEDSGALORE_TRUTH_FREE_PROPOSAL_GRID_20260810_V3_T070_A032:062:0144
retrospective_class_stratified	3	P2_WEEDSGALORE_TRUTH_FREE_PROPOSAL_GRID_20260810_V3_T070_A032:063:0021
retrospective_class_stratified	3	P2_WEEDSGALORE_TRUTH_FREE_PROPOSAL_GRID_20260810_V3_T070_A032:063:0034
retrospective_class_stratified	3	P2_WEEDSGALORE_TRUTH_FREE_PROPOSAL_GRID_20260810_V3_T070_A032:063:0069
retrospective_class_stratified	3	P2_WEEDSGALORE_TRUTH_FREE_PROPOSAL_GRID_20260810_V3_T070_A032:064:0025
retrospective_class_stratified	3	P2_WEEDSGALORE_TRUTH_FREE_PROPOSAL_GRID_20260810_V3_T070_A032:064:0076
retrospective_class_stratified	3	P2_WEEDSGALORE_TRUTH_FREE_PROPOSAL_GRID_20260810_V3_T070_A032:067:0048
retrospective_class_stratified	3	P2_WEEDSGALORE_TRUTH_FREE_PROPOSAL_GRID_20260810_V3_T070_A032:067:0176
retrospective_class_stratified	3	P2_WEEDSGALORE_TRUTH_FREE_PROPOSAL_GRID_20260810_V3_T070_A032:070:0063
retrospective_class_stratified	3	P2_WEEDSGALORE_TRUTH_FREE_PROPOSAL_GRID_20260810_V3_T070_A032:070:0142
retrospective_class_stratified	3	P2_WEEDSGALORE_TRUTH_FREE_PROPOSAL_GRID_20260810_V3_T070_A032:071:0042
retrospective_class_stratified	3	P2_WEEDSGALORE_TRUTH_FREE_PROPOSAL_GRID_20260810_V3_T070_A032:071:0045
retrospective_class_stratified	3	P2_WEEDSGALORE_TRUTH_FREE_PROPOSAL_GRID_20260810_V3_T070_A032:071:0067
retrospective_class_stratified	3	P2_WEEDSGALORE_TRUTH_FREE_PROPOSAL_GRID_20260810_V3_T070_A032:071:0095
retrospective_class_stratified	3	P2_WEEDSGALORE_TRUTH_FREE_PROPOSAL_GRID_20260810_V3_T070_A032:071:0109
retrospective_class_stratified	3	P2_WEEDSGALORE_TRUTH_FREE_PROPOSAL_GRID_20260810_V3_T070_A032:071:0133
retrospective_class_stratified	3	P2_WEEDSGALORE_TRUTH_FREE_PROPOSAL_GRID_20260810_V3_T070_A032:071:0136
retrospective_class_stratified	3	P2_WEEDSGALORE_TRUTH_FREE_PROPOSAL_GRID_20260810_V3_T070_A032:071:0148
retrospective_class_stratified	3	P2_WEEDSGALORE_TRUTH_FREE_PROPOSAL_GRID_20260810_V3_T070_A032:072:0033
retrospective_class_stratified	3	P2_WEEDSGALORE_TRUTH_FREE_PROPOSAL_GRID_20260810_V3_T070_A032:072:0056
retrospective_class_stratified	3	P2_WEEDSGALORE_TRUTH_FREE_PROPOSAL_GRID_20260810_V3_T070_A032:073:0049
retrospective_class_stratified	3	P2_WEEDSGALORE_TRUTH_FREE_PROPOSAL_GRID_20260810_V3_T070_A032:073:0092
retrospective_class_stratified	3	P2_WEEDSGALORE_TRUTH_FREE_PROPOSAL_GRID_20260810_V3_T070_A032:073:0100
retrospective_class_stratified	3	P2_WEEDSGALORE_TRUTH_FREE_PROPOSAL_GRID_20260810_V3_T070_A032:073:0117
retrospective_class_stratified	3	P2_WEEDSGALORE_TRUTH_FREE_PROPOSAL_GRID_20260810_V3_T070_A032:073:0122
retrospective_class_stratified	3	P2_WEEDSGALORE_TRUTH_FREE_PROPOSAL_GRID_20260810_V3_T070_A032:074:0006
retrospective_class_stratified	3	P2_WEEDSGALORE_TRUTH_FREE_PROPOSAL_GRID_20260810_V3_T070_A032:074:0054
retrospective_class_stratified	3	P2_WEEDSGALORE_TRUTH_FREE_PROPOSAL_GRID_20260810_V3_T070_A032:074:0103
retrospective_class_stratified	3	P2_WEEDSGALORE_TRUTH_FREE_PROPOSAL_GRID_20260810_V3_T070_A032:074:0106
retrospective_class_stratified	3	P2_WEEDSGALORE_TRUTH_FREE_PROPOSAL_GRID_20260810_V3_T070_A032:074:0147
retrospective_class_stratified	3	P2_WEEDSGALORE_TRUTH_FREE_PROPOSAL_GRID_20260810_V3_T070_A032:077:0070
retrospective_class_stratified	3	P2_WEEDSGALORE_TRUTH_FREE_PROPOSAL_GRID_20260810_V3_T070_A032:077:0072
retrospective_class_stratified	3	P2_WEEDSGALORE_TRUTH_FREE_PROPOSAL_GRID_20260810_V3_T070_A032:077:0178
retrospective_class_stratified	3	P2_WEEDSGALORE_TRUTH_FREE_PROPOSAL_GRID_20260810_V3_T070_A032:077:0181
retrospective_class_stratified	3	P2_WEEDSGALORE_TRUTH_FREE_PROPOSAL_GRID_20260810_V3_T070_A032:078:0102
retrospective_class_stratified	3	P2_WEEDSGALORE_TRUTH_FREE_PROPOSAL_GRID_20260810_V3_T070_A032:078:0158
retrospective_class_stratified	3	P2_WEEDSGALORE_TRUTH_FREE_PROPOSAL_GRID_20260810_V3_T070_A032:080:0039
retrospective_class_stratified	3	P2_WEEDSGALORE_TRUTH_FREE_PROPOSAL_GRID_20260810_V3_T070_A032:080:0040
retrospective_class_stratified	3	P2_WEEDSGALORE_TRUTH_FREE_PROPOSAL_GRID_20260810_V3_T070_A032:080:0063
retrospective_class_stratified	3	P2_WEEDSGALORE_TRUTH_FREE_PROPOSAL_GRID_20260810_V3_T070_A032:080:0117
retrospective_class_stratified	3	P2_WEEDSGALORE_TRUTH_FREE_PROPOSAL_GRID_20260810_V3_T070_A032:080:0129
retrospective_class_stratified	3	P2_WEEDSGALORE_TRUTH_FREE_PROPOSAL_GRID_20260810_V3_T070_A032:081:0023
retrospective_class_stratified	3	P2_WEEDSGALORE_TRUTH_FREE_PROPOSAL_GRID_20260810_V3_T070_A032:083:0033
retrospective_class_stratified	3	P2_WEEDSGALORE_TRUTH_FREE_PROPOSAL_GRID_20260810_V3_T070_A032:084:0024
retrospective_class_stratified	3	P2_WEEDSGALORE_TRUTH_FREE_PROPOSAL_GRID_20260810_V3_T070_A032:084:0046
retrospective_class_stratified	3	P2_WEEDSGALORE_TRUTH_FREE_PROPOSAL_GRID_20260810_V3_T070_A032:084:0063
retrospective_class_stratified	3	P2_WEEDSGALORE_TRUTH_FREE_PROPOSAL_GRID_20260810_V3_T070_A032:084:0069
retrospective_class_stratified	3	P2_WEEDSGALORE_TRUTH_FREE_PROPOSAL_GRID_20260810_V3_T070_A032:085:0009
retrospective_class_stratified	3	P2_WEEDSGALORE_TRUTH_FREE_PROPOSAL_GRID_20260810_V3_T070_A032:085:0030
retrospective_class_stratified	3	P2_WEEDSGALORE_TRUTH_FREE_PROPOSAL_GRID_20260810_V3_T070_A032:085:0069
retrospective_class_stratified	3	P2_WEEDSGALORE_TRUTH_FREE_PROPOSAL_GRID_20260810_V3_T070_A032:085:0076
retrospective_class_stratified	3	P2_WEEDSGALORE_TRUTH_FREE_PROPOSAL_GRID_20260810_V3_T070_A032:086:0018
retrospective_class_stratified	3	P2_WEEDSGALORE_TRUTH_FREE_PROPOSAL_GRID_20260810_V3_T070_A032:086:0020
retrospective_class_stratified	3	P2_WEEDSGALORE_TRUTH_FREE_PROPOSAL_GRID_20260810_V3_T070_A032:086:0031
retrospective_class_stratified	3	P2_WEEDSGALORE_TRUTH_FREE_PROPOSAL_GRID_20260810_V3_T070_A032:086:0060
retrospective_class_stratified	3	P2_WEEDSGALORE_TRUTH_FREE_PROPOSAL_GRID_20260810_V3_T070_A032:089:0004
retrospective_class_stratified	3	P2_WEEDSGALORE_TRUTH_FREE_PROPOSAL_GRID_20260810_V3_T070_A032:089:0033
retrospective_class_stratified	3	P2_WEEDSGALORE_TRUTH_FREE_PROPOSAL_GRID_20260810_V3_T070_A032:089:0087
retrospective_class_stratified	3	P2_WEEDSGALORE_TRUTH_FREE_PROPOSAL_GRID_20260810_V3_T070_A032:090:0046
retrospective_class_stratified	3	P2_WEEDSGALORE_TRUTH_FREE_PROPOSAL_GRID_20260810_V3_T070_A032:090:0048
retrospective_class_stratified	3	P2_WEEDSGALORE_TRUTH_FREE_PROPOSAL_GRID_20260810_V3_T070_A032:090:0065
retrospective_class_stratified	3	P2_WEEDSGALORE_TRUTH_FREE_PROPOSAL_GRID_20260810_V3_T070_A032:091:0044
retrospective_class_stratified	3	P2_WEEDSGALORE_TRUTH_FREE_PROPOSAL_GRID_20260810_V3_T070_A032:091:0060
retrospective_class_stratified	3	P2_WEEDSGALORE_TRUTH_FREE_PROPOSAL_GRID_20260810_V3_T070_A032:091:0067
retrospective_class_stratified	3	P2_WEEDSGALORE_TRUTH_FREE_PROPOSAL_GRID_20260810_V3_T070_A032:091:0084
retrospective_class_stratified	3	P2_WEEDSGALORE_TRUTH_FREE_PROPOSAL_GRID_20260810_V3_T070_A032:092:0012
retrospective_class_stratified	3	P2_WEEDSGALORE_TRUTH_FREE_PROPOSAL_GRID_20260810_V3_T070_A032:092:0039
retrospective_class_stratified	3	P2_WEEDSGALORE_TRUTH_FREE_PROPOSAL_GRID_20260810_V3_T070_A032:092:0093
retrospective_class_stratified	3	P2_WEEDSGALORE_TRUTH_FREE_PROPOSAL_GRID_20260810_V3_T070_A032:093:0027
retrospective_class_stratified	3	P2_WEEDSGALORE_TRUTH_FREE_PROPOSAL_GRID_20260810_V3_T070_A032:093:0037
retrospective_class_stratified	3	P2_WEEDSGALORE_TRUTH_FREE_PROPOSAL_GRID_20260810_V3_T070_A032:093:0041
retrospective_class_stratified	3	P2_WEEDSGALORE_TRUTH_FREE_PROPOSAL_GRID_20260810_V3_T070_A032:093:0042
retrospective_class_stratified	3	P2_WEEDSGALORE_TRUTH_FREE_PROPOSAL_GRID_20260810_V3_T070_A032:093:0051
retrospective_class_stratified	3	P2_WEEDSGALORE_TRUTH_FREE_PROPOSAL_GRID_20260810_V3_T070_A032:094:0041
retrospective_class_stratified	3	P2_WEEDSGALORE_TRUTH_FREE_PROPOSAL_GRID_20260810_V3_T070_A032:101:0030
retrospective_class_stratified	3	P2_WEEDSGALORE_TRUTH_FREE_PROPOSAL_GRID_20260810_V3_T070_A032:101:0047
retrospective_class_stratified	3	P2_WEEDSGALORE_TRUTH_FREE_PROPOSAL_GRID_20260810_V3_T070_A032:101:0072
retrospective_class_stratified	3	P2_WEEDSGALORE_TRUTH_FREE_PROPOSAL_GRID_20260810_V3_T070_A032:103:0029
retrospective_class_stratified	3	P2_WEEDSGALORE_TRUTH_FREE_PROPOSAL_GRID_20260810_V3_T070_A032:103:0038
retrospective_class_stratified	3	P2_WEEDSGALORE_TRUTH_FREE_PROPOSAL_GRID_20260810_V3_T070_A032:103:0052
retrospective_class_stratified	3	P2_WEEDSGALORE_TRUTH_FREE_PROPOSAL_GRID_20260810_V3_T070_A032:103:0062
retrospective_class_stratified	3	P2_WEEDSGALORE_TRUTH_FREE_PROPOSAL_GRID_20260810_V3_T070_A032:103:0069
retrospective_class_stratified	3	P2_WEEDSGALORE_TRUTH_FREE_PROPOSAL_GRID_20260810_V3_T070_A032:104:0019
retrospective_class_stratified	3	P2_WEEDSGALORE_TRUTH_FREE_PROPOSAL_GRID_20260810_V3_T070_A032:106:0003
retrospective_class_stratified	3	P2_WEEDSGALORE_TRUTH_FREE_PROPOSAL_GRID_20260810_V3_T070_A032:107:0012
retrospective_class_stratified	3	P2_WEEDSGALORE_TRUTH_FREE_PROPOSAL_GRID_20260810_V3_T070_A032:107:0029
retrospective_class_stratified	3	P2_WEEDSGALORE_TRUTH_FREE_PROPOSAL_GRID_20260810_V3_T070_A032:107:0053
retrospective_class_stratified	3	P2_WEEDSGALORE_TRUTH_FREE_PROPOSAL_GRID_20260810_V3_T070_A032:108:0008
retrospective_class_stratified	3	P2_WEEDSGALORE_TRUTH_FREE_PROPOSAL_GRID_20260810_V3_T070_A032:108:0019
retrospective_class_stratified	3	P2_WEEDSGALORE_TRUTH_FREE_PROPOSAL_GRID_20260810_V3_T070_A032:108:0059
retrospective_class_stratified	3	P2_WEEDSGALORE_TRUTH_FREE_PROPOSAL_GRID_20260810_V3_T070_A032:108:0065
retrospective_class_stratified	3	P2_WEEDSGALORE_TRUTH_FREE_PROPOSAL_GRID_20260810_V3_T070_A032:109:0030
retrospective_class_stratified	3	P2_WEEDSGALORE_TRUTH_FREE_PROPOSAL_GRID_20260810_V3_T070_A032:110:0002
retrospective_class_stratified	3	P2_WEEDSGALORE_TRUTH_FREE_PROPOSAL_GRID_20260810_V3_T070_A032:110:0008
retrospective_class_stratified	3	P2_WEEDSGALORE_TRUTH_FREE_PROPOSAL_GRID_20260810_V3_T070_A032:110:0029
retrospective_class_stratified	3	P2_WEEDSGALORE_TRUTH_FREE_PROPOSAL_GRID_20260810_V3_T070_A032:110:0043
retrospective_class_stratified	3	P2_WEEDSGALORE_TRUTH_FREE_PROPOSAL_GRID_20260810_V3_T070_A032:110:0052
retrospective_class_stratified	3	P2_WEEDSGALORE_TRUTH_FREE_PROPOSAL_GRID_20260810_V3_T070_A032:110:0084
retrospective_class_stratified	3	P2_WEEDSGALORE_TRUTH_FREE_PROPOSAL_GRID_20260810_V3_T070_A032:110:0093
retrospective_class_stratified	3	P2_WEEDSGALORE_TRUTH_FREE_PROPOSAL_GRID_20260810_V3_T070_A032:110:0100
retrospective_class_stratified	3	P2_WEEDSGALORE_TRUTH_FREE_PROPOSAL_GRID_20260810_V3_T070_A032:111:0011
retrospective_class_stratified	3	P2_WEEDSGALORE_TRUTH_FREE_PROPOSAL_GRID_20260810_V3_T070_A032:111:0051
retrospective_class_stratified	3	P2_WEEDSGALORE_TRUTH_FREE_PROPOSAL_GRID_20260810_V3_T070_A032:111:0057
retrospective_class_stratified	3	P2_WEEDSGALORE_TRUTH_FREE_PROPOSAL_GRID_20260810_V3_T070_A032:114:0005
retrospective_class_stratified	3	P2_WEEDSGALORE_TRUTH_FREE_PROPOSAL_GRID_20260810_V3_T070_A032:114:0009
retrospective_class_stratified	3	P2_WEEDSGALORE_TRUTH_FREE_PROPOSAL_GRID_20260810_V3_T070_A032:114:0014
retrospective_class_stratified	3	P2_WEEDSGALORE_TRUTH_FREE_PROPOSAL_GRID_20260810_V3_T070_A032:114:0040
retrospective_class_stratified	3	P2_WEEDSGALORE_TRUTH_FREE_PROPOSAL_GRID_20260810_V3_T070_A032:114:0060
retrospective_class_stratified	3	P2_WEEDSGALORE_TRUTH_FREE_PROPOSAL_GRID_20260810_V3_T070_A032:114:0061
retrospective_class_stratified	3	P2_WEEDSGALORE_TRUTH_FREE_PROPOSAL_GRID_20260810_V3_T070_A032:115:0034
retrospective_class_stratified	3	P2_WEEDSGALORE_TRUTH_FREE_PROPOSAL_GRID_20260810_V3_T070_A032:115:0047
retrospective_class_stratified	3	P2_WEEDSGALORE_TRUTH_FREE_PROPOSAL_GRID_20260810_V3_T070_A032:115:0048
retrospective_class_stratified	3	P2_WEEDSGALORE_TRUTH_FREE_PROPOSAL_GRID_20260810_V3_T070_A032:115:0063
retrospective_class_stratified	3	P2_WEEDSGALORE_TRUTH_FREE_PROPOSAL_GRID_20260810_V3_T070_A032:116:0064
retrospective_class_stratified	3	P2_WEEDSGALORE_TRUTH_FREE_PROPOSAL_GRID_20260810_V3_T070_A032:116:0078
retrospective_class_stratified	3	P2_WEEDSGALORE_TRUTH_FREE_PROPOSAL_GRID_20260810_V3_T070_A032:116:0080
retrospective_class_stratified	3	P2_WEEDSGALORE_TRUTH_FREE_PROPOSAL_GRID_20260810_V3_T070_A032:119:0030
retrospective_class_stratified	3	P2_WEEDSGALORE_TRUTH_FREE_PROPOSAL_GRID_20260810_V3_T070_A032:119:0063
retrospective_class_stratified	3	P2_WEEDSGALORE_TRUTH_FREE_PROPOSAL_GRID_20260810_V3_T070_A032:119:0083
retrospective_class_stratified	3	P2_WEEDSGALORE_TRUTH_FREE_PROPOSAL_GRID_20260810_V3_T070_A032:120:0014
retrospective_class_stratified	3	P2_WEEDSGALORE_TRUTH_FREE_PROPOSAL_GRID_20260810_V3_T070_A032:120:0016
retrospective_class_stratified	3	P2_WEEDSGALORE_TRUTH_FREE_PROPOSAL_GRID_20260810_V3_T070_A032:120:0017
retrospective_class_stratified	3	P2_WEEDSGALORE_TRUTH_FREE_PROPOSAL_GRID_20260810_V3_T070_A032:120:0046
retrospective_class_stratified	3	P2_WEEDSGALORE_TRUTH_FREE_PROPOSAL_GRID_20260810_V3_T070_A032:120:0050
retrospective_class_stratified	3	P2_WEEDSGALORE_TRUTH_FREE_PROPOSAL_GRID_20260810_V3_T070_A032:120:0053
retrospective_class_stratified	3	P2_WEEDSGALORE_TRUTH_FREE_PROPOSAL_GRID_20260810_V3_T070_A032:121:0011
retrospective_class_stratified	3	P2_WEEDSGALORE_TRUTH_FREE_PROPOSAL_GRID_20260810_V3_T070_A032:121:0039
retrospective_class_stratified	3	P2_WEEDSGALORE_TRUTH_FREE_PROPOSAL_GRID_20260810_V3_T070_A032:121:0040
retrospective_class_stratified	3	P2_WEEDSGALORE_TRUTH_FREE_PROPOSAL_GRID_20260810_V3_T070_A032:122:0014
retrospective_class_stratified	3	P2_WEEDSGALORE_TRUTH_FREE_PROPOSAL_GRID_20260810_V3_T070_A032:122:0020
retrospective_class_stratified	3	P2_WEEDSGALORE_TRUTH_FREE_PROPOSAL_GRID_20260810_V3_T070_A032:122:0032
retrospective_class_stratified	3	P2_WEEDSGALORE_TRUTH_FREE_PROPOSAL_GRID_20260810_V3_T070_A032:122:0050
retrospective_class_stratified	3	P2_WEEDSGALORE_TRUTH_FREE_PROPOSAL_GRID_20260810_V3_T070_A032:122:0051
retrospective_class_stratified	3	P2_WEEDSGALORE_TRUTH_FREE_PROPOSAL_GRID_20260810_V3_T070_A032:122:0055
retrospective_class_stratified	3	P2_WEEDSGALORE_TRUTH_FREE_PROPOSAL_GRID_20260810_V3_T070_A032:123:0014
retrospective_class_stratified	3	P2_WEEDSGALORE_TRUTH_FREE_PROPOSAL_GRID_20260810_V3_T070_A032:123:0056
retrospective_class_stratified	3	P2_WEEDSGALORE_TRUTH_FREE_PROPOSAL_GRID_20260810_V3_T070_A032:123:0080
retrospective_class_stratified	3	P2_WEEDSGALORE_TRUTH_FREE_PROPOSAL_GRID_20260810_V3_T070_A032:123:0082
retrospective_class_stratified	3	P2_WEEDSGALORE_TRUTH_FREE_PROPOSAL_GRID_20260810_V3_T070_A032:123:0086
retrospective_class_stratified	3	P2_WEEDSGALORE_TRUTH_FREE_PROPOSAL_GRID_20260810_V3_T070_A032:123:0087
retrospective_class_stratified	3	P2_WEEDSGALORE_TRUTH_FREE_PROPOSAL_GRID_20260810_V3_T070_A032:123:0091
retrospective_class_stratified	3	P2_WEEDSGALORE_TRUTH_FREE_PROPOSAL_GRID_20260810_V3_T070_A032:126:0005
retrospective_class_stratified	3	P2_WEEDSGALORE_TRUTH_FREE_PROPOSAL_GRID_20260810_V3_T070_A032:126:0023
retrospective_class_stratified	3	P2_WEEDSGALORE_TRUTH_FREE_PROPOSAL_GRID_20260810_V3_T070_A032:126:0032
retrospective_class_stratified	3	P2_WEEDSGALORE_TRUTH_FREE_PROPOSAL_GRID_20260810_V3_T070_A032:127:0019
retrospective_class_stratified	3	P2_WEEDSGALORE_TRUTH_FREE_PROPOSAL_GRID_20260810_V3_T070_A032:127:0031
retrospective_class_stratified	3	P2_WEEDSGALORE_TRUTH_FREE_PROPOSAL_GRID_20260810_V3_T070_A032:127:0046
retrospective_class_stratified	3	P2_WEEDSGALORE_TRUTH_FREE_PROPOSAL_GRID_20260810_V3_T070_A032:127:0065
retrospective_class_stratified	3	P2_WEEDSGALORE_TRUTH_FREE_PROPOSAL_GRID_20260810_V3_T070_A032:128:0068
retrospective_class_stratified	3	P2_WEEDSGALORE_TRUTH_FREE_PROPOSAL_GRID_20260810_V3_T070_A032:130:0042
retrospective_class_stratified	3	P2_WEEDSGALORE_TRUTH_FREE_PROPOSAL_GRID_20260810_V3_T070_A032:130:0049
retrospective_class_stratified	3	P2_WEEDSGALORE_TRUTH_FREE_PROPOSAL_GRID_20260810_V3_T070_A032:131:0001
retrospective_class_stratified	3	P2_WEEDSGALORE_TRUTH_FREE_PROPOSAL_GRID_20260810_V3_T070_A032:131:0022
retrospective_class_stratified	3	P2_WEEDSGALORE_TRUTH_FREE_PROPOSAL_GRID_20260810_V3_T070_A032:131:0024
retrospective_class_stratified	3	P2_WEEDSGALORE_TRUTH_FREE_PROPOSAL_GRID_20260810_V3_T070_A032:131:0044
retrospective_class_stratified	3	P2_WEEDSGALORE_TRUTH_FREE_PROPOSAL_GRID_20260810_V3_T070_A032:131:0047
retrospective_class_stratified	3	P2_WEEDSGALORE_TRUTH_FREE_PROPOSAL_GRID_20260810_V3_T070_A032:133:0033
retrospective_class_stratified	3	P2_WEEDSGALORE_TRUTH_FREE_PROPOSAL_GRID_20260810_V3_T070_A032:133:0035
retrospective_class_stratified	3	P2_WEEDSGALORE_TRUTH_FREE_PROPOSAL_GRID_20260810_V3_T070_A032:133:0046
retrospective_class_stratified	3	P2_WEEDSGALORE_TRUTH_FREE_PROPOSAL_GRID_20260810_V3_T070_A032:133:0055
retrospective_class_stratified	3	P2_WEEDSGALORE_TRUTH_FREE_PROPOSAL_GRID_20260810_V3_T070_A032:134:0027
retrospective_class_stratified	3	P2_WEEDSGALORE_TRUTH_FREE_PROPOSAL_GRID_20260810_V3_T070_A032:134:0066
retrospective_class_stratified	3	P2_WEEDSGALORE_TRUTH_FREE_PROPOSAL_GRID_20260810_V3_T070_A032:134:0090
retrospective_class_stratified	3	P2_WEEDSGALORE_TRUTH_FREE_PROPOSAL_GRID_20260810_V3_T070_A032:135:0016
retrospective_class_stratified	3	P2_WEEDSGALORE_TRUTH_FREE_PROPOSAL_GRID_20260810_V3_T070_A032:135:0035
retrospective_class_stratified	3	P2_WEEDSGALORE_TRUTH_FREE_PROPOSAL_GRID_20260810_V3_T070_A032:135:0045
retrospective_class_stratified	3	P2_WEEDSGALORE_TRUTH_FREE_PROPOSAL_GRID_20260810_V3_T070_A032:135:0046
retrospective_class_stratified	3	P2_WEEDSGALORE_TRUTH_FREE_PROPOSAL_GRID_20260810_V3_T070_A032:135:0057
retrospective_class_stratified	3	P2_WEEDSGALORE_TRUTH_FREE_PROPOSAL_GRID_20260810_V3_T070_A032:136:0042
retrospective_class_stratified	3	P2_WEEDSGALORE_TRUTH_FREE_PROPOSAL_GRID_20260810_V3_T070_A032:139:0019
retrospective_class_stratified	3	P2_WEEDSGALORE_TRUTH_FREE_PROPOSAL_GRID_20260810_V3_T070_A032:139:0023
retrospective_class_stratified	3	P2_WEEDSGALORE_TRUTH_FREE_PROPOSAL_GRID_20260810_V3_T070_A032:139:0031
retrospective_class_stratified	3	P2_WEEDSGALORE_TRUTH_FREE_PROPOSAL_GRID_20260810_V3_T070_A032:139:0057
retrospective_class_stratified	3	P2_WEEDSGALORE_TRUTH_FREE_PROPOSAL_GRID_20260810_V3_T070_A032:139:0058
retrospective_class_stratified	3	P2_WEEDSGALORE_TRUTH_FREE_PROPOSAL_GRID_20260810_V3_T070_A032:142:0014
retrospective_class_stratified	3	P2_WEEDSGALORE_TRUTH_FREE_PROPOSAL_GRID_20260810_V3_T070_A032:142:0022
retrospective_class_stratified	3	P2_WEEDSGALORE_TRUTH_FREE_PROPOSAL_GRID_20260810_V3_T070_A032:142:0030
retrospective_class_stratified	3	P2_WEEDSGALORE_TRUTH_FREE_PROPOSAL_GRID_20260810_V3_T070_A032:142:0080
retrospective_class_stratified	3	P2_WEEDSGALORE_TRUTH_FREE_PROPOSAL_GRID_20260810_V3_T070_A032:143:0003
retrospective_class_stratified	3	P2_WEEDSGALORE_TRUTH_FREE_PROPOSAL_GRID_20260810_V3_T070_A032:143:0008
retrospective_class_stratified	3	P2_WEEDSGALORE_TRUTH_FREE_PROPOSAL_GRID_20260810_V3_T070_A032:143:0046
retrospective_class_stratified	3	P2_WEEDSGALORE_TRUTH_FREE_PROPOSAL_GRID_20260810_V3_T070_A032:144:0036
retrospective_class_stratified	3	P2_WEEDSGALORE_TRUTH_FREE_PROPOSAL_GRID_20260810_V3_T070_A032:144:0057
retrospective_class_stratified	3	P2_WEEDSGALORE_TRUTH_FREE_PROPOSAL_GRID_20260810_V3_T070_A032:146:0013
retrospective_class_stratified	3	P2_WEEDSGALORE_TRUTH_FREE_PROPOSAL_GRID_20260810_V3_T070_A032:146:0023
retrospective_class_stratified	3	P2_WEEDSGALORE_TRUTH_FREE_PROPOSAL_GRID_20260810_V3_T070_A032:146:0030
retrospective_class_stratified	3	P2_WEEDSGALORE_TRUTH_FREE_PROPOSAL_GRID_20260810_V3_T070_A032:146:0033
retrospective_class_stratified	3	P2_WEEDSGALORE_TRUTH_FREE_PROPOSAL_GRID_20260810_V3_T070_A032:146:0036
retrospective_class_stratified	3	P2_WEEDSGALORE_TRUTH_FREE_PROPOSAL_GRID_20260810_V3_T070_A032:150:0027
retrospective_class_stratified	3	P2_WEEDSGALORE_TRUTH_FREE_PROPOSAL_GRID_20260810_V3_T070_A032:150:0033
retrospective_class_stratified	3	P2_WEEDSGALORE_TRUTH_FREE_PROPOSAL_GRID_20260810_V3_T070_A032:150:0040
retrospective_class_stratified	3	P2_WEEDSGALORE_TRUTH_FREE_PROPOSAL_GRID_20260810_V3_T070_A032:151:0004
retrospective_class_stratified	3	P2_WEEDSGALORE_TRUTH_FREE_PROPOSAL_GRID_20260810_V3_T070_A032:151:0050
retrospective_class_stratified	3	P2_WEEDSGALORE_TRUTH_FREE_PROPOSAL_GRID_20260810_V3_T070_A032:153:0050
retrospective_class_stratified	3	P2_WEEDSGALORE_TRUTH_FREE_PROPOSAL_GRID_20260810_V3_T070_A032:153:0063
retrospective_class_stratified	3	P2_WEEDSGALORE_TRUTH_FREE_PROPOSAL_GRID_20260810_V3_T070_A032:153:0071
retrospective_class_stratified	3	P2_WEEDSGALORE_TRUTH_FREE_PROPOSAL_GRID_20260810_V3_T070_A032:153:0097
retrospective_class_stratified	3	P2_WEEDSGALORE_TRUTH_FREE_PROPOSAL_GRID_20260810_V3_T070_A032:153:0107
retrospective_class_stratified	3	P2_WEEDSGALORE_TRUTH_FREE_PROPOSAL_GRID_20260810_V3_T070_A032:155:0025
retrospective_class_stratified	3	P2_WEEDSGALORE_TRUTH_FREE_PROPOSAL_GRID_20260810_V3_T070_A032:155:0035
retrospective_class_stratified	3	P2_WEEDSGALORE_TRUTH_FREE_PROPOSAL_GRID_20260810_V3_T070_A032:155:0039
retrospective_class_stratified	3	P2_WEEDSGALORE_TRUTH_FREE_PROPOSAL_GRID_20260810_V3_T070_A032:155:0054
retrospective_class_stratified	3	P2_WEEDSGALORE_TRUTH_FREE_PROPOSAL_GRID_20260810_V3_T070_A032:155:0055
retrospective_class_stratified	3	P2_WEEDSGALORE_TRUTH_FREE_PROPOSAL_GRID_20260810_V3_T070_A032:155:0078
retrospective_class_stratified	3	P2_WEEDSGALORE_TRUTH_FREE_PROPOSAL_GRID_20260810_V3_T070_A032:156:0018
retrospective_class_stratified	3	P2_WEEDSGALORE_TRUTH_FREE_PROPOSAL_GRID_20260810_V3_T070_A032:156:0023
retrospective_class_stratified	3	P2_WEEDSGALORE_TRUTH_FREE_PROPOSAL_GRID_20260810_V3_T070_A032:156:0034
retrospective_class_stratified	3	P2_WEEDSGALORE_TRUTH_FREE_PROPOSAL_GRID_20260810_V3_T070_A032:156:0056
prospective_uniform	4	P2_WEEDSGALORE_TRUTH_FREE_PROPOSAL_GRID_20260810_V3_T070_A032:003:0003
prospective_uniform	4	P2_WEEDSGALORE_TRUTH_FREE_PROPOSAL_GRID_20260810_V3_T070_A032:006:0006
prospective_uniform	4	P2_WEEDSGALORE_TRUTH_FREE_PROPOSAL_GRID_20260810_V3_T070_A032:006:0050
prospective_uniform	4	P2_WEEDSGALORE_TRUTH_FREE_PROPOSAL_GRID_20260810_V3_T070_A032:006:0119
prospective_uniform	4	P2_WEEDSGALORE_TRUTH_FREE_PROPOSAL_GRID_20260810_V3_T070_A032:006:0131
prospective_uniform	4	P2_WEEDSGALORE_TRUTH_FREE_PROPOSAL_GRID_20260810_V3_T070_A032:006:0147
prospective_uniform	4	P2_WEEDSGALORE_TRUTH_FREE_PROPOSAL_GRID_20260810_V3_T070_A032:006:0217
prospective_uniform	4	P2_WEEDSGALORE_TRUTH_FREE_PROPOSAL_GRID_20260810_V3_T070_A032:006:0237
prospective_uniform	4	P2_WEEDSGALORE_TRUTH_FREE_PROPOSAL_GRID_20260810_V3_T070_A032:009:0003
prospective_uniform	4	P2_WEEDSGALORE_TRUTH_FREE_PROPOSAL_GRID_20260810_V3_T070_A032:009:0087
prospective_uniform	4	P2_WEEDSGALORE_TRUTH_FREE_PROPOSAL_GRID_20260810_V3_T070_A032:010:0032
prospective_uniform	4	P2_WEEDSGALORE_TRUTH_FREE_PROPOSAL_GRID_20260810_V3_T070_A032:010:0033
prospective_uniform	4	P2_WEEDSGALORE_TRUTH_FREE_PROPOSAL_GRID_20260810_V3_T070_A032:010:0095
prospective_uniform	4	P2_WEEDSGALORE_TRUTH_FREE_PROPOSAL_GRID_20260810_V3_T070_A032:010:0119
prospective_uniform	4	P2_WEEDSGALORE_TRUTH_FREE_PROPOSAL_GRID_20260810_V3_T070_A032:010:0128
prospective_uniform	4	P2_WEEDSGALORE_TRUTH_FREE_PROPOSAL_GRID_20260810_V3_T070_A032:010:0139
prospective_uniform	4	P2_WEEDSGALORE_TRUTH_FREE_PROPOSAL_GRID_20260810_V3_T070_A032:010:0149
prospective_uniform	4	P2_WEEDSGALORE_TRUTH_FREE_PROPOSAL_GRID_20260810_V3_T070_A032:010:0154
prospective_uniform	4	P2_WEEDSGALORE_TRUTH_FREE_PROPOSAL_GRID_20260810_V3_T070_A032:010:0155
prospective_uniform	4	P2_WEEDSGALORE_TRUTH_FREE_PROPOSAL_GRID_20260810_V3_T070_A032:010:0168
prospective_uniform	4	P2_WEEDSGALORE_TRUTH_FREE_PROPOSAL_GRID_20260810_V3_T070_A032:010:0174
prospective_uniform	4	P2_WEEDSGALORE_TRUTH_FREE_PROPOSAL_GRID_20260810_V3_T070_A032:010:0205
prospective_uniform	4	P2_WEEDSGALORE_TRUTH_FREE_PROPOSAL_GRID_20260810_V3_T070_A032:010:0222
prospective_uniform	4	P2_WEEDSGALORE_TRUTH_FREE_PROPOSAL_GRID_20260810_V3_T070_A032:011:0040
prospective_uniform	4	P2_WEEDSGALORE_TRUTH_FREE_PROPOSAL_GRID_20260810_V3_T070_A032:011:0093
prospective_uniform	4	P2_WEEDSGALORE_TRUTH_FREE_PROPOSAL_GRID_20260810_V3_T070_A032:011:0147
prospective_uniform	4	P2_WEEDSGALORE_TRUTH_FREE_PROPOSAL_GRID_20260810_V3_T070_A032:012:0052
prospective_uniform	4	P2_WEEDSGALORE_TRUTH_FREE_PROPOSAL_GRID_20260810_V3_T070_A032:012:0092
prospective_uniform	4	P2_WEEDSGALORE_TRUTH_FREE_PROPOSAL_GRID_20260810_V3_T070_A032:012:0113
prospective_uniform	4	P2_WEEDSGALORE_TRUTH_FREE_PROPOSAL_GRID_20260810_V3_T070_A032:012:0120
prospective_uniform	4	P2_WEEDSGALORE_TRUTH_FREE_PROPOSAL_GRID_20260810_V3_T070_A032:012:0159
prospective_uniform	4	P2_WEEDSGALORE_TRUTH_FREE_PROPOSAL_GRID_20260810_V3_T070_A032:012:0163
prospective_uniform	4	P2_WEEDSGALORE_TRUTH_FREE_PROPOSAL_GRID_20260810_V3_T070_A032:012:0180
prospective_uniform	4	P2_WEEDSGALORE_TRUTH_FREE_PROPOSAL_GRID_20260810_V3_T070_A032:014:0029
prospective_uniform	4	P2_WEEDSGALORE_TRUTH_FREE_PROPOSAL_GRID_20260810_V3_T070_A032:015:0007
prospective_uniform	4	P2_WEEDSGALORE_TRUTH_FREE_PROPOSAL_GRID_20260810_V3_T070_A032:015:0014
prospective_uniform	4	P2_WEEDSGALORE_TRUTH_FREE_PROPOSAL_GRID_20260810_V3_T070_A032:018:0027
prospective_uniform	4	P2_WEEDSGALORE_TRUTH_FREE_PROPOSAL_GRID_20260810_V3_T070_A032:018:0098
prospective_uniform	4	P2_WEEDSGALORE_TRUTH_FREE_PROPOSAL_GRID_20260810_V3_T070_A032:018:0099
prospective_uniform	4	P2_WEEDSGALORE_TRUTH_FREE_PROPOSAL_GRID_20260810_V3_T070_A032:018:0153
prospective_uniform	4	P2_WEEDSGALORE_TRUTH_FREE_PROPOSAL_GRID_20260810_V3_T070_A032:018:0177
prospective_uniform	4	P2_WEEDSGALORE_TRUTH_FREE_PROPOSAL_GRID_20260810_V3_T070_A032:019:0018
prospective_uniform	4	P2_WEEDSGALORE_TRUTH_FREE_PROPOSAL_GRID_20260810_V3_T070_A032:020:0017
prospective_uniform	4	P2_WEEDSGALORE_TRUTH_FREE_PROPOSAL_GRID_20260810_V3_T070_A032:020:0058
prospective_uniform	4	P2_WEEDSGALORE_TRUTH_FREE_PROPOSAL_GRID_20260810_V3_T070_A032:023:0073
prospective_uniform	4	P2_WEEDSGALORE_TRUTH_FREE_PROPOSAL_GRID_20260810_V3_T070_A032:024:0033
prospective_uniform	4	P2_WEEDSGALORE_TRUTH_FREE_PROPOSAL_GRID_20260810_V3_T070_A032:025:0022
prospective_uniform	4	P2_WEEDSGALORE_TRUTH_FREE_PROPOSAL_GRID_20260810_V3_T070_A032:025:0052
prospective_uniform	4	P2_WEEDSGALORE_TRUTH_FREE_PROPOSAL_GRID_20260810_V3_T070_A032:025:0054
prospective_uniform	4	P2_WEEDSGALORE_TRUTH_FREE_PROPOSAL_GRID_20260810_V3_T070_A032:030:0030
prospective_uniform	4	P2_WEEDSGALORE_TRUTH_FREE_PROPOSAL_GRID_20260810_V3_T070_A032:030:0051
prospective_uniform	4	P2_WEEDSGALORE_TRUTH_FREE_PROPOSAL_GRID_20260810_V3_T070_A032:030:0067
prospective_uniform	4	P2_WEEDSGALORE_TRUTH_FREE_PROPOSAL_GRID_20260810_V3_T070_A032:031:0003
prospective_uniform	4	P2_WEEDSGALORE_TRUTH_FREE_PROPOSAL_GRID_20260810_V3_T070_A032:031:0006
prospective_uniform	4	P2_WEEDSGALORE_TRUTH_FREE_PROPOSAL_GRID_20260810_V3_T070_A032:031:0026
prospective_uniform	4	P2_WEEDSGALORE_TRUTH_FREE_PROPOSAL_GRID_20260810_V3_T070_A032:032:0031
prospective_uniform	4	P2_WEEDSGALORE_TRUTH_FREE_PROPOSAL_GRID_20260810_V3_T070_A032:032:0062
prospective_uniform	4	P2_WEEDSGALORE_TRUTH_FREE_PROPOSAL_GRID_20260810_V3_T070_A032:032:0064
prospective_uniform	4	P2_WEEDSGALORE_TRUTH_FREE_PROPOSAL_GRID_20260810_V3_T070_A032:034:0018
prospective_uniform	4	P2_WEEDSGALORE_TRUTH_FREE_PROPOSAL_GRID_20260810_V3_T070_A032:034:0029
prospective_uniform	4	P2_WEEDSGALORE_TRUTH_FREE_PROPOSAL_GRID_20260810_V3_T070_A032:034:0030
prospective_uniform	4	P2_WEEDSGALORE_TRUTH_FREE_PROPOSAL_GRID_20260810_V3_T070_A032:034:0044
prospective_uniform	4	P2_WEEDSGALORE_TRUTH_FREE_PROPOSAL_GRID_20260810_V3_T070_A032:034:0060
prospective_uniform	4	P2_WEEDSGALORE_TRUTH_FREE_PROPOSAL_GRID_20260810_V3_T070_A032:034:0064
prospective_uniform	4	P2_WEEDSGALORE_TRUTH_FREE_PROPOSAL_GRID_20260810_V3_T070_A032:034:0088
prospective_uniform	4	P2_WEEDSGALORE_TRUTH_FREE_PROPOSAL_GRID_20260810_V3_T070_A032:034:0147
prospective_uniform	4	P2_WEEDSGALORE_TRUTH_FREE_PROPOSAL_GRID_20260810_V3_T070_A032:035:0014
prospective_uniform	4	P2_WEEDSGALORE_TRUTH_FREE_PROPOSAL_GRID_20260810_V3_T070_A032:035:0050
prospective_uniform	4	P2_WEEDSGALORE_TRUTH_FREE_PROPOSAL_GRID_20260810_V3_T070_A032:037:0001
prospective_uniform	4	P2_WEEDSGALORE_TRUTH_FREE_PROPOSAL_GRID_20260810_V3_T070_A032:037:0011
prospective_uniform	4	P2_WEEDSGALORE_TRUTH_FREE_PROPOSAL_GRID_20260810_V3_T070_A032:037:0047
prospective_uniform	4	P2_WEEDSGALORE_TRUTH_FREE_PROPOSAL_GRID_20260810_V3_T070_A032:038:0017
prospective_uniform	4	P2_WEEDSGALORE_TRUTH_FREE_PROPOSAL_GRID_20260810_V3_T070_A032:038:0022
prospective_uniform	4	P2_WEEDSGALORE_TRUTH_FREE_PROPOSAL_GRID_20260810_V3_T070_A032:038:0034
prospective_uniform	4	P2_WEEDSGALORE_TRUTH_FREE_PROPOSAL_GRID_20260810_V3_T070_A032:039:0009
prospective_uniform	4	P2_WEEDSGALORE_TRUTH_FREE_PROPOSAL_GRID_20260810_V3_T070_A032:040:0010
prospective_uniform	4	P2_WEEDSGALORE_TRUTH_FREE_PROPOSAL_GRID_20260810_V3_T070_A032:043:0021
prospective_uniform	4	P2_WEEDSGALORE_TRUTH_FREE_PROPOSAL_GRID_20260810_V3_T070_A032:046:0008
prospective_uniform	4	P2_WEEDSGALORE_TRUTH_FREE_PROPOSAL_GRID_20260810_V3_T070_A032:046:0035
prospective_uniform	4	P2_WEEDSGALORE_TRUTH_FREE_PROPOSAL_GRID_20260810_V3_T070_A032:047:0002
prospective_uniform	4	P2_WEEDSGALORE_TRUTH_FREE_PROPOSAL_GRID_20260810_V3_T070_A032:048:0047
prospective_uniform	4	P2_WEEDSGALORE_TRUTH_FREE_PROPOSAL_GRID_20260810_V3_T070_A032:051:0024
prospective_uniform	4	P2_WEEDSGALORE_TRUTH_FREE_PROPOSAL_GRID_20260810_V3_T070_A032:052:0006
prospective_uniform	4	P2_WEEDSGALORE_TRUTH_FREE_PROPOSAL_GRID_20260810_V3_T070_A032:052:0018
prospective_uniform	4	P2_WEEDSGALORE_TRUTH_FREE_PROPOSAL_GRID_20260810_V3_T070_A032:052:0028
prospective_uniform	4	P2_WEEDSGALORE_TRUTH_FREE_PROPOSAL_GRID_20260810_V3_T070_A032:052:0040
prospective_uniform	4	P2_WEEDSGALORE_TRUTH_FREE_PROPOSAL_GRID_20260810_V3_T070_A032:052:0117
prospective_uniform	4	P2_WEEDSGALORE_TRUTH_FREE_PROPOSAL_GRID_20260810_V3_T070_A032:052:0126
prospective_uniform	4	P2_WEEDSGALORE_TRUTH_FREE_PROPOSAL_GRID_20260810_V3_T070_A032:052:0144
prospective_uniform	4	P2_WEEDSGALORE_TRUTH_FREE_PROPOSAL_GRID_20260810_V3_T070_A032:052:0230
prospective_uniform	4	P2_WEEDSGALORE_TRUTH_FREE_PROPOSAL_GRID_20260810_V3_T070_A032:053:0061
prospective_uniform	4	P2_WEEDSGALORE_TRUTH_FREE_PROPOSAL_GRID_20260810_V3_T070_A032:053:0068
prospective_uniform	4	P2_WEEDSGALORE_TRUTH_FREE_PROPOSAL_GRID_20260810_V3_T070_A032:053:0106
prospective_uniform	4	P2_WEEDSGALORE_TRUTH_FREE_PROPOSAL_GRID_20260810_V3_T070_A032:053:0112
prospective_uniform	4	P2_WEEDSGALORE_TRUTH_FREE_PROPOSAL_GRID_20260810_V3_T070_A032:053:0118
prospective_uniform	4	P2_WEEDSGALORE_TRUTH_FREE_PROPOSAL_GRID_20260810_V3_T070_A032:054:0040
prospective_uniform	4	P2_WEEDSGALORE_TRUTH_FREE_PROPOSAL_GRID_20260810_V3_T070_A032:054:0138
prospective_uniform	4	P2_WEEDSGALORE_TRUTH_FREE_PROPOSAL_GRID_20260810_V3_T070_A032:054:0174
prospective_uniform	4	P2_WEEDSGALORE_TRUTH_FREE_PROPOSAL_GRID_20260810_V3_T070_A032:054:0189
prospective_uniform	4	P2_WEEDSGALORE_TRUTH_FREE_PROPOSAL_GRID_20260810_V3_T070_A032:054:0193
prospective_uniform	4	P2_WEEDSGALORE_TRUTH_FREE_PROPOSAL_GRID_20260810_V3_T070_A032:054:0199
prospective_uniform	4	P2_WEEDSGALORE_TRUTH_FREE_PROPOSAL_GRID_20260810_V3_T070_A032:058:0073
prospective_uniform	4	P2_WEEDSGALORE_TRUTH_FREE_PROPOSAL_GRID_20260810_V3_T070_A032:058:0096
prospective_uniform	4	P2_WEEDSGALORE_TRUTH_FREE_PROPOSAL_GRID_20260810_V3_T070_A032:058:0137
prospective_uniform	4	P2_WEEDSGALORE_TRUTH_FREE_PROPOSAL_GRID_20260810_V3_T070_A032:059:0049
prospective_uniform	4	P2_WEEDSGALORE_TRUTH_FREE_PROPOSAL_GRID_20260810_V3_T070_A032:059:0052
prospective_uniform	4	P2_WEEDSGALORE_TRUTH_FREE_PROPOSAL_GRID_20260810_V3_T070_A032:059:0077
prospective_uniform	4	P2_WEEDSGALORE_TRUTH_FREE_PROPOSAL_GRID_20260810_V3_T070_A032:059:0092
prospective_uniform	4	P2_WEEDSGALORE_TRUTH_FREE_PROPOSAL_GRID_20260810_V3_T070_A032:059:0109
prospective_uniform	4	P2_WEEDSGALORE_TRUTH_FREE_PROPOSAL_GRID_20260810_V3_T070_A032:059:0120
prospective_uniform	4	P2_WEEDSGALORE_TRUTH_FREE_PROPOSAL_GRID_20260810_V3_T070_A032:059:0136
prospective_uniform	4	P2_WEEDSGALORE_TRUTH_FREE_PROPOSAL_GRID_20260810_V3_T070_A032:060:0028
prospective_uniform	4	P2_WEEDSGALORE_TRUTH_FREE_PROPOSAL_GRID_20260810_V3_T070_A032:060:0037
prospective_uniform	4	P2_WEEDSGALORE_TRUTH_FREE_PROPOSAL_GRID_20260810_V3_T070_A032:060:0070
prospective_uniform	4	P2_WEEDSGALORE_TRUTH_FREE_PROPOSAL_GRID_20260810_V3_T070_A032:060:0100
prospective_uniform	4	P2_WEEDSGALORE_TRUTH_FREE_PROPOSAL_GRID_20260810_V3_T070_A032:060:0148
prospective_uniform	4	P2_WEEDSGALORE_TRUTH_FREE_PROPOSAL_GRID_20260810_V3_T070_A032:060:0186
prospective_uniform	4	P2_WEEDSGALORE_TRUTH_FREE_PROPOSAL_GRID_20260810_V3_T070_A032:061:0050
prospective_uniform	4	P2_WEEDSGALORE_TRUTH_FREE_PROPOSAL_GRID_20260810_V3_T070_A032:061:0094
prospective_uniform	4	P2_WEEDSGALORE_TRUTH_FREE_PROPOSAL_GRID_20260810_V3_T070_A032:061:0119
prospective_uniform	4	P2_WEEDSGALORE_TRUTH_FREE_PROPOSAL_GRID_20260810_V3_T070_A032:061:0166
prospective_uniform	4	P2_WEEDSGALORE_TRUTH_FREE_PROPOSAL_GRID_20260810_V3_T070_A032:061:0172
prospective_uniform	4	P2_WEEDSGALORE_TRUTH_FREE_PROPOSAL_GRID_20260810_V3_T070_A032:062:0094
prospective_uniform	4	P2_WEEDSGALORE_TRUTH_FREE_PROPOSAL_GRID_20260810_V3_T070_A032:063:0015
prospective_uniform	4	P2_WEEDSGALORE_TRUTH_FREE_PROPOSAL_GRID_20260810_V3_T070_A032:063:0019
prospective_uniform	4	P2_WEEDSGALORE_TRUTH_FREE_PROPOSAL_GRID_20260810_V3_T070_A032:063:0051
prospective_uniform	4	P2_WEEDSGALORE_TRUTH_FREE_PROPOSAL_GRID_20260810_V3_T070_A032:064:0095
prospective_uniform	4	P2_WEEDSGALORE_TRUTH_FREE_PROPOSAL_GRID_20260810_V3_T070_A032:064:0134
prospective_uniform	4	P2_WEEDSGALORE_TRUTH_FREE_PROPOSAL_GRID_20260810_V3_T070_A032:067:0011
prospective_uniform	4	P2_WEEDSGALORE_TRUTH_FREE_PROPOSAL_GRID_20260810_V3_T070_A032:067:0012
prospective_uniform	4	P2_WEEDSGALORE_TRUTH_FREE_PROPOSAL_GRID_20260810_V3_T070_A032:067:0042
prospective_uniform	4	P2_WEEDSGALORE_TRUTH_FREE_PROPOSAL_GRID_20260810_V3_T070_A032:067:0068
prospective_uniform	4	P2_WEEDSGALORE_TRUTH_FREE_PROPOSAL_GRID_20260810_V3_T070_A032:067:0071
prospective_uniform	4	P2_WEEDSGALORE_TRUTH_FREE_PROPOSAL_GRID_20260810_V3_T070_A032:067:0085
prospective_uniform	4	P2_WEEDSGALORE_TRUTH_FREE_PROPOSAL_GRID_20260810_V3_T070_A032:067:0094
prospective_uniform	4	P2_WEEDSGALORE_TRUTH_FREE_PROPOSAL_GRID_20260810_V3_T070_A032:067:0102
prospective_uniform	4	P2_WEEDSGALORE_TRUTH_FREE_PROPOSAL_GRID_20260810_V3_T070_A032:067:0138
prospective_uniform	4	P2_WEEDSGALORE_TRUTH_FREE_PROPOSAL_GRID_20260810_V3_T070_A032:067:0183
prospective_uniform	4	P2_WEEDSGALORE_TRUTH_FREE_PROPOSAL_GRID_20260810_V3_T070_A032:070:0026
prospective_uniform	4	P2_WEEDSGALORE_TRUTH_FREE_PROPOSAL_GRID_20260810_V3_T070_A032:070:0037
prospective_uniform	4	P2_WEEDSGALORE_TRUTH_FREE_PROPOSAL_GRID_20260810_V3_T070_A032:070:0097
prospective_uniform	4	P2_WEEDSGALORE_TRUTH_FREE_PROPOSAL_GRID_20260810_V3_T070_A032:070:0103
prospective_uniform	4	P2_WEEDSGALORE_TRUTH_FREE_PROPOSAL_GRID_20260810_V3_T070_A032:070:0152
prospective_uniform	4	P2_WEEDSGALORE_TRUTH_FREE_PROPOSAL_GRID_20260810_V3_T070_A032:070:0195
prospective_uniform	4	P2_WEEDSGALORE_TRUTH_FREE_PROPOSAL_GRID_20260810_V3_T070_A032:070:0210
prospective_uniform	4	P2_WEEDSGALORE_TRUTH_FREE_PROPOSAL_GRID_20260810_V3_T070_A032:070:0215
prospective_uniform	4	P2_WEEDSGALORE_TRUTH_FREE_PROPOSAL_GRID_20260810_V3_T070_A032:071:0027
prospective_uniform	4	P2_WEEDSGALORE_TRUTH_FREE_PROPOSAL_GRID_20260810_V3_T070_A032:071:0125
prospective_uniform	4	P2_WEEDSGALORE_TRUTH_FREE_PROPOSAL_GRID_20260810_V3_T070_A032:072:0003
prospective_uniform	4	P2_WEEDSGALORE_TRUTH_FREE_PROPOSAL_GRID_20260810_V3_T070_A032:072:0008
prospective_uniform	4	P2_WEEDSGALORE_TRUTH_FREE_PROPOSAL_GRID_20260810_V3_T070_A032:072:0034
prospective_uniform	4	P2_WEEDSGALORE_TRUTH_FREE_PROPOSAL_GRID_20260810_V3_T070_A032:073:0004
prospective_uniform	4	P2_WEEDSGALORE_TRUTH_FREE_PROPOSAL_GRID_20260810_V3_T070_A032:073:0026
prospective_uniform	4	P2_WEEDSGALORE_TRUTH_FREE_PROPOSAL_GRID_20260810_V3_T070_A032:073:0028
prospective_uniform	4	P2_WEEDSGALORE_TRUTH_FREE_PROPOSAL_GRID_20260810_V3_T070_A032:073:0064
prospective_uniform	4	P2_WEEDSGALORE_TRUTH_FREE_PROPOSAL_GRID_20260810_V3_T070_A032:073:0072
prospective_uniform	4	P2_WEEDSGALORE_TRUTH_FREE_PROPOSAL_GRID_20260810_V3_T070_A032:073:0104
prospective_uniform	4	P2_WEEDSGALORE_TRUTH_FREE_PROPOSAL_GRID_20260810_V3_T070_A032:073:0108
prospective_uniform	4	P2_WEEDSGALORE_TRUTH_FREE_PROPOSAL_GRID_20260810_V3_T070_A032:074:0029
prospective_uniform	4	P2_WEEDSGALORE_TRUTH_FREE_PROPOSAL_GRID_20260810_V3_T070_A032:074:0092
prospective_uniform	4	P2_WEEDSGALORE_TRUTH_FREE_PROPOSAL_GRID_20260810_V3_T070_A032:074:0098
prospective_uniform	4	P2_WEEDSGALORE_TRUTH_FREE_PROPOSAL_GRID_20260810_V3_T070_A032:074:0106
prospective_uniform	4	P2_WEEDSGALORE_TRUTH_FREE_PROPOSAL_GRID_20260810_V3_T070_A032:074:0148
prospective_uniform	4	P2_WEEDSGALORE_TRUTH_FREE_PROPOSAL_GRID_20260810_V3_T070_A032:074:0185
prospective_uniform	4	P2_WEEDSGALORE_TRUTH_FREE_PROPOSAL_GRID_20260810_V3_T070_A032:077:0051
prospective_uniform	4	P2_WEEDSGALORE_TRUTH_FREE_PROPOSAL_GRID_20260810_V3_T070_A032:077:0080
prospective_uniform	4	P2_WEEDSGALORE_TRUTH_FREE_PROPOSAL_GRID_20260810_V3_T070_A032:077:0100
prospective_uniform	4	P2_WEEDSGALORE_TRUTH_FREE_PROPOSAL_GRID_20260810_V3_T070_A032:077:0146
prospective_uniform	4	P2_WEEDSGALORE_TRUTH_FREE_PROPOSAL_GRID_20260810_V3_T070_A032:077:0170
prospective_uniform	4	P2_WEEDSGALORE_TRUTH_FREE_PROPOSAL_GRID_20260810_V3_T070_A032:078:0039
prospective_uniform	4	P2_WEEDSGALORE_TRUTH_FREE_PROPOSAL_GRID_20260810_V3_T070_A032:078:0077
prospective_uniform	4	P2_WEEDSGALORE_TRUTH_FREE_PROPOSAL_GRID_20260810_V3_T070_A032:078:0085
prospective_uniform	4	P2_WEEDSGALORE_TRUTH_FREE_PROPOSAL_GRID_20260810_V3_T070_A032:078:0111
prospective_uniform	4	P2_WEEDSGALORE_TRUTH_FREE_PROPOSAL_GRID_20260810_V3_T070_A032:078:0158
prospective_uniform	4	P2_WEEDSGALORE_TRUTH_FREE_PROPOSAL_GRID_20260810_V3_T070_A032:078:0174
prospective_uniform	4	P2_WEEDSGALORE_TRUTH_FREE_PROPOSAL_GRID_20260810_V3_T070_A032:078:0186
prospective_uniform	4	P2_WEEDSGALORE_TRUTH_FREE_PROPOSAL_GRID_20260810_V3_T070_A032:078:0187
prospective_uniform	4	P2_WEEDSGALORE_TRUTH_FREE_PROPOSAL_GRID_20260810_V3_T070_A032:080:0003
prospective_uniform	4	P2_WEEDSGALORE_TRUTH_FREE_PROPOSAL_GRID_20260810_V3_T070_A032:080:0017
prospective_uniform	4	P2_WEEDSGALORE_TRUTH_FREE_PROPOSAL_GRID_20260810_V3_T070_A032:080:0024
prospective_uniform	4	P2_WEEDSGALORE_TRUTH_FREE_PROPOSAL_GRID_20260810_V3_T070_A032:080:0027
prospective_uniform	4	P2_WEEDSGALORE_TRUTH_FREE_PROPOSAL_GRID_20260810_V3_T070_A032:081:0023
prospective_uniform	4	P2_WEEDSGALORE_TRUTH_FREE_PROPOSAL_GRID_20260810_V3_T070_A032:083:0018
prospective_uniform	4	P2_WEEDSGALORE_TRUTH_FREE_PROPOSAL_GRID_20260810_V3_T070_A032:083:0100
prospective_uniform	4	P2_WEEDSGALORE_TRUTH_FREE_PROPOSAL_GRID_20260810_V3_T070_A032:084:0009
prospective_uniform	4	P2_WEEDSGALORE_TRUTH_FREE_PROPOSAL_GRID_20260810_V3_T070_A032:084:0028
prospective_uniform	4	P2_WEEDSGALORE_TRUTH_FREE_PROPOSAL_GRID_20260810_V3_T070_A032:085:0009
prospective_uniform	4	P2_WEEDSGALORE_TRUTH_FREE_PROPOSAL_GRID_20260810_V3_T070_A032:085:0032
prospective_uniform	4	P2_WEEDSGALORE_TRUTH_FREE_PROPOSAL_GRID_20260810_V3_T070_A032:085:0040
prospective_uniform	4	P2_WEEDSGALORE_TRUTH_FREE_PROPOSAL_GRID_20260810_V3_T070_A032:085:0044
prospective_uniform	4	P2_WEEDSGALORE_TRUTH_FREE_PROPOSAL_GRID_20260810_V3_T070_A032:085:0047
prospective_uniform	4	P2_WEEDSGALORE_TRUTH_FREE_PROPOSAL_GRID_20260810_V3_T070_A032:085:0057
prospective_uniform	4	P2_WEEDSGALORE_TRUTH_FREE_PROPOSAL_GRID_20260810_V3_T070_A032:086:0043
prospective_uniform	4	P2_WEEDSGALORE_TRUTH_FREE_PROPOSAL_GRID_20260810_V3_T070_A032:086:0062
prospective_uniform	4	P2_WEEDSGALORE_TRUTH_FREE_PROPOSAL_GRID_20260810_V3_T070_A032:089:0014
prospective_uniform	4	P2_WEEDSGALORE_TRUTH_FREE_PROPOSAL_GRID_20260810_V3_T070_A032:089:0015
prospective_uniform	4	P2_WEEDSGALORE_TRUTH_FREE_PROPOSAL_GRID_20260810_V3_T070_A032:090:0060
prospective_uniform	4	P2_WEEDSGALORE_TRUTH_FREE_PROPOSAL_GRID_20260810_V3_T070_A032:091:0021
prospective_uniform	4	P2_WEEDSGALORE_TRUTH_FREE_PROPOSAL_GRID_20260810_V3_T070_A032:091:0026
prospective_uniform	4	P2_WEEDSGALORE_TRUTH_FREE_PROPOSAL_GRID_20260810_V3_T070_A032:092:0015
prospective_uniform	4	P2_WEEDSGALORE_TRUTH_FREE_PROPOSAL_GRID_20260810_V3_T070_A032:092:0016
prospective_uniform	4	P2_WEEDSGALORE_TRUTH_FREE_PROPOSAL_GRID_20260810_V3_T070_A032:092:0026
prospective_uniform	4	P2_WEEDSGALORE_TRUTH_FREE_PROPOSAL_GRID_20260810_V3_T070_A032:093:0016
prospective_uniform	4	P2_WEEDSGALORE_TRUTH_FREE_PROPOSAL_GRID_20260810_V3_T070_A032:093:0032
prospective_uniform	4	P2_WEEDSGALORE_TRUTH_FREE_PROPOSAL_GRID_20260810_V3_T070_A032:093:0059
prospective_uniform	4	P2_WEEDSGALORE_TRUTH_FREE_PROPOSAL_GRID_20260810_V3_T070_A032:094:0001
prospective_uniform	4	P2_WEEDSGALORE_TRUTH_FREE_PROPOSAL_GRID_20260810_V3_T070_A032:094:0015
prospective_uniform	4	P2_WEEDSGALORE_TRUTH_FREE_PROPOSAL_GRID_20260810_V3_T070_A032:097:0008
prospective_uniform	4	P2_WEEDSGALORE_TRUTH_FREE_PROPOSAL_GRID_20260810_V3_T070_A032:097:0015
prospective_uniform	4	P2_WEEDSGALORE_TRUTH_FREE_PROPOSAL_GRID_20260810_V3_T070_A032:103:0026
prospective_uniform	4	P2_WEEDSGALORE_TRUTH_FREE_PROPOSAL_GRID_20260810_V3_T070_A032:103:0031
prospective_uniform	4	P2_WEEDSGALORE_TRUTH_FREE_PROPOSAL_GRID_20260810_V3_T070_A032:103:0056
prospective_uniform	4	P2_WEEDSGALORE_TRUTH_FREE_PROPOSAL_GRID_20260810_V3_T070_A032:103:0074
prospective_uniform	4	P2_WEEDSGALORE_TRUTH_FREE_PROPOSAL_GRID_20260810_V3_T070_A032:104:0041
prospective_uniform	4	P2_WEEDSGALORE_TRUTH_FREE_PROPOSAL_GRID_20260810_V3_T070_A032:106:0004
prospective_uniform	4	P2_WEEDSGALORE_TRUTH_FREE_PROPOSAL_GRID_20260810_V3_T070_A032:107:0022
prospective_uniform	4	P2_WEEDSGALORE_TRUTH_FREE_PROPOSAL_GRID_20260810_V3_T070_A032:107:0026
prospective_uniform	4	P2_WEEDSGALORE_TRUTH_FREE_PROPOSAL_GRID_20260810_V3_T070_A032:108:0016
prospective_uniform	4	P2_WEEDSGALORE_TRUTH_FREE_PROPOSAL_GRID_20260810_V3_T070_A032:109:0015
prospective_uniform	4	P2_WEEDSGALORE_TRUTH_FREE_PROPOSAL_GRID_20260810_V3_T070_A032:109:0025
prospective_uniform	4	P2_WEEDSGALORE_TRUTH_FREE_PROPOSAL_GRID_20260810_V3_T070_A032:109:0039
prospective_uniform	4	P2_WEEDSGALORE_TRUTH_FREE_PROPOSAL_GRID_20260810_V3_T070_A032:109:0041
prospective_uniform	4	P2_WEEDSGALORE_TRUTH_FREE_PROPOSAL_GRID_20260810_V3_T070_A032:110:0010
prospective_uniform	4	P2_WEEDSGALORE_TRUTH_FREE_PROPOSAL_GRID_20260810_V3_T070_A032:110:0018
prospective_uniform	4	P2_WEEDSGALORE_TRUTH_FREE_PROPOSAL_GRID_20260810_V3_T070_A032:110:0023
prospective_uniform	4	P2_WEEDSGALORE_TRUTH_FREE_PROPOSAL_GRID_20260810_V3_T070_A032:110:0027
prospective_uniform	4	P2_WEEDSGALORE_TRUTH_FREE_PROPOSAL_GRID_20260810_V3_T070_A032:110:0047
prospective_uniform	4	P2_WEEDSGALORE_TRUTH_FREE_PROPOSAL_GRID_20260810_V3_T070_A032:110:0052
prospective_uniform	4	P2_WEEDSGALORE_TRUTH_FREE_PROPOSAL_GRID_20260810_V3_T070_A032:110:0083
prospective_uniform	4	P2_WEEDSGALORE_TRUTH_FREE_PROPOSAL_GRID_20260810_V3_T070_A032:110:0100
prospective_uniform	4	P2_WEEDSGALORE_TRUTH_FREE_PROPOSAL_GRID_20260810_V3_T070_A032:111:0002
prospective_uniform	4	P2_WEEDSGALORE_TRUTH_FREE_PROPOSAL_GRID_20260810_V3_T070_A032:111:0024
prospective_uniform	4	P2_WEEDSGALORE_TRUTH_FREE_PROPOSAL_GRID_20260810_V3_T070_A032:111:0041
prospective_uniform	4	P2_WEEDSGALORE_TRUTH_FREE_PROPOSAL_GRID_20260810_V3_T070_A032:111:0060
prospective_uniform	4	P2_WEEDSGALORE_TRUTH_FREE_PROPOSAL_GRID_20260810_V3_T070_A032:114:0009
prospective_uniform	4	P2_WEEDSGALORE_TRUTH_FREE_PROPOSAL_GRID_20260810_V3_T070_A032:115:0021
prospective_uniform	4	P2_WEEDSGALORE_TRUTH_FREE_PROPOSAL_GRID_20260810_V3_T070_A032:115:0066
prospective_uniform	4	P2_WEEDSGALORE_TRUTH_FREE_PROPOSAL_GRID_20260810_V3_T070_A032:115:0070
prospective_uniform	4	P2_WEEDSGALORE_TRUTH_FREE_PROPOSAL_GRID_20260810_V3_T070_A032:116:0002
prospective_uniform	4	P2_WEEDSGALORE_TRUTH_FREE_PROPOSAL_GRID_20260810_V3_T070_A032:116:0021
prospective_uniform	4	P2_WEEDSGALORE_TRUTH_FREE_PROPOSAL_GRID_20260810_V3_T070_A032:116:0026
prospective_uniform	4	P2_WEEDSGALORE_TRUTH_FREE_PROPOSAL_GRID_20260810_V3_T070_A032:119:0052
prospective_uniform	4	P2_WEEDSGALORE_TRUTH_FREE_PROPOSAL_GRID_20260810_V3_T070_A032:119:0083
prospective_uniform	4	P2_WEEDSGALORE_TRUTH_FREE_PROPOSAL_GRID_20260810_V3_T070_A032:120:0004
prospective_uniform	4	P2_WEEDSGALORE_TRUTH_FREE_PROPOSAL_GRID_20260810_V3_T070_A032:120:0016
prospective_uniform	4	P2_WEEDSGALORE_TRUTH_FREE_PROPOSAL_GRID_20260810_V3_T070_A032:120:0019
prospective_uniform	4	P2_WEEDSGALORE_TRUTH_FREE_PROPOSAL_GRID_20260810_V3_T070_A032:121:0001
prospective_uniform	4	P2_WEEDSGALORE_TRUTH_FREE_PROPOSAL_GRID_20260810_V3_T070_A032:122:0043
prospective_uniform	4	P2_WEEDSGALORE_TRUTH_FREE_PROPOSAL_GRID_20260810_V3_T070_A032:123:0096
prospective_uniform	4	P2_WEEDSGALORE_TRUTH_FREE_PROPOSAL_GRID_20260810_V3_T070_A032:126:0002
prospective_uniform	4	P2_WEEDSGALORE_TRUTH_FREE_PROPOSAL_GRID_20260810_V3_T070_A032:127:0006
prospective_uniform	4	P2_WEEDSGALORE_TRUTH_FREE_PROPOSAL_GRID_20260810_V3_T070_A032:127:0014
prospective_uniform	4	P2_WEEDSGALORE_TRUTH_FREE_PROPOSAL_GRID_20260810_V3_T070_A032:127:0044
prospective_uniform	4	P2_WEEDSGALORE_TRUTH_FREE_PROPOSAL_GRID_20260810_V3_T070_A032:127:0064
prospective_uniform	4	P2_WEEDSGALORE_TRUTH_FREE_PROPOSAL_GRID_20260810_V3_T070_A032:127:0084
prospective_uniform	4	P2_WEEDSGALORE_TRUTH_FREE_PROPOSAL_GRID_20260810_V3_T070_A032:128:0026
prospective_uniform	4	P2_WEEDSGALORE_TRUTH_FREE_PROPOSAL_GRID_20260810_V3_T070_A032:128:0037
prospective_uniform	4	P2_WEEDSGALORE_TRUTH_FREE_PROPOSAL_GRID_20260810_V3_T070_A032:128:0051
prospective_uniform	4	P2_WEEDSGALORE_TRUTH_FREE_PROPOSAL_GRID_20260810_V3_T070_A032:128:0054
prospective_uniform	4	P2_WEEDSGALORE_TRUTH_FREE_PROPOSAL_GRID_20260810_V3_T070_A032:128:0062
prospective_uniform	4	P2_WEEDSGALORE_TRUTH_FREE_PROPOSAL_GRID_20260810_V3_T070_A032:130:0008
prospective_uniform	4	P2_WEEDSGALORE_TRUTH_FREE_PROPOSAL_GRID_20260810_V3_T070_A032:130:0028
prospective_uniform	4	P2_WEEDSGALORE_TRUTH_FREE_PROPOSAL_GRID_20260810_V3_T070_A032:130:0046
prospective_uniform	4	P2_WEEDSGALORE_TRUTH_FREE_PROPOSAL_GRID_20260810_V3_T070_A032:131:0040
prospective_uniform	4	P2_WEEDSGALORE_TRUTH_FREE_PROPOSAL_GRID_20260810_V3_T070_A032:134:0017
prospective_uniform	4	P2_WEEDSGALORE_TRUTH_FREE_PROPOSAL_GRID_20260810_V3_T070_A032:135:0011
prospective_uniform	4	P2_WEEDSGALORE_TRUTH_FREE_PROPOSAL_GRID_20260810_V3_T070_A032:135:0017
prospective_uniform	4	P2_WEEDSGALORE_TRUTH_FREE_PROPOSAL_GRID_20260810_V3_T070_A032:135:0039
prospective_uniform	4	P2_WEEDSGALORE_TRUTH_FREE_PROPOSAL_GRID_20260810_V3_T070_A032:136:0019
prospective_uniform	4	P2_WEEDSGALORE_TRUTH_FREE_PROPOSAL_GRID_20260810_V3_T070_A032:136:0026
prospective_uniform	4	P2_WEEDSGALORE_TRUTH_FREE_PROPOSAL_GRID_20260810_V3_T070_A032:136:0036
prospective_uniform	4	P2_WEEDSGALORE_TRUTH_FREE_PROPOSAL_GRID_20260810_V3_T070_A032:136:0054
prospective_uniform	4	P2_WEEDSGALORE_TRUTH_FREE_PROPOSAL_GRID_20260810_V3_T070_A032:136:0065
prospective_uniform	4	P2_WEEDSGALORE_TRUTH_FREE_PROPOSAL_GRID_20260810_V3_T070_A032:136:0066
prospective_uniform	4	P2_WEEDSGALORE_TRUTH_FREE_PROPOSAL_GRID_20260810_V3_T070_A032:139:0002
prospective_uniform	4	P2_WEEDSGALORE_TRUTH_FREE_PROPOSAL_GRID_20260810_V3_T070_A032:139:0031
prospective_uniform	4	P2_WEEDSGALORE_TRUTH_FREE_PROPOSAL_GRID_20260810_V3_T070_A032:139:0038
prospective_uniform	4	P2_WEEDSGALORE_TRUTH_FREE_PROPOSAL_GRID_20260810_V3_T070_A032:139:0064
prospective_uniform	4	P2_WEEDSGALORE_TRUTH_FREE_PROPOSAL_GRID_20260810_V3_T070_A032:139:0088
prospective_uniform	4	P2_WEEDSGALORE_TRUTH_FREE_PROPOSAL_GRID_20260810_V3_T070_A032:142:0026
prospective_uniform	4	P2_WEEDSGALORE_TRUTH_FREE_PROPOSAL_GRID_20260810_V3_T070_A032:142:0036
prospective_uniform	4	P2_WEEDSGALORE_TRUTH_FREE_PROPOSAL_GRID_20260810_V3_T070_A032:142:0038
prospective_uniform	4	P2_WEEDSGALORE_TRUTH_FREE_PROPOSAL_GRID_20260810_V3_T070_A032:142:0058
prospective_uniform	4	P2_WEEDSGALORE_TRUTH_FREE_PROPOSAL_GRID_20260810_V3_T070_A032:143:0083
prospective_uniform	4	P2_WEEDSGALORE_TRUTH_FREE_PROPOSAL_GRID_20260810_V3_T070_A032:144:0015
prospective_uniform	4	P2_WEEDSGALORE_TRUTH_FREE_PROPOSAL_GRID_20260810_V3_T070_A032:144:0044
prospective_uniform	4	P2_WEEDSGALORE_TRUTH_FREE_PROPOSAL_GRID_20260810_V3_T070_A032:144:0045
prospective_uniform	4	P2_WEEDSGALORE_TRUTH_FREE_PROPOSAL_GRID_20260810_V3_T070_A032:144:0055
prospective_uniform	4	P2_WEEDSGALORE_TRUTH_FREE_PROPOSAL_GRID_20260810_V3_T070_A032:145:0001
prospective_uniform	4	P2_WEEDSGALORE_TRUTH_FREE_PROPOSAL_GRID_20260810_V3_T070_A032:146:0018
prospective_uniform	4	P2_WEEDSGALORE_TRUTH_FREE_PROPOSAL_GRID_20260810_V3_T070_A032:146:0045
prospective_uniform	4	P2_WEEDSGALORE_TRUTH_FREE_PROPOSAL_GRID_20260810_V3_T070_A032:148:0024
prospective_uniform	4	P2_WEEDSGALORE_TRUTH_FREE_PROPOSAL_GRID_20260810_V3_T070_A032:151:0004
prospective_uniform	4	P2_WEEDSGALORE_TRUTH_FREE_PROPOSAL_GRID_20260810_V3_T070_A032:151:0022
prospective_uniform	4	P2_WEEDSGALORE_TRUTH_FREE_PROPOSAL_GRID_20260810_V3_T070_A032:153:0043
prospective_uniform	4	P2_WEEDSGALORE_TRUTH_FREE_PROPOSAL_GRID_20260810_V3_T070_A032:153:0065
prospective_uniform	4	P2_WEEDSGALORE_TRUTH_FREE_PROPOSAL_GRID_20260810_V3_T070_A032:155:0007
prospective_uniform	4	P2_WEEDSGALORE_TRUTH_FREE_PROPOSAL_GRID_20260810_V3_T070_A032:155:0099
prospective_uniform	4	P2_WEEDSGALORE_TRUTH_FREE_PROPOSAL_GRID_20260810_V3_T070_A032:156:0011
prospective_uniform	4	P2_WEEDSGALORE_TRUTH_FREE_PROPOSAL_GRID_20260810_V3_T070_A032:156:0054
prospective_dinov2_coreset	4	P2_WEEDSGALORE_TRUTH_FREE_PROPOSAL_GRID_20260810_V3_T070_A032:004:0004
prospective_dinov2_coreset	4	P2_WEEDSGALORE_TRUTH_FREE_PROPOSAL_GRID_20260810_V3_T070_A032:004:0055
prospective_dinov2_coreset	4	P2_WEEDSGALORE_TRUTH_FREE_PROPOSAL_GRID_20260810_V3_T070_A032:005:0004
prospective_dinov2_coreset	4	P2_WEEDSGALORE_TRUTH_FREE_PROPOSAL_GRID_20260810_V3_T070_A032:005:0006
prospective_dinov2_coreset	4	P2_WEEDSGALORE_TRUTH_FREE_PROPOSAL_GRID_20260810_V3_T070_A032:005:0043
prospective_dinov2_coreset	4	P2_WEEDSGALORE_TRUTH_FREE_PROPOSAL_GRID_20260810_V3_T070_A032:005:0057
prospective_dinov2_coreset	4	P2_WEEDSGALORE_TRUTH_FREE_PROPOSAL_GRID_20260810_V3_T070_A032:005:0062
prospective_dinov2_coreset	4	P2_WEEDSGALORE_TRUTH_FREE_PROPOSAL_GRID_20260810_V3_T070_A032:005:0088
prospective_dinov2_coreset	4	P2_WEEDSGALORE_TRUTH_FREE_PROPOSAL_GRID_20260810_V3_T070_A032:005:0128
prospective_dinov2_coreset	4	P2_WEEDSGALORE_TRUTH_FREE_PROPOSAL_GRID_20260810_V3_T070_A032:005:0154
prospective_dinov2_coreset	4	P2_WEEDSGALORE_TRUTH_FREE_PROPOSAL_GRID_20260810_V3_T070_A032:006:0054
prospective_dinov2_coreset	4	P2_WEEDSGALORE_TRUTH_FREE_PROPOSAL_GRID_20260810_V3_T070_A032:006:0077
prospective_dinov2_coreset	4	P2_WEEDSGALORE_TRUTH_FREE_PROPOSAL_GRID_20260810_V3_T070_A032:006:0203
prospective_dinov2_coreset	4	P2_WEEDSGALORE_TRUTH_FREE_PROPOSAL_GRID_20260810_V3_T070_A032:006:0219
prospective_dinov2_coreset	4	P2_WEEDSGALORE_TRUTH_FREE_PROPOSAL_GRID_20260810_V3_T070_A032:006:0255
prospective_dinov2_coreset	4	P2_WEEDSGALORE_TRUTH_FREE_PROPOSAL_GRID_20260810_V3_T070_A032:006:0262
prospective_dinov2_coreset	4	P2_WEEDSGALORE_TRUTH_FREE_PROPOSAL_GRID_20260810_V3_T070_A032:009:0002
prospective_dinov2_coreset	4	P2_WEEDSGALORE_TRUTH_FREE_PROPOSAL_GRID_20260810_V3_T070_A032:009:0007
prospective_dinov2_coreset	4	P2_WEEDSGALORE_TRUTH_FREE_PROPOSAL_GRID_20260810_V3_T070_A032:009:0045
prospective_dinov2_coreset	4	P2_WEEDSGALORE_TRUTH_FREE_PROPOSAL_GRID_20260810_V3_T070_A032:009:0069
prospective_dinov2_coreset	4	P2_WEEDSGALORE_TRUTH_FREE_PROPOSAL_GRID_20260810_V3_T070_A032:009:0081
prospective_dinov2_coreset	4	P2_WEEDSGALORE_TRUTH_FREE_PROPOSAL_GRID_20260810_V3_T070_A032:010:0007
prospective_dinov2_coreset	4	P2_WEEDSGALORE_TRUTH_FREE_PROPOSAL_GRID_20260810_V3_T070_A032:010:0029
prospective_dinov2_coreset	4	P2_WEEDSGALORE_TRUTH_FREE_PROPOSAL_GRID_20260810_V3_T070_A032:010:0062
prospective_dinov2_coreset	4	P2_WEEDSGALORE_TRUTH_FREE_PROPOSAL_GRID_20260810_V3_T070_A032:010:0098
prospective_dinov2_coreset	4	P2_WEEDSGALORE_TRUTH_FREE_PROPOSAL_GRID_20260810_V3_T070_A032:010:0192
prospective_dinov2_coreset	4	P2_WEEDSGALORE_TRUTH_FREE_PROPOSAL_GRID_20260810_V3_T070_A032:010:0203
prospective_dinov2_coreset	4	P2_WEEDSGALORE_TRUTH_FREE_PROPOSAL_GRID_20260810_V3_T070_A032:011:0018
prospective_dinov2_coreset	4	P2_WEEDSGALORE_TRUTH_FREE_PROPOSAL_GRID_20260810_V3_T070_A032:011:0045
prospective_dinov2_coreset	4	P2_WEEDSGALORE_TRUTH_FREE_PROPOSAL_GRID_20260810_V3_T070_A032:011:0065
prospective_dinov2_coreset	4	P2_WEEDSGALORE_TRUTH_FREE_PROPOSAL_GRID_20260810_V3_T070_A032:011:0124
prospective_dinov2_coreset	4	P2_WEEDSGALORE_TRUTH_FREE_PROPOSAL_GRID_20260810_V3_T070_A032:012:0016
prospective_dinov2_coreset	4	P2_WEEDSGALORE_TRUTH_FREE_PROPOSAL_GRID_20260810_V3_T070_A032:012:0029
prospective_dinov2_coreset	4	P2_WEEDSGALORE_TRUTH_FREE_PROPOSAL_GRID_20260810_V3_T070_A032:012:0037
prospective_dinov2_coreset	4	P2_WEEDSGALORE_TRUTH_FREE_PROPOSAL_GRID_20260810_V3_T070_A032:012:0065
prospective_dinov2_coreset	4	P2_WEEDSGALORE_TRUTH_FREE_PROPOSAL_GRID_20260810_V3_T070_A032:012:0112
prospective_dinov2_coreset	4	P2_WEEDSGALORE_TRUTH_FREE_PROPOSAL_GRID_20260810_V3_T070_A032:012:0131
prospective_dinov2_coreset	4	P2_WEEDSGALORE_TRUTH_FREE_PROPOSAL_GRID_20260810_V3_T070_A032:012:0165
prospective_dinov2_coreset	4	P2_WEEDSGALORE_TRUTH_FREE_PROPOSAL_GRID_20260810_V3_T070_A032:012:0166
prospective_dinov2_coreset	4	P2_WEEDSGALORE_TRUTH_FREE_PROPOSAL_GRID_20260810_V3_T070_A032:012:0189
prospective_dinov2_coreset	4	P2_WEEDSGALORE_TRUTH_FREE_PROPOSAL_GRID_20260810_V3_T070_A032:012:0192
prospective_dinov2_coreset	4	P2_WEEDSGALORE_TRUTH_FREE_PROPOSAL_GRID_20260810_V3_T070_A032:012:0196
prospective_dinov2_coreset	4	P2_WEEDSGALORE_TRUTH_FREE_PROPOSAL_GRID_20260810_V3_T070_A032:013:0001
prospective_dinov2_coreset	4	P2_WEEDSGALORE_TRUTH_FREE_PROPOSAL_GRID_20260810_V3_T070_A032:014:0003
prospective_dinov2_coreset	4	P2_WEEDSGALORE_TRUTH_FREE_PROPOSAL_GRID_20260810_V3_T070_A032:014:0047
prospective_dinov2_coreset	4	P2_WEEDSGALORE_TRUTH_FREE_PROPOSAL_GRID_20260810_V3_T070_A032:018:0009
prospective_dinov2_coreset	4	P2_WEEDSGALORE_TRUTH_FREE_PROPOSAL_GRID_20260810_V3_T070_A032:018:0027
prospective_dinov2_coreset	4	P2_WEEDSGALORE_TRUTH_FREE_PROPOSAL_GRID_20260810_V3_T070_A032:018:0061
prospective_dinov2_coreset	4	P2_WEEDSGALORE_TRUTH_FREE_PROPOSAL_GRID_20260810_V3_T070_A032:018:0067
prospective_dinov2_coreset	4	P2_WEEDSGALORE_TRUTH_FREE_PROPOSAL_GRID_20260810_V3_T070_A032:018:0102
prospective_dinov2_coreset	4	P2_WEEDSGALORE_TRUTH_FREE_PROPOSAL_GRID_20260810_V3_T070_A032:018:0123
prospective_dinov2_coreset	4	P2_WEEDSGALORE_TRUTH_FREE_PROPOSAL_GRID_20260810_V3_T070_A032:020:0001
prospective_dinov2_coreset	4	P2_WEEDSGALORE_TRUTH_FREE_PROPOSAL_GRID_20260810_V3_T070_A032:023:0041
prospective_dinov2_coreset	4	P2_WEEDSGALORE_TRUTH_FREE_PROPOSAL_GRID_20260810_V3_T070_A032:023:0095
prospective_dinov2_coreset	4	P2_WEEDSGALORE_TRUTH_FREE_PROPOSAL_GRID_20260810_V3_T070_A032:024:0066
prospective_dinov2_coreset	4	P2_WEEDSGALORE_TRUTH_FREE_PROPOSAL_GRID_20260810_V3_T070_A032:024:0071
prospective_dinov2_coreset	4	P2_WEEDSGALORE_TRUTH_FREE_PROPOSAL_GRID_20260810_V3_T070_A032:024:0125
prospective_dinov2_coreset	4	P2_WEEDSGALORE_TRUTH_FREE_PROPOSAL_GRID_20260810_V3_T070_A032:025:0003
prospective_dinov2_coreset	4	P2_WEEDSGALORE_TRUTH_FREE_PROPOSAL_GRID_20260810_V3_T070_A032:025:0033
prospective_dinov2_coreset	4	P2_WEEDSGALORE_TRUTH_FREE_PROPOSAL_GRID_20260810_V3_T070_A032:025:0052
prospective_dinov2_coreset	4	P2_WEEDSGALORE_TRUTH_FREE_PROPOSAL_GRID_20260810_V3_T070_A032:025:0079
prospective_dinov2_coreset	4	P2_WEEDSGALORE_TRUTH_FREE_PROPOSAL_GRID_20260810_V3_T070_A032:027:0009
prospective_dinov2_coreset	4	P2_WEEDSGALORE_TRUTH_FREE_PROPOSAL_GRID_20260810_V3_T070_A032:027:0014
prospective_dinov2_coreset	4	P2_WEEDSGALORE_TRUTH_FREE_PROPOSAL_GRID_20260810_V3_T070_A032:027:0023
prospective_dinov2_coreset	4	P2_WEEDSGALORE_TRUTH_FREE_PROPOSAL_GRID_20260810_V3_T070_A032:030:0005
prospective_dinov2_coreset	4	P2_WEEDSGALORE_TRUTH_FREE_PROPOSAL_GRID_20260810_V3_T070_A032:030:0025
prospective_dinov2_coreset	4	P2_WEEDSGALORE_TRUTH_FREE_PROPOSAL_GRID_20260810_V3_T070_A032:031:0020
prospective_dinov2_coreset	4	P2_WEEDSGALORE_TRUTH_FREE_PROPOSAL_GRID_20260810_V3_T070_A032:032:0010
prospective_dinov2_coreset	4	P2_WEEDSGALORE_TRUTH_FREE_PROPOSAL_GRID_20260810_V3_T070_A032:032:0049
prospective_dinov2_coreset	4	P2_WEEDSGALORE_TRUTH_FREE_PROPOSAL_GRID_20260810_V3_T070_A032:034:0016
prospective_dinov2_coreset	4	P2_WEEDSGALORE_TRUTH_FREE_PROPOSAL_GRID_20260810_V3_T070_A032:034:0024
prospective_dinov2_coreset	4	P2_WEEDSGALORE_TRUTH_FREE_PROPOSAL_GRID_20260810_V3_T070_A032:034:0031
prospective_dinov2_coreset	4	P2_WEEDSGALORE_TRUTH_FREE_PROPOSAL_GRID_20260810_V3_T070_A032:034:0037
prospective_dinov2_coreset	4	P2_WEEDSGALORE_TRUTH_FREE_PROPOSAL_GRID_20260810_V3_T070_A032:034:0093
prospective_dinov2_coreset	4	P2_WEEDSGALORE_TRUTH_FREE_PROPOSAL_GRID_20260810_V3_T070_A032:034:0107
prospective_dinov2_coreset	4	P2_WEEDSGALORE_TRUTH_FREE_PROPOSAL_GRID_20260810_V3_T070_A032:035:0004
prospective_dinov2_coreset	4	P2_WEEDSGALORE_TRUTH_FREE_PROPOSAL_GRID_20260810_V3_T070_A032:035:0010
prospective_dinov2_coreset	4	P2_WEEDSGALORE_TRUTH_FREE_PROPOSAL_GRID_20260810_V3_T070_A032:035:0064
prospective_dinov2_coreset	4	P2_WEEDSGALORE_TRUTH_FREE_PROPOSAL_GRID_20260810_V3_T070_A032:037:0008
prospective_dinov2_coreset	4	P2_WEEDSGALORE_TRUTH_FREE_PROPOSAL_GRID_20260810_V3_T070_A032:037:0031
prospective_dinov2_coreset	4	P2_WEEDSGALORE_TRUTH_FREE_PROPOSAL_GRID_20260810_V3_T070_A032:038:0008
prospective_dinov2_coreset	4	P2_WEEDSGALORE_TRUTH_FREE_PROPOSAL_GRID_20260810_V3_T070_A032:039:0007
prospective_dinov2_coreset	4	P2_WEEDSGALORE_TRUTH_FREE_PROPOSAL_GRID_20260810_V3_T070_A032:039:0019
prospective_dinov2_coreset	4	P2_WEEDSGALORE_TRUTH_FREE_PROPOSAL_GRID_20260810_V3_T070_A032:039:0034
prospective_dinov2_coreset	4	P2_WEEDSGALORE_TRUTH_FREE_PROPOSAL_GRID_20260810_V3_T070_A032:039:0047
prospective_dinov2_coreset	4	P2_WEEDSGALORE_TRUTH_FREE_PROPOSAL_GRID_20260810_V3_T070_A032:040:0016
prospective_dinov2_coreset	4	P2_WEEDSGALORE_TRUTH_FREE_PROPOSAL_GRID_20260810_V3_T070_A032:043:0004
prospective_dinov2_coreset	4	P2_WEEDSGALORE_TRUTH_FREE_PROPOSAL_GRID_20260810_V3_T070_A032:043:0013
prospective_dinov2_coreset	4	P2_WEEDSGALORE_TRUTH_FREE_PROPOSAL_GRID_20260810_V3_T070_A032:043:0025
prospective_dinov2_coreset	4	P2_WEEDSGALORE_TRUTH_FREE_PROPOSAL_GRID_20260810_V3_T070_A032:043:0061
prospective_dinov2_coreset	4	P2_WEEDSGALORE_TRUTH_FREE_PROPOSAL_GRID_20260810_V3_T070_A032:046:0012
prospective_dinov2_coreset	4	P2_WEEDSGALORE_TRUTH_FREE_PROPOSAL_GRID_20260810_V3_T070_A032:046:0014
prospective_dinov2_coreset	4	P2_WEEDSGALORE_TRUTH_FREE_PROPOSAL_GRID_20260810_V3_T070_A032:046:0016
prospective_dinov2_coreset	4	P2_WEEDSGALORE_TRUTH_FREE_PROPOSAL_GRID_20260810_V3_T070_A032:046:0035
prospective_dinov2_coreset	4	P2_WEEDSGALORE_TRUTH_FREE_PROPOSAL_GRID_20260810_V3_T070_A032:047:0022
prospective_dinov2_coreset	4	P2_WEEDSGALORE_TRUTH_FREE_PROPOSAL_GRID_20260810_V3_T070_A032:048:0040
prospective_dinov2_coreset	4	P2_WEEDSGALORE_TRUTH_FREE_PROPOSAL_GRID_20260810_V3_T070_A032:051:0010
prospective_dinov2_coreset	4	P2_WEEDSGALORE_TRUTH_FREE_PROPOSAL_GRID_20260810_V3_T070_A032:051:0017
prospective_dinov2_coreset	4	P2_WEEDSGALORE_TRUTH_FREE_PROPOSAL_GRID_20260810_V3_T070_A032:051:0019
prospective_dinov2_coreset	4	P2_WEEDSGALORE_TRUTH_FREE_PROPOSAL_GRID_20260810_V3_T070_A032:051:0032
prospective_dinov2_coreset	4	P2_WEEDSGALORE_TRUTH_FREE_PROPOSAL_GRID_20260810_V3_T070_A032:051:0058
prospective_dinov2_coreset	4	P2_WEEDSGALORE_TRUTH_FREE_PROPOSAL_GRID_20260810_V3_T070_A032:052:0061
prospective_dinov2_coreset	4	P2_WEEDSGALORE_TRUTH_FREE_PROPOSAL_GRID_20260810_V3_T070_A032:052:0063
prospective_dinov2_coreset	4	P2_WEEDSGALORE_TRUTH_FREE_PROPOSAL_GRID_20260810_V3_T070_A032:052:0088
prospective_dinov2_coreset	4	P2_WEEDSGALORE_TRUTH_FREE_PROPOSAL_GRID_20260810_V3_T070_A032:052:0192
prospective_dinov2_coreset	4	P2_WEEDSGALORE_TRUTH_FREE_PROPOSAL_GRID_20260810_V3_T070_A032:052:0193
prospective_dinov2_coreset	4	P2_WEEDSGALORE_TRUTH_FREE_PROPOSAL_GRID_20260810_V3_T070_A032:052:0217
prospective_dinov2_coreset	4	P2_WEEDSGALORE_TRUTH_FREE_PROPOSAL_GRID_20260810_V3_T070_A032:052:0228
prospective_dinov2_coreset	4	P2_WEEDSGALORE_TRUTH_FREE_PROPOSAL_GRID_20260810_V3_T070_A032:053:0003
prospective_dinov2_coreset	4	P2_WEEDSGALORE_TRUTH_FREE_PROPOSAL_GRID_20260810_V3_T070_A032:053:0004
prospective_dinov2_coreset	4	P2_WEEDSGALORE_TRUTH_FREE_PROPOSAL_GRID_20260810_V3_T070_A032:053:0132
prospective_dinov2_coreset	4	P2_WEEDSGALORE_TRUTH_FREE_PROPOSAL_GRID_20260810_V3_T070_A032:053:0157
prospective_dinov2_coreset	4	P2_WEEDSGALORE_TRUTH_FREE_PROPOSAL_GRID_20260810_V3_T070_A032:053:0158
prospective_dinov2_coreset	4	P2_WEEDSGALORE_TRUTH_FREE_PROPOSAL_GRID_20260810_V3_T070_A032:053:0177
prospective_dinov2_coreset	4	P2_WEEDSGALORE_TRUTH_FREE_PROPOSAL_GRID_20260810_V3_T070_A032:054:0003
prospective_dinov2_coreset	4	P2_WEEDSGALORE_TRUTH_FREE_PROPOSAL_GRID_20260810_V3_T070_A032:054:0039
prospective_dinov2_coreset	4	P2_WEEDSGALORE_TRUTH_FREE_PROPOSAL_GRID_20260810_V3_T070_A032:054:0065
prospective_dinov2_coreset	4	P2_WEEDSGALORE_TRUTH_FREE_PROPOSAL_GRID_20260810_V3_T070_A032:054:0066
prospective_dinov2_coreset	4	P2_WEEDSGALORE_TRUTH_FREE_PROPOSAL_GRID_20260810_V3_T070_A032:054:0146
prospective_dinov2_coreset	4	P2_WEEDSGALORE_TRUTH_FREE_PROPOSAL_GRID_20260810_V3_T070_A032:058:0079
prospective_dinov2_coreset	4	P2_WEEDSGALORE_TRUTH_FREE_PROPOSAL_GRID_20260810_V3_T070_A032:059:0026
prospective_dinov2_coreset	4	P2_WEEDSGALORE_TRUTH_FREE_PROPOSAL_GRID_20260810_V3_T070_A032:059:0048
prospective_dinov2_coreset	4	P2_WEEDSGALORE_TRUTH_FREE_PROPOSAL_GRID_20260810_V3_T070_A032:059:0055
prospective_dinov2_coreset	4	P2_WEEDSGALORE_TRUTH_FREE_PROPOSAL_GRID_20260810_V3_T070_A032:059:0114
prospective_dinov2_coreset	4	P2_WEEDSGALORE_TRUTH_FREE_PROPOSAL_GRID_20260810_V3_T070_A032:059:0155
prospective_dinov2_coreset	4	P2_WEEDSGALORE_TRUTH_FREE_PROPOSAL_GRID_20260810_V3_T070_A032:059:0163
prospective_dinov2_coreset	4	P2_WEEDSGALORE_TRUTH_FREE_PROPOSAL_GRID_20260810_V3_T070_A032:060:0006
prospective_dinov2_coreset	4	P2_WEEDSGALORE_TRUTH_FREE_PROPOSAL_GRID_20260810_V3_T070_A032:060:0034
prospective_dinov2_coreset	4	P2_WEEDSGALORE_TRUTH_FREE_PROPOSAL_GRID_20260810_V3_T070_A032:060:0087
prospective_dinov2_coreset	4	P2_WEEDSGALORE_TRUTH_FREE_PROPOSAL_GRID_20260810_V3_T070_A032:060:0145
prospective_dinov2_coreset	4	P2_WEEDSGALORE_TRUTH_FREE_PROPOSAL_GRID_20260810_V3_T070_A032:061:0051
prospective_dinov2_coreset	4	P2_WEEDSGALORE_TRUTH_FREE_PROPOSAL_GRID_20260810_V3_T070_A032:061:0055
prospective_dinov2_coreset	4	P2_WEEDSGALORE_TRUTH_FREE_PROPOSAL_GRID_20260810_V3_T070_A032:061:0079
prospective_dinov2_coreset	4	P2_WEEDSGALORE_TRUTH_FREE_PROPOSAL_GRID_20260810_V3_T070_A032:061:0082
prospective_dinov2_coreset	4	P2_WEEDSGALORE_TRUTH_FREE_PROPOSAL_GRID_20260810_V3_T070_A032:061:0090
prospective_dinov2_coreset	4	P2_WEEDSGALORE_TRUTH_FREE_PROPOSAL_GRID_20260810_V3_T070_A032:061:0132
prospective_dinov2_coreset	4	P2_WEEDSGALORE_TRUTH_FREE_PROPOSAL_GRID_20260810_V3_T070_A032:062:0037
prospective_dinov2_coreset	4	P2_WEEDSGALORE_TRUTH_FREE_PROPOSAL_GRID_20260810_V3_T070_A032:062:0105
prospective_dinov2_coreset	4	P2_WEEDSGALORE_TRUTH_FREE_PROPOSAL_GRID_20260810_V3_T070_A032:062:0144
prospective_dinov2_coreset	4	P2_WEEDSGALORE_TRUTH_FREE_PROPOSAL_GRID_20260810_V3_T070_A032:063:0042
prospective_dinov2_coreset	4	P2_WEEDSGALORE_TRUTH_FREE_PROPOSAL_GRID_20260810_V3_T070_A032:063:0054
prospective_dinov2_coreset	4	P2_WEEDSGALORE_TRUTH_FREE_PROPOSAL_GRID_20260810_V3_T070_A032:064:0044
prospective_dinov2_coreset	4	P2_WEEDSGALORE_TRUTH_FREE_PROPOSAL_GRID_20260810_V3_T070_A032:064:0050
prospective_dinov2_coreset	4	P2_WEEDSGALORE_TRUTH_FREE_PROPOSAL_GRID_20260810_V3_T070_A032:064:0080
prospective_dinov2_coreset	4	P2_WEEDSGALORE_TRUTH_FREE_PROPOSAL_GRID_20260810_V3_T070_A032:064:0103
prospective_dinov2_coreset	4	P2_WEEDSGALORE_TRUTH_FREE_PROPOSAL_GRID_20260810_V3_T070_A032:064:0106
prospective_dinov2_coreset	4	P2_WEEDSGALORE_TRUTH_FREE_PROPOSAL_GRID_20260810_V3_T070_A032:067:0012
prospective_dinov2_coreset	4	P2_WEEDSGALORE_TRUTH_FREE_PROPOSAL_GRID_20260810_V3_T070_A032:067:0120
prospective_dinov2_coreset	4	P2_WEEDSGALORE_TRUTH_FREE_PROPOSAL_GRID_20260810_V3_T070_A032:067:0123
prospective_dinov2_coreset	4	P2_WEEDSGALORE_TRUTH_FREE_PROPOSAL_GRID_20260810_V3_T070_A032:067:0155
prospective_dinov2_coreset	4	P2_WEEDSGALORE_TRUTH_FREE_PROPOSAL_GRID_20260810_V3_T070_A032:067:0160
prospective_dinov2_coreset	4	P2_WEEDSGALORE_TRUTH_FREE_PROPOSAL_GRID_20260810_V3_T070_A032:070:0004
prospective_dinov2_coreset	4	P2_WEEDSGALORE_TRUTH_FREE_PROPOSAL_GRID_20260810_V3_T070_A032:070:0017
prospective_dinov2_coreset	4	P2_WEEDSGALORE_TRUTH_FREE_PROPOSAL_GRID_20260810_V3_T070_A032:070:0057
prospective_dinov2_coreset	4	P2_WEEDSGALORE_TRUTH_FREE_PROPOSAL_GRID_20260810_V3_T070_A032:070:0068
prospective_dinov2_coreset	4	P2_WEEDSGALORE_TRUTH_FREE_PROPOSAL_GRID_20260810_V3_T070_A032:070:0125
prospective_dinov2_coreset	4	P2_WEEDSGALORE_TRUTH_FREE_PROPOSAL_GRID_20260810_V3_T070_A032:070:0146
prospective_dinov2_coreset	4	P2_WEEDSGALORE_TRUTH_FREE_PROPOSAL_GRID_20260810_V3_T070_A032:070:0192
prospective_dinov2_coreset	4	P2_WEEDSGALORE_TRUTH_FREE_PROPOSAL_GRID_20260810_V3_T070_A032:070:0196
prospective_dinov2_coreset	4	P2_WEEDSGALORE_TRUTH_FREE_PROPOSAL_GRID_20260810_V3_T070_A032:070:0215
prospective_dinov2_coreset	4	P2_WEEDSGALORE_TRUTH_FREE_PROPOSAL_GRID_20260810_V3_T070_A032:071:0042
prospective_dinov2_coreset	4	P2_WEEDSGALORE_TRUTH_FREE_PROPOSAL_GRID_20260810_V3_T070_A032:072:0018
prospective_dinov2_coreset	4	P2_WEEDSGALORE_TRUTH_FREE_PROPOSAL_GRID_20260810_V3_T070_A032:072:0069
prospective_dinov2_coreset	4	P2_WEEDSGALORE_TRUTH_FREE_PROPOSAL_GRID_20260810_V3_T070_A032:072:0080
prospective_dinov2_coreset	4	P2_WEEDSGALORE_TRUTH_FREE_PROPOSAL_GRID_20260810_V3_T070_A032:073:0014
prospective_dinov2_coreset	4	P2_WEEDSGALORE_TRUTH_FREE_PROPOSAL_GRID_20260810_V3_T070_A032:073:0021
prospective_dinov2_coreset	4	P2_WEEDSGALORE_TRUTH_FREE_PROPOSAL_GRID_20260810_V3_T070_A032:073:0069
prospective_dinov2_coreset	4	P2_WEEDSGALORE_TRUTH_FREE_PROPOSAL_GRID_20260810_V3_T070_A032:073:0074
prospective_dinov2_coreset	4	P2_WEEDSGALORE_TRUTH_FREE_PROPOSAL_GRID_20260810_V3_T070_A032:073:0103
prospective_dinov2_coreset	4	P2_WEEDSGALORE_TRUTH_FREE_PROPOSAL_GRID_20260810_V3_T070_A032:073:0108
prospective_dinov2_coreset	4	P2_WEEDSGALORE_TRUTH_FREE_PROPOSAL_GRID_20260810_V3_T070_A032:073:0124
prospective_dinov2_coreset	4	P2_WEEDSGALORE_TRUTH_FREE_PROPOSAL_GRID_20260810_V3_T070_A032:074:0069
prospective_dinov2_coreset	4	P2_WEEDSGALORE_TRUTH_FREE_PROPOSAL_GRID_20260810_V3_T070_A032:074:0080
prospective_dinov2_coreset	4	P2_WEEDSGALORE_TRUTH_FREE_PROPOSAL_GRID_20260810_V3_T070_A032:074:0116
prospective_dinov2_coreset	4	P2_WEEDSGALORE_TRUTH_FREE_PROPOSAL_GRID_20260810_V3_T070_A032:074:0124
prospective_dinov2_coreset	4	P2_WEEDSGALORE_TRUTH_FREE_PROPOSAL_GRID_20260810_V3_T070_A032:077:0009
prospective_dinov2_coreset	4	P2_WEEDSGALORE_TRUTH_FREE_PROPOSAL_GRID_20260810_V3_T070_A032:077:0020
prospective_dinov2_coreset	4	P2_WEEDSGALORE_TRUTH_FREE_PROPOSAL_GRID_20260810_V3_T070_A032:077:0041
prospective_dinov2_coreset	4	P2_WEEDSGALORE_TRUTH_FREE_PROPOSAL_GRID_20260810_V3_T070_A032:077:0042
prospective_dinov2_coreset	4	P2_WEEDSGALORE_TRUTH_FREE_PROPOSAL_GRID_20260810_V3_T070_A032:077:0044
prospective_dinov2_coreset	4	P2_WEEDSGALORE_TRUTH_FREE_PROPOSAL_GRID_20260810_V3_T070_A032:077:0072
prospective_dinov2_coreset	4	P2_WEEDSGALORE_TRUTH_FREE_PROPOSAL_GRID_20260810_V3_T070_A032:077:0124
prospective_dinov2_coreset	4	P2_WEEDSGALORE_TRUTH_FREE_PROPOSAL_GRID_20260810_V3_T070_A032:078:0024
prospective_dinov2_coreset	4	P2_WEEDSGALORE_TRUTH_FREE_PROPOSAL_GRID_20260810_V3_T070_A032:078:0041
prospective_dinov2_coreset	4	P2_WEEDSGALORE_TRUTH_FREE_PROPOSAL_GRID_20260810_V3_T070_A032:078:0082
prospective_dinov2_coreset	4	P2_WEEDSGALORE_TRUTH_FREE_PROPOSAL_GRID_20260810_V3_T070_A032:078:0087
prospective_dinov2_coreset	4	P2_WEEDSGALORE_TRUTH_FREE_PROPOSAL_GRID_20260810_V3_T070_A032:078:0098
prospective_dinov2_coreset	4	P2_WEEDSGALORE_TRUTH_FREE_PROPOSAL_GRID_20260810_V3_T070_A032:080:0027
prospective_dinov2_coreset	4	P2_WEEDSGALORE_TRUTH_FREE_PROPOSAL_GRID_20260810_V3_T070_A032:080:0066
prospective_dinov2_coreset	4	P2_WEEDSGALORE_TRUTH_FREE_PROPOSAL_GRID_20260810_V3_T070_A032:081:0030
prospective_dinov2_coreset	4	P2_WEEDSGALORE_TRUTH_FREE_PROPOSAL_GRID_20260810_V3_T070_A032:083:0035
prospective_dinov2_coreset	4	P2_WEEDSGALORE_TRUTH_FREE_PROPOSAL_GRID_20260810_V3_T070_A032:083:0049
prospective_dinov2_coreset	4	P2_WEEDSGALORE_TRUTH_FREE_PROPOSAL_GRID_20260810_V3_T070_A032:084:0016
prospective_dinov2_coreset	4	P2_WEEDSGALORE_TRUTH_FREE_PROPOSAL_GRID_20260810_V3_T070_A032:084:0034
prospective_dinov2_coreset	4	P2_WEEDSGALORE_TRUTH_FREE_PROPOSAL_GRID_20260810_V3_T070_A032:084:0041
prospective_dinov2_coreset	4	P2_WEEDSGALORE_TRUTH_FREE_PROPOSAL_GRID_20260810_V3_T070_A032:084:0047
prospective_dinov2_coreset	4	P2_WEEDSGALORE_TRUTH_FREE_PROPOSAL_GRID_20260810_V3_T070_A032:085:0015
prospective_dinov2_coreset	4	P2_WEEDSGALORE_TRUTH_FREE_PROPOSAL_GRID_20260810_V3_T070_A032:085:0034
prospective_dinov2_coreset	4	P2_WEEDSGALORE_TRUTH_FREE_PROPOSAL_GRID_20260810_V3_T070_A032:086:0051
prospective_dinov2_coreset	4	P2_WEEDSGALORE_TRUTH_FREE_PROPOSAL_GRID_20260810_V3_T070_A032:086:0053
prospective_dinov2_coreset	4	P2_WEEDSGALORE_TRUTH_FREE_PROPOSAL_GRID_20260810_V3_T070_A032:089:0022
prospective_dinov2_coreset	4	P2_WEEDSGALORE_TRUTH_FREE_PROPOSAL_GRID_20260810_V3_T070_A032:090:0018
prospective_dinov2_coreset	4	P2_WEEDSGALORE_TRUTH_FREE_PROPOSAL_GRID_20260810_V3_T070_A032:090:0022
prospective_dinov2_coreset	4	P2_WEEDSGALORE_TRUTH_FREE_PROPOSAL_GRID_20260810_V3_T070_A032:091:0003
prospective_dinov2_coreset	4	P2_WEEDSGALORE_TRUTH_FREE_PROPOSAL_GRID_20260810_V3_T070_A032:091:0035
prospective_dinov2_coreset	4	P2_WEEDSGALORE_TRUTH_FREE_PROPOSAL_GRID_20260810_V3_T070_A032:091:0044
prospective_dinov2_coreset	4	P2_WEEDSGALORE_TRUTH_FREE_PROPOSAL_GRID_20260810_V3_T070_A032:092:0011
prospective_dinov2_coreset	4	P2_WEEDSGALORE_TRUTH_FREE_PROPOSAL_GRID_20260810_V3_T070_A032:092:0048
prospective_dinov2_coreset	4	P2_WEEDSGALORE_TRUTH_FREE_PROPOSAL_GRID_20260810_V3_T070_A032:093:0045
prospective_dinov2_coreset	4	P2_WEEDSGALORE_TRUTH_FREE_PROPOSAL_GRID_20260810_V3_T070_A032:094:0029
prospective_dinov2_coreset	4	P2_WEEDSGALORE_TRUTH_FREE_PROPOSAL_GRID_20260810_V3_T070_A032:094:0034
prospective_dinov2_coreset	4	P2_WEEDSGALORE_TRUTH_FREE_PROPOSAL_GRID_20260810_V3_T070_A032:094:0046
prospective_dinov2_coreset	4	P2_WEEDSGALORE_TRUTH_FREE_PROPOSAL_GRID_20260810_V3_T070_A032:094:0056
prospective_dinov2_coreset	4	P2_WEEDSGALORE_TRUTH_FREE_PROPOSAL_GRID_20260810_V3_T070_A032:101:0043
prospective_dinov2_coreset	4	P2_WEEDSGALORE_TRUTH_FREE_PROPOSAL_GRID_20260810_V3_T070_A032:101:0052
prospective_dinov2_coreset	4	P2_WEEDSGALORE_TRUTH_FREE_PROPOSAL_GRID_20260810_V3_T070_A032:101:0092
prospective_dinov2_coreset	4	P2_WEEDSGALORE_TRUTH_FREE_PROPOSAL_GRID_20260810_V3_T070_A032:103:0050
prospective_dinov2_coreset	4	P2_WEEDSGALORE_TRUTH_FREE_PROPOSAL_GRID_20260810_V3_T070_A032:103:0063
prospective_dinov2_coreset	4	P2_WEEDSGALORE_TRUTH_FREE_PROPOSAL_GRID_20260810_V3_T070_A032:104:0012
prospective_dinov2_coreset	4	P2_WEEDSGALORE_TRUTH_FREE_PROPOSAL_GRID_20260810_V3_T070_A032:108:0054
prospective_dinov2_coreset	4	P2_WEEDSGALORE_TRUTH_FREE_PROPOSAL_GRID_20260810_V3_T070_A032:108:0086
prospective_dinov2_coreset	4	P2_WEEDSGALORE_TRUTH_FREE_PROPOSAL_GRID_20260810_V3_T070_A032:109:0003
prospective_dinov2_coreset	4	P2_WEEDSGALORE_TRUTH_FREE_PROPOSAL_GRID_20260810_V3_T070_A032:109:0009
prospective_dinov2_coreset	4	P2_WEEDSGALORE_TRUTH_FREE_PROPOSAL_GRID_20260810_V3_T070_A032:110:0024
prospective_dinov2_coreset	4	P2_WEEDSGALORE_TRUTH_FREE_PROPOSAL_GRID_20260810_V3_T070_A032:110:0032
prospective_dinov2_coreset	4	P2_WEEDSGALORE_TRUTH_FREE_PROPOSAL_GRID_20260810_V3_T070_A032:110:0044
prospective_dinov2_coreset	4	P2_WEEDSGALORE_TRUTH_FREE_PROPOSAL_GRID_20260810_V3_T070_A032:110:0064
prospective_dinov2_coreset	4	P2_WEEDSGALORE_TRUTH_FREE_PROPOSAL_GRID_20260810_V3_T070_A032:110:0068
prospective_dinov2_coreset	4	P2_WEEDSGALORE_TRUTH_FREE_PROPOSAL_GRID_20260810_V3_T070_A032:111:0052
prospective_dinov2_coreset	4	P2_WEEDSGALORE_TRUTH_FREE_PROPOSAL_GRID_20260810_V3_T070_A032:114:0016
prospective_dinov2_coreset	4	P2_WEEDSGALORE_TRUTH_FREE_PROPOSAL_GRID_20260810_V3_T070_A032:114:0025
prospective_dinov2_coreset	4	P2_WEEDSGALORE_TRUTH_FREE_PROPOSAL_GRID_20260810_V3_T070_A032:114:0057
prospective_dinov2_coreset	4	P2_WEEDSGALORE_TRUTH_FREE_PROPOSAL_GRID_20260810_V3_T070_A032:115:0047
prospective_dinov2_coreset	4	P2_WEEDSGALORE_TRUTH_FREE_PROPOSAL_GRID_20260810_V3_T070_A032:116:0011
prospective_dinov2_coreset	4	P2_WEEDSGALORE_TRUTH_FREE_PROPOSAL_GRID_20260810_V3_T070_A032:116:0031
prospective_dinov2_coreset	4	P2_WEEDSGALORE_TRUTH_FREE_PROPOSAL_GRID_20260810_V3_T070_A032:116:0050
prospective_dinov2_coreset	4	P2_WEEDSGALORE_TRUTH_FREE_PROPOSAL_GRID_20260810_V3_T070_A032:116:0058
prospective_dinov2_coreset	4	P2_WEEDSGALORE_TRUTH_FREE_PROPOSAL_GRID_20260810_V3_T070_A032:119:0035
prospective_dinov2_coreset	4	P2_WEEDSGALORE_TRUTH_FREE_PROPOSAL_GRID_20260810_V3_T070_A032:119:0053
prospective_dinov2_coreset	4	P2_WEEDSGALORE_TRUTH_FREE_PROPOSAL_GRID_20260810_V3_T070_A032:119:0060
prospective_dinov2_coreset	4	P2_WEEDSGALORE_TRUTH_FREE_PROPOSAL_GRID_20260810_V3_T070_A032:120:0020
prospective_dinov2_coreset	4	P2_WEEDSGALORE_TRUTH_FREE_PROPOSAL_GRID_20260810_V3_T070_A032:120:0024
prospective_dinov2_coreset	4	P2_WEEDSGALORE_TRUTH_FREE_PROPOSAL_GRID_20260810_V3_T070_A032:120:0033
prospective_dinov2_coreset	4	P2_WEEDSGALORE_TRUTH_FREE_PROPOSAL_GRID_20260810_V3_T070_A032:122:0029
prospective_dinov2_coreset	4	P2_WEEDSGALORE_TRUTH_FREE_PROPOSAL_GRID_20260810_V3_T070_A032:122:0032
prospective_dinov2_coreset	4	P2_WEEDSGALORE_TRUTH_FREE_PROPOSAL_GRID_20260810_V3_T070_A032:123:0041
prospective_dinov2_coreset	4	P2_WEEDSGALORE_TRUTH_FREE_PROPOSAL_GRID_20260810_V3_T070_A032:123:0086
prospective_dinov2_coreset	4	P2_WEEDSGALORE_TRUTH_FREE_PROPOSAL_GRID_20260810_V3_T070_A032:127:0057
prospective_dinov2_coreset	4	P2_WEEDSGALORE_TRUTH_FREE_PROPOSAL_GRID_20260810_V3_T070_A032:130:0024
prospective_dinov2_coreset	4	P2_WEEDSGALORE_TRUTH_FREE_PROPOSAL_GRID_20260810_V3_T070_A032:130:0035
prospective_dinov2_coreset	4	P2_WEEDSGALORE_TRUTH_FREE_PROPOSAL_GRID_20260810_V3_T070_A032:130:0053
prospective_dinov2_coreset	4	P2_WEEDSGALORE_TRUTH_FREE_PROPOSAL_GRID_20260810_V3_T070_A032:131:0007
prospective_dinov2_coreset	4	P2_WEEDSGALORE_TRUTH_FREE_PROPOSAL_GRID_20260810_V3_T070_A032:133:0028
prospective_dinov2_coreset	4	P2_WEEDSGALORE_TRUTH_FREE_PROPOSAL_GRID_20260810_V3_T070_A032:133:0037
prospective_dinov2_coreset	4	P2_WEEDSGALORE_TRUTH_FREE_PROPOSAL_GRID_20260810_V3_T070_A032:134:0003
prospective_dinov2_coreset	4	P2_WEEDSGALORE_TRUTH_FREE_PROPOSAL_GRID_20260810_V3_T070_A032:134:0046
prospective_dinov2_coreset	4	P2_WEEDSGALORE_TRUTH_FREE_PROPOSAL_GRID_20260810_V3_T070_A032:134:0051
prospective_dinov2_coreset	4	P2_WEEDSGALORE_TRUTH_FREE_PROPOSAL_GRID_20260810_V3_T070_A032:134:0075
prospective_dinov2_coreset	4	P2_WEEDSGALORE_TRUTH_FREE_PROPOSAL_GRID_20260810_V3_T070_A032:134:0084
prospective_dinov2_coreset	4	P2_WEEDSGALORE_TRUTH_FREE_PROPOSAL_GRID_20260810_V3_T070_A032:134:0088
prospective_dinov2_coreset	4	P2_WEEDSGALORE_TRUTH_FREE_PROPOSAL_GRID_20260810_V3_T070_A032:135:0022
prospective_dinov2_coreset	4	P2_WEEDSGALORE_TRUTH_FREE_PROPOSAL_GRID_20260810_V3_T070_A032:135:0026
prospective_dinov2_coreset	4	P2_WEEDSGALORE_TRUTH_FREE_PROPOSAL_GRID_20260810_V3_T070_A032:135:0055
prospective_dinov2_coreset	4	P2_WEEDSGALORE_TRUTH_FREE_PROPOSAL_GRID_20260810_V3_T070_A032:136:0006
prospective_dinov2_coreset	4	P2_WEEDSGALORE_TRUTH_FREE_PROPOSAL_GRID_20260810_V3_T070_A032:136:0021
prospective_dinov2_coreset	4	P2_WEEDSGALORE_TRUTH_FREE_PROPOSAL_GRID_20260810_V3_T070_A032:136:0036
prospective_dinov2_coreset	4	P2_WEEDSGALORE_TRUTH_FREE_PROPOSAL_GRID_20260810_V3_T070_A032:136:0052
prospective_dinov2_coreset	4	P2_WEEDSGALORE_TRUTH_FREE_PROPOSAL_GRID_20260810_V3_T070_A032:136:0065
prospective_dinov2_coreset	4	P2_WEEDSGALORE_TRUTH_FREE_PROPOSAL_GRID_20260810_V3_T070_A032:136:0068
prospective_dinov2_coreset	4	P2_WEEDSGALORE_TRUTH_FREE_PROPOSAL_GRID_20260810_V3_T070_A032:139:0082
prospective_dinov2_coreset	4	P2_WEEDSGALORE_TRUTH_FREE_PROPOSAL_GRID_20260810_V3_T070_A032:142:0005
prospective_dinov2_coreset	4	P2_WEEDSGALORE_TRUTH_FREE_PROPOSAL_GRID_20260810_V3_T070_A032:142:0008
prospective_dinov2_coreset	4	P2_WEEDSGALORE_TRUTH_FREE_PROPOSAL_GRID_20260810_V3_T070_A032:142:0030
prospective_dinov2_coreset	4	P2_WEEDSGALORE_TRUTH_FREE_PROPOSAL_GRID_20260810_V3_T070_A032:142:0044
prospective_dinov2_coreset	4	P2_WEEDSGALORE_TRUTH_FREE_PROPOSAL_GRID_20260810_V3_T070_A032:142:0051
prospective_dinov2_coreset	4	P2_WEEDSGALORE_TRUTH_FREE_PROPOSAL_GRID_20260810_V3_T070_A032:142:0058
prospective_dinov2_coreset	4	P2_WEEDSGALORE_TRUTH_FREE_PROPOSAL_GRID_20260810_V3_T070_A032:142:0085
prospective_dinov2_coreset	4	P2_WEEDSGALORE_TRUTH_FREE_PROPOSAL_GRID_20260810_V3_T070_A032:143:0003
prospective_dinov2_coreset	4	P2_WEEDSGALORE_TRUTH_FREE_PROPOSAL_GRID_20260810_V3_T070_A032:143:0012
prospective_dinov2_coreset	4	P2_WEEDSGALORE_TRUTH_FREE_PROPOSAL_GRID_20260810_V3_T070_A032:143:0036
prospective_dinov2_coreset	4	P2_WEEDSGALORE_TRUTH_FREE_PROPOSAL_GRID_20260810_V3_T070_A032:143:0041
prospective_dinov2_coreset	4	P2_WEEDSGALORE_TRUTH_FREE_PROPOSAL_GRID_20260810_V3_T070_A032:143:0073
prospective_dinov2_coreset	4	P2_WEEDSGALORE_TRUTH_FREE_PROPOSAL_GRID_20260810_V3_T070_A032:143:0082
prospective_dinov2_coreset	4	P2_WEEDSGALORE_TRUTH_FREE_PROPOSAL_GRID_20260810_V3_T070_A032:144:0023
prospective_dinov2_coreset	4	P2_WEEDSGALORE_TRUTH_FREE_PROPOSAL_GRID_20260810_V3_T070_A032:144:0037
prospective_dinov2_coreset	4	P2_WEEDSGALORE_TRUTH_FREE_PROPOSAL_GRID_20260810_V3_T070_A032:144:0048
prospective_dinov2_coreset	4	P2_WEEDSGALORE_TRUTH_FREE_PROPOSAL_GRID_20260810_V3_T070_A032:144:0070
prospective_dinov2_coreset	4	P2_WEEDSGALORE_TRUTH_FREE_PROPOSAL_GRID_20260810_V3_T070_A032:146:0017
prospective_dinov2_coreset	4	P2_WEEDSGALORE_TRUTH_FREE_PROPOSAL_GRID_20260810_V3_T070_A032:148:0022
prospective_dinov2_coreset	4	P2_WEEDSGALORE_TRUTH_FREE_PROPOSAL_GRID_20260810_V3_T070_A032:150:0035
prospective_dinov2_coreset	4	P2_WEEDSGALORE_TRUTH_FREE_PROPOSAL_GRID_20260810_V3_T070_A032:151:0023
prospective_dinov2_coreset	4	P2_WEEDSGALORE_TRUTH_FREE_PROPOSAL_GRID_20260810_V3_T070_A032:153:0085
prospective_dinov2_coreset	4	P2_WEEDSGALORE_TRUTH_FREE_PROPOSAL_GRID_20260810_V3_T070_A032:155:0012
prospective_dinov2_coreset	4	P2_WEEDSGALORE_TRUTH_FREE_PROPOSAL_GRID_20260810_V3_T070_A032:155:0062
prospective_dinov2_coreset	4	P2_WEEDSGALORE_TRUTH_FREE_PROPOSAL_GRID_20260810_V3_T070_A032:155:0084
prospective_dinov2_coreset	4	P2_WEEDSGALORE_TRUTH_FREE_PROPOSAL_GRID_20260810_V3_T070_A032:155:0088
prospective_dinov2_coreset	4	P2_WEEDSGALORE_TRUTH_FREE_PROPOSAL_GRID_20260810_V3_T070_A032:155:0089
prospective_dinov2_coreset	4	P2_WEEDSGALORE_TRUTH_FREE_PROPOSAL_GRID_20260810_V3_T070_A032:156:0024
prospective_dinov2_coreset	4	P2_WEEDSGALORE_TRUTH_FREE_PROPOSAL_GRID_20260810_V3_T070_A032:156:0049
prospective_dinov2_coreset	4	P2_WEEDSGALORE_TRUTH_FREE_PROPOSAL_GRID_20260810_V3_T070_A032:156:0055
retrospective_class_stratified	4	P2_WEEDSGALORE_TRUTH_FREE_PROPOSAL_GRID_20260810_V3_T070_A032:003:0015
retrospective_class_stratified	4	P2_WEEDSGALORE_TRUTH_FREE_PROPOSAL_GRID_20260810_V3_T070_A032:004:0014
retrospective_class_stratified	4	P2_WEEDSGALORE_TRUTH_FREE_PROPOSAL_GRID_20260810_V3_T070_A032:005:0025
retrospective_class_stratified	4	P2_WEEDSGALORE_TRUTH_FREE_PROPOSAL_GRID_20260810_V3_T070_A032:005:0034
retrospective_class_stratified	4	P2_WEEDSGALORE_TRUTH_FREE_PROPOSAL_GRID_20260810_V3_T070_A032:005:0082
retrospective_class_stratified	4	P2_WEEDSGALORE_TRUTH_FREE_PROPOSAL_GRID_20260810_V3_T070_A032:006:0003
retrospective_class_stratified	4	P2_WEEDSGALORE_TRUTH_FREE_PROPOSAL_GRID_20260810_V3_T070_A032:006:0048
retrospective_class_stratified	4	P2_WEEDSGALORE_TRUTH_FREE_PROPOSAL_GRID_20260810_V3_T070_A032:006:0061
retrospective_class_stratified	4	P2_WEEDSGALORE_TRUTH_FREE_PROPOSAL_GRID_20260810_V3_T070_A032:006:0132
retrospective_class_stratified	4	P2_WEEDSGALORE_TRUTH_FREE_PROPOSAL_GRID_20260810_V3_T070_A032:006:0194
retrospective_class_stratified	4	P2_WEEDSGALORE_TRUTH_FREE_PROPOSAL_GRID_20260810_V3_T070_A032:006:0210
retrospective_class_stratified	4	P2_WEEDSGALORE_TRUTH_FREE_PROPOSAL_GRID_20260810_V3_T070_A032:006:0230
retrospective_class_stratified	4	P2_WEEDSGALORE_TRUTH_FREE_PROPOSAL_GRID_20260810_V3_T070_A032:006:0252
retrospective_class_stratified	4	P2_WEEDSGALORE_TRUTH_FREE_PROPOSAL_GRID_20260810_V3_T070_A032:006:0263
retrospective_class_stratified	4	P2_WEEDSGALORE_TRUTH_FREE_PROPOSAL_GRID_20260810_V3_T070_A032:009:0012
retrospective_class_stratified	4	P2_WEEDSGALORE_TRUTH_FREE_PROPOSAL_GRID_20260810_V3_T070_A032:010:0094
retrospective_class_stratified	4	P2_WEEDSGALORE_TRUTH_FREE_PROPOSAL_GRID_20260810_V3_T070_A032:010:0132
retrospective_class_stratified	4	P2_WEEDSGALORE_TRUTH_FREE_PROPOSAL_GRID_20260810_V3_T070_A032:010:0148
retrospective_class_stratified	4	P2_WEEDSGALORE_TRUTH_FREE_PROPOSAL_GRID_20260810_V3_T070_A032:011:0004
retrospective_class_stratified	4	P2_WEEDSGALORE_TRUTH_FREE_PROPOSAL_GRID_20260810_V3_T070_A032:011:0078
retrospective_class_stratified	4	P2_WEEDSGALORE_TRUTH_FREE_PROPOSAL_GRID_20260810_V3_T070_A032:011:0135
retrospective_class_stratified	4	P2_WEEDSGALORE_TRUTH_FREE_PROPOSAL_GRID_20260810_V3_T070_A032:012:0031
retrospective_class_stratified	4	P2_WEEDSGALORE_TRUTH_FREE_PROPOSAL_GRID_20260810_V3_T070_A032:012:0091
retrospective_class_stratified	4	P2_WEEDSGALORE_TRUTH_FREE_PROPOSAL_GRID_20260810_V3_T070_A032:012:0136
retrospective_class_stratified	4	P2_WEEDSGALORE_TRUTH_FREE_PROPOSAL_GRID_20260810_V3_T070_A032:012:0172
retrospective_class_stratified	4	P2_WEEDSGALORE_TRUTH_FREE_PROPOSAL_GRID_20260810_V3_T070_A032:013:0027
retrospective_class_stratified	4	P2_WEEDSGALORE_TRUTH_FREE_PROPOSAL_GRID_20260810_V3_T070_A032:014:0002
retrospective_class_stratified	4	P2_WEEDSGALORE_TRUTH_FREE_PROPOSAL_GRID_20260810_V3_T070_A032:014:0031
retrospective_class_stratified	4	P2_WEEDSGALORE_TRUTH_FREE_PROPOSAL_GRID_20260810_V3_T070_A032:015:0004
retrospective_class_stratified	4	P2_WEEDSGALORE_TRUTH_FREE_PROPOSAL_GRID_20260810_V3_T070_A032:018:0099
retrospective_class_stratified	4	P2_WEEDSGALORE_TRUTH_FREE_PROPOSAL_GRID_20260810_V3_T070_A032:019:0031
retrospective_class_stratified	4	P2_WEEDSGALORE_TRUTH_FREE_PROPOSAL_GRID_20260810_V3_T070_A032:020:0065
retrospective_class_stratified	4	P2_WEEDSGALORE_TRUTH_FREE_PROPOSAL_GRID_20260810_V3_T070_A032:020:0067
retrospective_class_stratified	4	P2_WEEDSGALORE_TRUTH_FREE_PROPOSAL_GRID_20260810_V3_T070_A032:024:0089
retrospective_class_stratified	4	P2_WEEDSGALORE_TRUTH_FREE_PROPOSAL_GRID_20260810_V3_T070_A032:024:0113
retrospective_class_stratified	4	P2_WEEDSGALORE_TRUTH_FREE_PROPOSAL_GRID_20260810_V3_T070_A032:025:0023
retrospective_class_stratified	4	P2_WEEDSGALORE_TRUTH_FREE_PROPOSAL_GRID_20260810_V3_T070_A032:025:0024
retrospective_class_stratified	4	P2_WEEDSGALORE_TRUTH_FREE_PROPOSAL_GRID_20260810_V3_T070_A032:025:0063
retrospective_class_stratified	4	P2_WEEDSGALORE_TRUTH_FREE_PROPOSAL_GRID_20260810_V3_T070_A032:026:0020
retrospective_class_stratified	4	P2_WEEDSGALORE_TRUTH_FREE_PROPOSAL_GRID_20260810_V3_T070_A032:027:0007
retrospective_class_stratified	4	P2_WEEDSGALORE_TRUTH_FREE_PROPOSAL_GRID_20260810_V3_T070_A032:027:0009
retrospective_class_stratified	4	P2_WEEDSGALORE_TRUTH_FREE_PROPOSAL_GRID_20260810_V3_T070_A032:030:0065
retrospective_class_stratified	4	P2_WEEDSGALORE_TRUTH_FREE_PROPOSAL_GRID_20260810_V3_T070_A032:032:0003
retrospective_class_stratified	4	P2_WEEDSGALORE_TRUTH_FREE_PROPOSAL_GRID_20260810_V3_T070_A032:034:0033
retrospective_class_stratified	4	P2_WEEDSGALORE_TRUTH_FREE_PROPOSAL_GRID_20260810_V3_T070_A032:034:0099
retrospective_class_stratified	4	P2_WEEDSGALORE_TRUTH_FREE_PROPOSAL_GRID_20260810_V3_T070_A032:035:0002
retrospective_class_stratified	4	P2_WEEDSGALORE_TRUTH_FREE_PROPOSAL_GRID_20260810_V3_T070_A032:035:0018
retrospective_class_stratified	4	P2_WEEDSGALORE_TRUTH_FREE_PROPOSAL_GRID_20260810_V3_T070_A032:037:0004
retrospective_class_stratified	4	P2_WEEDSGALORE_TRUTH_FREE_PROPOSAL_GRID_20260810_V3_T070_A032:038:0004
retrospective_class_stratified	4	P2_WEEDSGALORE_TRUTH_FREE_PROPOSAL_GRID_20260810_V3_T070_A032:039:0055
retrospective_class_stratified	4	P2_WEEDSGALORE_TRUTH_FREE_PROPOSAL_GRID_20260810_V3_T070_A032:039:0085
retrospective_class_stratified	4	P2_WEEDSGALORE_TRUTH_FREE_PROPOSAL_GRID_20260810_V3_T070_A032:039:0096
retrospective_class_stratified	4	P2_WEEDSGALORE_TRUTH_FREE_PROPOSAL_GRID_20260810_V3_T070_A032:039:0097
retrospective_class_stratified	4	P2_WEEDSGALORE_TRUTH_FREE_PROPOSAL_GRID_20260810_V3_T070_A032:052:0043
retrospective_class_stratified	4	P2_WEEDSGALORE_TRUTH_FREE_PROPOSAL_GRID_20260810_V3_T070_A032:052:0052
retrospective_class_stratified	4	P2_WEEDSGALORE_TRUTH_FREE_PROPOSAL_GRID_20260810_V3_T070_A032:052:0086
retrospective_class_stratified	4	P2_WEEDSGALORE_TRUTH_FREE_PROPOSAL_GRID_20260810_V3_T070_A032:052:0163
retrospective_class_stratified	4	P2_WEEDSGALORE_TRUTH_FREE_PROPOSAL_GRID_20260810_V3_T070_A032:052:0202
retrospective_class_stratified	4	P2_WEEDSGALORE_TRUTH_FREE_PROPOSAL_GRID_20260810_V3_T070_A032:052:0206
retrospective_class_stratified	4	P2_WEEDSGALORE_TRUTH_FREE_PROPOSAL_GRID_20260810_V3_T070_A032:052:0210
retrospective_class_stratified	4	P2_WEEDSGALORE_TRUTH_FREE_PROPOSAL_GRID_20260810_V3_T070_A032:053:0074
retrospective_class_stratified	4	P2_WEEDSGALORE_TRUTH_FREE_PROPOSAL_GRID_20260810_V3_T070_A032:053:0159
retrospective_class_stratified	4	P2_WEEDSGALORE_TRUTH_FREE_PROPOSAL_GRID_20260810_V3_T070_A032:054:0036
retrospective_class_stratified	4	P2_WEEDSGALORE_TRUTH_FREE_PROPOSAL_GRID_20260810_V3_T070_A032:054:0049
retrospective_class_stratified	4	P2_WEEDSGALORE_TRUTH_FREE_PROPOSAL_GRID_20260810_V3_T070_A032:054:0062
retrospective_class_stratified	4	P2_WEEDSGALORE_TRUTH_FREE_PROPOSAL_GRID_20260810_V3_T070_A032:054:0063
retrospective_class_stratified	4	P2_WEEDSGALORE_TRUTH_FREE_PROPOSAL_GRID_20260810_V3_T070_A032:054:0065
retrospective_class_stratified	4	P2_WEEDSGALORE_TRUTH_FREE_PROPOSAL_GRID_20260810_V3_T070_A032:054:0155
retrospective_class_stratified	4	P2_WEEDSGALORE_TRUTH_FREE_PROPOSAL_GRID_20260810_V3_T070_A032:054:0169
retrospective_class_stratified	4	P2_WEEDSGALORE_TRUTH_FREE_PROPOSAL_GRID_20260810_V3_T070_A032:057:0031
retrospective_class_stratified	4	P2_WEEDSGALORE_TRUTH_FREE_PROPOSAL_GRID_20260810_V3_T070_A032:058:0012
retrospective_class_stratified	4	P2_WEEDSGALORE_TRUTH_FREE_PROPOSAL_GRID_20260810_V3_T070_A032:058:0036
retrospective_class_stratified	4	P2_WEEDSGALORE_TRUTH_FREE_PROPOSAL_GRID_20260810_V3_T070_A032:058:0043
retrospective_class_stratified	4	P2_WEEDSGALORE_TRUTH_FREE_PROPOSAL_GRID_20260810_V3_T070_A032:058:0046
retrospective_class_stratified	4	P2_WEEDSGALORE_TRUTH_FREE_PROPOSAL_GRID_20260810_V3_T070_A032:058:0047
retrospective_class_stratified	4	P2_WEEDSGALORE_TRUTH_FREE_PROPOSAL_GRID_20260810_V3_T070_A032:058:0064
retrospective_class_stratified	4	P2_WEEDSGALORE_TRUTH_FREE_PROPOSAL_GRID_20260810_V3_T070_A032:058:0121
retrospective_class_stratified	4	P2_WEEDSGALORE_TRUTH_FREE_PROPOSAL_GRID_20260810_V3_T070_A032:059:0055
retrospective_class_stratified	4	P2_WEEDSGALORE_TRUTH_FREE_PROPOSAL_GRID_20260810_V3_T070_A032:059:0068
retrospective_class_stratified	4	P2_WEEDSGALORE_TRUTH_FREE_PROPOSAL_GRID_20260810_V3_T070_A032:059:0119
retrospective_class_stratified	4	P2_WEEDSGALORE_TRUTH_FREE_PROPOSAL_GRID_20260810_V3_T070_A032:059:0144
retrospective_class_stratified	4	P2_WEEDSGALORE_TRUTH_FREE_PROPOSAL_GRID_20260810_V3_T070_A032:059:0145
retrospective_class_stratified	4	P2_WEEDSGALORE_TRUTH_FREE_PROPOSAL_GRID_20260810_V3_T070_A032:060:0047
retrospective_class_stratified	4	P2_WEEDSGALORE_TRUTH_FREE_PROPOSAL_GRID_20260810_V3_T070_A032:061:0088
retrospective_class_stratified	4	P2_WEEDSGALORE_TRUTH_FREE_PROPOSAL_GRID_20260810_V3_T070_A032:061:0096
retrospective_class_stratified	4	P2_WEEDSGALORE_TRUTH_FREE_PROPOSAL_GRID_20260810_V3_T070_A032:061:0141
retrospective_class_stratified	4	P2_WEEDSGALORE_TRUTH_FREE_PROPOSAL_GRID_20260810_V3_T070_A032:062:0009
retrospective_class_stratified	4	P2_WEEDSGALORE_TRUTH_FREE_PROPOSAL_GRID_20260810_V3_T070_A032:062:0035
retrospective_class_stratified	4	P2_WEEDSGALORE_TRUTH_FREE_PROPOSAL_GRID_20260810_V3_T070_A032:063:0044
retrospective_class_stratified	4	P2_WEEDSGALORE_TRUTH_FREE_PROPOSAL_GRID_20260810_V3_T070_A032:064:0100
retrospective_class_stratified	4	P2_WEEDSGALORE_TRUTH_FREE_PROPOSAL_GRID_20260810_V3_T070_A032:064:0114
retrospective_class_stratified	4	P2_WEEDSGALORE_TRUTH_FREE_PROPOSAL_GRID_20260810_V3_T070_A032:067:0057
retrospective_class_stratified	4	P2_WEEDSGALORE_TRUTH_FREE_PROPOSAL_GRID_20260810_V3_T070_A032:067:0173
retrospective_class_stratified	4	P2_WEEDSGALORE_TRUTH_FREE_PROPOSAL_GRID_20260810_V3_T070_A032:067:0175
retrospective_class_stratified	4	P2_WEEDSGALORE_TRUTH_FREE_PROPOSAL_GRID_20260810_V3_T070_A032:067:0184
retrospective_class_stratified	4	P2_WEEDSGALORE_TRUTH_FREE_PROPOSAL_GRID_20260810_V3_T070_A032:070:0028
retrospective_class_stratified	4	P2_WEEDSGALORE_TRUTH_FREE_PROPOSAL_GRID_20260810_V3_T070_A032:070:0041
retrospective_class_stratified	4	P2_WEEDSGALORE_TRUTH_FREE_PROPOSAL_GRID_20260810_V3_T070_A032:070:0043
retrospective_class_stratified	4	P2_WEEDSGALORE_TRUTH_FREE_PROPOSAL_GRID_20260810_V3_T070_A032:070:0084
retrospective_class_stratified	4	P2_WEEDSGALORE_TRUTH_FREE_PROPOSAL_GRID_20260810_V3_T070_A032:070:0163
retrospective_class_stratified	4	P2_WEEDSGALORE_TRUTH_FREE_PROPOSAL_GRID_20260810_V3_T070_A032:070:0173
retrospective_class_stratified	4	P2_WEEDSGALORE_TRUTH_FREE_PROPOSAL_GRID_20260810_V3_T070_A032:070:0202
retrospective_class_stratified	4	P2_WEEDSGALORE_TRUTH_FREE_PROPOSAL_GRID_20260810_V3_T070_A032:071:0002
retrospective_class_stratified	4	P2_WEEDSGALORE_TRUTH_FREE_PROPOSAL_GRID_20260810_V3_T070_A032:071:0127
retrospective_class_stratified	4	P2_WEEDSGALORE_TRUTH_FREE_PROPOSAL_GRID_20260810_V3_T070_A032:072:0009
retrospective_class_stratified	4	P2_WEEDSGALORE_TRUTH_FREE_PROPOSAL_GRID_20260810_V3_T070_A032:072:0031
retrospective_class_stratified	4	P2_WEEDSGALORE_TRUTH_FREE_PROPOSAL_GRID_20260810_V3_T070_A032:072:0038
retrospective_class_stratified	4	P2_WEEDSGALORE_TRUTH_FREE_PROPOSAL_GRID_20260810_V3_T070_A032:072:0048
retrospective_class_stratified	4	P2_WEEDSGALORE_TRUTH_FREE_PROPOSAL_GRID_20260810_V3_T070_A032:072:0061
retrospective_class_stratified	4	P2_WEEDSGALORE_TRUTH_FREE_PROPOSAL_GRID_20260810_V3_T070_A032:072:0063
retrospective_class_stratified	4	P2_WEEDSGALORE_TRUTH_FREE_PROPOSAL_GRID_20260810_V3_T070_A032:072:0085
retrospective_class_stratified	4	P2_WEEDSGALORE_TRUTH_FREE_PROPOSAL_GRID_20260810_V3_T070_A032:073:0028
retrospective_class_stratified	4	P2_WEEDSGALORE_TRUTH_FREE_PROPOSAL_GRID_20260810_V3_T070_A032:073:0055
retrospective_class_stratified	4	P2_WEEDSGALORE_TRUTH_FREE_PROPOSAL_GRID_20260810_V3_T070_A032:073:0071
retrospective_class_stratified	4	P2_WEEDSGALORE_TRUTH_FREE_PROPOSAL_GRID_20260810_V3_T070_A032:073:0109
retrospective_class_stratified	4	P2_WEEDSGALORE_TRUTH_FREE_PROPOSAL_GRID_20260810_V3_T070_A032:074:0123
retrospective_class_stratified	4	P2_WEEDSGALORE_TRUTH_FREE_PROPOSAL_GRID_20260810_V3_T070_A032:074:0146
retrospective_class_stratified	4	P2_WEEDSGALORE_TRUTH_FREE_PROPOSAL_GRID_20260810_V3_T070_A032:074:0150
retrospective_class_stratified	4	P2_WEEDSGALORE_TRUTH_FREE_PROPOSAL_GRID_20260810_V3_T070_A032:077:0019
retrospective_class_stratified	4	P2_WEEDSGALORE_TRUTH_FREE_PROPOSAL_GRID_20260810_V3_T070_A032:077:0035
retrospective_class_stratified	4	P2_WEEDSGALORE_TRUTH_FREE_PROPOSAL_GRID_20260810_V3_T070_A032:077:0133
retrospective_class_stratified	4	P2_WEEDSGALORE_TRUTH_FREE_PROPOSAL_GRID_20260810_V3_T070_A032:078:0048
retrospective_class_stratified	4	P2_WEEDSGALORE_TRUTH_FREE_PROPOSAL_GRID_20260810_V3_T070_A032:078:0084
retrospective_class_stratified	4	P2_WEEDSGALORE_TRUTH_FREE_PROPOSAL_GRID_20260810_V3_T070_A032:078:0093
retrospective_class_stratified	4	P2_WEEDSGALORE_TRUTH_FREE_PROPOSAL_GRID_20260810_V3_T070_A032:078:0100
retrospective_class_stratified	4	P2_WEEDSGALORE_TRUTH_FREE_PROPOSAL_GRID_20260810_V3_T070_A032:078:0117
retrospective_class_stratified	4	P2_WEEDSGALORE_TRUTH_FREE_PROPOSAL_GRID_20260810_V3_T070_A032:078:0161
retrospective_class_stratified	4	P2_WEEDSGALORE_TRUTH_FREE_PROPOSAL_GRID_20260810_V3_T070_A032:080:0023
retrospective_class_stratified	4	P2_WEEDSGALORE_TRUTH_FREE_PROPOSAL_GRID_20260810_V3_T070_A032:080:0049
retrospective_class_stratified	4	P2_WEEDSGALORE_TRUTH_FREE_PROPOSAL_GRID_20260810_V3_T070_A032:080:0064
retrospective_class_stratified	4	P2_WEEDSGALORE_TRUTH_FREE_PROPOSAL_GRID_20260810_V3_T070_A032:080:0116
retrospective_class_stratified	4	P2_WEEDSGALORE_TRUTH_FREE_PROPOSAL_GRID_20260810_V3_T070_A032:080:0129
retrospective_class_stratified	4	P2_WEEDSGALORE_TRUTH_FREE_PROPOSAL_GRID_20260810_V3_T070_A032:081:0006
retrospective_class_stratified	4	P2_WEEDSGALORE_TRUTH_FREE_PROPOSAL_GRID_20260810_V3_T070_A032:081:0051
retrospective_class_stratified	4	P2_WEEDSGALORE_TRUTH_FREE_PROPOSAL_GRID_20260810_V3_T070_A032:083:0009
retrospective_class_stratified	4	P2_WEEDSGALORE_TRUTH_FREE_PROPOSAL_GRID_20260810_V3_T070_A032:083:0011
retrospective_class_stratified	4	P2_WEEDSGALORE_TRUTH_FREE_PROPOSAL_GRID_20260810_V3_T070_A032:084:0027
retrospective_class_stratified	4	P2_WEEDSGALORE_TRUTH_FREE_PROPOSAL_GRID_20260810_V3_T070_A032:084:0054
retrospective_class_stratified	4	P2_WEEDSGALORE_TRUTH_FREE_PROPOSAL_GRID_20260810_V3_T070_A032:084:0060
retrospective_class_stratified	4	P2_WEEDSGALORE_TRUTH_FREE_PROPOSAL_GRID_20260810_V3_T070_A032:085:0068
retrospective_class_stratified	4	P2_WEEDSGALORE_TRUTH_FREE_PROPOSAL_GRID_20260810_V3_T070_A032:085:0069
retrospective_class_stratified	4	P2_WEEDSGALORE_TRUTH_FREE_PROPOSAL_GRID_20260810_V3_T070_A032:085:0073
retrospective_class_stratified	4	P2_WEEDSGALORE_TRUTH_FREE_PROPOSAL_GRID_20260810_V3_T070_A032:089:0055
retrospective_class_stratified	4	P2_WEEDSGALORE_TRUTH_FREE_PROPOSAL_GRID_20260810_V3_T070_A032:090:0069
retrospective_class_stratified	4	P2_WEEDSGALORE_TRUTH_FREE_PROPOSAL_GRID_20260810_V3_T070_A032:091:0019
retrospective_class_stratified	4	P2_WEEDSGALORE_TRUTH_FREE_PROPOSAL_GRID_20260810_V3_T070_A032:091:0036
retrospective_class_stratified	4	P2_WEEDSGALORE_TRUTH_FREE_PROPOSAL_GRID_20260810_V3_T070_A032:091:0053
retrospective_class_stratified	4	P2_WEEDSGALORE_TRUTH_FREE_PROPOSAL_GRID_20260810_V3_T070_A032:091:0078
retrospective_class_stratified	4	P2_WEEDSGALORE_TRUTH_FREE_PROPOSAL_GRID_20260810_V3_T070_A032:092:0009
retrospective_class_stratified	4	P2_WEEDSGALORE_TRUTH_FREE_PROPOSAL_GRID_20260810_V3_T070_A032:092:0039
retrospective_class_stratified	4	P2_WEEDSGALORE_TRUTH_FREE_PROPOSAL_GRID_20260810_V3_T070_A032:092:0060
retrospective_class_stratified	4	P2_WEEDSGALORE_TRUTH_FREE_PROPOSAL_GRID_20260810_V3_T070_A032:092:0063
retrospective_class_stratified	4	P2_WEEDSGALORE_TRUTH_FREE_PROPOSAL_GRID_20260810_V3_T070_A032:094:0009
retrospective_class_stratified	4	P2_WEEDSGALORE_TRUTH_FREE_PROPOSAL_GRID_20260810_V3_T070_A032:094:0016
retrospective_class_stratified	4	P2_WEEDSGALORE_TRUTH_FREE_PROPOSAL_GRID_20260810_V3_T070_A032:094:0056
retrospective_class_stratified	4	P2_WEEDSGALORE_TRUTH_FREE_PROPOSAL_GRID_20260810_V3_T070_A032:097:0033
retrospective_class_stratified	4	P2_WEEDSGALORE_TRUTH_FREE_PROPOSAL_GRID_20260810_V3_T070_A032:101:0012
retrospective_class_stratified	4	P2_WEEDSGALORE_TRUTH_FREE_PROPOSAL_GRID_20260810_V3_T070_A032:101:0069
retrospective_class_stratified	4	P2_WEEDSGALORE_TRUTH_FREE_PROPOSAL_GRID_20260810_V3_T070_A032:101:0083
retrospective_class_stratified	4	P2_WEEDSGALORE_TRUTH_FREE_PROPOSAL_GRID_20260810_V3_T070_A032:101:0088
retrospective_class_stratified	4	P2_WEEDSGALORE_TRUTH_FREE_PROPOSAL_GRID_20260810_V3_T070_A032:102:0027
retrospective_class_stratified	4	P2_WEEDSGALORE_TRUTH_FREE_PROPOSAL_GRID_20260810_V3_T070_A032:102:0039
retrospective_class_stratified	4	P2_WEEDSGALORE_TRUTH_FREE_PROPOSAL_GRID_20260810_V3_T070_A032:103:0001
retrospective_class_stratified	4	P2_WEEDSGALORE_TRUTH_FREE_PROPOSAL_GRID_20260810_V3_T070_A032:103:0015
retrospective_class_stratified	4	P2_WEEDSGALORE_TRUTH_FREE_PROPOSAL_GRID_20260810_V3_T070_A032:103:0060
retrospective_class_stratified	4	P2_WEEDSGALORE_TRUTH_FREE_PROPOSAL_GRID_20260810_V3_T070_A032:103:0067
retrospective_class_stratified	4	P2_WEEDSGALORE_TRUTH_FREE_PROPOSAL_GRID_20260810_V3_T070_A032:103:0072
retrospective_class_stratified	4	P2_WEEDSGALORE_TRUTH_FREE_PROPOSAL_GRID_20260810_V3_T070_A032:106:0029
retrospective_class_stratified	4	P2_WEEDSGALORE_TRUTH_FREE_PROPOSAL_GRID_20260810_V3_T070_A032:106:0034
retrospective_class_stratified	4	P2_WEEDSGALORE_TRUTH_FREE_PROPOSAL_GRID_20260810_V3_T070_A032:107:0003
retrospective_class_stratified	4	P2_WEEDSGALORE_TRUTH_FREE_PROPOSAL_GRID_20260810_V3_T070_A032:107:0006
retrospective_class_stratified	4	P2_WEEDSGALORE_TRUTH_FREE_PROPOSAL_GRID_20260810_V3_T070_A032:107:0033
retrospective_class_stratified	4	P2_WEEDSGALORE_TRUTH_FREE_PROPOSAL_GRID_20260810_V3_T070_A032:107:0069
retrospective_class_stratified	4	P2_WEEDSGALORE_TRUTH_FREE_PROPOSAL_GRID_20260810_V3_T070_A032:107:0078
retrospective_class_stratified	4	P2_WEEDSGALORE_TRUTH_FREE_PROPOSAL_GRID_20260810_V3_T070_A032:108:0076
retrospective_class_stratified	4	P2_WEEDSGALORE_TRUTH_FREE_PROPOSAL_GRID_20260810_V3_T070_A032:109:0007
retrospective_class_stratified	4	P2_WEEDSGALORE_TRUTH_FREE_PROPOSAL_GRID_20260810_V3_T070_A032:109:0019
retrospective_class_stratified	4	P2_WEEDSGALORE_TRUTH_FREE_PROPOSAL_GRID_20260810_V3_T070_A032:109:0020
retrospective_class_stratified	4	P2_WEEDSGALORE_TRUTH_FREE_PROPOSAL_GRID_20260810_V3_T070_A032:109:0027
retrospective_class_stratified	4	P2_WEEDSGALORE_TRUTH_FREE_PROPOSAL_GRID_20260810_V3_T070_A032:109:0031
retrospective_class_stratified	4	P2_WEEDSGALORE_TRUTH_FREE_PROPOSAL_GRID_20260810_V3_T070_A032:110:0012
retrospective_class_stratified	4	P2_WEEDSGALORE_TRUTH_FREE_PROPOSAL_GRID_20260810_V3_T070_A032:110:0080
retrospective_class_stratified	4	P2_WEEDSGALORE_TRUTH_FREE_PROPOSAL_GRID_20260810_V3_T070_A032:111:0014
retrospective_class_stratified	4	P2_WEEDSGALORE_TRUTH_FREE_PROPOSAL_GRID_20260810_V3_T070_A032:114:0012
retrospective_class_stratified	4	P2_WEEDSGALORE_TRUTH_FREE_PROPOSAL_GRID_20260810_V3_T070_A032:114:0014
retrospective_class_stratified	4	P2_WEEDSGALORE_TRUTH_FREE_PROPOSAL_GRID_20260810_V3_T070_A032:114:0019
retrospective_class_stratified	4	P2_WEEDSGALORE_TRUTH_FREE_PROPOSAL_GRID_20260810_V3_T070_A032:114:0062
retrospective_class_stratified	4	P2_WEEDSGALORE_TRUTH_FREE_PROPOSAL_GRID_20260810_V3_T070_A032:115:0044
retrospective_class_stratified	4	P2_WEEDSGALORE_TRUTH_FREE_PROPOSAL_GRID_20260810_V3_T070_A032:115:0053
retrospective_class_stratified	4	P2_WEEDSGALORE_TRUTH_FREE_PROPOSAL_GRID_20260810_V3_T070_A032:116:0006
retrospective_class_stratified	4	P2_WEEDSGALORE_TRUTH_FREE_PROPOSAL_GRID_20260810_V3_T070_A032:116:0010
retrospective_class_stratified	4	P2_WEEDSGALORE_TRUTH_FREE_PROPOSAL_GRID_20260810_V3_T070_A032:116:0020
retrospective_class_stratified	4	P2_WEEDSGALORE_TRUTH_FREE_PROPOSAL_GRID_20260810_V3_T070_A032:116:0035
retrospective_class_stratified	4	P2_WEEDSGALORE_TRUTH_FREE_PROPOSAL_GRID_20260810_V3_T070_A032:116:0055
retrospective_class_stratified	4	P2_WEEDSGALORE_TRUTH_FREE_PROPOSAL_GRID_20260810_V3_T070_A032:116:0064
retrospective_class_stratified	4	P2_WEEDSGALORE_TRUTH_FREE_PROPOSAL_GRID_20260810_V3_T070_A032:116:0065
retrospective_class_stratified	4	P2_WEEDSGALORE_TRUTH_FREE_PROPOSAL_GRID_20260810_V3_T070_A032:119:0021
retrospective_class_stratified	4	P2_WEEDSGALORE_TRUTH_FREE_PROPOSAL_GRID_20260810_V3_T070_A032:119:0041
retrospective_class_stratified	4	P2_WEEDSGALORE_TRUTH_FREE_PROPOSAL_GRID_20260810_V3_T070_A032:119:0070
retrospective_class_stratified	4	P2_WEEDSGALORE_TRUTH_FREE_PROPOSAL_GRID_20260810_V3_T070_A032:120:0041
retrospective_class_stratified	4	P2_WEEDSGALORE_TRUTH_FREE_PROPOSAL_GRID_20260810_V3_T070_A032:121:0014
retrospective_class_stratified	4	P2_WEEDSGALORE_TRUTH_FREE_PROPOSAL_GRID_20260810_V3_T070_A032:121:0018
retrospective_class_stratified	4	P2_WEEDSGALORE_TRUTH_FREE_PROPOSAL_GRID_20260810_V3_T070_A032:121:0027
retrospective_class_stratified	4	P2_WEEDSGALORE_TRUTH_FREE_PROPOSAL_GRID_20260810_V3_T070_A032:121:0041
retrospective_class_stratified	4	P2_WEEDSGALORE_TRUTH_FREE_PROPOSAL_GRID_20260810_V3_T070_A032:122:0027
retrospective_class_stratified	4	P2_WEEDSGALORE_TRUTH_FREE_PROPOSAL_GRID_20260810_V3_T070_A032:122:0041
retrospective_class_stratified	4	P2_WEEDSGALORE_TRUTH_FREE_PROPOSAL_GRID_20260810_V3_T070_A032:123:0008
retrospective_class_stratified	4	P2_WEEDSGALORE_TRUTH_FREE_PROPOSAL_GRID_20260810_V3_T070_A032:123:0009
retrospective_class_stratified	4	P2_WEEDSGALORE_TRUTH_FREE_PROPOSAL_GRID_20260810_V3_T070_A032:123:0014
retrospective_class_stratified	4	P2_WEEDSGALORE_TRUTH_FREE_PROPOSAL_GRID_20260810_V3_T070_A032:123:0021
retrospective_class_stratified	4	P2_WEEDSGALORE_TRUTH_FREE_PROPOSAL_GRID_20260810_V3_T070_A032:123:0041
retrospective_class_stratified	4	P2_WEEDSGALORE_TRUTH_FREE_PROPOSAL_GRID_20260810_V3_T070_A032:123:0085
retrospective_class_stratified	4	P2_WEEDSGALORE_TRUTH_FREE_PROPOSAL_GRID_20260810_V3_T070_A032:123:0098
retrospective_class_stratified	4	P2_WEEDSGALORE_TRUTH_FREE_PROPOSAL_GRID_20260810_V3_T070_A032:123:0099
retrospective_class_stratified	4	P2_WEEDSGALORE_TRUTH_FREE_PROPOSAL_GRID_20260810_V3_T070_A032:126:0007
retrospective_class_stratified	4	P2_WEEDSGALORE_TRUTH_FREE_PROPOSAL_GRID_20260810_V3_T070_A032:127:0025
retrospective_class_stratified	4	P2_WEEDSGALORE_TRUTH_FREE_PROPOSAL_GRID_20260810_V3_T070_A032:127:0030
retrospective_class_stratified	4	P2_WEEDSGALORE_TRUTH_FREE_PROPOSAL_GRID_20260810_V3_T070_A032:127:0085
retrospective_class_stratified	4	P2_WEEDSGALORE_TRUTH_FREE_PROPOSAL_GRID_20260810_V3_T070_A032:128:0081
retrospective_class_stratified	4	P2_WEEDSGALORE_TRUTH_FREE_PROPOSAL_GRID_20260810_V3_T070_A032:130:0010
retrospective_class_stratified	4	P2_WEEDSGALORE_TRUTH_FREE_PROPOSAL_GRID_20260810_V3_T070_A032:130:0014
retrospective_class_stratified	4	P2_WEEDSGALORE_TRUTH_FREE_PROPOSAL_GRID_20260810_V3_T070_A032:131:0024
retrospective_class_stratified	4	P2_WEEDSGALORE_TRUTH_FREE_PROPOSAL_GRID_20260810_V3_T070_A032:131:0027
retrospective_class_stratified	4	P2_WEEDSGALORE_TRUTH_FREE_PROPOSAL_GRID_20260810_V3_T070_A032:131:0030
retrospective_class_stratified	4	P2_WEEDSGALORE_TRUTH_FREE_PROPOSAL_GRID_20260810_V3_T070_A032:131:0044
retrospective_class_stratified	4	P2_WEEDSGALORE_TRUTH_FREE_PROPOSAL_GRID_20260810_V3_T070_A032:131:0047
retrospective_class_stratified	4	P2_WEEDSGALORE_TRUTH_FREE_PROPOSAL_GRID_20260810_V3_T070_A032:131:0050
retrospective_class_stratified	4	P2_WEEDSGALORE_TRUTH_FREE_PROPOSAL_GRID_20260810_V3_T070_A032:131:0053
retrospective_class_stratified	4	P2_WEEDSGALORE_TRUTH_FREE_PROPOSAL_GRID_20260810_V3_T070_A032:133:0008
retrospective_class_stratified	4	P2_WEEDSGALORE_TRUTH_FREE_PROPOSAL_GRID_20260810_V3_T070_A032:133:0013
retrospective_class_stratified	4	P2_WEEDSGALORE_TRUTH_FREE_PROPOSAL_GRID_20260810_V3_T070_A032:133:0016
retrospective_class_stratified	4	P2_WEEDSGALORE_TRUTH_FREE_PROPOSAL_GRID_20260810_V3_T070_A032:133:0020
retrospective_class_stratified	4	P2_WEEDSGALORE_TRUTH_FREE_PROPOSAL_GRID_20260810_V3_T070_A032:133:0032
retrospective_class_stratified	4	P2_WEEDSGALORE_TRUTH_FREE_PROPOSAL_GRID_20260810_V3_T070_A032:133:0039
retrospective_class_stratified	4	P2_WEEDSGALORE_TRUTH_FREE_PROPOSAL_GRID_20260810_V3_T070_A032:133:0048
retrospective_class_stratified	4	P2_WEEDSGALORE_TRUTH_FREE_PROPOSAL_GRID_20260810_V3_T070_A032:133:0052
retrospective_class_stratified	4	P2_WEEDSGALORE_TRUTH_FREE_PROPOSAL_GRID_20260810_V3_T070_A032:133:0057
retrospective_class_stratified	4	P2_WEEDSGALORE_TRUTH_FREE_PROPOSAL_GRID_20260810_V3_T070_A032:134:0004
retrospective_class_stratified	4	P2_WEEDSGALORE_TRUTH_FREE_PROPOSAL_GRID_20260810_V3_T070_A032:134:0007
retrospective_class_stratified	4	P2_WEEDSGALORE_TRUTH_FREE_PROPOSAL_GRID_20260810_V3_T070_A032:134:0035
retrospective_class_stratified	4	P2_WEEDSGALORE_TRUTH_FREE_PROPOSAL_GRID_20260810_V3_T070_A032:134:0037
retrospective_class_stratified	4	P2_WEEDSGALORE_TRUTH_FREE_PROPOSAL_GRID_20260810_V3_T070_A032:134:0040
retrospective_class_stratified	4	P2_WEEDSGALORE_TRUTH_FREE_PROPOSAL_GRID_20260810_V3_T070_A032:134:0048
retrospective_class_stratified	4	P2_WEEDSGALORE_TRUTH_FREE_PROPOSAL_GRID_20260810_V3_T070_A032:134:0076
retrospective_class_stratified	4	P2_WEEDSGALORE_TRUTH_FREE_PROPOSAL_GRID_20260810_V3_T070_A032:134:0080
retrospective_class_stratified	4	P2_WEEDSGALORE_TRUTH_FREE_PROPOSAL_GRID_20260810_V3_T070_A032:134:0081
retrospective_class_stratified	4	P2_WEEDSGALORE_TRUTH_FREE_PROPOSAL_GRID_20260810_V3_T070_A032:135:0050
retrospective_class_stratified	4	P2_WEEDSGALORE_TRUTH_FREE_PROPOSAL_GRID_20260810_V3_T070_A032:135:0060
retrospective_class_stratified	4	P2_WEEDSGALORE_TRUTH_FREE_PROPOSAL_GRID_20260810_V3_T070_A032:135:0064
retrospective_class_stratified	4	P2_WEEDSGALORE_TRUTH_FREE_PROPOSAL_GRID_20260810_V3_T070_A032:135:0066
retrospective_class_stratified	4	P2_WEEDSGALORE_TRUTH_FREE_PROPOSAL_GRID_20260810_V3_T070_A032:136:0041
retrospective_class_stratified	4	P2_WEEDSGALORE_TRUTH_FREE_PROPOSAL_GRID_20260810_V3_T070_A032:139:0013
retrospective_class_stratified	4	P2_WEEDSGALORE_TRUTH_FREE_PROPOSAL_GRID_20260810_V3_T070_A032:139:0019
retrospective_class_stratified	4	P2_WEEDSGALORE_TRUTH_FREE_PROPOSAL_GRID_20260810_V3_T070_A032:139:0031
retrospective_class_stratified	4	P2_WEEDSGALORE_TRUTH_FREE_PROPOSAL_GRID_20260810_V3_T070_A032:139:0040
retrospective_class_stratified	4	P2_WEEDSGALORE_TRUTH_FREE_PROPOSAL_GRID_20260810_V3_T070_A032:139:0053
retrospective_class_stratified	4	P2_WEEDSGALORE_TRUTH_FREE_PROPOSAL_GRID_20260810_V3_T070_A032:139:0087
retrospective_class_stratified	4	P2_WEEDSGALORE_TRUTH_FREE_PROPOSAL_GRID_20260810_V3_T070_A032:142:0003
retrospective_class_stratified	4	P2_WEEDSGALORE_TRUTH_FREE_PROPOSAL_GRID_20260810_V3_T070_A032:142:0023
retrospective_class_stratified	4	P2_WEEDSGALORE_TRUTH_FREE_PROPOSAL_GRID_20260810_V3_T070_A032:142:0049
retrospective_class_stratified	4	P2_WEEDSGALORE_TRUTH_FREE_PROPOSAL_GRID_20260810_V3_T070_A032:142:0070
retrospective_class_stratified	4	P2_WEEDSGALORE_TRUTH_FREE_PROPOSAL_GRID_20260810_V3_T070_A032:143:0005
retrospective_class_stratified	4	P2_WEEDSGALORE_TRUTH_FREE_PROPOSAL_GRID_20260810_V3_T070_A032:143:0007
retrospective_class_stratified	4	P2_WEEDSGALORE_TRUTH_FREE_PROPOSAL_GRID_20260810_V3_T070_A032:143:0009
retrospective_class_stratified	4	P2_WEEDSGALORE_TRUTH_FREE_PROPOSAL_GRID_20260810_V3_T070_A032:143:0035
retrospective_class_stratified	4	P2_WEEDSGALORE_TRUTH_FREE_PROPOSAL_GRID_20260810_V3_T070_A032:143:0070
retrospective_class_stratified	4	P2_WEEDSGALORE_TRUTH_FREE_PROPOSAL_GRID_20260810_V3_T070_A032:143:0073
retrospective_class_stratified	4	P2_WEEDSGALORE_TRUTH_FREE_PROPOSAL_GRID_20260810_V3_T070_A032:144:0051
retrospective_class_stratified	4	P2_WEEDSGALORE_TRUTH_FREE_PROPOSAL_GRID_20260810_V3_T070_A032:145:0006
retrospective_class_stratified	4	P2_WEEDSGALORE_TRUTH_FREE_PROPOSAL_GRID_20260810_V3_T070_A032:145:0019
retrospective_class_stratified	4	P2_WEEDSGALORE_TRUTH_FREE_PROPOSAL_GRID_20260810_V3_T070_A032:146:0009
retrospective_class_stratified	4	P2_WEEDSGALORE_TRUTH_FREE_PROPOSAL_GRID_20260810_V3_T070_A032:146:0016
retrospective_class_stratified	4	P2_WEEDSGALORE_TRUTH_FREE_PROPOSAL_GRID_20260810_V3_T070_A032:146:0033
retrospective_class_stratified	4	P2_WEEDSGALORE_TRUTH_FREE_PROPOSAL_GRID_20260810_V3_T070_A032:146:0039
retrospective_class_stratified	4	P2_WEEDSGALORE_TRUTH_FREE_PROPOSAL_GRID_20260810_V3_T070_A032:150:0026
retrospective_class_stratified	4	P2_WEEDSGALORE_TRUTH_FREE_PROPOSAL_GRID_20260810_V3_T070_A032:150:0032
retrospective_class_stratified	4	P2_WEEDSGALORE_TRUTH_FREE_PROPOSAL_GRID_20260810_V3_T070_A032:150:0035
retrospective_class_stratified	4	P2_WEEDSGALORE_TRUTH_FREE_PROPOSAL_GRID_20260810_V3_T070_A032:150:0039
retrospective_class_stratified	4	P2_WEEDSGALORE_TRUTH_FREE_PROPOSAL_GRID_20260810_V3_T070_A032:151:0004
retrospective_class_stratified	4	P2_WEEDSGALORE_TRUTH_FREE_PROPOSAL_GRID_20260810_V3_T070_A032:151:0024
retrospective_class_stratified	4	P2_WEEDSGALORE_TRUTH_FREE_PROPOSAL_GRID_20260810_V3_T070_A032:151:0027
retrospective_class_stratified	4	P2_WEEDSGALORE_TRUTH_FREE_PROPOSAL_GRID_20260810_V3_T070_A032:151:0041
retrospective_class_stratified	4	P2_WEEDSGALORE_TRUTH_FREE_PROPOSAL_GRID_20260810_V3_T070_A032:151:0043
retrospective_class_stratified	4	P2_WEEDSGALORE_TRUTH_FREE_PROPOSAL_GRID_20260810_V3_T070_A032:151:0047
retrospective_class_stratified	4	P2_WEEDSGALORE_TRUTH_FREE_PROPOSAL_GRID_20260810_V3_T070_A032:153:0004
retrospective_class_stratified	4	P2_WEEDSGALORE_TRUTH_FREE_PROPOSAL_GRID_20260810_V3_T070_A032:153:0032
retrospective_class_stratified	4	P2_WEEDSGALORE_TRUTH_FREE_PROPOSAL_GRID_20260810_V3_T070_A032:153:0061
retrospective_class_stratified	4	P2_WEEDSGALORE_TRUTH_FREE_PROPOSAL_GRID_20260810_V3_T070_A032:153:0070
retrospective_class_stratified	4	P2_WEEDSGALORE_TRUTH_FREE_PROPOSAL_GRID_20260810_V3_T070_A032:153:0084
retrospective_class_stratified	4	P2_WEEDSGALORE_TRUTH_FREE_PROPOSAL_GRID_20260810_V3_T070_A032:153:0103
retrospective_class_stratified	4	P2_WEEDSGALORE_TRUTH_FREE_PROPOSAL_GRID_20260810_V3_T070_A032:153:0114
retrospective_class_stratified	4	P2_WEEDSGALORE_TRUTH_FREE_PROPOSAL_GRID_20260810_V3_T070_A032:155:0005
retrospective_class_stratified	4	P2_WEEDSGALORE_TRUTH_FREE_PROPOSAL_GRID_20260810_V3_T070_A032:155:0033
retrospective_class_stratified	4	P2_WEEDSGALORE_TRUTH_FREE_PROPOSAL_GRID_20260810_V3_T070_A032:155:0051
retrospective_class_stratified	4	P2_WEEDSGALORE_TRUTH_FREE_PROPOSAL_GRID_20260810_V3_T070_A032:155:0056
retrospective_class_stratified	4	P2_WEEDSGALORE_TRUTH_FREE_PROPOSAL_GRID_20260810_V3_T070_A032:155:0065
retrospective_class_stratified	4	P2_WEEDSGALORE_TRUTH_FREE_PROPOSAL_GRID_20260810_V3_T070_A032:156:0033
retrospective_class_stratified	4	P2_WEEDSGALORE_TRUTH_FREE_PROPOSAL_GRID_20260810_V3_T070_A032:156:0038
retrospective_class_stratified	4	P2_WEEDSGALORE_TRUTH_FREE_PROPOSAL_GRID_20260810_V3_T070_A032:156:0050
retrospective_class_stratified	4	P2_WEEDSGALORE_TRUTH_FREE_PROPOSAL_GRID_20260810_V3_T070_A032:156:0058
prospective_uniform	5	P2_WEEDSGALORE_TRUTH_FREE_PROPOSAL_GRID_20260810_V3_T070_A032:003:0009
prospective_uniform	5	P2_WEEDSGALORE_TRUTH_FREE_PROPOSAL_GRID_20260810_V3_T070_A032:003:0019
prospective_uniform	5	P2_WEEDSGALORE_TRUTH_FREE_PROPOSAL_GRID_20260810_V3_T070_A032:004:0034
prospective_uniform	5	P2_WEEDSGALORE_TRUTH_FREE_PROPOSAL_GRID_20260810_V3_T070_A032:004:0060
prospective_uniform	5	P2_WEEDSGALORE_TRUTH_FREE_PROPOSAL_GRID_20260810_V3_T070_A032:005:0023
prospective_uniform	5	P2_WEEDSGALORE_TRUTH_FREE_PROPOSAL_GRID_20260810_V3_T070_A032:005:0087
prospective_uniform	5	P2_WEEDSGALORE_TRUTH_FREE_PROPOSAL_GRID_20260810_V3_T070_A032:005:0137
prospective_uniform	5	P2_WEEDSGALORE_TRUTH_FREE_PROPOSAL_GRID_20260810_V3_T070_A032:005:0156
prospective_uniform	5	P2_WEEDSGALORE_TRUTH_FREE_PROPOSAL_GRID_20260810_V3_T070_A032:005:0163
prospective_uniform	5	P2_WEEDSGALORE_TRUTH_FREE_PROPOSAL_GRID_20260810_V3_T070_A032:006:0029
prospective_uniform	5	P2_WEEDSGALORE_TRUTH_FREE_PROPOSAL_GRID_20260810_V3_T070_A032:006:0074
prospective_uniform	5	P2_WEEDSGALORE_TRUTH_FREE_PROPOSAL_GRID_20260810_V3_T070_A032:006:0112
prospective_uniform	5	P2_WEEDSGALORE_TRUTH_FREE_PROPOSAL_GRID_20260810_V3_T070_A032:006:0178
prospective_uniform	5	P2_WEEDSGALORE_TRUTH_FREE_PROPOSAL_GRID_20260810_V3_T070_A032:006:0204
prospective_uniform	5	P2_WEEDSGALORE_TRUTH_FREE_PROPOSAL_GRID_20260810_V3_T070_A032:006:0207
prospective_uniform	5	P2_WEEDSGALORE_TRUTH_FREE_PROPOSAL_GRID_20260810_V3_T070_A032:006:0216
prospective_uniform	5	P2_WEEDSGALORE_TRUTH_FREE_PROPOSAL_GRID_20260810_V3_T070_A032:006:0238
prospective_uniform	5	P2_WEEDSGALORE_TRUTH_FREE_PROPOSAL_GRID_20260810_V3_T070_A032:006:0254
prospective_uniform	5	P2_WEEDSGALORE_TRUTH_FREE_PROPOSAL_GRID_20260810_V3_T070_A032:009:0057
prospective_uniform	5	P2_WEEDSGALORE_TRUTH_FREE_PROPOSAL_GRID_20260810_V3_T070_A032:010:0013
prospective_uniform	5	P2_WEEDSGALORE_TRUTH_FREE_PROPOSAL_GRID_20260810_V3_T070_A032:010:0076
prospective_uniform	5	P2_WEEDSGALORE_TRUTH_FREE_PROPOSAL_GRID_20260810_V3_T070_A032:010:0124
prospective_uniform	5	P2_WEEDSGALORE_TRUTH_FREE_PROPOSAL_GRID_20260810_V3_T070_A032:010:0137
prospective_uniform	5	P2_WEEDSGALORE_TRUTH_FREE_PROPOSAL_GRID_20260810_V3_T070_A032:010:0153
prospective_uniform	5	P2_WEEDSGALORE_TRUTH_FREE_PROPOSAL_GRID_20260810_V3_T070_A032:011:0006
prospective_uniform	5	P2_WEEDSGALORE_TRUTH_FREE_PROPOSAL_GRID_20260810_V3_T070_A032:011:0009
prospective_uniform	5	P2_WEEDSGALORE_TRUTH_FREE_PROPOSAL_GRID_20260810_V3_T070_A032:011:0020
prospective_uniform	5	P2_WEEDSGALORE_TRUTH_FREE_PROPOSAL_GRID_20260810_V3_T070_A032:011:0044
prospective_uniform	5	P2_WEEDSGALORE_TRUTH_FREE_PROPOSAL_GRID_20260810_V3_T070_A032:011:0083
prospective_uniform	5	P2_WEEDSGALORE_TRUTH_FREE_PROPOSAL_GRID_20260810_V3_T070_A032:011:0104
prospective_uniform	5	P2_WEEDSGALORE_TRUTH_FREE_PROPOSAL_GRID_20260810_V3_T070_A032:012:0079
prospective_uniform	5	P2_WEEDSGALORE_TRUTH_FREE_PROPOSAL_GRID_20260810_V3_T070_A032:012:0088
prospective_uniform	5	P2_WEEDSGALORE_TRUTH_FREE_PROPOSAL_GRID_20260810_V3_T070_A032:012:0104
prospective_uniform	5	P2_WEEDSGALORE_TRUTH_FREE_PROPOSAL_GRID_20260810_V3_T070_A032:012:0132
prospective_uniform	5	P2_WEEDSGALORE_TRUTH_FREE_PROPOSAL_GRID_20260810_V3_T070_A032:012:0135
prospective_uniform	5	P2_WEEDSGALORE_TRUTH_FREE_PROPOSAL_GRID_20260810_V3_T070_A032:012:0169
prospective_uniform	5	P2_WEEDSGALORE_TRUTH_FREE_PROPOSAL_GRID_20260810_V3_T070_A032:012:0191
prospective_uniform	5	P2_WEEDSGALORE_TRUTH_FREE_PROPOSAL_GRID_20260810_V3_T070_A032:013:0018
prospective_uniform	5	P2_WEEDSGALORE_TRUTH_FREE_PROPOSAL_GRID_20260810_V3_T070_A032:013:0027
prospective_uniform	5	P2_WEEDSGALORE_TRUTH_FREE_PROPOSAL_GRID_20260810_V3_T070_A032:013:0031
prospective_uniform	5	P2_WEEDSGALORE_TRUTH_FREE_PROPOSAL_GRID_20260810_V3_T070_A032:013:0042
prospective_uniform	5	P2_WEEDSGALORE_TRUTH_FREE_PROPOSAL_GRID_20260810_V3_T070_A032:014:0030
prospective_uniform	5	P2_WEEDSGALORE_TRUTH_FREE_PROPOSAL_GRID_20260810_V3_T070_A032:018:0090
prospective_uniform	5	P2_WEEDSGALORE_TRUTH_FREE_PROPOSAL_GRID_20260810_V3_T070_A032:018:0116
prospective_uniform	5	P2_WEEDSGALORE_TRUTH_FREE_PROPOSAL_GRID_20260810_V3_T070_A032:018:0144
prospective_uniform	5	P2_WEEDSGALORE_TRUTH_FREE_PROPOSAL_GRID_20260810_V3_T070_A032:018:0182
prospective_uniform	5	P2_WEEDSGALORE_TRUTH_FREE_PROPOSAL_GRID_20260810_V3_T070_A032:020:0014
prospective_uniform	5	P2_WEEDSGALORE_TRUTH_FREE_PROPOSAL_GRID_20260810_V3_T070_A032:020:0035
prospective_uniform	5	P2_WEEDSGALORE_TRUTH_FREE_PROPOSAL_GRID_20260810_V3_T070_A032:020:0054
prospective_uniform	5	P2_WEEDSGALORE_TRUTH_FREE_PROPOSAL_GRID_20260810_V3_T070_A032:020:0068
prospective_uniform	5	P2_WEEDSGALORE_TRUTH_FREE_PROPOSAL_GRID_20260810_V3_T070_A032:023:0038
prospective_uniform	5	P2_WEEDSGALORE_TRUTH_FREE_PROPOSAL_GRID_20260810_V3_T070_A032:023:0039
prospective_uniform	5	P2_WEEDSGALORE_TRUTH_FREE_PROPOSAL_GRID_20260810_V3_T070_A032:023:0048
prospective_uniform	5	P2_WEEDSGALORE_TRUTH_FREE_PROPOSAL_GRID_20260810_V3_T070_A032:023:0092
prospective_uniform	5	P2_WEEDSGALORE_TRUTH_FREE_PROPOSAL_GRID_20260810_V3_T070_A032:024:0044
prospective_uniform	5	P2_WEEDSGALORE_TRUTH_FREE_PROPOSAL_GRID_20260810_V3_T070_A032:024:0070
prospective_uniform	5	P2_WEEDSGALORE_TRUTH_FREE_PROPOSAL_GRID_20260810_V3_T070_A032:024:0090
prospective_uniform	5	P2_WEEDSGALORE_TRUTH_FREE_PROPOSAL_GRID_20260810_V3_T070_A032:024:0115
prospective_uniform	5	P2_WEEDSGALORE_TRUTH_FREE_PROPOSAL_GRID_20260810_V3_T070_A032:025:0025
prospective_uniform	5	P2_WEEDSGALORE_TRUTH_FREE_PROPOSAL_GRID_20260810_V3_T070_A032:025:0029
prospective_uniform	5	P2_WEEDSGALORE_TRUTH_FREE_PROPOSAL_GRID_20260810_V3_T070_A032:025:0043
prospective_uniform	5	P2_WEEDSGALORE_TRUTH_FREE_PROPOSAL_GRID_20260810_V3_T070_A032:025:0049
prospective_uniform	5	P2_WEEDSGALORE_TRUTH_FREE_PROPOSAL_GRID_20260810_V3_T070_A032:025:0051
prospective_uniform	5	P2_WEEDSGALORE_TRUTH_FREE_PROPOSAL_GRID_20260810_V3_T070_A032:027:0017
prospective_uniform	5	P2_WEEDSGALORE_TRUTH_FREE_PROPOSAL_GRID_20260810_V3_T070_A032:030:0008
prospective_uniform	5	P2_WEEDSGALORE_TRUTH_FREE_PROPOSAL_GRID_20260810_V3_T070_A032:030:0045
prospective_uniform	5	P2_WEEDSGALORE_TRUTH_FREE_PROPOSAL_GRID_20260810_V3_T070_A032:030:0052
prospective_uniform	5	P2_WEEDSGALORE_TRUTH_FREE_PROPOSAL_GRID_20260810_V3_T070_A032:031:0004
prospective_uniform	5	P2_WEEDSGALORE_TRUTH_FREE_PROPOSAL_GRID_20260810_V3_T070_A032:031:0008
prospective_uniform	5	P2_WEEDSGALORE_TRUTH_FREE_PROPOSAL_GRID_20260810_V3_T070_A032:031:0010
prospective_uniform	5	P2_WEEDSGALORE_TRUTH_FREE_PROPOSAL_GRID_20260810_V3_T070_A032:032:0032
prospective_uniform	5	P2_WEEDSGALORE_TRUTH_FREE_PROPOSAL_GRID_20260810_V3_T070_A032:032:0055
prospective_uniform	5	P2_WEEDSGALORE_TRUTH_FREE_PROPOSAL_GRID_20260810_V3_T070_A032:034:0062
prospective_uniform	5	P2_WEEDSGALORE_TRUTH_FREE_PROPOSAL_GRID_20260810_V3_T070_A032:034:0063
prospective_uniform	5	P2_WEEDSGALORE_TRUTH_FREE_PROPOSAL_GRID_20260810_V3_T070_A032:034:0069
prospective_uniform	5	P2_WEEDSGALORE_TRUTH_FREE_PROPOSAL_GRID_20260810_V3_T070_A032:034:0128
prospective_uniform	5	P2_WEEDSGALORE_TRUTH_FREE_PROPOSAL_GRID_20260810_V3_T070_A032:034:0149
prospective_uniform	5	P2_WEEDSGALORE_TRUTH_FREE_PROPOSAL_GRID_20260810_V3_T070_A032:035:0039
prospective_uniform	5	P2_WEEDSGALORE_TRUTH_FREE_PROPOSAL_GRID_20260810_V3_T070_A032:035:0060
prospective_uniform	5	P2_WEEDSGALORE_TRUTH_FREE_PROPOSAL_GRID_20260810_V3_T070_A032:037:0020
prospective_uniform	5	P2_WEEDSGALORE_TRUTH_FREE_PROPOSAL_GRID_20260810_V3_T070_A032:037:0028
prospective_uniform	5	P2_WEEDSGALORE_TRUTH_FREE_PROPOSAL_GRID_20260810_V3_T070_A032:038:0012
prospective_uniform	5	P2_WEEDSGALORE_TRUTH_FREE_PROPOSAL_GRID_20260810_V3_T070_A032:039:0037
prospective_uniform	5	P2_WEEDSGALORE_TRUTH_FREE_PROPOSAL_GRID_20260810_V3_T070_A032:039:0068
prospective_uniform	5	P2_WEEDSGALORE_TRUTH_FREE_PROPOSAL_GRID_20260810_V3_T070_A032:039:0077
prospective_uniform	5	P2_WEEDSGALORE_TRUTH_FREE_PROPOSAL_GRID_20260810_V3_T070_A032:039:0089
prospective_uniform	5	P2_WEEDSGALORE_TRUTH_FREE_PROPOSAL_GRID_20260810_V3_T070_A032:040:0024
prospective_uniform	5	P2_WEEDSGALORE_TRUTH_FREE_PROPOSAL_GRID_20260810_V3_T070_A032:043:0050
prospective_uniform	5	P2_WEEDSGALORE_TRUTH_FREE_PROPOSAL_GRID_20260810_V3_T070_A032:043:0058
prospective_uniform	5	P2_WEEDSGALORE_TRUTH_FREE_PROPOSAL_GRID_20260810_V3_T070_A032:047:0022
prospective_uniform	5	P2_WEEDSGALORE_TRUTH_FREE_PROPOSAL_GRID_20260810_V3_T070_A032:048:0006
prospective_uniform	5	P2_WEEDSGALORE_TRUTH_FREE_PROPOSAL_GRID_20260810_V3_T070_A032:048:0026
prospective_uniform	5	P2_WEEDSGALORE_TRUTH_FREE_PROPOSAL_GRID_20260810_V3_T070_A032:048:0040
prospective_uniform	5	P2_WEEDSGALORE_TRUTH_FREE_PROPOSAL_GRID_20260810_V3_T070_A032:051:0034
prospective_uniform	5	P2_WEEDSGALORE_TRUTH_FREE_PROPOSAL_GRID_20260810_V3_T070_A032:051:0058
prospective_uniform	5	P2_WEEDSGALORE_TRUTH_FREE_PROPOSAL_GRID_20260810_V3_T070_A032:051:0071
prospective_uniform	5	P2_WEEDSGALORE_TRUTH_FREE_PROPOSAL_GRID_20260810_V3_T070_A032:052:0037
prospective_uniform	5	P2_WEEDSGALORE_TRUTH_FREE_PROPOSAL_GRID_20260810_V3_T070_A032:052:0055
prospective_uniform	5	P2_WEEDSGALORE_TRUTH_FREE_PROPOSAL_GRID_20260810_V3_T070_A032:052:0057
prospective_uniform	5	P2_WEEDSGALORE_TRUTH_FREE_PROPOSAL_GRID_20260810_V3_T070_A032:052:0071
prospective_uniform	5	P2_WEEDSGALORE_TRUTH_FREE_PROPOSAL_GRID_20260810_V3_T070_A032:052:0097
prospective_uniform	5	P2_WEEDSGALORE_TRUTH_FREE_PROPOSAL_GRID_20260810_V3_T070_A032:052:0167
prospective_uniform	5	P2_WEEDSGALORE_TRUTH_FREE_PROPOSAL_GRID_20260810_V3_T070_A032:052:0168
prospective_uniform	5	P2_WEEDSGALORE_TRUTH_FREE_PROPOSAL_GRID_20260810_V3_T070_A032:052:0174
prospective_uniform	5	P2_WEEDSGALORE_TRUTH_FREE_PROPOSAL_GRID_20260810_V3_T070_A032:053:0049
prospective_uniform	5	P2_WEEDSGALORE_TRUTH_FREE_PROPOSAL_GRID_20260810_V3_T070_A032:053:0053
prospective_uniform	5	P2_WEEDSGALORE_TRUTH_FREE_PROPOSAL_GRID_20260810_V3_T070_A032:053:0131
prospective_uniform	5	P2_WEEDSGALORE_TRUTH_FREE_PROPOSAL_GRID_20260810_V3_T070_A032:054:0044
prospective_uniform	5	P2_WEEDSGALORE_TRUTH_FREE_PROPOSAL_GRID_20260810_V3_T070_A032:054:0045
prospective_uniform	5	P2_WEEDSGALORE_TRUTH_FREE_PROPOSAL_GRID_20260810_V3_T070_A032:054:0136
prospective_uniform	5	P2_WEEDSGALORE_TRUTH_FREE_PROPOSAL_GRID_20260810_V3_T070_A032:054:0159
prospective_uniform	5	P2_WEEDSGALORE_TRUTH_FREE_PROPOSAL_GRID_20260810_V3_T070_A032:054:0169
prospective_uniform	5	P2_WEEDSGALORE_TRUTH_FREE_PROPOSAL_GRID_20260810_V3_T070_A032:054:0179
prospective_uniform	5	P2_WEEDSGALORE_TRUTH_FREE_PROPOSAL_GRID_20260810_V3_T070_A032:054:0183
prospective_uniform	5	P2_WEEDSGALORE_TRUTH_FREE_PROPOSAL_GRID_20260810_V3_T070_A032:054:0202
prospective_uniform	5	P2_WEEDSGALORE_TRUTH_FREE_PROPOSAL_GRID_20260810_V3_T070_A032:058:0042
prospective_uniform	5	P2_WEEDSGALORE_TRUTH_FREE_PROPOSAL_GRID_20260810_V3_T070_A032:058:0056
prospective_uniform	5	P2_WEEDSGALORE_TRUTH_FREE_PROPOSAL_GRID_20260810_V3_T070_A032:059:0085
prospective_uniform	5	P2_WEEDSGALORE_TRUTH_FREE_PROPOSAL_GRID_20260810_V3_T070_A032:059:0086
prospective_uniform	5	P2_WEEDSGALORE_TRUTH_FREE_PROPOSAL_GRID_20260810_V3_T070_A032:059:0164
prospective_uniform	5	P2_WEEDSGALORE_TRUTH_FREE_PROPOSAL_GRID_20260810_V3_T070_A032:059:0168
prospective_uniform	5	P2_WEEDSGALORE_TRUTH_FREE_PROPOSAL_GRID_20260810_V3_T070_A032:060:0049
prospective_uniform	5	P2_WEEDSGALORE_TRUTH_FREE_PROPOSAL_GRID_20260810_V3_T070_A032:060:0099
prospective_uniform	5	P2_WEEDSGALORE_TRUTH_FREE_PROPOSAL_GRID_20260810_V3_T070_A032:060:0111
prospective_uniform	5	P2_WEEDSGALORE_TRUTH_FREE_PROPOSAL_GRID_20260810_V3_T070_A032:060:0135
prospective_uniform	5	P2_WEEDSGALORE_TRUTH_FREE_PROPOSAL_GRID_20260810_V3_T070_A032:060:0136
prospective_uniform	5	P2_WEEDSGALORE_TRUTH_FREE_PROPOSAL_GRID_20260810_V3_T070_A032:060:0157
prospective_uniform	5	P2_WEEDSGALORE_TRUTH_FREE_PROPOSAL_GRID_20260810_V3_T070_A032:060:0174
prospective_uniform	5	P2_WEEDSGALORE_TRUTH_FREE_PROPOSAL_GRID_20260810_V3_T070_A032:061:0064
prospective_uniform	5	P2_WEEDSGALORE_TRUTH_FREE_PROPOSAL_GRID_20260810_V3_T070_A032:061:0077
prospective_uniform	5	P2_WEEDSGALORE_TRUTH_FREE_PROPOSAL_GRID_20260810_V3_T070_A032:061:0078
prospective_uniform	5	P2_WEEDSGALORE_TRUTH_FREE_PROPOSAL_GRID_20260810_V3_T070_A032:061:0087
prospective_uniform	5	P2_WEEDSGALORE_TRUTH_FREE_PROPOSAL_GRID_20260810_V3_T070_A032:061:0100
prospective_uniform	5	P2_WEEDSGALORE_TRUTH_FREE_PROPOSAL_GRID_20260810_V3_T070_A032:061:0122
prospective_uniform	5	P2_WEEDSGALORE_TRUTH_FREE_PROPOSAL_GRID_20260810_V3_T070_A032:061:0159
prospective_uniform	5	P2_WEEDSGALORE_TRUTH_FREE_PROPOSAL_GRID_20260810_V3_T070_A032:061:0162
prospective_uniform	5	P2_WEEDSGALORE_TRUTH_FREE_PROPOSAL_GRID_20260810_V3_T070_A032:061:0167
prospective_uniform	5	P2_WEEDSGALORE_TRUTH_FREE_PROPOSAL_GRID_20260810_V3_T070_A032:062:0034
prospective_uniform	5	P2_WEEDSGALORE_TRUTH_FREE_PROPOSAL_GRID_20260810_V3_T070_A032:062:0054
prospective_uniform	5	P2_WEEDSGALORE_TRUTH_FREE_PROPOSAL_GRID_20260810_V3_T070_A032:062:0140
prospective_uniform	5	P2_WEEDSGALORE_TRUTH_FREE_PROPOSAL_GRID_20260810_V3_T070_A032:063:0048
prospective_uniform	5	P2_WEEDSGALORE_TRUTH_FREE_PROPOSAL_GRID_20260810_V3_T070_A032:064:0010
prospective_uniform	5	P2_WEEDSGALORE_TRUTH_FREE_PROPOSAL_GRID_20260810_V3_T070_A032:064:0021
prospective_uniform	5	P2_WEEDSGALORE_TRUTH_FREE_PROPOSAL_GRID_20260810_V3_T070_A032:064:0028
prospective_uniform	5	P2_WEEDSGALORE_TRUTH_FREE_PROPOSAL_GRID_20260810_V3_T070_A032:064:0033
prospective_uniform	5	P2_WEEDSGALORE_TRUTH_FREE_PROPOSAL_GRID_20260810_V3_T070_A032:064:0052
prospective_uniform	5	P2_WEEDSGALORE_TRUTH_FREE_PROPOSAL_GRID_20260810_V3_T070_A032:064:0055
prospective_uniform	5	P2_WEEDSGALORE_TRUTH_FREE_PROPOSAL_GRID_20260810_V3_T070_A032:064:0060
prospective_uniform	5	P2_WEEDSGALORE_TRUTH_FREE_PROPOSAL_GRID_20260810_V3_T070_A032:064:0116
prospective_uniform	5	P2_WEEDSGALORE_TRUTH_FREE_PROPOSAL_GRID_20260810_V3_T070_A032:064:0129
prospective_uniform	5	P2_WEEDSGALORE_TRUTH_FREE_PROPOSAL_GRID_20260810_V3_T070_A032:067:0054
prospective_uniform	5	P2_WEEDSGALORE_TRUTH_FREE_PROPOSAL_GRID_20260810_V3_T070_A032:067:0172
prospective_uniform	5	P2_WEEDSGALORE_TRUTH_FREE_PROPOSAL_GRID_20260810_V3_T070_A032:067:0173
prospective_uniform	5	P2_WEEDSGALORE_TRUTH_FREE_PROPOSAL_GRID_20260810_V3_T070_A032:067:0182
prospective_uniform	5	P2_WEEDSGALORE_TRUTH_FREE_PROPOSAL_GRID_20260810_V3_T070_A032:070:0026
prospective_uniform	5	P2_WEEDSGALORE_TRUTH_FREE_PROPOSAL_GRID_20260810_V3_T070_A032:070:0034
prospective_uniform	5	P2_WEEDSGALORE_TRUTH_FREE_PROPOSAL_GRID_20260810_V3_T070_A032:070:0107
prospective_uniform	5	P2_WEEDSGALORE_TRUTH_FREE_PROPOSAL_GRID_20260810_V3_T070_A032:070:0199
prospective_uniform	5	P2_WEEDSGALORE_TRUTH_FREE_PROPOSAL_GRID_20260810_V3_T070_A032:071:0014
prospective_uniform	5	P2_WEEDSGALORE_TRUTH_FREE_PROPOSAL_GRID_20260810_V3_T070_A032:071:0027
prospective_uniform	5	P2_WEEDSGALORE_TRUTH_FREE_PROPOSAL_GRID_20260810_V3_T070_A032:071:0045
prospective_uniform	5	P2_WEEDSGALORE_TRUTH_FREE_PROPOSAL_GRID_20260810_V3_T070_A032:071:0074
prospective_uniform	5	P2_WEEDSGALORE_TRUTH_FREE_PROPOSAL_GRID_20260810_V3_T070_A032:071:0095
prospective_uniform	5	P2_WEEDSGALORE_TRUTH_FREE_PROPOSAL_GRID_20260810_V3_T070_A032:071:0125
prospective_uniform	5	P2_WEEDSGALORE_TRUTH_FREE_PROPOSAL_GRID_20260810_V3_T070_A032:072:0015
prospective_uniform	5	P2_WEEDSGALORE_TRUTH_FREE_PROPOSAL_GRID_20260810_V3_T070_A032:072:0019
prospective_uniform	5	P2_WEEDSGALORE_TRUTH_FREE_PROPOSAL_GRID_20260810_V3_T070_A032:072:0022
prospective_uniform	5	P2_WEEDSGALORE_TRUTH_FREE_PROPOSAL_GRID_20260810_V3_T070_A032:072:0053
prospective_uniform	5	P2_WEEDSGALORE_TRUTH_FREE_PROPOSAL_GRID_20260810_V3_T070_A032:072:0071
prospective_uniform	5	P2_WEEDSGALORE_TRUTH_FREE_PROPOSAL_GRID_20260810_V3_T070_A032:073:0045
prospective_uniform	5	P2_WEEDSGALORE_TRUTH_FREE_PROPOSAL_GRID_20260810_V3_T070_A032:074:0014
prospective_uniform	5	P2_WEEDSGALORE_TRUTH_FREE_PROPOSAL_GRID_20260810_V3_T070_A032:074:0071
prospective_uniform	5	P2_WEEDSGALORE_TRUTH_FREE_PROPOSAL_GRID_20260810_V3_T070_A032:074:0078
prospective_uniform	5	P2_WEEDSGALORE_TRUTH_FREE_PROPOSAL_GRID_20260810_V3_T070_A032:074:0101
prospective_uniform	5	P2_WEEDSGALORE_TRUTH_FREE_PROPOSAL_GRID_20260810_V3_T070_A032:077:0029
prospective_uniform	5	P2_WEEDSGALORE_TRUTH_FREE_PROPOSAL_GRID_20260810_V3_T070_A032:077:0078
prospective_uniform	5	P2_WEEDSGALORE_TRUTH_FREE_PROPOSAL_GRID_20260810_V3_T070_A032:077:0107
prospective_uniform	5	P2_WEEDSGALORE_TRUTH_FREE_PROPOSAL_GRID_20260810_V3_T070_A032:077:0134
prospective_uniform	5	P2_WEEDSGALORE_TRUTH_FREE_PROPOSAL_GRID_20260810_V3_T070_A032:077:0135
prospective_uniform	5	P2_WEEDSGALORE_TRUTH_FREE_PROPOSAL_GRID_20260810_V3_T070_A032:077:0147
prospective_uniform	5	P2_WEEDSGALORE_TRUTH_FREE_PROPOSAL_GRID_20260810_V3_T070_A032:078:0013
prospective_uniform	5	P2_WEEDSGALORE_TRUTH_FREE_PROPOSAL_GRID_20260810_V3_T070_A032:078:0018
prospective_uniform	5	P2_WEEDSGALORE_TRUTH_FREE_PROPOSAL_GRID_20260810_V3_T070_A032:078:0048
prospective_uniform	5	P2_WEEDSGALORE_TRUTH_FREE_PROPOSAL_GRID_20260810_V3_T070_A032:078:0078
prospective_uniform	5	P2_WEEDSGALORE_TRUTH_FREE_PROPOSAL_GRID_20260810_V3_T070_A032:078:0131
prospective_uniform	5	P2_WEEDSGALORE_TRUTH_FREE_PROPOSAL_GRID_20260810_V3_T070_A032:078:0172
prospective_uniform	5	P2_WEEDSGALORE_TRUTH_FREE_PROPOSAL_GRID_20260810_V3_T070_A032:078:0181
prospective_uniform	5	P2_WEEDSGALORE_TRUTH_FREE_PROPOSAL_GRID_20260810_V3_T070_A032:078:0183
prospective_uniform	5	P2_WEEDSGALORE_TRUTH_FREE_PROPOSAL_GRID_20260810_V3_T070_A032:080:0108
prospective_uniform	5	P2_WEEDSGALORE_TRUTH_FREE_PROPOSAL_GRID_20260810_V3_T070_A032:080:0132
prospective_uniform	5	P2_WEEDSGALORE_TRUTH_FREE_PROPOSAL_GRID_20260810_V3_T070_A032:081:0011
prospective_uniform	5	P2_WEEDSGALORE_TRUTH_FREE_PROPOSAL_GRID_20260810_V3_T070_A032:083:0024
prospective_uniform	5	P2_WEEDSGALORE_TRUTH_FREE_PROPOSAL_GRID_20260810_V3_T070_A032:083:0034
prospective_uniform	5	P2_WEEDSGALORE_TRUTH_FREE_PROPOSAL_GRID_20260810_V3_T070_A032:083:0057
prospective_uniform	5	P2_WEEDSGALORE_TRUTH_FREE_PROPOSAL_GRID_20260810_V3_T070_A032:084:0022
prospective_uniform	5	P2_WEEDSGALORE_TRUTH_FREE_PROPOSAL_GRID_20260810_V3_T070_A032:084:0031
prospective_uniform	5	P2_WEEDSGALORE_TRUTH_FREE_PROPOSAL_GRID_20260810_V3_T070_A032:084:0035
prospective_uniform	5	P2_WEEDSGALORE_TRUTH_FREE_PROPOSAL_GRID_20260810_V3_T070_A032:085:0001
prospective_uniform	5	P2_WEEDSGALORE_TRUTH_FREE_PROPOSAL_GRID_20260810_V3_T070_A032:085:0017
prospective_uniform	5	P2_WEEDSGALORE_TRUTH_FREE_PROPOSAL_GRID_20260810_V3_T070_A032:086:0003
prospective_uniform	5	P2_WEEDSGALORE_TRUTH_FREE_PROPOSAL_GRID_20260810_V3_T070_A032:086:0020
prospective_uniform	5	P2_WEEDSGALORE_TRUTH_FREE_PROPOSAL_GRID_20260810_V3_T070_A032:086:0058
prospective_uniform	5	P2_WEEDSGALORE_TRUTH_FREE_PROPOSAL_GRID_20260810_V3_T070_A032:086:0069
prospective_uniform	5	P2_WEEDSGALORE_TRUTH_FREE_PROPOSAL_GRID_20260810_V3_T070_A032:089:0041
prospective_uniform	5	P2_WEEDSGALORE_TRUTH_FREE_PROPOSAL_GRID_20260810_V3_T070_A032:089:0090
prospective_uniform	5	P2_WEEDSGALORE_TRUTH_FREE_PROPOSAL_GRID_20260810_V3_T070_A032:090:0035
prospective_uniform	5	P2_WEEDSGALORE_TRUTH_FREE_PROPOSAL_GRID_20260810_V3_T070_A032:090:0041
prospective_uniform	5	P2_WEEDSGALORE_TRUTH_FREE_PROPOSAL_GRID_20260810_V3_T070_A032:091:0009
prospective_uniform	5	P2_WEEDSGALORE_TRUTH_FREE_PROPOSAL_GRID_20260810_V3_T070_A032:091:0054
prospective_uniform	5	P2_WEEDSGALORE_TRUTH_FREE_PROPOSAL_GRID_20260810_V3_T070_A032:092:0001
prospective_uniform	5	P2_WEEDSGALORE_TRUTH_FREE_PROPOSAL_GRID_20260810_V3_T070_A032:092:0016
prospective_uniform	5	P2_WEEDSGALORE_TRUTH_FREE_PROPOSAL_GRID_20260810_V3_T070_A032:092:0067
prospective_uniform	5	P2_WEEDSGALORE_TRUTH_FREE_PROPOSAL_GRID_20260810_V3_T070_A032:092:0072
prospective_uniform	5	P2_WEEDSGALORE_TRUTH_FREE_PROPOSAL_GRID_20260810_V3_T070_A032:092:0074
prospective_uniform	5	P2_WEEDSGALORE_TRUTH_FREE_PROPOSAL_GRID_20260810_V3_T070_A032:093:0026
prospective_uniform	5	P2_WEEDSGALORE_TRUTH_FREE_PROPOSAL_GRID_20260810_V3_T070_A032:094:0001
prospective_uniform	5	P2_WEEDSGALORE_TRUTH_FREE_PROPOSAL_GRID_20260810_V3_T070_A032:094:0010
prospective_uniform	5	P2_WEEDSGALORE_TRUTH_FREE_PROPOSAL_GRID_20260810_V3_T070_A032:094:0032
prospective_uniform	5	P2_WEEDSGALORE_TRUTH_FREE_PROPOSAL_GRID_20260810_V3_T070_A032:097:0016
prospective_uniform	5	P2_WEEDSGALORE_TRUTH_FREE_PROPOSAL_GRID_20260810_V3_T070_A032:101:0018
prospective_uniform	5	P2_WEEDSGALORE_TRUTH_FREE_PROPOSAL_GRID_20260810_V3_T070_A032:101:0034
prospective_uniform	5	P2_WEEDSGALORE_TRUTH_FREE_PROPOSAL_GRID_20260810_V3_T070_A032:101:0044
prospective_uniform	5	P2_WEEDSGALORE_TRUTH_FREE_PROPOSAL_GRID_20260810_V3_T070_A032:101:0047
prospective_uniform	5	P2_WEEDSGALORE_TRUTH_FREE_PROPOSAL_GRID_20260810_V3_T070_A032:101:0079
prospective_uniform	5	P2_WEEDSGALORE_TRUTH_FREE_PROPOSAL_GRID_20260810_V3_T070_A032:101:0088
prospective_uniform	5	P2_WEEDSGALORE_TRUTH_FREE_PROPOSAL_GRID_20260810_V3_T070_A032:102:0011
prospective_uniform	5	P2_WEEDSGALORE_TRUTH_FREE_PROPOSAL_GRID_20260810_V3_T070_A032:102:0017
prospective_uniform	5	P2_WEEDSGALORE_TRUTH_FREE_PROPOSAL_GRID_20260810_V3_T070_A032:104:0005
prospective_uniform	5	P2_WEEDSGALORE_TRUTH_FREE_PROPOSAL_GRID_20260810_V3_T070_A032:106:0008
prospective_uniform	5	P2_WEEDSGALORE_TRUTH_FREE_PROPOSAL_GRID_20260810_V3_T070_A032:106:0028
prospective_uniform	5	P2_WEEDSGALORE_TRUTH_FREE_PROPOSAL_GRID_20260810_V3_T070_A032:107:0033
prospective_uniform	5	P2_WEEDSGALORE_TRUTH_FREE_PROPOSAL_GRID_20260810_V3_T070_A032:107:0055
prospective_uniform	5	P2_WEEDSGALORE_TRUTH_FREE_PROPOSAL_GRID_20260810_V3_T070_A032:107:0070
prospective_uniform	5	P2_WEEDSGALORE_TRUTH_FREE_PROPOSAL_GRID_20260810_V3_T070_A032:108:0054
prospective_uniform	5	P2_WEEDSGALORE_TRUTH_FREE_PROPOSAL_GRID_20260810_V3_T070_A032:110:0083
prospective_uniform	5	P2_WEEDSGALORE_TRUTH_FREE_PROPOSAL_GRID_20260810_V3_T070_A032:110:0084
prospective_uniform	5	P2_WEEDSGALORE_TRUTH_FREE_PROPOSAL_GRID_20260810_V3_T070_A032:111:0011
prospective_uniform	5	P2_WEEDSGALORE_TRUTH_FREE_PROPOSAL_GRID_20260810_V3_T070_A032:111:0039
prospective_uniform	5	P2_WEEDSGALORE_TRUTH_FREE_PROPOSAL_GRID_20260810_V3_T070_A032:114:0028
prospective_uniform	5	P2_WEEDSGALORE_TRUTH_FREE_PROPOSAL_GRID_20260810_V3_T070_A032:114:0061
prospective_uniform	5	P2_WEEDSGALORE_TRUTH_FREE_PROPOSAL_GRID_20260810_V3_T070_A032:114:0063
prospective_uniform	5	P2_WEEDSGALORE_TRUTH_FREE_PROPOSAL_GRID_20260810_V3_T070_A032:115:0046
prospective_uniform	5	P2_WEEDSGALORE_TRUTH_FREE_PROPOSAL_GRID_20260810_V3_T070_A032:116:0001
prospective_uniform	5	P2_WEEDSGALORE_TRUTH_FREE_PROPOSAL_GRID_20260810_V3_T070_A032:116:0022
prospective_uniform	5	P2_WEEDSGALORE_TRUTH_FREE_PROPOSAL_GRID_20260810_V3_T070_A032:116:0032
prospective_uniform	5	P2_WEEDSGALORE_TRUTH_FREE_PROPOSAL_GRID_20260810_V3_T070_A032:116:0073
prospective_uniform	5	P2_WEEDSGALORE_TRUTH_FREE_PROPOSAL_GRID_20260810_V3_T070_A032:116:0084
prospective_uniform	5	P2_WEEDSGALORE_TRUTH_FREE_PROPOSAL_GRID_20260810_V3_T070_A032:119:0001
prospective_uniform	5	P2_WEEDSGALORE_TRUTH_FREE_PROPOSAL_GRID_20260810_V3_T070_A032:119:0017
prospective_uniform	5	P2_WEEDSGALORE_TRUTH_FREE_PROPOSAL_GRID_20260810_V3_T070_A032:120:0020
prospective_uniform	5	P2_WEEDSGALORE_TRUTH_FREE_PROPOSAL_GRID_20260810_V3_T070_A032:120:0035
prospective_uniform	5	P2_WEEDSGALORE_TRUTH_FREE_PROPOSAL_GRID_20260810_V3_T070_A032:120:0052
prospective_uniform	5	P2_WEEDSGALORE_TRUTH_FREE_PROPOSAL_GRID_20260810_V3_T070_A032:121:0030
prospective_uniform	5	P2_WEEDSGALORE_TRUTH_FREE_PROPOSAL_GRID_20260810_V3_T070_A032:122:0002
prospective_uniform	5	P2_WEEDSGALORE_TRUTH_FREE_PROPOSAL_GRID_20260810_V3_T070_A032:122:0004
prospective_uniform	5	P2_WEEDSGALORE_TRUTH_FREE_PROPOSAL_GRID_20260810_V3_T070_A032:122:0007
prospective_uniform	5	P2_WEEDSGALORE_TRUTH_FREE_PROPOSAL_GRID_20260810_V3_T070_A032:123:0043
prospective_uniform	5	P2_WEEDSGALORE_TRUTH_FREE_PROPOSAL_GRID_20260810_V3_T070_A032:123:0069
prospective_uniform	5	P2_WEEDSGALORE_TRUTH_FREE_PROPOSAL_GRID_20260810_V3_T070_A032:127:0023
prospective_uniform	5	P2_WEEDSGALORE_TRUTH_FREE_PROPOSAL_GRID_20260810_V3_T070_A032:127:0036
prospective_uniform	5	P2_WEEDSGALORE_TRUTH_FREE_PROPOSAL_GRID_20260810_V3_T070_A032:127:0051
prospective_uniform	5	P2_WEEDSGALORE_TRUTH_FREE_PROPOSAL_GRID_20260810_V3_T070_A032:127:0061
prospective_uniform	5	P2_WEEDSGALORE_TRUTH_FREE_PROPOSAL_GRID_20260810_V3_T070_A032:128:0011
prospective_uniform	5	P2_WEEDSGALORE_TRUTH_FREE_PROPOSAL_GRID_20260810_V3_T070_A032:128:0046
prospective_uniform	5	P2_WEEDSGALORE_TRUTH_FREE_PROPOSAL_GRID_20260810_V3_T070_A032:128:0062
prospective_uniform	5	P2_WEEDSGALORE_TRUTH_FREE_PROPOSAL_GRID_20260810_V3_T070_A032:128:0082
prospective_uniform	5	P2_WEEDSGALORE_TRUTH_FREE_PROPOSAL_GRID_20260810_V3_T070_A032:130:0003
prospective_uniform	5	P2_WEEDSGALORE_TRUTH_FREE_PROPOSAL_GRID_20260810_V3_T070_A032:130:0010
prospective_uniform	5	P2_WEEDSGALORE_TRUTH_FREE_PROPOSAL_GRID_20260810_V3_T070_A032:130:0019
prospective_uniform	5	P2_WEEDSGALORE_TRUTH_FREE_PROPOSAL_GRID_20260810_V3_T070_A032:130:0023
prospective_uniform	5	P2_WEEDSGALORE_TRUTH_FREE_PROPOSAL_GRID_20260810_V3_T070_A032:130:0056
prospective_uniform	5	P2_WEEDSGALORE_TRUTH_FREE_PROPOSAL_GRID_20260810_V3_T070_A032:130:0059
prospective_uniform	5	P2_WEEDSGALORE_TRUTH_FREE_PROPOSAL_GRID_20260810_V3_T070_A032:133:0065
prospective_uniform	5	P2_WEEDSGALORE_TRUTH_FREE_PROPOSAL_GRID_20260810_V3_T070_A032:134:0028
prospective_uniform	5	P2_WEEDSGALORE_TRUTH_FREE_PROPOSAL_GRID_20260810_V3_T070_A032:135:0026
prospective_uniform	5	P2_WEEDSGALORE_TRUTH_FREE_PROPOSAL_GRID_20260810_V3_T070_A032:135:0047
prospective_uniform	5	P2_WEEDSGALORE_TRUTH_FREE_PROPOSAL_GRID_20260810_V3_T070_A032:136:0002
prospective_uniform	5	P2_WEEDSGALORE_TRUTH_FREE_PROPOSAL_GRID_20260810_V3_T070_A032:136:0014
prospective_uniform	5	P2_WEEDSGALORE_TRUTH_FREE_PROPOSAL_GRID_20260810_V3_T070_A032:139:0001
prospective_uniform	5	P2_WEEDSGALORE_TRUTH_FREE_PROPOSAL_GRID_20260810_V3_T070_A032:139:0036
prospective_uniform	5	P2_WEEDSGALORE_TRUTH_FREE_PROPOSAL_GRID_20260810_V3_T070_A032:139:0068
prospective_uniform	5	P2_WEEDSGALORE_TRUTH_FREE_PROPOSAL_GRID_20260810_V3_T070_A032:142:0044
prospective_uniform	5	P2_WEEDSGALORE_TRUTH_FREE_PROPOSAL_GRID_20260810_V3_T070_A032:143:0026
prospective_uniform	5	P2_WEEDSGALORE_TRUTH_FREE_PROPOSAL_GRID_20260810_V3_T070_A032:143:0042
prospective_uniform	5	P2_WEEDSGALORE_TRUTH_FREE_PROPOSAL_GRID_20260810_V3_T070_A032:144:0038
prospective_uniform	5	P2_WEEDSGALORE_TRUTH_FREE_PROPOSAL_GRID_20260810_V3_T070_A032:144:0051
prospective_uniform	5	P2_WEEDSGALORE_TRUTH_FREE_PROPOSAL_GRID_20260810_V3_T070_A032:144:0061
prospective_uniform	5	P2_WEEDSGALORE_TRUTH_FREE_PROPOSAL_GRID_20260810_V3_T070_A032:144:0070
prospective_uniform	5	P2_WEEDSGALORE_TRUTH_FREE_PROPOSAL_GRID_20260810_V3_T070_A032:146:0005
prospective_uniform	5	P2_WEEDSGALORE_TRUTH_FREE_PROPOSAL_GRID_20260810_V3_T070_A032:146:0022
prospective_uniform	5	P2_WEEDSGALORE_TRUTH_FREE_PROPOSAL_GRID_20260810_V3_T070_A032:146:0030
prospective_uniform	5	P2_WEEDSGALORE_TRUTH_FREE_PROPOSAL_GRID_20260810_V3_T070_A032:146:0037
prospective_uniform	5	P2_WEEDSGALORE_TRUTH_FREE_PROPOSAL_GRID_20260810_V3_T070_A032:148:0019
prospective_uniform	5	P2_WEEDSGALORE_TRUTH_FREE_PROPOSAL_GRID_20260810_V3_T070_A032:150:0004
prospective_uniform	5	P2_WEEDSGALORE_TRUTH_FREE_PROPOSAL_GRID_20260810_V3_T070_A032:150:0022
prospective_uniform	5	P2_WEEDSGALORE_TRUTH_FREE_PROPOSAL_GRID_20260810_V3_T070_A032:151:0005
prospective_uniform	5	P2_WEEDSGALORE_TRUTH_FREE_PROPOSAL_GRID_20260810_V3_T070_A032:151:0032
prospective_uniform	5	P2_WEEDSGALORE_TRUTH_FREE_PROPOSAL_GRID_20260810_V3_T070_A032:153:0063
prospective_uniform	5	P2_WEEDSGALORE_TRUTH_FREE_PROPOSAL_GRID_20260810_V3_T070_A032:153:0115
prospective_uniform	5	P2_WEEDSGALORE_TRUTH_FREE_PROPOSAL_GRID_20260810_V3_T070_A032:155:0070
prospective_dinov2_coreset	5	P2_WEEDSGALORE_TRUTH_FREE_PROPOSAL_GRID_20260810_V3_T070_A032:004:0094
prospective_dinov2_coreset	5	P2_WEEDSGALORE_TRUTH_FREE_PROPOSAL_GRID_20260810_V3_T070_A032:005:0006
prospective_dinov2_coreset	5	P2_WEEDSGALORE_TRUTH_FREE_PROPOSAL_GRID_20260810_V3_T070_A032:005:0011
prospective_dinov2_coreset	5	P2_WEEDSGALORE_TRUTH_FREE_PROPOSAL_GRID_20260810_V3_T070_A032:005:0030
prospective_dinov2_coreset	5	P2_WEEDSGALORE_TRUTH_FREE_PROPOSAL_GRID_20260810_V3_T070_A032:005:0051
prospective_dinov2_coreset	5	P2_WEEDSGALORE_TRUTH_FREE_PROPOSAL_GRID_20260810_V3_T070_A032:005:0057
prospective_dinov2_coreset	5	P2_WEEDSGALORE_TRUTH_FREE_PROPOSAL_GRID_20260810_V3_T070_A032:005:0062
prospective_dinov2_coreset	5	P2_WEEDSGALORE_TRUTH_FREE_PROPOSAL_GRID_20260810_V3_T070_A032:005:0065
prospective_dinov2_coreset	5	P2_WEEDSGALORE_TRUTH_FREE_PROPOSAL_GRID_20260810_V3_T070_A032:005:0073
prospective_dinov2_coreset	5	P2_WEEDSGALORE_TRUTH_FREE_PROPOSAL_GRID_20260810_V3_T070_A032:005:0111
prospective_dinov2_coreset	5	P2_WEEDSGALORE_TRUTH_FREE_PROPOSAL_GRID_20260810_V3_T070_A032:005:0122
prospective_dinov2_coreset	5	P2_WEEDSGALORE_TRUTH_FREE_PROPOSAL_GRID_20260810_V3_T070_A032:005:0153
prospective_dinov2_coreset	5	P2_WEEDSGALORE_TRUTH_FREE_PROPOSAL_GRID_20260810_V3_T070_A032:006:0063
prospective_dinov2_coreset	5	P2_WEEDSGALORE_TRUTH_FREE_PROPOSAL_GRID_20260810_V3_T070_A032:006:0076
prospective_dinov2_coreset	5	P2_WEEDSGALORE_TRUTH_FREE_PROPOSAL_GRID_20260810_V3_T070_A032:006:0084
prospective_dinov2_coreset	5	P2_WEEDSGALORE_TRUTH_FREE_PROPOSAL_GRID_20260810_V3_T070_A032:006:0251
prospective_dinov2_coreset	5	P2_WEEDSGALORE_TRUTH_FREE_PROPOSAL_GRID_20260810_V3_T070_A032:006:0262
prospective_dinov2_coreset	5	P2_WEEDSGALORE_TRUTH_FREE_PROPOSAL_GRID_20260810_V3_T070_A032:006:0268
prospective_dinov2_coreset	5	P2_WEEDSGALORE_TRUTH_FREE_PROPOSAL_GRID_20260810_V3_T070_A032:009:0009
prospective_dinov2_coreset	5	P2_WEEDSGALORE_TRUTH_FREE_PROPOSAL_GRID_20260810_V3_T070_A032:009:0064
prospective_dinov2_coreset	5	P2_WEEDSGALORE_TRUTH_FREE_PROPOSAL_GRID_20260810_V3_T070_A032:009:0067
prospective_dinov2_coreset	5	P2_WEEDSGALORE_TRUTH_FREE_PROPOSAL_GRID_20260810_V3_T070_A032:010:0025
prospective_dinov2_coreset	5	P2_WEEDSGALORE_TRUTH_FREE_PROPOSAL_GRID_20260810_V3_T070_A032:010:0091
prospective_dinov2_coreset	5	P2_WEEDSGALORE_TRUTH_FREE_PROPOSAL_GRID_20260810_V3_T070_A032:010:0098
prospective_dinov2_coreset	5	P2_WEEDSGALORE_TRUTH_FREE_PROPOSAL_GRID_20260810_V3_T070_A032:010:0128
prospective_dinov2_coreset	5	P2_WEEDSGALORE_TRUTH_FREE_PROPOSAL_GRID_20260810_V3_T070_A032:010:0175
prospective_dinov2_coreset	5	P2_WEEDSGALORE_TRUTH_FREE_PROPOSAL_GRID_20260810_V3_T070_A032:010:0215
prospective_dinov2_coreset	5	P2_WEEDSGALORE_TRUTH_FREE_PROPOSAL_GRID_20260810_V3_T070_A032:011:0053
prospective_dinov2_coreset	5	P2_WEEDSGALORE_TRUTH_FREE_PROPOSAL_GRID_20260810_V3_T070_A032:011:0079
prospective_dinov2_coreset	5	P2_WEEDSGALORE_TRUTH_FREE_PROPOSAL_GRID_20260810_V3_T070_A032:011:0103
prospective_dinov2_coreset	5	P2_WEEDSGALORE_TRUTH_FREE_PROPOSAL_GRID_20260810_V3_T070_A032:011:0154
prospective_dinov2_coreset	5	P2_WEEDSGALORE_TRUTH_FREE_PROPOSAL_GRID_20260810_V3_T070_A032:012:0018
prospective_dinov2_coreset	5	P2_WEEDSGALORE_TRUTH_FREE_PROPOSAL_GRID_20260810_V3_T070_A032:012:0029
prospective_dinov2_coreset	5	P2_WEEDSGALORE_TRUTH_FREE_PROPOSAL_GRID_20260810_V3_T070_A032:012:0037
prospective_dinov2_coreset	5	P2_WEEDSGALORE_TRUTH_FREE_PROPOSAL_GRID_20260810_V3_T070_A032:012:0099
prospective_dinov2_coreset	5	P2_WEEDSGALORE_TRUTH_FREE_PROPOSAL_GRID_20260810_V3_T070_A032:012:0159
prospective_dinov2_coreset	5	P2_WEEDSGALORE_TRUTH_FREE_PROPOSAL_GRID_20260810_V3_T070_A032:012:0166
prospective_dinov2_coreset	5	P2_WEEDSGALORE_TRUTH_FREE_PROPOSAL_GRID_20260810_V3_T070_A032:012:0178
prospective_dinov2_coreset	5	P2_WEEDSGALORE_TRUTH_FREE_PROPOSAL_GRID_20260810_V3_T070_A032:012:0189
prospective_dinov2_coreset	5	P2_WEEDSGALORE_TRUTH_FREE_PROPOSAL_GRID_20260810_V3_T070_A032:013:0001
prospective_dinov2_coreset	5	P2_WEEDSGALORE_TRUTH_FREE_PROPOSAL_GRID_20260810_V3_T070_A032:014:0003
prospective_dinov2_coreset	5	P2_WEEDSGALORE_TRUTH_FREE_PROPOSAL_GRID_20260810_V3_T070_A032:014:0011
prospective_dinov2_coreset	5	P2_WEEDSGALORE_TRUTH_FREE_PROPOSAL_GRID_20260810_V3_T070_A032:014:0059
prospective_dinov2_coreset	5	P2_WEEDSGALORE_TRUTH_FREE_PROPOSAL_GRID_20260810_V3_T070_A032:015:0011
prospective_dinov2_coreset	5	P2_WEEDSGALORE_TRUTH_FREE_PROPOSAL_GRID_20260810_V3_T070_A032:015:0013
prospective_dinov2_coreset	5	P2_WEEDSGALORE_TRUTH_FREE_PROPOSAL_GRID_20260810_V3_T070_A032:018:0030
prospective_dinov2_coreset	5	P2_WEEDSGALORE_TRUTH_FREE_PROPOSAL_GRID_20260810_V3_T070_A032:018:0048
prospective_dinov2_coreset	5	P2_WEEDSGALORE_TRUTH_FREE_PROPOSAL_GRID_20260810_V3_T070_A032:018:0090
prospective_dinov2_coreset	5	P2_WEEDSGALORE_TRUTH_FREE_PROPOSAL_GRID_20260810_V3_T070_A032:018:0102
prospective_dinov2_coreset	5	P2_WEEDSGALORE_TRUTH_FREE_PROPOSAL_GRID_20260810_V3_T070_A032:018:0125
prospective_dinov2_coreset	5	P2_WEEDSGALORE_TRUTH_FREE_PROPOSAL_GRID_20260810_V3_T070_A032:018:0139
prospective_dinov2_coreset	5	P2_WEEDSGALORE_TRUTH_FREE_PROPOSAL_GRID_20260810_V3_T070_A032:018:0140
prospective_dinov2_coreset	5	P2_WEEDSGALORE_TRUTH_FREE_PROPOSAL_GRID_20260810_V3_T070_A032:018:0179
prospective_dinov2_coreset	5	P2_WEEDSGALORE_TRUTH_FREE_PROPOSAL_GRID_20260810_V3_T070_A032:018:0181
prospective_dinov2_coreset	5	P2_WEEDSGALORE_TRUTH_FREE_PROPOSAL_GRID_20260810_V3_T070_A032:019:0025
prospective_dinov2_coreset	5	P2_WEEDSGALORE_TRUTH_FREE_PROPOSAL_GRID_20260810_V3_T070_A032:020:0009
prospective_dinov2_coreset	5	P2_WEEDSGALORE_TRUTH_FREE_PROPOSAL_GRID_20260810_V3_T070_A032:020:0021
prospective_dinov2_coreset	5	P2_WEEDSGALORE_TRUTH_FREE_PROPOSAL_GRID_20260810_V3_T070_A032:020:0056
prospective_dinov2_coreset	5	P2_WEEDSGALORE_TRUTH_FREE_PROPOSAL_GRID_20260810_V3_T070_A032:023:0003
prospective_dinov2_coreset	5	P2_WEEDSGALORE_TRUTH_FREE_PROPOSAL_GRID_20260810_V3_T070_A032:023:0106
prospective_dinov2_coreset	5	P2_WEEDSGALORE_TRUTH_FREE_PROPOSAL_GRID_20260810_V3_T070_A032:024:0007
prospective_dinov2_coreset	5	P2_WEEDSGALORE_TRUTH_FREE_PROPOSAL_GRID_20260810_V3_T070_A032:024:0092
prospective_dinov2_coreset	5	P2_WEEDSGALORE_TRUTH_FREE_PROPOSAL_GRID_20260810_V3_T070_A032:024:0097
prospective_dinov2_coreset	5	P2_WEEDSGALORE_TRUTH_FREE_PROPOSAL_GRID_20260810_V3_T070_A032:025:0033
prospective_dinov2_coreset	5	P2_WEEDSGALORE_TRUTH_FREE_PROPOSAL_GRID_20260810_V3_T070_A032:025:0060
prospective_dinov2_coreset	5	P2_WEEDSGALORE_TRUTH_FREE_PROPOSAL_GRID_20260810_V3_T070_A032:025:0079
prospective_dinov2_coreset	5	P2_WEEDSGALORE_TRUTH_FREE_PROPOSAL_GRID_20260810_V3_T070_A032:030:0005
prospective_dinov2_coreset	5	P2_WEEDSGALORE_TRUTH_FREE_PROPOSAL_GRID_20260810_V3_T070_A032:030:0029
prospective_dinov2_coreset	5	P2_WEEDSGALORE_TRUTH_FREE_PROPOSAL_GRID_20260810_V3_T070_A032:030:0033
prospective_dinov2_coreset	5	P2_WEEDSGALORE_TRUTH_FREE_PROPOSAL_GRID_20260810_V3_T070_A032:030:0050
prospective_dinov2_coreset	5	P2_WEEDSGALORE_TRUTH_FREE_PROPOSAL_GRID_20260810_V3_T070_A032:030:0052
prospective_dinov2_coreset	5	P2_WEEDSGALORE_TRUTH_FREE_PROPOSAL_GRID_20260810_V3_T070_A032:031:0003
prospective_dinov2_coreset	5	P2_WEEDSGALORE_TRUTH_FREE_PROPOSAL_GRID_20260810_V3_T070_A032:031:0006
prospective_dinov2_coreset	5	P2_WEEDSGALORE_TRUTH_FREE_PROPOSAL_GRID_20260810_V3_T070_A032:031:0020
prospective_dinov2_coreset	5	P2_WEEDSGALORE_TRUTH_FREE_PROPOSAL_GRID_20260810_V3_T070_A032:032:0025
prospective_dinov2_coreset	5	P2_WEEDSGALORE_TRUTH_FREE_PROPOSAL_GRID_20260810_V3_T070_A032:032:0028
prospective_dinov2_coreset	5	P2_WEEDSGALORE_TRUTH_FREE_PROPOSAL_GRID_20260810_V3_T070_A032:032:0057
prospective_dinov2_coreset	5	P2_WEEDSGALORE_TRUTH_FREE_PROPOSAL_GRID_20260810_V3_T070_A032:034:0022
prospective_dinov2_coreset	5	P2_WEEDSGALORE_TRUTH_FREE_PROPOSAL_GRID_20260810_V3_T070_A032:034:0030
prospective_dinov2_coreset	5	P2_WEEDSGALORE_TRUTH_FREE_PROPOSAL_GRID_20260810_V3_T070_A032:034:0037
prospective_dinov2_coreset	5	P2_WEEDSGALORE_TRUTH_FREE_PROPOSAL_GRID_20260810_V3_T070_A032:034:0081
prospective_dinov2_coreset	5	P2_WEEDSGALORE_TRUTH_FREE_PROPOSAL_GRID_20260810_V3_T070_A032:034:0084
prospective_dinov2_coreset	5	P2_WEEDSGALORE_TRUTH_FREE_PROPOSAL_GRID_20260810_V3_T070_A032:034:0100
prospective_dinov2_coreset	5	P2_WEEDSGALORE_TRUTH_FREE_PROPOSAL_GRID_20260810_V3_T070_A032:034:0107
prospective_dinov2_coreset	5	P2_WEEDSGALORE_TRUTH_FREE_PROPOSAL_GRID_20260810_V3_T070_A032:034:0134
prospective_dinov2_coreset	5	P2_WEEDSGALORE_TRUTH_FREE_PROPOSAL_GRID_20260810_V3_T070_A032:034:0156
prospective_dinov2_coreset	5	P2_WEEDSGALORE_TRUTH_FREE_PROPOSAL_GRID_20260810_V3_T070_A032:035:0036
prospective_dinov2_coreset	5	P2_WEEDSGALORE_TRUTH_FREE_PROPOSAL_GRID_20260810_V3_T070_A032:035:0039
prospective_dinov2_coreset	5	P2_WEEDSGALORE_TRUTH_FREE_PROPOSAL_GRID_20260810_V3_T070_A032:035:0048
prospective_dinov2_coreset	5	P2_WEEDSGALORE_TRUTH_FREE_PROPOSAL_GRID_20260810_V3_T070_A032:037:0008
prospective_dinov2_coreset	5	P2_WEEDSGALORE_TRUTH_FREE_PROPOSAL_GRID_20260810_V3_T070_A032:037:0021
prospective_dinov2_coreset	5	P2_WEEDSGALORE_TRUTH_FREE_PROPOSAL_GRID_20260810_V3_T070_A032:037:0046
prospective_dinov2_coreset	5	P2_WEEDSGALORE_TRUTH_FREE_PROPOSAL_GRID_20260810_V3_T070_A032:038:0016
prospective_dinov2_coreset	5	P2_WEEDSGALORE_TRUTH_FREE_PROPOSAL_GRID_20260810_V3_T070_A032:038:0032
prospective_dinov2_coreset	5	P2_WEEDSGALORE_TRUTH_FREE_PROPOSAL_GRID_20260810_V3_T070_A032:039:0026
prospective_dinov2_coreset	5	P2_WEEDSGALORE_TRUTH_FREE_PROPOSAL_GRID_20260810_V3_T070_A032:039:0031
prospective_dinov2_coreset	5	P2_WEEDSGALORE_TRUTH_FREE_PROPOSAL_GRID_20260810_V3_T070_A032:040:0004
prospective_dinov2_coreset	5	P2_WEEDSGALORE_TRUTH_FREE_PROPOSAL_GRID_20260810_V3_T070_A032:040:0010
prospective_dinov2_coreset	5	P2_WEEDSGALORE_TRUTH_FREE_PROPOSAL_GRID_20260810_V3_T070_A032:040:0029
prospective_dinov2_coreset	5	P2_WEEDSGALORE_TRUTH_FREE_PROPOSAL_GRID_20260810_V3_T070_A032:043:0014
prospective_dinov2_coreset	5	P2_WEEDSGALORE_TRUTH_FREE_PROPOSAL_GRID_20260810_V3_T070_A032:043:0055
prospective_dinov2_coreset	5	P2_WEEDSGALORE_TRUTH_FREE_PROPOSAL_GRID_20260810_V3_T070_A032:046:0015
prospective_dinov2_coreset	5	P2_WEEDSGALORE_TRUTH_FREE_PROPOSAL_GRID_20260810_V3_T070_A032:046:0016
prospective_dinov2_coreset	5	P2_WEEDSGALORE_TRUTH_FREE_PROPOSAL_GRID_20260810_V3_T070_A032:046:0020
prospective_dinov2_coreset	5	P2_WEEDSGALORE_TRUTH_FREE_PROPOSAL_GRID_20260810_V3_T070_A032:047:0006
prospective_dinov2_coreset	5	P2_WEEDSGALORE_TRUTH_FREE_PROPOSAL_GRID_20260810_V3_T070_A032:047:0020
prospective_dinov2_coreset	5	P2_WEEDSGALORE_TRUTH_FREE_PROPOSAL_GRID_20260810_V3_T070_A032:051:0021
prospective_dinov2_coreset	5	P2_WEEDSGALORE_TRUTH_FREE_PROPOSAL_GRID_20260810_V3_T070_A032:051:0043
prospective_dinov2_coreset	5	P2_WEEDSGALORE_TRUTH_FREE_PROPOSAL_GRID_20260810_V3_T070_A032:052:0061
prospective_dinov2_coreset	5	P2_WEEDSGALORE_TRUTH_FREE_PROPOSAL_GRID_20260810_V3_T070_A032:052:0063
prospective_dinov2_coreset	5	P2_WEEDSGALORE_TRUTH_FREE_PROPOSAL_GRID_20260810_V3_T070_A032:052:0079
prospective_dinov2_coreset	5	P2_WEEDSGALORE_TRUTH_FREE_PROPOSAL_GRID_20260810_V3_T070_A032:052:0170
prospective_dinov2_coreset	5	P2_WEEDSGALORE_TRUTH_FREE_PROPOSAL_GRID_20260810_V3_T070_A032:052:0194
prospective_dinov2_coreset	5	P2_WEEDSGALORE_TRUTH_FREE_PROPOSAL_GRID_20260810_V3_T070_A032:053:0005
prospective_dinov2_coreset	5	P2_WEEDSGALORE_TRUTH_FREE_PROPOSAL_GRID_20260810_V3_T070_A032:053:0015
prospective_dinov2_coreset	5	P2_WEEDSGALORE_TRUTH_FREE_PROPOSAL_GRID_20260810_V3_T070_A032:053:0031
prospective_dinov2_coreset	5	P2_WEEDSGALORE_TRUTH_FREE_PROPOSAL_GRID_20260810_V3_T070_A032:053:0064
prospective_dinov2_coreset	5	P2_WEEDSGALORE_TRUTH_FREE_PROPOSAL_GRID_20260810_V3_T070_A032:053:0082
prospective_dinov2_coreset	5	P2_WEEDSGALORE_TRUTH_FREE_PROPOSAL_GRID_20260810_V3_T070_A032:053:0124
prospective_dinov2_coreset	5	P2_WEEDSGALORE_TRUTH_FREE_PROPOSAL_GRID_20260810_V3_T070_A032:053:0132
prospective_dinov2_coreset	5	P2_WEEDSGALORE_TRUTH_FREE_PROPOSAL_GRID_20260810_V3_T070_A032:053:0150
prospective_dinov2_coreset	5	P2_WEEDSGALORE_TRUTH_FREE_PROPOSAL_GRID_20260810_V3_T070_A032:054:0053
prospective_dinov2_coreset	5	P2_WEEDSGALORE_TRUTH_FREE_PROPOSAL_GRID_20260810_V3_T070_A032:054:0066
prospective_dinov2_coreset	5	P2_WEEDSGALORE_TRUTH_FREE_PROPOSAL_GRID_20260810_V3_T070_A032:054:0084
prospective_dinov2_coreset	5	P2_WEEDSGALORE_TRUTH_FREE_PROPOSAL_GRID_20260810_V3_T070_A032:054:0085
prospective_dinov2_coreset	5	P2_WEEDSGALORE_TRUTH_FREE_PROPOSAL_GRID_20260810_V3_T070_A032:054:0106
prospective_dinov2_coreset	5	P2_WEEDSGALORE_TRUTH_FREE_PROPOSAL_GRID_20260810_V3_T070_A032:054:0154
prospective_dinov2_coreset	5	P2_WEEDSGALORE_TRUTH_FREE_PROPOSAL_GRID_20260810_V3_T070_A032:054:0180
prospective_dinov2_coreset	5	P2_WEEDSGALORE_TRUTH_FREE_PROPOSAL_GRID_20260810_V3_T070_A032:054:0186
prospective_dinov2_coreset	5	P2_WEEDSGALORE_TRUTH_FREE_PROPOSAL_GRID_20260810_V3_T070_A032:054:0191
prospective_dinov2_coreset	5	P2_WEEDSGALORE_TRUTH_FREE_PROPOSAL_GRID_20260810_V3_T070_A032:054:0212
prospective_dinov2_coreset	5	P2_WEEDSGALORE_TRUTH_FREE_PROPOSAL_GRID_20260810_V3_T070_A032:057:0021
prospective_dinov2_coreset	5	P2_WEEDSGALORE_TRUTH_FREE_PROPOSAL_GRID_20260810_V3_T070_A032:058:0001
prospective_dinov2_coreset	5	P2_WEEDSGALORE_TRUTH_FREE_PROPOSAL_GRID_20260810_V3_T070_A032:058:0084
prospective_dinov2_coreset	5	P2_WEEDSGALORE_TRUTH_FREE_PROPOSAL_GRID_20260810_V3_T070_A032:059:0160
prospective_dinov2_coreset	5	P2_WEEDSGALORE_TRUTH_FREE_PROPOSAL_GRID_20260810_V3_T070_A032:060:0059
prospective_dinov2_coreset	5	P2_WEEDSGALORE_TRUTH_FREE_PROPOSAL_GRID_20260810_V3_T070_A032:060:0090
prospective_dinov2_coreset	5	P2_WEEDSGALORE_TRUTH_FREE_PROPOSAL_GRID_20260810_V3_T070_A032:061:0042
prospective_dinov2_coreset	5	P2_WEEDSGALORE_TRUTH_FREE_PROPOSAL_GRID_20260810_V3_T070_A032:061:0066
prospective_dinov2_coreset	5	P2_WEEDSGALORE_TRUTH_FREE_PROPOSAL_GRID_20260810_V3_T070_A032:061:0079
prospective_dinov2_coreset	5	P2_WEEDSGALORE_TRUTH_FREE_PROPOSAL_GRID_20260810_V3_T070_A032:061:0096
prospective_dinov2_coreset	5	P2_WEEDSGALORE_TRUTH_FREE_PROPOSAL_GRID_20260810_V3_T070_A032:061:0132
prospective_dinov2_coreset	5	P2_WEEDSGALORE_TRUTH_FREE_PROPOSAL_GRID_20260810_V3_T070_A032:061:0175
prospective_dinov2_coreset	5	P2_WEEDSGALORE_TRUTH_FREE_PROPOSAL_GRID_20260810_V3_T070_A032:062:0046
prospective_dinov2_coreset	5	P2_WEEDSGALORE_TRUTH_FREE_PROPOSAL_GRID_20260810_V3_T070_A032:062:0059
prospective_dinov2_coreset	5	P2_WEEDSGALORE_TRUTH_FREE_PROPOSAL_GRID_20260810_V3_T070_A032:062:0092
prospective_dinov2_coreset	5	P2_WEEDSGALORE_TRUTH_FREE_PROPOSAL_GRID_20260810_V3_T070_A032:062:0105
prospective_dinov2_coreset	5	P2_WEEDSGALORE_TRUTH_FREE_PROPOSAL_GRID_20260810_V3_T070_A032:063:0042
prospective_dinov2_coreset	5	P2_WEEDSGALORE_TRUTH_FREE_PROPOSAL_GRID_20260810_V3_T070_A032:063:0066
prospective_dinov2_coreset	5	P2_WEEDSGALORE_TRUTH_FREE_PROPOSAL_GRID_20260810_V3_T070_A032:064:0042
prospective_dinov2_coreset	5	P2_WEEDSGALORE_TRUTH_FREE_PROPOSAL_GRID_20260810_V3_T070_A032:064:0130
prospective_dinov2_coreset	5	P2_WEEDSGALORE_TRUTH_FREE_PROPOSAL_GRID_20260810_V3_T070_A032:064:0137
prospective_dinov2_coreset	5	P2_WEEDSGALORE_TRUTH_FREE_PROPOSAL_GRID_20260810_V3_T070_A032:067:0020
prospective_dinov2_coreset	5	P2_WEEDSGALORE_TRUTH_FREE_PROPOSAL_GRID_20260810_V3_T070_A032:067:0033
prospective_dinov2_coreset	5	P2_WEEDSGALORE_TRUTH_FREE_PROPOSAL_GRID_20260810_V3_T070_A032:067:0055
prospective_dinov2_coreset	5	P2_WEEDSGALORE_TRUTH_FREE_PROPOSAL_GRID_20260810_V3_T070_A032:067:0074
prospective_dinov2_coreset	5	P2_WEEDSGALORE_TRUTH_FREE_PROPOSAL_GRID_20260810_V3_T070_A032:067:0151
prospective_dinov2_coreset	5	P2_WEEDSGALORE_TRUTH_FREE_PROPOSAL_GRID_20260810_V3_T070_A032:070:0006
prospective_dinov2_coreset	5	P2_WEEDSGALORE_TRUTH_FREE_PROPOSAL_GRID_20260810_V3_T070_A032:070:0017
prospective_dinov2_coreset	5	P2_WEEDSGALORE_TRUTH_FREE_PROPOSAL_GRID_20260810_V3_T070_A032:070:0046
prospective_dinov2_coreset	5	P2_WEEDSGALORE_TRUTH_FREE_PROPOSAL_GRID_20260810_V3_T070_A032:070:0062
prospective_dinov2_coreset	5	P2_WEEDSGALORE_TRUTH_FREE_PROPOSAL_GRID_20260810_V3_T070_A032:070:0126
prospective_dinov2_coreset	5	P2_WEEDSGALORE_TRUTH_FREE_PROPOSAL_GRID_20260810_V3_T070_A032:070:0174
prospective_dinov2_coreset	5	P2_WEEDSGALORE_TRUTH_FREE_PROPOSAL_GRID_20260810_V3_T070_A032:071:0021
prospective_dinov2_coreset	5	P2_WEEDSGALORE_TRUTH_FREE_PROPOSAL_GRID_20260810_V3_T070_A032:071:0060
prospective_dinov2_coreset	5	P2_WEEDSGALORE_TRUTH_FREE_PROPOSAL_GRID_20260810_V3_T070_A032:071:0119
prospective_dinov2_coreset	5	P2_WEEDSGALORE_TRUTH_FREE_PROPOSAL_GRID_20260810_V3_T070_A032:073:0010
prospective_dinov2_coreset	5	P2_WEEDSGALORE_TRUTH_FREE_PROPOSAL_GRID_20260810_V3_T070_A032:073:0021
prospective_dinov2_coreset	5	P2_WEEDSGALORE_TRUTH_FREE_PROPOSAL_GRID_20260810_V3_T070_A032:073:0043
prospective_dinov2_coreset	5	P2_WEEDSGALORE_TRUTH_FREE_PROPOSAL_GRID_20260810_V3_T070_A032:073:0059
prospective_dinov2_coreset	5	P2_WEEDSGALORE_TRUTH_FREE_PROPOSAL_GRID_20260810_V3_T070_A032:073:0133
prospective_dinov2_coreset	5	P2_WEEDSGALORE_TRUTH_FREE_PROPOSAL_GRID_20260810_V3_T070_A032:074:0004
prospective_dinov2_coreset	5	P2_WEEDSGALORE_TRUTH_FREE_PROPOSAL_GRID_20260810_V3_T070_A032:074:0024
prospective_dinov2_coreset	5	P2_WEEDSGALORE_TRUTH_FREE_PROPOSAL_GRID_20260810_V3_T070_A032:074:0027
prospective_dinov2_coreset	5	P2_WEEDSGALORE_TRUTH_FREE_PROPOSAL_GRID_20260810_V3_T070_A032:074:0069
prospective_dinov2_coreset	5	P2_WEEDSGALORE_TRUTH_FREE_PROPOSAL_GRID_20260810_V3_T070_A032:074:0088
prospective_dinov2_coreset	5	P2_WEEDSGALORE_TRUTH_FREE_PROPOSAL_GRID_20260810_V3_T070_A032:077:0072
prospective_dinov2_coreset	5	P2_WEEDSGALORE_TRUTH_FREE_PROPOSAL_GRID_20260810_V3_T070_A032:077:0087
prospective_dinov2_coreset	5	P2_WEEDSGALORE_TRUTH_FREE_PROPOSAL_GRID_20260810_V3_T070_A032:078:0024
prospective_dinov2_coreset	5	P2_WEEDSGALORE_TRUTH_FREE_PROPOSAL_GRID_20260810_V3_T070_A032:078:0029
prospective_dinov2_coreset	5	P2_WEEDSGALORE_TRUTH_FREE_PROPOSAL_GRID_20260810_V3_T070_A032:078:0055
prospective_dinov2_coreset	5	P2_WEEDSGALORE_TRUTH_FREE_PROPOSAL_GRID_20260810_V3_T070_A032:078:0139
prospective_dinov2_coreset	5	P2_WEEDSGALORE_TRUTH_FREE_PROPOSAL_GRID_20260810_V3_T070_A032:078:0150
prospective_dinov2_coreset	5	P2_WEEDSGALORE_TRUTH_FREE_PROPOSAL_GRID_20260810_V3_T070_A032:080:0022
prospective_dinov2_coreset	5	P2_WEEDSGALORE_TRUTH_FREE_PROPOSAL_GRID_20260810_V3_T070_A032:080:0033
prospective_dinov2_coreset	5	P2_WEEDSGALORE_TRUTH_FREE_PROPOSAL_GRID_20260810_V3_T070_A032:080:0104
prospective_dinov2_coreset	5	P2_WEEDSGALORE_TRUTH_FREE_PROPOSAL_GRID_20260810_V3_T070_A032:080:0108
prospective_dinov2_coreset	5	P2_WEEDSGALORE_TRUTH_FREE_PROPOSAL_GRID_20260810_V3_T070_A032:081:0033
prospective_dinov2_coreset	5	P2_WEEDSGALORE_TRUTH_FREE_PROPOSAL_GRID_20260810_V3_T070_A032:083:0009
prospective_dinov2_coreset	5	P2_WEEDSGALORE_TRUTH_FREE_PROPOSAL_GRID_20260810_V3_T070_A032:083:0079
prospective_dinov2_coreset	5	P2_WEEDSGALORE_TRUTH_FREE_PROPOSAL_GRID_20260810_V3_T070_A032:083:0102
prospective_dinov2_coreset	5	P2_WEEDSGALORE_TRUTH_FREE_PROPOSAL_GRID_20260810_V3_T070_A032:083:0112
prospective_dinov2_coreset	5	P2_WEEDSGALORE_TRUTH_FREE_PROPOSAL_GRID_20260810_V3_T070_A032:084:0028
prospective_dinov2_coreset	5	P2_WEEDSGALORE_TRUTH_FREE_PROPOSAL_GRID_20260810_V3_T070_A032:085:0052
prospective_dinov2_coreset	5	P2_WEEDSGALORE_TRUTH_FREE_PROPOSAL_GRID_20260810_V3_T070_A032:085:0071
prospective_dinov2_coreset	5	P2_WEEDSGALORE_TRUTH_FREE_PROPOSAL_GRID_20260810_V3_T070_A032:086:0006
prospective_dinov2_coreset	5	P2_WEEDSGALORE_TRUTH_FREE_PROPOSAL_GRID_20260810_V3_T070_A032:089:0016
prospective_dinov2_coreset	5	P2_WEEDSGALORE_TRUTH_FREE_PROPOSAL_GRID_20260810_V3_T070_A032:089:0022
prospective_dinov2_coreset	5	P2_WEEDSGALORE_TRUTH_FREE_PROPOSAL_GRID_20260810_V3_T070_A032:089:0024
prospective_dinov2_coreset	5	P2_WEEDSGALORE_TRUTH_FREE_PROPOSAL_GRID_20260810_V3_T070_A032:089:0059
prospective_dinov2_coreset	5	P2_WEEDSGALORE_TRUTH_FREE_PROPOSAL_GRID_20260810_V3_T070_A032:089:0067
prospective_dinov2_coreset	5	P2_WEEDSGALORE_TRUTH_FREE_PROPOSAL_GRID_20260810_V3_T070_A032:090:0017
prospective_dinov2_coreset	5	P2_WEEDSGALORE_TRUTH_FREE_PROPOSAL_GRID_20260810_V3_T070_A032:091:0001
prospective_dinov2_coreset	5	P2_WEEDSGALORE_TRUTH_FREE_PROPOSAL_GRID_20260810_V3_T070_A032:091:0058
prospective_dinov2_coreset	5	P2_WEEDSGALORE_TRUTH_FREE_PROPOSAL_GRID_20260810_V3_T070_A032:091:0064
prospective_dinov2_coreset	5	P2_WEEDSGALORE_TRUTH_FREE_PROPOSAL_GRID_20260810_V3_T070_A032:092:0023
prospective_dinov2_coreset	5	P2_WEEDSGALORE_TRUTH_FREE_PROPOSAL_GRID_20260810_V3_T070_A032:092:0070
prospective_dinov2_coreset	5	P2_WEEDSGALORE_TRUTH_FREE_PROPOSAL_GRID_20260810_V3_T070_A032:093:0025
prospective_dinov2_coreset	5	P2_WEEDSGALORE_TRUTH_FREE_PROPOSAL_GRID_20260810_V3_T070_A032:093:0044
prospective_dinov2_coreset	5	P2_WEEDSGALORE_TRUTH_FREE_PROPOSAL_GRID_20260810_V3_T070_A032:093:0056
prospective_dinov2_coreset	5	P2_WEEDSGALORE_TRUTH_FREE_PROPOSAL_GRID_20260810_V3_T070_A032:094:0029
prospective_dinov2_coreset	5	P2_WEEDSGALORE_TRUTH_FREE_PROPOSAL_GRID_20260810_V3_T070_A032:101:0059
prospective_dinov2_coreset	5	P2_WEEDSGALORE_TRUTH_FREE_PROPOSAL_GRID_20260810_V3_T070_A032:102:0014
prospective_dinov2_coreset	5	P2_WEEDSGALORE_TRUTH_FREE_PROPOSAL_GRID_20260810_V3_T070_A032:103:0042
prospective_dinov2_coreset	5	P2_WEEDSGALORE_TRUTH_FREE_PROPOSAL_GRID_20260810_V3_T070_A032:103:0050
prospective_dinov2_coreset	5	P2_WEEDSGALORE_TRUTH_FREE_PROPOSAL_GRID_20260810_V3_T070_A032:103:0079
prospective_dinov2_coreset	5	P2_WEEDSGALORE_TRUTH_FREE_PROPOSAL_GRID_20260810_V3_T070_A032:104:0047
prospective_dinov2_coreset	5	P2_WEEDSGALORE_TRUTH_FREE_PROPOSAL_GRID_20260810_V3_T070_A032:106:0006
prospective_dinov2_coreset	5	P2_WEEDSGALORE_TRUTH_FREE_PROPOSAL_GRID_20260810_V3_T070_A032:106:0016
prospective_dinov2_coreset	5	P2_WEEDSGALORE_TRUTH_FREE_PROPOSAL_GRID_20260810_V3_T070_A032:106:0026
prospective_dinov2_coreset	5	P2_WEEDSGALORE_TRUTH_FREE_PROPOSAL_GRID_20260810_V3_T070_A032:106:0055
prospective_dinov2_coreset	5	P2_WEEDSGALORE_TRUTH_FREE_PROPOSAL_GRID_20260810_V3_T070_A032:107:0007
prospective_dinov2_coreset	5	P2_WEEDSGALORE_TRUTH_FREE_PROPOSAL_GRID_20260810_V3_T070_A032:107:0015
prospective_dinov2_coreset	5	P2_WEEDSGALORE_TRUTH_FREE_PROPOSAL_GRID_20260810_V3_T070_A032:107:0037
prospective_dinov2_coreset	5	P2_WEEDSGALORE_TRUTH_FREE_PROPOSAL_GRID_20260810_V3_T070_A032:107:0057
prospective_dinov2_coreset	5	P2_WEEDSGALORE_TRUTH_FREE_PROPOSAL_GRID_20260810_V3_T070_A032:108:0004
prospective_dinov2_coreset	5	P2_WEEDSGALORE_TRUTH_FREE_PROPOSAL_GRID_20260810_V3_T070_A032:108:0013
prospective_dinov2_coreset	5	P2_WEEDSGALORE_TRUTH_FREE_PROPOSAL_GRID_20260810_V3_T070_A032:108:0042
prospective_dinov2_coreset	5	P2_WEEDSGALORE_TRUTH_FREE_PROPOSAL_GRID_20260810_V3_T070_A032:108:0065
prospective_dinov2_coreset	5	P2_WEEDSGALORE_TRUTH_FREE_PROPOSAL_GRID_20260810_V3_T070_A032:109:0006
prospective_dinov2_coreset	5	P2_WEEDSGALORE_TRUTH_FREE_PROPOSAL_GRID_20260810_V3_T070_A032:109:0029
prospective_dinov2_coreset	5	P2_WEEDSGALORE_TRUTH_FREE_PROPOSAL_GRID_20260810_V3_T070_A032:109:0032
prospective_dinov2_coreset	5	P2_WEEDSGALORE_TRUTH_FREE_PROPOSAL_GRID_20260810_V3_T070_A032:110:0021
prospective_dinov2_coreset	5	P2_WEEDSGALORE_TRUTH_FREE_PROPOSAL_GRID_20260810_V3_T070_A032:110:0032
prospective_dinov2_coreset	5	P2_WEEDSGALORE_TRUTH_FREE_PROPOSAL_GRID_20260810_V3_T070_A032:110:0044
prospective_dinov2_coreset	5	P2_WEEDSGALORE_TRUTH_FREE_PROPOSAL_GRID_20260810_V3_T070_A032:111:0025
prospective_dinov2_coreset	5	P2_WEEDSGALORE_TRUTH_FREE_PROPOSAL_GRID_20260810_V3_T070_A032:114:0009
prospective_dinov2_coreset	5	P2_WEEDSGALORE_TRUTH_FREE_PROPOSAL_GRID_20260810_V3_T070_A032:114:0057
prospective_dinov2_coreset	5	P2_WEEDSGALORE_TRUTH_FREE_PROPOSAL_GRID_20260810_V3_T070_A032:115:0047
prospective_dinov2_coreset	5	P2_WEEDSGALORE_TRUTH_FREE_PROPOSAL_GRID_20260810_V3_T070_A032:116:0006
prospective_dinov2_coreset	5	P2_WEEDSGALORE_TRUTH_FREE_PROPOSAL_GRID_20260810_V3_T070_A032:116:0035
prospective_dinov2_coreset	5	P2_WEEDSGALORE_TRUTH_FREE_PROPOSAL_GRID_20260810_V3_T070_A032:116:0039
prospective_dinov2_coreset	5	P2_WEEDSGALORE_TRUTH_FREE_PROPOSAL_GRID_20260810_V3_T070_A032:119:0032
prospective_dinov2_coreset	5	P2_WEEDSGALORE_TRUTH_FREE_PROPOSAL_GRID_20260810_V3_T070_A032:119:0039
prospective_dinov2_coreset	5	P2_WEEDSGALORE_TRUTH_FREE_PROPOSAL_GRID_20260810_V3_T070_A032:119:0060
prospective_dinov2_coreset	5	P2_WEEDSGALORE_TRUTH_FREE_PROPOSAL_GRID_20260810_V3_T070_A032:120:0024
prospective_dinov2_coreset	5	P2_WEEDSGALORE_TRUTH_FREE_PROPOSAL_GRID_20260810_V3_T070_A032:121:0019
prospective_dinov2_coreset	5	P2_WEEDSGALORE_TRUTH_FREE_PROPOSAL_GRID_20260810_V3_T070_A032:122:0032
prospective_dinov2_coreset	5	P2_WEEDSGALORE_TRUTH_FREE_PROPOSAL_GRID_20260810_V3_T070_A032:123:0009
prospective_dinov2_coreset	5	P2_WEEDSGALORE_TRUTH_FREE_PROPOSAL_GRID_20260810_V3_T070_A032:123:0029
prospective_dinov2_coreset	5	P2_WEEDSGALORE_TRUTH_FREE_PROPOSAL_GRID_20260810_V3_T070_A032:123:0072
prospective_dinov2_coreset	5	P2_WEEDSGALORE_TRUTH_FREE_PROPOSAL_GRID_20260810_V3_T070_A032:123:0076
prospective_dinov2_coreset	5	P2_WEEDSGALORE_TRUTH_FREE_PROPOSAL_GRID_20260810_V3_T070_A032:123:0093
prospective_dinov2_coreset	5	P2_WEEDSGALORE_TRUTH_FREE_PROPOSAL_GRID_20260810_V3_T070_A032:123:0094
prospective_dinov2_coreset	5	P2_WEEDSGALORE_TRUTH_FREE_PROPOSAL_GRID_20260810_V3_T070_A032:127:0011
prospective_dinov2_coreset	5	P2_WEEDSGALORE_TRUTH_FREE_PROPOSAL_GRID_20260810_V3_T070_A032:127:0067
prospective_dinov2_coreset	5	P2_WEEDSGALORE_TRUTH_FREE_PROPOSAL_GRID_20260810_V3_T070_A032:127:0076
prospective_dinov2_coreset	5	P2_WEEDSGALORE_TRUTH_FREE_PROPOSAL_GRID_20260810_V3_T070_A032:127:0090
prospective_dinov2_coreset	5	P2_WEEDSGALORE_TRUTH_FREE_PROPOSAL_GRID_20260810_V3_T070_A032:128:0034
prospective_dinov2_coreset	5	P2_WEEDSGALORE_TRUTH_FREE_PROPOSAL_GRID_20260810_V3_T070_A032:128:0074
prospective_dinov2_coreset	5	P2_WEEDSGALORE_TRUTH_FREE_PROPOSAL_GRID_20260810_V3_T070_A032:128:0083
prospective_dinov2_coreset	5	P2_WEEDSGALORE_TRUTH_FREE_PROPOSAL_GRID_20260810_V3_T070_A032:130:0028
prospective_dinov2_coreset	5	P2_WEEDSGALORE_TRUTH_FREE_PROPOSAL_GRID_20260810_V3_T070_A032:130:0056
prospective_dinov2_coreset	5	P2_WEEDSGALORE_TRUTH_FREE_PROPOSAL_GRID_20260810_V3_T070_A032:130:0063
prospective_dinov2_coreset	5	P2_WEEDSGALORE_TRUTH_FREE_PROPOSAL_GRID_20260810_V3_T070_A032:133:0016
prospective_dinov2_coreset	5	P2_WEEDSGALORE_TRUTH_FREE_PROPOSAL_GRID_20260810_V3_T070_A032:133:0026
prospective_dinov2_coreset	5	P2_WEEDSGALORE_TRUTH_FREE_PROPOSAL_GRID_20260810_V3_T070_A032:133:0067
prospective_dinov2_coreset	5	P2_WEEDSGALORE_TRUTH_FREE_PROPOSAL_GRID_20260810_V3_T070_A032:134:0012
prospective_dinov2_coreset	5	P2_WEEDSGALORE_TRUTH_FREE_PROPOSAL_GRID_20260810_V3_T070_A032:134:0034
prospective_dinov2_coreset	5	P2_WEEDSGALORE_TRUTH_FREE_PROPOSAL_GRID_20260810_V3_T070_A032:134:0051
prospective_dinov2_coreset	5	P2_WEEDSGALORE_TRUTH_FREE_PROPOSAL_GRID_20260810_V3_T070_A032:135:0002
prospective_dinov2_coreset	5	P2_WEEDSGALORE_TRUTH_FREE_PROPOSAL_GRID_20260810_V3_T070_A032:136:0029
prospective_dinov2_coreset	5	P2_WEEDSGALORE_TRUTH_FREE_PROPOSAL_GRID_20260810_V3_T070_A032:139:0025
prospective_dinov2_coreset	5	P2_WEEDSGALORE_TRUTH_FREE_PROPOSAL_GRID_20260810_V3_T070_A032:139:0056
prospective_dinov2_coreset	5	P2_WEEDSGALORE_TRUTH_FREE_PROPOSAL_GRID_20260810_V3_T070_A032:139:0076
prospective_dinov2_coreset	5	P2_WEEDSGALORE_TRUTH_FREE_PROPOSAL_GRID_20260810_V3_T070_A032:139:0093
prospective_dinov2_coreset	5	P2_WEEDSGALORE_TRUTH_FREE_PROPOSAL_GRID_20260810_V3_T070_A032:142:0008
prospective_dinov2_coreset	5	P2_WEEDSGALORE_TRUTH_FREE_PROPOSAL_GRID_20260810_V3_T070_A032:142:0040
prospective_dinov2_coreset	5	P2_WEEDSGALORE_TRUTH_FREE_PROPOSAL_GRID_20260810_V3_T070_A032:142:0084
prospective_dinov2_coreset	5	P2_WEEDSGALORE_TRUTH_FREE_PROPOSAL_GRID_20260810_V3_T070_A032:143:0041
prospective_dinov2_coreset	5	P2_WEEDSGALORE_TRUTH_FREE_PROPOSAL_GRID_20260810_V3_T070_A032:144:0024
prospective_dinov2_coreset	5	P2_WEEDSGALORE_TRUTH_FREE_PROPOSAL_GRID_20260810_V3_T070_A032:144:0048
prospective_dinov2_coreset	5	P2_WEEDSGALORE_TRUTH_FREE_PROPOSAL_GRID_20260810_V3_T070_A032:144:0070
prospective_dinov2_coreset	5	P2_WEEDSGALORE_TRUTH_FREE_PROPOSAL_GRID_20260810_V3_T070_A032:145:0016
prospective_dinov2_coreset	5	P2_WEEDSGALORE_TRUTH_FREE_PROPOSAL_GRID_20260810_V3_T070_A032:146:0036
prospective_dinov2_coreset	5	P2_WEEDSGALORE_TRUTH_FREE_PROPOSAL_GRID_20260810_V3_T070_A032:153:0002
prospective_dinov2_coreset	5	P2_WEEDSGALORE_TRUTH_FREE_PROPOSAL_GRID_20260810_V3_T070_A032:153:0043
prospective_dinov2_coreset	5	P2_WEEDSGALORE_TRUTH_FREE_PROPOSAL_GRID_20260810_V3_T070_A032:153:0062
prospective_dinov2_coreset	5	P2_WEEDSGALORE_TRUTH_FREE_PROPOSAL_GRID_20260810_V3_T070_A032:153:0080
prospective_dinov2_coreset	5	P2_WEEDSGALORE_TRUTH_FREE_PROPOSAL_GRID_20260810_V3_T070_A032:153:0085
prospective_dinov2_coreset	5	P2_WEEDSGALORE_TRUTH_FREE_PROPOSAL_GRID_20260810_V3_T070_A032:153:0095
prospective_dinov2_coreset	5	P2_WEEDSGALORE_TRUTH_FREE_PROPOSAL_GRID_20260810_V3_T070_A032:153:0098
prospective_dinov2_coreset	5	P2_WEEDSGALORE_TRUTH_FREE_PROPOSAL_GRID_20260810_V3_T070_A032:153:0102
prospective_dinov2_coreset	5	P2_WEEDSGALORE_TRUTH_FREE_PROPOSAL_GRID_20260810_V3_T070_A032:155:0008
prospective_dinov2_coreset	5	P2_WEEDSGALORE_TRUTH_FREE_PROPOSAL_GRID_20260810_V3_T070_A032:155:0071
prospective_dinov2_coreset	5	P2_WEEDSGALORE_TRUTH_FREE_PROPOSAL_GRID_20260810_V3_T070_A032:155:0077
prospective_dinov2_coreset	5	P2_WEEDSGALORE_TRUTH_FREE_PROPOSAL_GRID_20260810_V3_T070_A032:155:0088
prospective_dinov2_coreset	5	P2_WEEDSGALORE_TRUTH_FREE_PROPOSAL_GRID_20260810_V3_T070_A032:156:0024
prospective_dinov2_coreset	5	P2_WEEDSGALORE_TRUTH_FREE_PROPOSAL_GRID_20260810_V3_T070_A032:156:0035
prospective_dinov2_coreset	5	P2_WEEDSGALORE_TRUTH_FREE_PROPOSAL_GRID_20260810_V3_T070_A032:156:0049
retrospective_class_stratified	5	P2_WEEDSGALORE_TRUTH_FREE_PROPOSAL_GRID_20260810_V3_T070_A032:003:0004
retrospective_class_stratified	5	P2_WEEDSGALORE_TRUTH_FREE_PROPOSAL_GRID_20260810_V3_T070_A032:003:0005
retrospective_class_stratified	5	P2_WEEDSGALORE_TRUTH_FREE_PROPOSAL_GRID_20260810_V3_T070_A032:004:0071
retrospective_class_stratified	5	P2_WEEDSGALORE_TRUTH_FREE_PROPOSAL_GRID_20260810_V3_T070_A032:005:0115
retrospective_class_stratified	5	P2_WEEDSGALORE_TRUTH_FREE_PROPOSAL_GRID_20260810_V3_T070_A032:005:0174
retrospective_class_stratified	5	P2_WEEDSGALORE_TRUTH_FREE_PROPOSAL_GRID_20260810_V3_T070_A032:006:0042
retrospective_class_stratified	5	P2_WEEDSGALORE_TRUTH_FREE_PROPOSAL_GRID_20260810_V3_T070_A032:006:0051
retrospective_class_stratified	5	P2_WEEDSGALORE_TRUTH_FREE_PROPOSAL_GRID_20260810_V3_T070_A032:006:0068
retrospective_class_stratified	5	P2_WEEDSGALORE_TRUTH_FREE_PROPOSAL_GRID_20260810_V3_T070_A032:006:0127
retrospective_class_stratified	5	P2_WEEDSGALORE_TRUTH_FREE_PROPOSAL_GRID_20260810_V3_T070_A032:006:0177
retrospective_class_stratified	5	P2_WEEDSGALORE_TRUTH_FREE_PROPOSAL_GRID_20260810_V3_T070_A032:009:0072
retrospective_class_stratified	5	P2_WEEDSGALORE_TRUTH_FREE_PROPOSAL_GRID_20260810_V3_T070_A032:009:0073
retrospective_class_stratified	5	P2_WEEDSGALORE_TRUTH_FREE_PROPOSAL_GRID_20260810_V3_T070_A032:009:0088
retrospective_class_stratified	5	P2_WEEDSGALORE_TRUTH_FREE_PROPOSAL_GRID_20260810_V3_T070_A032:010:0084
retrospective_class_stratified	5	P2_WEEDSGALORE_TRUTH_FREE_PROPOSAL_GRID_20260810_V3_T070_A032:010:0089
retrospective_class_stratified	5	P2_WEEDSGALORE_TRUTH_FREE_PROPOSAL_GRID_20260810_V3_T070_A032:010:0198
retrospective_class_stratified	5	P2_WEEDSGALORE_TRUTH_FREE_PROPOSAL_GRID_20260810_V3_T070_A032:010:0216
retrospective_class_stratified	5	P2_WEEDSGALORE_TRUTH_FREE_PROPOSAL_GRID_20260810_V3_T070_A032:011:0040
retrospective_class_stratified	5	P2_WEEDSGALORE_TRUTH_FREE_PROPOSAL_GRID_20260810_V3_T070_A032:011:0127
retrospective_class_stratified	5	P2_WEEDSGALORE_TRUTH_FREE_PROPOSAL_GRID_20260810_V3_T070_A032:012:0023
retrospective_class_stratified	5	P2_WEEDSGALORE_TRUTH_FREE_PROPOSAL_GRID_20260810_V3_T070_A032:012:0046
retrospective_class_stratified	5	P2_WEEDSGALORE_TRUTH_FREE_PROPOSAL_GRID_20260810_V3_T070_A032:013:0013
retrospective_class_stratified	5	P2_WEEDSGALORE_TRUTH_FREE_PROPOSAL_GRID_20260810_V3_T070_A032:013:0042
retrospective_class_stratified	5	P2_WEEDSGALORE_TRUTH_FREE_PROPOSAL_GRID_20260810_V3_T070_A032:014:0003
retrospective_class_stratified	5	P2_WEEDSGALORE_TRUTH_FREE_PROPOSAL_GRID_20260810_V3_T070_A032:014:0018
retrospective_class_stratified	5	P2_WEEDSGALORE_TRUTH_FREE_PROPOSAL_GRID_20260810_V3_T070_A032:014:0021
retrospective_class_stratified	5	P2_WEEDSGALORE_TRUTH_FREE_PROPOSAL_GRID_20260810_V3_T070_A032:014:0039
retrospective_class_stratified	5	P2_WEEDSGALORE_TRUTH_FREE_PROPOSAL_GRID_20260810_V3_T070_A032:015:0007
retrospective_class_stratified	5	P2_WEEDSGALORE_TRUTH_FREE_PROPOSAL_GRID_20260810_V3_T070_A032:018:0029
retrospective_class_stratified	5	P2_WEEDSGALORE_TRUTH_FREE_PROPOSAL_GRID_20260810_V3_T070_A032:018:0079
retrospective_class_stratified	5	P2_WEEDSGALORE_TRUTH_FREE_PROPOSAL_GRID_20260810_V3_T070_A032:018:0118
retrospective_class_stratified	5	P2_WEEDSGALORE_TRUTH_FREE_PROPOSAL_GRID_20260810_V3_T070_A032:018:0139
retrospective_class_stratified	5	P2_WEEDSGALORE_TRUTH_FREE_PROPOSAL_GRID_20260810_V3_T070_A032:018:0147
retrospective_class_stratified	5	P2_WEEDSGALORE_TRUTH_FREE_PROPOSAL_GRID_20260810_V3_T070_A032:018:0173
retrospective_class_stratified	5	P2_WEEDSGALORE_TRUTH_FREE_PROPOSAL_GRID_20260810_V3_T070_A032:018:0189
retrospective_class_stratified	5	P2_WEEDSGALORE_TRUTH_FREE_PROPOSAL_GRID_20260810_V3_T070_A032:023:0005
retrospective_class_stratified	5	P2_WEEDSGALORE_TRUTH_FREE_PROPOSAL_GRID_20260810_V3_T070_A032:023:0042
retrospective_class_stratified	5	P2_WEEDSGALORE_TRUTH_FREE_PROPOSAL_GRID_20260810_V3_T070_A032:024:0113
retrospective_class_stratified	5	P2_WEEDSGALORE_TRUTH_FREE_PROPOSAL_GRID_20260810_V3_T070_A032:024:0120
retrospective_class_stratified	5	P2_WEEDSGALORE_TRUTH_FREE_PROPOSAL_GRID_20260810_V3_T070_A032:025:0038
retrospective_class_stratified	5	P2_WEEDSGALORE_TRUTH_FREE_PROPOSAL_GRID_20260810_V3_T070_A032:026:0005
retrospective_class_stratified	5	P2_WEEDSGALORE_TRUTH_FREE_PROPOSAL_GRID_20260810_V3_T070_A032:027:0007
retrospective_class_stratified	5	P2_WEEDSGALORE_TRUTH_FREE_PROPOSAL_GRID_20260810_V3_T070_A032:030:0018
retrospective_class_stratified	5	P2_WEEDSGALORE_TRUTH_FREE_PROPOSAL_GRID_20260810_V3_T070_A032:030:0035
retrospective_class_stratified	5	P2_WEEDSGALORE_TRUTH_FREE_PROPOSAL_GRID_20260810_V3_T070_A032:030:0079
retrospective_class_stratified	5	P2_WEEDSGALORE_TRUTH_FREE_PROPOSAL_GRID_20260810_V3_T070_A032:034:0057
retrospective_class_stratified	5	P2_WEEDSGALORE_TRUTH_FREE_PROPOSAL_GRID_20260810_V3_T070_A032:034:0091
retrospective_class_stratified	5	P2_WEEDSGALORE_TRUTH_FREE_PROPOSAL_GRID_20260810_V3_T070_A032:034:0137
retrospective_class_stratified	5	P2_WEEDSGALORE_TRUTH_FREE_PROPOSAL_GRID_20260810_V3_T070_A032:034:0139
retrospective_class_stratified	5	P2_WEEDSGALORE_TRUTH_FREE_PROPOSAL_GRID_20260810_V3_T070_A032:035:0006
retrospective_class_stratified	5	P2_WEEDSGALORE_TRUTH_FREE_PROPOSAL_GRID_20260810_V3_T070_A032:038:0015
retrospective_class_stratified	5	P2_WEEDSGALORE_TRUTH_FREE_PROPOSAL_GRID_20260810_V3_T070_A032:038:0039
retrospective_class_stratified	5	P2_WEEDSGALORE_TRUTH_FREE_PROPOSAL_GRID_20260810_V3_T070_A032:040:0001
retrospective_class_stratified	5	P2_WEEDSGALORE_TRUTH_FREE_PROPOSAL_GRID_20260810_V3_T070_A032:043:0032
retrospective_class_stratified	5	P2_WEEDSGALORE_TRUTH_FREE_PROPOSAL_GRID_20260810_V3_T070_A032:043:0058
retrospective_class_stratified	5	P2_WEEDSGALORE_TRUTH_FREE_PROPOSAL_GRID_20260810_V3_T070_A032:046:0013
retrospective_class_stratified	5	P2_WEEDSGALORE_TRUTH_FREE_PROPOSAL_GRID_20260810_V3_T070_A032:048:0004
retrospective_class_stratified	5	P2_WEEDSGALORE_TRUTH_FREE_PROPOSAL_GRID_20260810_V3_T070_A032:048:0007
retrospective_class_stratified	5	P2_WEEDSGALORE_TRUTH_FREE_PROPOSAL_GRID_20260810_V3_T070_A032:051:0044
retrospective_class_stratified	5	P2_WEEDSGALORE_TRUTH_FREE_PROPOSAL_GRID_20260810_V3_T070_A032:051:0056
retrospective_class_stratified	5	P2_WEEDSGALORE_TRUTH_FREE_PROPOSAL_GRID_20260810_V3_T070_A032:051:0085
retrospective_class_stratified	5	P2_WEEDSGALORE_TRUTH_FREE_PROPOSAL_GRID_20260810_V3_T070_A032:052:0093
retrospective_class_stratified	5	P2_WEEDSGALORE_TRUTH_FREE_PROPOSAL_GRID_20260810_V3_T070_A032:052:0213
retrospective_class_stratified	5	P2_WEEDSGALORE_TRUTH_FREE_PROPOSAL_GRID_20260810_V3_T070_A032:053:0042
retrospective_class_stratified	5	P2_WEEDSGALORE_TRUTH_FREE_PROPOSAL_GRID_20260810_V3_T070_A032:053:0084
retrospective_class_stratified	5	P2_WEEDSGALORE_TRUTH_FREE_PROPOSAL_GRID_20260810_V3_T070_A032:053:0116
retrospective_class_stratified	5	P2_WEEDSGALORE_TRUTH_FREE_PROPOSAL_GRID_20260810_V3_T070_A032:053:0148
retrospective_class_stratified	5	P2_WEEDSGALORE_TRUTH_FREE_PROPOSAL_GRID_20260810_V3_T070_A032:053:0152
retrospective_class_stratified	5	P2_WEEDSGALORE_TRUTH_FREE_PROPOSAL_GRID_20260810_V3_T070_A032:054:0048
retrospective_class_stratified	5	P2_WEEDSGALORE_TRUTH_FREE_PROPOSAL_GRID_20260810_V3_T070_A032:054:0107
retrospective_class_stratified	5	P2_WEEDSGALORE_TRUTH_FREE_PROPOSAL_GRID_20260810_V3_T070_A032:054:0145
retrospective_class_stratified	5	P2_WEEDSGALORE_TRUTH_FREE_PROPOSAL_GRID_20260810_V3_T070_A032:054:0155
retrospective_class_stratified	5	P2_WEEDSGALORE_TRUTH_FREE_PROPOSAL_GRID_20260810_V3_T070_A032:054:0165
retrospective_class_stratified	5	P2_WEEDSGALORE_TRUTH_FREE_PROPOSAL_GRID_20260810_V3_T070_A032:057:0025
retrospective_class_stratified	5	P2_WEEDSGALORE_TRUTH_FREE_PROPOSAL_GRID_20260810_V3_T070_A032:058:0020
retrospective_class_stratified	5	P2_WEEDSGALORE_TRUTH_FREE_PROPOSAL_GRID_20260810_V3_T070_A032:058:0161
retrospective_class_stratified	5	P2_WEEDSGALORE_TRUTH_FREE_PROPOSAL_GRID_20260810_V3_T070_A032:059:0018
retrospective_class_stratified	5	P2_WEEDSGALORE_TRUTH_FREE_PROPOSAL_GRID_20260810_V3_T070_A032:059:0137
retrospective_class_stratified	5	P2_WEEDSGALORE_TRUTH_FREE_PROPOSAL_GRID_20260810_V3_T070_A032:060:0009
retrospective_class_stratified	5	P2_WEEDSGALORE_TRUTH_FREE_PROPOSAL_GRID_20260810_V3_T070_A032:060:0042
retrospective_class_stratified	5	P2_WEEDSGALORE_TRUTH_FREE_PROPOSAL_GRID_20260810_V3_T070_A032:060:0104
retrospective_class_stratified	5	P2_WEEDSGALORE_TRUTH_FREE_PROPOSAL_GRID_20260810_V3_T070_A032:060:0105
retrospective_class_stratified	5	P2_WEEDSGALORE_TRUTH_FREE_PROPOSAL_GRID_20260810_V3_T070_A032:061:0015
retrospective_class_stratified	5	P2_WEEDSGALORE_TRUTH_FREE_PROPOSAL_GRID_20260810_V3_T070_A032:061:0117
retrospective_class_stratified	5	P2_WEEDSGALORE_TRUTH_FREE_PROPOSAL_GRID_20260810_V3_T070_A032:061:0141
retrospective_class_stratified	5	P2_WEEDSGALORE_TRUTH_FREE_PROPOSAL_GRID_20260810_V3_T070_A032:061:0175
retrospective_class_stratified	5	P2_WEEDSGALORE_TRUTH_FREE_PROPOSAL_GRID_20260810_V3_T070_A032:062:0020
retrospective_class_stratified	5	P2_WEEDSGALORE_TRUTH_FREE_PROPOSAL_GRID_20260810_V3_T070_A032:062:0077
retrospective_class_stratified	5	P2_WEEDSGALORE_TRUTH_FREE_PROPOSAL_GRID_20260810_V3_T070_A032:062:0082
retrospective_class_stratified	5	P2_WEEDSGALORE_TRUTH_FREE_PROPOSAL_GRID_20260810_V3_T070_A032:062:0088
retrospective_class_stratified	5	P2_WEEDSGALORE_TRUTH_FREE_PROPOSAL_GRID_20260810_V3_T070_A032:063:0005
retrospective_class_stratified	5	P2_WEEDSGALORE_TRUTH_FREE_PROPOSAL_GRID_20260810_V3_T070_A032:063:0041
retrospective_class_stratified	5	P2_WEEDSGALORE_TRUTH_FREE_PROPOSAL_GRID_20260810_V3_T070_A032:064:0053
retrospective_class_stratified	5	P2_WEEDSGALORE_TRUTH_FREE_PROPOSAL_GRID_20260810_V3_T070_A032:064:0087
retrospective_class_stratified	5	P2_WEEDSGALORE_TRUTH_FREE_PROPOSAL_GRID_20260810_V3_T070_A032:064:0098
retrospective_class_stratified	5	P2_WEEDSGALORE_TRUTH_FREE_PROPOSAL_GRID_20260810_V3_T070_A032:064:0108
retrospective_class_stratified	5	P2_WEEDSGALORE_TRUTH_FREE_PROPOSAL_GRID_20260810_V3_T070_A032:067:0014
retrospective_class_stratified	5	P2_WEEDSGALORE_TRUTH_FREE_PROPOSAL_GRID_20260810_V3_T070_A032:067:0043
retrospective_class_stratified	5	P2_WEEDSGALORE_TRUTH_FREE_PROPOSAL_GRID_20260810_V3_T070_A032:067:0078
retrospective_class_stratified	5	P2_WEEDSGALORE_TRUTH_FREE_PROPOSAL_GRID_20260810_V3_T070_A032:067:0135
retrospective_class_stratified	5	P2_WEEDSGALORE_TRUTH_FREE_PROPOSAL_GRID_20260810_V3_T070_A032:070:0195
retrospective_class_stratified	5	P2_WEEDSGALORE_TRUTH_FREE_PROPOSAL_GRID_20260810_V3_T070_A032:071:0003
retrospective_class_stratified	5	P2_WEEDSGALORE_TRUTH_FREE_PROPOSAL_GRID_20260810_V3_T070_A032:071:0043
retrospective_class_stratified	5	P2_WEEDSGALORE_TRUTH_FREE_PROPOSAL_GRID_20260810_V3_T070_A032:071:0096
retrospective_class_stratified	5	P2_WEEDSGALORE_TRUTH_FREE_PROPOSAL_GRID_20260810_V3_T070_A032:071:0107
retrospective_class_stratified	5	P2_WEEDSGALORE_TRUTH_FREE_PROPOSAL_GRID_20260810_V3_T070_A032:072:0002
retrospective_class_stratified	5	P2_WEEDSGALORE_TRUTH_FREE_PROPOSAL_GRID_20260810_V3_T070_A032:072:0085
retrospective_class_stratified	5	P2_WEEDSGALORE_TRUTH_FREE_PROPOSAL_GRID_20260810_V3_T070_A032:073:0044
retrospective_class_stratified	5	P2_WEEDSGALORE_TRUTH_FREE_PROPOSAL_GRID_20260810_V3_T070_A032:073:0046
retrospective_class_stratified	5	P2_WEEDSGALORE_TRUTH_FREE_PROPOSAL_GRID_20260810_V3_T070_A032:073:0080
retrospective_class_stratified	5	P2_WEEDSGALORE_TRUTH_FREE_PROPOSAL_GRID_20260810_V3_T070_A032:073:0083
retrospective_class_stratified	5	P2_WEEDSGALORE_TRUTH_FREE_PROPOSAL_GRID_20260810_V3_T070_A032:073:0084
retrospective_class_stratified	5	P2_WEEDSGALORE_TRUTH_FREE_PROPOSAL_GRID_20260810_V3_T070_A032:073:0096
retrospective_class_stratified	5	P2_WEEDSGALORE_TRUTH_FREE_PROPOSAL_GRID_20260810_V3_T070_A032:074:0018
retrospective_class_stratified	5	P2_WEEDSGALORE_TRUTH_FREE_PROPOSAL_GRID_20260810_V3_T070_A032:074:0151
retrospective_class_stratified	5	P2_WEEDSGALORE_TRUTH_FREE_PROPOSAL_GRID_20260810_V3_T070_A032:077:0070
retrospective_class_stratified	5	P2_WEEDSGALORE_TRUTH_FREE_PROPOSAL_GRID_20260810_V3_T070_A032:077:0084
retrospective_class_stratified	5	P2_WEEDSGALORE_TRUTH_FREE_PROPOSAL_GRID_20260810_V3_T070_A032:077:0100
retrospective_class_stratified	5	P2_WEEDSGALORE_TRUTH_FREE_PROPOSAL_GRID_20260810_V3_T070_A032:077:0101
retrospective_class_stratified	5	P2_WEEDSGALORE_TRUTH_FREE_PROPOSAL_GRID_20260810_V3_T070_A032:077:0143
retrospective_class_stratified	5	P2_WEEDSGALORE_TRUTH_FREE_PROPOSAL_GRID_20260810_V3_T070_A032:078:0070
retrospective_class_stratified	5	P2_WEEDSGALORE_TRUTH_FREE_PROPOSAL_GRID_20260810_V3_T070_A032:080:0016
retrospective_class_stratified	5	P2_WEEDSGALORE_TRUTH_FREE_PROPOSAL_GRID_20260810_V3_T070_A032:080:0068
retrospective_class_stratified	5	P2_WEEDSGALORE_TRUTH_FREE_PROPOSAL_GRID_20260810_V3_T070_A032:080:0107
retrospective_class_stratified	5	P2_WEEDSGALORE_TRUTH_FREE_PROPOSAL_GRID_20260810_V3_T070_A032:080:0115
retrospective_class_stratified	5	P2_WEEDSGALORE_TRUTH_FREE_PROPOSAL_GRID_20260810_V3_T070_A032:080:0120
retrospective_class_stratified	5	P2_WEEDSGALORE_TRUTH_FREE_PROPOSAL_GRID_20260810_V3_T070_A032:083:0033
retrospective_class_stratified	5	P2_WEEDSGALORE_TRUTH_FREE_PROPOSAL_GRID_20260810_V3_T070_A032:083:0066
retrospective_class_stratified	5	P2_WEEDSGALORE_TRUTH_FREE_PROPOSAL_GRID_20260810_V3_T070_A032:083:0096
retrospective_class_stratified	5	P2_WEEDSGALORE_TRUTH_FREE_PROPOSAL_GRID_20260810_V3_T070_A032:083:0097
retrospective_class_stratified	5	P2_WEEDSGALORE_TRUTH_FREE_PROPOSAL_GRID_20260810_V3_T070_A032:084:0003
retrospective_class_stratified	5	P2_WEEDSGALORE_TRUTH_FREE_PROPOSAL_GRID_20260810_V3_T070_A032:084:0004
retrospective_class_stratified	5	P2_WEEDSGALORE_TRUTH_FREE_PROPOSAL_GRID_20260810_V3_T070_A032:084:0016
retrospective_class_stratified	5	P2_WEEDSGALORE_TRUTH_FREE_PROPOSAL_GRID_20260810_V3_T070_A032:084:0021
retrospective_class_stratified	5	P2_WEEDSGALORE_TRUTH_FREE_PROPOSAL_GRID_20260810_V3_T070_A032:084:0026
retrospective_class_stratified	5	P2_WEEDSGALORE_TRUTH_FREE_PROPOSAL_GRID_20260810_V3_T070_A032:084:0029
retrospective_class_stratified	5	P2_WEEDSGALORE_TRUTH_FREE_PROPOSAL_GRID_20260810_V3_T070_A032:085:0003
retrospective_class_stratified	5	P2_WEEDSGALORE_TRUTH_FREE_PROPOSAL_GRID_20260810_V3_T070_A032:086:0018
retrospective_class_stratified	5	P2_WEEDSGALORE_TRUTH_FREE_PROPOSAL_GRID_20260810_V3_T070_A032:086:0023
retrospective_class_stratified	5	P2_WEEDSGALORE_TRUTH_FREE_PROPOSAL_GRID_20260810_V3_T070_A032:086:0080
retrospective_class_stratified	5	P2_WEEDSGALORE_TRUTH_FREE_PROPOSAL_GRID_20260810_V3_T070_A032:089:0038
retrospective_class_stratified	5	P2_WEEDSGALORE_TRUTH_FREE_PROPOSAL_GRID_20260810_V3_T070_A032:089:0076
retrospective_class_stratified	5	P2_WEEDSGALORE_TRUTH_FREE_PROPOSAL_GRID_20260810_V3_T070_A032:089:0077
retrospective_class_stratified	5	P2_WEEDSGALORE_TRUTH_FREE_PROPOSAL_GRID_20260810_V3_T070_A032:089:0080
retrospective_class_stratified	5	P2_WEEDSGALORE_TRUTH_FREE_PROPOSAL_GRID_20260810_V3_T070_A032:090:0026
retrospective_class_stratified	5	P2_WEEDSGALORE_TRUTH_FREE_PROPOSAL_GRID_20260810_V3_T070_A032:090:0045
retrospective_class_stratified	5	P2_WEEDSGALORE_TRUTH_FREE_PROPOSAL_GRID_20260810_V3_T070_A032:091:0025
retrospective_class_stratified	5	P2_WEEDSGALORE_TRUTH_FREE_PROPOSAL_GRID_20260810_V3_T070_A032:091:0048
retrospective_class_stratified	5	P2_WEEDSGALORE_TRUTH_FREE_PROPOSAL_GRID_20260810_V3_T070_A032:091:0084
retrospective_class_stratified	5	P2_WEEDSGALORE_TRUTH_FREE_PROPOSAL_GRID_20260810_V3_T070_A032:092:0009
retrospective_class_stratified	5	P2_WEEDSGALORE_TRUTH_FREE_PROPOSAL_GRID_20260810_V3_T070_A032:092:0015
retrospective_class_stratified	5	P2_WEEDSGALORE_TRUTH_FREE_PROPOSAL_GRID_20260810_V3_T070_A032:092:0024
retrospective_class_stratified	5	P2_WEEDSGALORE_TRUTH_FREE_PROPOSAL_GRID_20260810_V3_T070_A032:092:0049
retrospective_class_stratified	5	P2_WEEDSGALORE_TRUTH_FREE_PROPOSAL_GRID_20260810_V3_T070_A032:092:0055
retrospective_class_stratified	5	P2_WEEDSGALORE_TRUTH_FREE_PROPOSAL_GRID_20260810_V3_T070_A032:092:0098
retrospective_class_stratified	5	P2_WEEDSGALORE_TRUTH_FREE_PROPOSAL_GRID_20260810_V3_T070_A032:092:0101
retrospective_class_stratified	5	P2_WEEDSGALORE_TRUTH_FREE_PROPOSAL_GRID_20260810_V3_T070_A032:093:0044
retrospective_class_stratified	5	P2_WEEDSGALORE_TRUTH_FREE_PROPOSAL_GRID_20260810_V3_T070_A032:094:0009
retrospective_class_stratified	5	P2_WEEDSGALORE_TRUTH_FREE_PROPOSAL_GRID_20260810_V3_T070_A032:094:0016
retrospective_class_stratified	5	P2_WEEDSGALORE_TRUTH_FREE_PROPOSAL_GRID_20260810_V3_T070_A032:094:0021
retrospective_class_stratified	5	P2_WEEDSGALORE_TRUTH_FREE_PROPOSAL_GRID_20260810_V3_T070_A032:094:0041
retrospective_class_stratified	5	P2_WEEDSGALORE_TRUTH_FREE_PROPOSAL_GRID_20260810_V3_T070_A032:097:0037
retrospective_class_stratified	5	P2_WEEDSGALORE_TRUTH_FREE_PROPOSAL_GRID_20260810_V3_T070_A032:097:0038
retrospective_class_stratified	5	P2_WEEDSGALORE_TRUTH_FREE_PROPOSAL_GRID_20260810_V3_T070_A032:101:0009
retrospective_class_stratified	5	P2_WEEDSGALORE_TRUTH_FREE_PROPOSAL_GRID_20260810_V3_T070_A032:101:0011
retrospective_class_stratified	5	P2_WEEDSGALORE_TRUTH_FREE_PROPOSAL_GRID_20260810_V3_T070_A032:101:0023
retrospective_class_stratified	5	P2_WEEDSGALORE_TRUTH_FREE_PROPOSAL_GRID_20260810_V3_T070_A032:101:0031
retrospective_class_stratified	5	P2_WEEDSGALORE_TRUTH_FREE_PROPOSAL_GRID_20260810_V3_T070_A032:101:0051
retrospective_class_stratified	5	P2_WEEDSGALORE_TRUTH_FREE_PROPOSAL_GRID_20260810_V3_T070_A032:103:0024
retrospective_class_stratified	5	P2_WEEDSGALORE_TRUTH_FREE_PROPOSAL_GRID_20260810_V3_T070_A032:103:0038
retrospective_class_stratified	5	P2_WEEDSGALORE_TRUTH_FREE_PROPOSAL_GRID_20260810_V3_T070_A032:103:0046
retrospective_class_stratified	5	P2_WEEDSGALORE_TRUTH_FREE_PROPOSAL_GRID_20260810_V3_T070_A032:103:0055
retrospective_class_stratified	5	P2_WEEDSGALORE_TRUTH_FREE_PROPOSAL_GRID_20260810_V3_T070_A032:104:0002
retrospective_class_stratified	5	P2_WEEDSGALORE_TRUTH_FREE_PROPOSAL_GRID_20260810_V3_T070_A032:104:0023
retrospective_class_stratified	5	P2_WEEDSGALORE_TRUTH_FREE_PROPOSAL_GRID_20260810_V3_T070_A032:104:0028
retrospective_class_stratified	5	P2_WEEDSGALORE_TRUTH_FREE_PROPOSAL_GRID_20260810_V3_T070_A032:106:0022
retrospective_class_stratified	5	P2_WEEDSGALORE_TRUTH_FREE_PROPOSAL_GRID_20260810_V3_T070_A032:107:0004
retrospective_class_stratified	5	P2_WEEDSGALORE_TRUTH_FREE_PROPOSAL_GRID_20260810_V3_T070_A032:107:0033
retrospective_class_stratified	5	P2_WEEDSGALORE_TRUTH_FREE_PROPOSAL_GRID_20260810_V3_T070_A032:107:0034
retrospective_class_stratified	5	P2_WEEDSGALORE_TRUTH_FREE_PROPOSAL_GRID_20260810_V3_T070_A032:107:0057
retrospective_class_stratified	5	P2_WEEDSGALORE_TRUTH_FREE_PROPOSAL_GRID_20260810_V3_T070_A032:108:0003
retrospective_class_stratified	5	P2_WEEDSGALORE_TRUTH_FREE_PROPOSAL_GRID_20260810_V3_T070_A032:108:0022
retrospective_class_stratified	5	P2_WEEDSGALORE_TRUTH_FREE_PROPOSAL_GRID_20260810_V3_T070_A032:108:0084
retrospective_class_stratified	5	P2_WEEDSGALORE_TRUTH_FREE_PROPOSAL_GRID_20260810_V3_T070_A032:109:0030
retrospective_class_stratified	5	P2_WEEDSGALORE_TRUTH_FREE_PROPOSAL_GRID_20260810_V3_T070_A032:110:0071
retrospective_class_stratified	5	P2_WEEDSGALORE_TRUTH_FREE_PROPOSAL_GRID_20260810_V3_T070_A032:110:0072
retrospective_class_stratified	5	P2_WEEDSGALORE_TRUTH_FREE_PROPOSAL_GRID_20260810_V3_T070_A032:110:0078
retrospective_class_stratified	5	P2_WEEDSGALORE_TRUTH_FREE_PROPOSAL_GRID_20260810_V3_T070_A032:110:0092
retrospective_class_stratified	5	P2_WEEDSGALORE_TRUTH_FREE_PROPOSAL_GRID_20260810_V3_T070_A032:110:0102
retrospective_class_stratified	5	P2_WEEDSGALORE_TRUTH_FREE_PROPOSAL_GRID_20260810_V3_T070_A032:110:0105
retrospective_class_stratified	5	P2_WEEDSGALORE_TRUTH_FREE_PROPOSAL_GRID_20260810_V3_T070_A032:111:0051
retrospective_class_stratified	5	P2_WEEDSGALORE_TRUTH_FREE_PROPOSAL_GRID_20260810_V3_T070_A032:111:0054
retrospective_class_stratified	5	P2_WEEDSGALORE_TRUTH_FREE_PROPOSAL_GRID_20260810_V3_T070_A032:114:0010
retrospective_class_stratified	5	P2_WEEDSGALORE_TRUTH_FREE_PROPOSAL_GRID_20260810_V3_T070_A032:114:0013
retrospective_class_stratified	5	P2_WEEDSGALORE_TRUTH_FREE_PROPOSAL_GRID_20260810_V3_T070_A032:114:0042
retrospective_class_stratified	5	P2_WEEDSGALORE_TRUTH_FREE_PROPOSAL_GRID_20260810_V3_T070_A032:114:0043
retrospective_class_stratified	5	P2_WEEDSGALORE_TRUTH_FREE_PROPOSAL_GRID_20260810_V3_T070_A032:115:0013
retrospective_class_stratified	5	P2_WEEDSGALORE_TRUTH_FREE_PROPOSAL_GRID_20260810_V3_T070_A032:115:0020
retrospective_class_stratified	5	P2_WEEDSGALORE_TRUTH_FREE_PROPOSAL_GRID_20260810_V3_T070_A032:115:0038
retrospective_class_stratified	5	P2_WEEDSGALORE_TRUTH_FREE_PROPOSAL_GRID_20260810_V3_T070_A032:115:0039
retrospective_class_stratified	5	P2_WEEDSGALORE_TRUTH_FREE_PROPOSAL_GRID_20260810_V3_T070_A032:115:0044
retrospective_class_stratified	5	P2_WEEDSGALORE_TRUTH_FREE_PROPOSAL_GRID_20260810_V3_T070_A032:115:0055
retrospective_class_stratified	5	P2_WEEDSGALORE_TRUTH_FREE_PROPOSAL_GRID_20260810_V3_T070_A032:115:0060
retrospective_class_stratified	5	P2_WEEDSGALORE_TRUTH_FREE_PROPOSAL_GRID_20260810_V3_T070_A032:116:0008
retrospective_class_stratified	5	P2_WEEDSGALORE_TRUTH_FREE_PROPOSAL_GRID_20260810_V3_T070_A032:116:0064
retrospective_class_stratified	5	P2_WEEDSGALORE_TRUTH_FREE_PROPOSAL_GRID_20260810_V3_T070_A032:116:0072
retrospective_class_stratified	5	P2_WEEDSGALORE_TRUTH_FREE_PROPOSAL_GRID_20260810_V3_T070_A032:119:0009
retrospective_class_stratified	5	P2_WEEDSGALORE_TRUTH_FREE_PROPOSAL_GRID_20260810_V3_T070_A032:119:0010
retrospective_class_stratified	5	P2_WEEDSGALORE_TRUTH_FREE_PROPOSAL_GRID_20260810_V3_T070_A032:119:0018
retrospective_class_stratified	5	P2_WEEDSGALORE_TRUTH_FREE_PROPOSAL_GRID_20260810_V3_T070_A032:119:0055
retrospective_class_stratified	5	P2_WEEDSGALORE_TRUTH_FREE_PROPOSAL_GRID_20260810_V3_T070_A032:119:0072
retrospective_class_stratified	5	P2_WEEDSGALORE_TRUTH_FREE_PROPOSAL_GRID_20260810_V3_T070_A032:119:0082
retrospective_class_stratified	5	P2_WEEDSGALORE_TRUTH_FREE_PROPOSAL_GRID_20260810_V3_T070_A032:120:0001
retrospective_class_stratified	5	P2_WEEDSGALORE_TRUTH_FREE_PROPOSAL_GRID_20260810_V3_T070_A032:120:0016
retrospective_class_stratified	5	P2_WEEDSGALORE_TRUTH_FREE_PROPOSAL_GRID_20260810_V3_T070_A032:120:0026
retrospective_class_stratified	5	P2_WEEDSGALORE_TRUTH_FREE_PROPOSAL_GRID_20260810_V3_T070_A032:120:0046
retrospective_class_stratified	5	P2_WEEDSGALORE_TRUTH_FREE_PROPOSAL_GRID_20260810_V3_T070_A032:120:0047
retrospective_class_stratified	5	P2_WEEDSGALORE_TRUTH_FREE_PROPOSAL_GRID_20260810_V3_T070_A032:121:0006
retrospective_class_stratified	5	P2_WEEDSGALORE_TRUTH_FREE_PROPOSAL_GRID_20260810_V3_T070_A032:121:0007
retrospective_class_stratified	5	P2_WEEDSGALORE_TRUTH_FREE_PROPOSAL_GRID_20260810_V3_T070_A032:122:0009
retrospective_class_stratified	5	P2_WEEDSGALORE_TRUTH_FREE_PROPOSAL_GRID_20260810_V3_T070_A032:122:0033
retrospective_class_stratified	5	P2_WEEDSGALORE_TRUTH_FREE_PROPOSAL_GRID_20260810_V3_T070_A032:123:0006
retrospective_class_stratified	5	P2_WEEDSGALORE_TRUTH_FREE_PROPOSAL_GRID_20260810_V3_T070_A032:123:0039
retrospective_class_stratified	5	P2_WEEDSGALORE_TRUTH_FREE_PROPOSAL_GRID_20260810_V3_T070_A032:123:0040
retrospective_class_stratified	5	P2_WEEDSGALORE_TRUTH_FREE_PROPOSAL_GRID_20260810_V3_T070_A032:123:0070
retrospective_class_stratified	5	P2_WEEDSGALORE_TRUTH_FREE_PROPOSAL_GRID_20260810_V3_T070_A032:123:0092
retrospective_class_stratified	5	P2_WEEDSGALORE_TRUTH_FREE_PROPOSAL_GRID_20260810_V3_T070_A032:126:0051
retrospective_class_stratified	5	P2_WEEDSGALORE_TRUTH_FREE_PROPOSAL_GRID_20260810_V3_T070_A032:127:0002
retrospective_class_stratified	5	P2_WEEDSGALORE_TRUTH_FREE_PROPOSAL_GRID_20260810_V3_T070_A032:127:0020
retrospective_class_stratified	5	P2_WEEDSGALORE_TRUTH_FREE_PROPOSAL_GRID_20260810_V3_T070_A032:127:0039
retrospective_class_stratified	5	P2_WEEDSGALORE_TRUTH_FREE_PROPOSAL_GRID_20260810_V3_T070_A032:127:0055
retrospective_class_stratified	5	P2_WEEDSGALORE_TRUTH_FREE_PROPOSAL_GRID_20260810_V3_T070_A032:127:0059
retrospective_class_stratified	5	P2_WEEDSGALORE_TRUTH_FREE_PROPOSAL_GRID_20260810_V3_T070_A032:127:0065
retrospective_class_stratified	5	P2_WEEDSGALORE_TRUTH_FREE_PROPOSAL_GRID_20260810_V3_T070_A032:127:0079
retrospective_class_stratified	5	P2_WEEDSGALORE_TRUTH_FREE_PROPOSAL_GRID_20260810_V3_T070_A032:128:0080
retrospective_class_stratified	5	P2_WEEDSGALORE_TRUTH_FREE_PROPOSAL_GRID_20260810_V3_T070_A032:130:0051
retrospective_class_stratified	5	P2_WEEDSGALORE_TRUTH_FREE_PROPOSAL_GRID_20260810_V3_T070_A032:130:0052
retrospective_class_stratified	5	P2_WEEDSGALORE_TRUTH_FREE_PROPOSAL_GRID_20260810_V3_T070_A032:131:0030
retrospective_class_stratified	5	P2_WEEDSGALORE_TRUTH_FREE_PROPOSAL_GRID_20260810_V3_T070_A032:131:0051
retrospective_class_stratified	5	P2_WEEDSGALORE_TRUTH_FREE_PROPOSAL_GRID_20260810_V3_T070_A032:131:0053
retrospective_class_stratified	5	P2_WEEDSGALORE_TRUTH_FREE_PROPOSAL_GRID_20260810_V3_T070_A032:133:0015
retrospective_class_stratified	5	P2_WEEDSGALORE_TRUTH_FREE_PROPOSAL_GRID_20260810_V3_T070_A032:133:0025
retrospective_class_stratified	5	P2_WEEDSGALORE_TRUTH_FREE_PROPOSAL_GRID_20260810_V3_T070_A032:133:0051
retrospective_class_stratified	5	P2_WEEDSGALORE_TRUTH_FREE_PROPOSAL_GRID_20260810_V3_T070_A032:133:0053
retrospective_class_stratified	5	P2_WEEDSGALORE_TRUTH_FREE_PROPOSAL_GRID_20260810_V3_T070_A032:134:0013
retrospective_class_stratified	5	P2_WEEDSGALORE_TRUTH_FREE_PROPOSAL_GRID_20260810_V3_T070_A032:134:0027
retrospective_class_stratified	5	P2_WEEDSGALORE_TRUTH_FREE_PROPOSAL_GRID_20260810_V3_T070_A032:134:0049
retrospective_class_stratified	5	P2_WEEDSGALORE_TRUTH_FREE_PROPOSAL_GRID_20260810_V3_T070_A032:134:0088
retrospective_class_stratified	5	P2_WEEDSGALORE_TRUTH_FREE_PROPOSAL_GRID_20260810_V3_T070_A032:135:0017
retrospective_class_stratified	5	P2_WEEDSGALORE_TRUTH_FREE_PROPOSAL_GRID_20260810_V3_T070_A032:135:0033
retrospective_class_stratified	5	P2_WEEDSGALORE_TRUTH_FREE_PROPOSAL_GRID_20260810_V3_T070_A032:135:0064
retrospective_class_stratified	5	P2_WEEDSGALORE_TRUTH_FREE_PROPOSAL_GRID_20260810_V3_T070_A032:136:0015
retrospective_class_stratified	5	P2_WEEDSGALORE_TRUTH_FREE_PROPOSAL_GRID_20260810_V3_T070_A032:136:0017
retrospective_class_stratified	5	P2_WEEDSGALORE_TRUTH_FREE_PROPOSAL_GRID_20260810_V3_T070_A032:136:0029
retrospective_class_stratified	5	P2_WEEDSGALORE_TRUTH_FREE_PROPOSAL_GRID_20260810_V3_T070_A032:136:0030
retrospective_class_stratified	5	P2_WEEDSGALORE_TRUTH_FREE_PROPOSAL_GRID_20260810_V3_T070_A032:136:0036
retrospective_class_stratified	5	P2_WEEDSGALORE_TRUTH_FREE_PROPOSAL_GRID_20260810_V3_T070_A032:136:0039
retrospective_class_stratified	5	P2_WEEDSGALORE_TRUTH_FREE_PROPOSAL_GRID_20260810_V3_T070_A032:136:0050
retrospective_class_stratified	5	P2_WEEDSGALORE_TRUTH_FREE_PROPOSAL_GRID_20260810_V3_T070_A032:136:0058
retrospective_class_stratified	5	P2_WEEDSGALORE_TRUTH_FREE_PROPOSAL_GRID_20260810_V3_T070_A032:136:0063
retrospective_class_stratified	5	P2_WEEDSGALORE_TRUTH_FREE_PROPOSAL_GRID_20260810_V3_T070_A032:136:0064
retrospective_class_stratified	5	P2_WEEDSGALORE_TRUTH_FREE_PROPOSAL_GRID_20260810_V3_T070_A032:139:0043
retrospective_class_stratified	5	P2_WEEDSGALORE_TRUTH_FREE_PROPOSAL_GRID_20260810_V3_T070_A032:139:0053
retrospective_class_stratified	5	P2_WEEDSGALORE_TRUTH_FREE_PROPOSAL_GRID_20260810_V3_T070_A032:139:0080
retrospective_class_stratified	5	P2_WEEDSGALORE_TRUTH_FREE_PROPOSAL_GRID_20260810_V3_T070_A032:139:0091
retrospective_class_stratified	5	P2_WEEDSGALORE_TRUTH_FREE_PROPOSAL_GRID_20260810_V3_T070_A032:142:0002
retrospective_class_stratified	5	P2_WEEDSGALORE_TRUTH_FREE_PROPOSAL_GRID_20260810_V3_T070_A032:142:0006
retrospective_class_stratified	5	P2_WEEDSGALORE_TRUTH_FREE_PROPOSAL_GRID_20260810_V3_T070_A032:142:0009
retrospective_class_stratified	5	P2_WEEDSGALORE_TRUTH_FREE_PROPOSAL_GRID_20260810_V3_T070_A032:142:0032
retrospective_class_stratified	5	P2_WEEDSGALORE_TRUTH_FREE_PROPOSAL_GRID_20260810_V3_T070_A032:142:0055
retrospective_class_stratified	5	P2_WEEDSGALORE_TRUTH_FREE_PROPOSAL_GRID_20260810_V3_T070_A032:142:0072
retrospective_class_stratified	5	P2_WEEDSGALORE_TRUTH_FREE_PROPOSAL_GRID_20260810_V3_T070_A032:143:0065
retrospective_class_stratified	5	P2_WEEDSGALORE_TRUTH_FREE_PROPOSAL_GRID_20260810_V3_T070_A032:144:0018
retrospective_class_stratified	5	P2_WEEDSGALORE_TRUTH_FREE_PROPOSAL_GRID_20260810_V3_T070_A032:144:0041
retrospective_class_stratified	5	P2_WEEDSGALORE_TRUTH_FREE_PROPOSAL_GRID_20260810_V3_T070_A032:144:0075
retrospective_class_stratified	5	P2_WEEDSGALORE_TRUTH_FREE_PROPOSAL_GRID_20260810_V3_T070_A032:146:0011
retrospective_class_stratified	5	P2_WEEDSGALORE_TRUTH_FREE_PROPOSAL_GRID_20260810_V3_T070_A032:150:0001
retrospective_class_stratified	5	P2_WEEDSGALORE_TRUTH_FREE_PROPOSAL_GRID_20260810_V3_T070_A032:150:0026
retrospective_class_stratified	5	P2_WEEDSGALORE_TRUTH_FREE_PROPOSAL_GRID_20260810_V3_T070_A032:150:0029
retrospective_class_stratified	5	P2_WEEDSGALORE_TRUTH_FREE_PROPOSAL_GRID_20260810_V3_T070_A032:150:0040
retrospective_class_stratified	5	P2_WEEDSGALORE_TRUTH_FREE_PROPOSAL_GRID_20260810_V3_T070_A032:151:0004
retrospective_class_stratified	5	P2_WEEDSGALORE_TRUTH_FREE_PROPOSAL_GRID_20260810_V3_T070_A032:151:0009
retrospective_class_stratified	5	P2_WEEDSGALORE_TRUTH_FREE_PROPOSAL_GRID_20260810_V3_T070_A032:153:0030
retrospective_class_stratified	5	P2_WEEDSGALORE_TRUTH_FREE_PROPOSAL_GRID_20260810_V3_T070_A032:153:0037
retrospective_class_stratified	5	P2_WEEDSGALORE_TRUTH_FREE_PROPOSAL_GRID_20260810_V3_T070_A032:153:0052
retrospective_class_stratified	5	P2_WEEDSGALORE_TRUTH_FREE_PROPOSAL_GRID_20260810_V3_T070_A032:153:0057
retrospective_class_stratified	5	P2_WEEDSGALORE_TRUTH_FREE_PROPOSAL_GRID_20260810_V3_T070_A032:153:0073
retrospective_class_stratified	5	P2_WEEDSGALORE_TRUTH_FREE_PROPOSAL_GRID_20260810_V3_T070_A032:153:0080
retrospective_class_stratified	5	P2_WEEDSGALORE_TRUTH_FREE_PROPOSAL_GRID_20260810_V3_T070_A032:153:0088
retrospective_class_stratified	5	P2_WEEDSGALORE_TRUTH_FREE_PROPOSAL_GRID_20260810_V3_T070_A032:153:0090
retrospective_class_stratified	5	P2_WEEDSGALORE_TRUTH_FREE_PROPOSAL_GRID_20260810_V3_T070_A032:155:0014
retrospective_class_stratified	5	P2_WEEDSGALORE_TRUTH_FREE_PROPOSAL_GRID_20260810_V3_T070_A032:155:0017
retrospective_class_stratified	5	P2_WEEDSGALORE_TRUTH_FREE_PROPOSAL_GRID_20260810_V3_T070_A032:155:0041
retrospective_class_stratified	5	P2_WEEDSGALORE_TRUTH_FREE_PROPOSAL_GRID_20260810_V3_T070_A032:155:0048
retrospective_class_stratified	5	P2_WEEDSGALORE_TRUTH_FREE_PROPOSAL_GRID_20260810_V3_T070_A032:155:0078
retrospective_class_stratified	5	P2_WEEDSGALORE_TRUTH_FREE_PROPOSAL_GRID_20260810_V3_T070_A032:156:0005
retrospective_class_stratified	5	P2_WEEDSGALORE_TRUTH_FREE_PROPOSAL_GRID_20260810_V3_T070_A032:156:0027
retrospective_class_stratified	5	P2_WEEDSGALORE_TRUTH_FREE_PROPOSAL_GRID_20260810_V3_T070_A032:156:0031
retrospective_class_stratified	5	P2_WEEDSGALORE_TRUTH_FREE_PROPOSAL_GRID_20260810_V3_T070_A032:156:0035
retrospective_class_stratified	5	P2_WEEDSGALORE_TRUTH_FREE_PROPOSAL_GRID_20260810_V3_T070_A032:156:0060
prospective_uniform	6	P2_WEEDSGALORE_TRUTH_FREE_PROPOSAL_GRID_20260810_V3_T070_A032:004:0022
prospective_uniform	6	P2_WEEDSGALORE_TRUTH_FREE_PROPOSAL_GRID_20260810_V3_T070_A032:004:0031
prospective_uniform	6	P2_WEEDSGALORE_TRUTH_FREE_PROPOSAL_GRID_20260810_V3_T070_A032:004:0055
prospective_uniform	6	P2_WEEDSGALORE_TRUTH_FREE_PROPOSAL_GRID_20260810_V3_T070_A032:004:0061
prospective_uniform	6	P2_WEEDSGALORE_TRUTH_FREE_PROPOSAL_GRID_20260810_V3_T070_A032:005:0003
prospective_uniform	6	P2_WEEDSGALORE_TRUTH_FREE_PROPOSAL_GRID_20260810_V3_T070_A032:005:0006
prospective_uniform	6	P2_WEEDSGALORE_TRUTH_FREE_PROPOSAL_GRID_20260810_V3_T070_A032:005:0031
prospective_uniform	6	P2_WEEDSGALORE_TRUTH_FREE_PROPOSAL_GRID_20260810_V3_T070_A032:005:0036
prospective_uniform	6	P2_WEEDSGALORE_TRUTH_FREE_PROPOSAL_GRID_20260810_V3_T070_A032:005:0053
prospective_uniform	6	P2_WEEDSGALORE_TRUTH_FREE_PROPOSAL_GRID_20260810_V3_T070_A032:005:0099
prospective_uniform	6	P2_WEEDSGALORE_TRUTH_FREE_PROPOSAL_GRID_20260810_V3_T070_A032:005:0103
prospective_uniform	6	P2_WEEDSGALORE_TRUTH_FREE_PROPOSAL_GRID_20260810_V3_T070_A032:005:0110
prospective_uniform	6	P2_WEEDSGALORE_TRUTH_FREE_PROPOSAL_GRID_20260810_V3_T070_A032:005:0132
prospective_uniform	6	P2_WEEDSGALORE_TRUTH_FREE_PROPOSAL_GRID_20260810_V3_T070_A032:006:0005
prospective_uniform	6	P2_WEEDSGALORE_TRUTH_FREE_PROPOSAL_GRID_20260810_V3_T070_A032:006:0073
prospective_uniform	6	P2_WEEDSGALORE_TRUTH_FREE_PROPOSAL_GRID_20260810_V3_T070_A032:006:0094
prospective_uniform	6	P2_WEEDSGALORE_TRUTH_FREE_PROPOSAL_GRID_20260810_V3_T070_A032:006:0095
prospective_uniform	6	P2_WEEDSGALORE_TRUTH_FREE_PROPOSAL_GRID_20260810_V3_T070_A032:006:0115
prospective_uniform	6	P2_WEEDSGALORE_TRUTH_FREE_PROPOSAL_GRID_20260810_V3_T070_A032:006:0271
prospective_uniform	6	P2_WEEDSGALORE_TRUTH_FREE_PROPOSAL_GRID_20260810_V3_T070_A032:009:0030
prospective_uniform	6	P2_WEEDSGALORE_TRUTH_FREE_PROPOSAL_GRID_20260810_V3_T070_A032:009:0031
prospective_uniform	6	P2_WEEDSGALORE_TRUTH_FREE_PROPOSAL_GRID_20260810_V3_T070_A032:009:0067
prospective_uniform	6	P2_WEEDSGALORE_TRUTH_FREE_PROPOSAL_GRID_20260810_V3_T070_A032:009:0091
prospective_uniform	6	P2_WEEDSGALORE_TRUTH_FREE_PROPOSAL_GRID_20260810_V3_T070_A032:010:0015
prospective_uniform	6	P2_WEEDSGALORE_TRUTH_FREE_PROPOSAL_GRID_20260810_V3_T070_A032:010:0054
prospective_uniform	6	P2_WEEDSGALORE_TRUTH_FREE_PROPOSAL_GRID_20260810_V3_T070_A032:010:0075
prospective_uniform	6	P2_WEEDSGALORE_TRUTH_FREE_PROPOSAL_GRID_20260810_V3_T070_A032:010:0113
prospective_uniform	6	P2_WEEDSGALORE_TRUTH_FREE_PROPOSAL_GRID_20260810_V3_T070_A032:010:0149
prospective_uniform	6	P2_WEEDSGALORE_TRUTH_FREE_PROPOSAL_GRID_20260810_V3_T070_A032:010:0155
prospective_uniform	6	P2_WEEDSGALORE_TRUTH_FREE_PROPOSAL_GRID_20260810_V3_T070_A032:010:0183
prospective_uniform	6	P2_WEEDSGALORE_TRUTH_FREE_PROPOSAL_GRID_20260810_V3_T070_A032:010:0194
prospective_uniform	6	P2_WEEDSGALORE_TRUTH_FREE_PROPOSAL_GRID_20260810_V3_T070_A032:010:0201
prospective_uniform	6	P2_WEEDSGALORE_TRUTH_FREE_PROPOSAL_GRID_20260810_V3_T070_A032:011:0012
prospective_uniform	6	P2_WEEDSGALORE_TRUTH_FREE_PROPOSAL_GRID_20260810_V3_T070_A032:011:0017
prospective_uniform	6	P2_WEEDSGALORE_TRUTH_FREE_PROPOSAL_GRID_20260810_V3_T070_A032:011:0080
prospective_uniform	6	P2_WEEDSGALORE_TRUTH_FREE_PROPOSAL_GRID_20260810_V3_T070_A032:011:0087
prospective_uniform	6	P2_WEEDSGALORE_TRUTH_FREE_PROPOSAL_GRID_20260810_V3_T070_A032:011:0095
prospective_uniform	6	P2_WEEDSGALORE_TRUTH_FREE_PROPOSAL_GRID_20260810_V3_T070_A032:011:0140
prospective_uniform	6	P2_WEEDSGALORE_TRUTH_FREE_PROPOSAL_GRID_20260810_V3_T070_A032:012:0015
prospective_uniform	6	P2_WEEDSGALORE_TRUTH_FREE_PROPOSAL_GRID_20260810_V3_T070_A032:012:0105
prospective_uniform	6	P2_WEEDSGALORE_TRUTH_FREE_PROPOSAL_GRID_20260810_V3_T070_A032:012:0118
prospective_uniform	6	P2_WEEDSGALORE_TRUTH_FREE_PROPOSAL_GRID_20260810_V3_T070_A032:012:0137
prospective_uniform	6	P2_WEEDSGALORE_TRUTH_FREE_PROPOSAL_GRID_20260810_V3_T070_A032:012:0192
prospective_uniform	6	P2_WEEDSGALORE_TRUTH_FREE_PROPOSAL_GRID_20260810_V3_T070_A032:013:0027
prospective_uniform	6	P2_WEEDSGALORE_TRUTH_FREE_PROPOSAL_GRID_20260810_V3_T070_A032:013:0034
prospective_uniform	6	P2_WEEDSGALORE_TRUTH_FREE_PROPOSAL_GRID_20260810_V3_T070_A032:015:0002
prospective_uniform	6	P2_WEEDSGALORE_TRUTH_FREE_PROPOSAL_GRID_20260810_V3_T070_A032:018:0006
prospective_uniform	6	P2_WEEDSGALORE_TRUTH_FREE_PROPOSAL_GRID_20260810_V3_T070_A032:018:0034
prospective_uniform	6	P2_WEEDSGALORE_TRUTH_FREE_PROPOSAL_GRID_20260810_V3_T070_A032:018:0061
prospective_uniform	6	P2_WEEDSGALORE_TRUTH_FREE_PROPOSAL_GRID_20260810_V3_T070_A032:018:0068
prospective_uniform	6	P2_WEEDSGALORE_TRUTH_FREE_PROPOSAL_GRID_20260810_V3_T070_A032:018:0090
prospective_uniform	6	P2_WEEDSGALORE_TRUTH_FREE_PROPOSAL_GRID_20260810_V3_T070_A032:018:0093
prospective_uniform	6	P2_WEEDSGALORE_TRUTH_FREE_PROPOSAL_GRID_20260810_V3_T070_A032:018:0111
prospective_uniform	6	P2_WEEDSGALORE_TRUTH_FREE_PROPOSAL_GRID_20260810_V3_T070_A032:018:0158
prospective_uniform	6	P2_WEEDSGALORE_TRUTH_FREE_PROPOSAL_GRID_20260810_V3_T070_A032:018:0172
prospective_uniform	6	P2_WEEDSGALORE_TRUTH_FREE_PROPOSAL_GRID_20260810_V3_T070_A032:019:0014
prospective_uniform	6	P2_WEEDSGALORE_TRUTH_FREE_PROPOSAL_GRID_20260810_V3_T070_A032:020:0010
prospective_uniform	6	P2_WEEDSGALORE_TRUTH_FREE_PROPOSAL_GRID_20260810_V3_T070_A032:020:0020
prospective_uniform	6	P2_WEEDSGALORE_TRUTH_FREE_PROPOSAL_GRID_20260810_V3_T070_A032:020:0033
prospective_uniform	6	P2_WEEDSGALORE_TRUTH_FREE_PROPOSAL_GRID_20260810_V3_T070_A032:020:0071
prospective_uniform	6	P2_WEEDSGALORE_TRUTH_FREE_PROPOSAL_GRID_20260810_V3_T070_A032:023:0033
prospective_uniform	6	P2_WEEDSGALORE_TRUTH_FREE_PROPOSAL_GRID_20260810_V3_T070_A032:023:0067
prospective_uniform	6	P2_WEEDSGALORE_TRUTH_FREE_PROPOSAL_GRID_20260810_V3_T070_A032:023:0119
prospective_uniform	6	P2_WEEDSGALORE_TRUTH_FREE_PROPOSAL_GRID_20260810_V3_T070_A032:024:0078
prospective_uniform	6	P2_WEEDSGALORE_TRUTH_FREE_PROPOSAL_GRID_20260810_V3_T070_A032:024:0092
prospective_uniform	6	P2_WEEDSGALORE_TRUTH_FREE_PROPOSAL_GRID_20260810_V3_T070_A032:024:0125
prospective_uniform	6	P2_WEEDSGALORE_TRUTH_FREE_PROPOSAL_GRID_20260810_V3_T070_A032:025:0016
prospective_uniform	6	P2_WEEDSGALORE_TRUTH_FREE_PROPOSAL_GRID_20260810_V3_T070_A032:027:0015
prospective_uniform	6	P2_WEEDSGALORE_TRUTH_FREE_PROPOSAL_GRID_20260810_V3_T070_A032:030:0002
prospective_uniform	6	P2_WEEDSGALORE_TRUTH_FREE_PROPOSAL_GRID_20260810_V3_T070_A032:030:0056
prospective_uniform	6	P2_WEEDSGALORE_TRUTH_FREE_PROPOSAL_GRID_20260810_V3_T070_A032:030:0073
prospective_uniform	6	P2_WEEDSGALORE_TRUTH_FREE_PROPOSAL_GRID_20260810_V3_T070_A032:031:0009
prospective_uniform	6	P2_WEEDSGALORE_TRUTH_FREE_PROPOSAL_GRID_20260810_V3_T070_A032:031:0015
prospective_uniform	6	P2_WEEDSGALORE_TRUTH_FREE_PROPOSAL_GRID_20260810_V3_T070_A032:031:0021
prospective_uniform	6	P2_WEEDSGALORE_TRUTH_FREE_PROPOSAL_GRID_20260810_V3_T070_A032:032:0052
prospective_uniform	6	P2_WEEDSGALORE_TRUTH_FREE_PROPOSAL_GRID_20260810_V3_T070_A032:032:0064
prospective_uniform	6	P2_WEEDSGALORE_TRUTH_FREE_PROPOSAL_GRID_20260810_V3_T070_A032:034:0017
prospective_uniform	6	P2_WEEDSGALORE_TRUTH_FREE_PROPOSAL_GRID_20260810_V3_T070_A032:034:0029
prospective_uniform	6	P2_WEEDSGALORE_TRUTH_FREE_PROPOSAL_GRID_20260810_V3_T070_A032:034:0043
prospective_uniform	6	P2_WEEDSGALORE_TRUTH_FREE_PROPOSAL_GRID_20260810_V3_T070_A032:034:0064
prospective_uniform	6	P2_WEEDSGALORE_TRUTH_FREE_PROPOSAL_GRID_20260810_V3_T070_A032:034:0073
prospective_uniform	6	P2_WEEDSGALORE_TRUTH_FREE_PROPOSAL_GRID_20260810_V3_T070_A032:034:0079
prospective_uniform	6	P2_WEEDSGALORE_TRUTH_FREE_PROPOSAL_GRID_20260810_V3_T070_A032:034:0093
prospective_uniform	6	P2_WEEDSGALORE_TRUTH_FREE_PROPOSAL_GRID_20260810_V3_T070_A032:034:0097
prospective_uniform	6	P2_WEEDSGALORE_TRUTH_FREE_PROPOSAL_GRID_20260810_V3_T070_A032:035:0007
prospective_uniform	6	P2_WEEDSGALORE_TRUTH_FREE_PROPOSAL_GRID_20260810_V3_T070_A032:035:0061
prospective_uniform	6	P2_WEEDSGALORE_TRUTH_FREE_PROPOSAL_GRID_20260810_V3_T070_A032:037:0003
prospective_uniform	6	P2_WEEDSGALORE_TRUTH_FREE_PROPOSAL_GRID_20260810_V3_T070_A032:037:0022
prospective_uniform	6	P2_WEEDSGALORE_TRUTH_FREE_PROPOSAL_GRID_20260810_V3_T070_A032:038:0001
prospective_uniform	6	P2_WEEDSGALORE_TRUTH_FREE_PROPOSAL_GRID_20260810_V3_T070_A032:038:0010
prospective_uniform	6	P2_WEEDSGALORE_TRUTH_FREE_PROPOSAL_GRID_20260810_V3_T070_A032:038:0035
prospective_uniform	6	P2_WEEDSGALORE_TRUTH_FREE_PROPOSAL_GRID_20260810_V3_T070_A032:039:0016
prospective_uniform	6	P2_WEEDSGALORE_TRUTH_FREE_PROPOSAL_GRID_20260810_V3_T070_A032:043:0030
prospective_uniform	6	P2_WEEDSGALORE_TRUTH_FREE_PROPOSAL_GRID_20260810_V3_T070_A032:043:0039
prospective_uniform	6	P2_WEEDSGALORE_TRUTH_FREE_PROPOSAL_GRID_20260810_V3_T070_A032:046:0020
prospective_uniform	6	P2_WEEDSGALORE_TRUTH_FREE_PROPOSAL_GRID_20260810_V3_T070_A032:047:0018
prospective_uniform	6	P2_WEEDSGALORE_TRUTH_FREE_PROPOSAL_GRID_20260810_V3_T070_A032:048:0005
prospective_uniform	6	P2_WEEDSGALORE_TRUTH_FREE_PROPOSAL_GRID_20260810_V3_T070_A032:048:0018
prospective_uniform	6	P2_WEEDSGALORE_TRUTH_FREE_PROPOSAL_GRID_20260810_V3_T070_A032:048:0036
prospective_uniform	6	P2_WEEDSGALORE_TRUTH_FREE_PROPOSAL_GRID_20260810_V3_T070_A032:051:0059
prospective_uniform	6	P2_WEEDSGALORE_TRUTH_FREE_PROPOSAL_GRID_20260810_V3_T070_A032:052:0024
prospective_uniform	6	P2_WEEDSGALORE_TRUTH_FREE_PROPOSAL_GRID_20260810_V3_T070_A032:052:0054
prospective_uniform	6	P2_WEEDSGALORE_TRUTH_FREE_PROPOSAL_GRID_20260810_V3_T070_A032:052:0099
prospective_uniform	6	P2_WEEDSGALORE_TRUTH_FREE_PROPOSAL_GRID_20260810_V3_T070_A032:052:0176
prospective_uniform	6	P2_WEEDSGALORE_TRUTH_FREE_PROPOSAL_GRID_20260810_V3_T070_A032:052:0183
prospective_uniform	6	P2_WEEDSGALORE_TRUTH_FREE_PROPOSAL_GRID_20260810_V3_T070_A032:053:0081
prospective_uniform	6	P2_WEEDSGALORE_TRUTH_FREE_PROPOSAL_GRID_20260810_V3_T070_A032:053:0097
prospective_uniform	6	P2_WEEDSGALORE_TRUTH_FREE_PROPOSAL_GRID_20260810_V3_T070_A032:053:0104
prospective_uniform	6	P2_WEEDSGALORE_TRUTH_FREE_PROPOSAL_GRID_20260810_V3_T070_A032:053:0170
prospective_uniform	6	P2_WEEDSGALORE_TRUTH_FREE_PROPOSAL_GRID_20260810_V3_T070_A032:054:0026
prospective_uniform	6	P2_WEEDSGALORE_TRUTH_FREE_PROPOSAL_GRID_20260810_V3_T070_A032:054:0047
prospective_uniform	6	P2_WEEDSGALORE_TRUTH_FREE_PROPOSAL_GRID_20260810_V3_T070_A032:054:0074
prospective_uniform	6	P2_WEEDSGALORE_TRUTH_FREE_PROPOSAL_GRID_20260810_V3_T070_A032:054:0087
prospective_uniform	6	P2_WEEDSGALORE_TRUTH_FREE_PROPOSAL_GRID_20260810_V3_T070_A032:054:0093
prospective_uniform	6	P2_WEEDSGALORE_TRUTH_FREE_PROPOSAL_GRID_20260810_V3_T070_A032:057:0031
prospective_uniform	6	P2_WEEDSGALORE_TRUTH_FREE_PROPOSAL_GRID_20260810_V3_T070_A032:058:0041
prospective_uniform	6	P2_WEEDSGALORE_TRUTH_FREE_PROPOSAL_GRID_20260810_V3_T070_A032:058:0062
prospective_uniform	6	P2_WEEDSGALORE_TRUTH_FREE_PROPOSAL_GRID_20260810_V3_T070_A032:058:0097
prospective_uniform	6	P2_WEEDSGALORE_TRUTH_FREE_PROPOSAL_GRID_20260810_V3_T070_A032:058:0121
prospective_uniform	6	P2_WEEDSGALORE_TRUTH_FREE_PROPOSAL_GRID_20260810_V3_T070_A032:059:0014
prospective_uniform	6	P2_WEEDSGALORE_TRUTH_FREE_PROPOSAL_GRID_20260810_V3_T070_A032:059:0057
prospective_uniform	6	P2_WEEDSGALORE_TRUTH_FREE_PROPOSAL_GRID_20260810_V3_T070_A032:059:0059
prospective_uniform	6	P2_WEEDSGALORE_TRUTH_FREE_PROPOSAL_GRID_20260810_V3_T070_A032:059:0091
prospective_uniform	6	P2_WEEDSGALORE_TRUTH_FREE_PROPOSAL_GRID_20260810_V3_T070_A032:059:0105
prospective_uniform	6	P2_WEEDSGALORE_TRUTH_FREE_PROPOSAL_GRID_20260810_V3_T070_A032:059:0113
prospective_uniform	6	P2_WEEDSGALORE_TRUTH_FREE_PROPOSAL_GRID_20260810_V3_T070_A032:059:0167
prospective_uniform	6	P2_WEEDSGALORE_TRUTH_FREE_PROPOSAL_GRID_20260810_V3_T070_A032:060:0034
prospective_uniform	6	P2_WEEDSGALORE_TRUTH_FREE_PROPOSAL_GRID_20260810_V3_T070_A032:060:0067
prospective_uniform	6	P2_WEEDSGALORE_TRUTH_FREE_PROPOSAL_GRID_20260810_V3_T070_A032:060:0140
prospective_uniform	6	P2_WEEDSGALORE_TRUTH_FREE_PROPOSAL_GRID_20260810_V3_T070_A032:060:0144
prospective_uniform	6	P2_WEEDSGALORE_TRUTH_FREE_PROPOSAL_GRID_20260810_V3_T070_A032:060:0145
prospective_uniform	6	P2_WEEDSGALORE_TRUTH_FREE_PROPOSAL_GRID_20260810_V3_T070_A032:060:0150
prospective_uniform	6	P2_WEEDSGALORE_TRUTH_FREE_PROPOSAL_GRID_20260810_V3_T070_A032:060:0179
prospective_uniform	6	P2_WEEDSGALORE_TRUTH_FREE_PROPOSAL_GRID_20260810_V3_T070_A032:061:0014
prospective_uniform	6	P2_WEEDSGALORE_TRUTH_FREE_PROPOSAL_GRID_20260810_V3_T070_A032:061:0083
prospective_uniform	6	P2_WEEDSGALORE_TRUTH_FREE_PROPOSAL_GRID_20260810_V3_T070_A032:061:0164
prospective_uniform	6	P2_WEEDSGALORE_TRUTH_FREE_PROPOSAL_GRID_20260810_V3_T070_A032:062:0010
prospective_uniform	6	P2_WEEDSGALORE_TRUTH_FREE_PROPOSAL_GRID_20260810_V3_T070_A032:062:0034
prospective_uniform	6	P2_WEEDSGALORE_TRUTH_FREE_PROPOSAL_GRID_20260810_V3_T070_A032:062:0065
prospective_uniform	6	P2_WEEDSGALORE_TRUTH_FREE_PROPOSAL_GRID_20260810_V3_T070_A032:062:0072
prospective_uniform	6	P2_WEEDSGALORE_TRUTH_FREE_PROPOSAL_GRID_20260810_V3_T070_A032:062:0076
prospective_uniform	6	P2_WEEDSGALORE_TRUTH_FREE_PROPOSAL_GRID_20260810_V3_T070_A032:063:0065
prospective_uniform	6	P2_WEEDSGALORE_TRUTH_FREE_PROPOSAL_GRID_20260810_V3_T070_A032:063:0066
prospective_uniform	6	P2_WEEDSGALORE_TRUTH_FREE_PROPOSAL_GRID_20260810_V3_T070_A032:064:0045
prospective_uniform	6	P2_WEEDSGALORE_TRUTH_FREE_PROPOSAL_GRID_20260810_V3_T070_A032:064:0110
prospective_uniform	6	P2_WEEDSGALORE_TRUTH_FREE_PROPOSAL_GRID_20260810_V3_T070_A032:067:0002
prospective_uniform	6	P2_WEEDSGALORE_TRUTH_FREE_PROPOSAL_GRID_20260810_V3_T070_A032:067:0019
prospective_uniform	6	P2_WEEDSGALORE_TRUTH_FREE_PROPOSAL_GRID_20260810_V3_T070_A032:067:0059
prospective_uniform	6	P2_WEEDSGALORE_TRUTH_FREE_PROPOSAL_GRID_20260810_V3_T070_A032:067:0071
prospective_uniform	6	P2_WEEDSGALORE_TRUTH_FREE_PROPOSAL_GRID_20260810_V3_T070_A032:067:0082
prospective_uniform	6	P2_WEEDSGALORE_TRUTH_FREE_PROPOSAL_GRID_20260810_V3_T070_A032:067:0117
prospective_uniform	6	P2_WEEDSGALORE_TRUTH_FREE_PROPOSAL_GRID_20260810_V3_T070_A032:067:0139
prospective_uniform	6	P2_WEEDSGALORE_TRUTH_FREE_PROPOSAL_GRID_20260810_V3_T070_A032:067:0154
prospective_uniform	6	P2_WEEDSGALORE_TRUTH_FREE_PROPOSAL_GRID_20260810_V3_T070_A032:067:0179
prospective_uniform	6	P2_WEEDSGALORE_TRUTH_FREE_PROPOSAL_GRID_20260810_V3_T070_A032:070:0009
prospective_uniform	6	P2_WEEDSGALORE_TRUTH_FREE_PROPOSAL_GRID_20260810_V3_T070_A032:070:0032
prospective_uniform	6	P2_WEEDSGALORE_TRUTH_FREE_PROPOSAL_GRID_20260810_V3_T070_A032:070:0076
prospective_uniform	6	P2_WEEDSGALORE_TRUTH_FREE_PROPOSAL_GRID_20260810_V3_T070_A032:070:0096
prospective_uniform	6	P2_WEEDSGALORE_TRUTH_FREE_PROPOSAL_GRID_20260810_V3_T070_A032:070:0113
prospective_uniform	6	P2_WEEDSGALORE_TRUTH_FREE_PROPOSAL_GRID_20260810_V3_T070_A032:070:0129
prospective_uniform	6	P2_WEEDSGALORE_TRUTH_FREE_PROPOSAL_GRID_20260810_V3_T070_A032:070:0154
prospective_uniform	6	P2_WEEDSGALORE_TRUTH_FREE_PROPOSAL_GRID_20260810_V3_T070_A032:070:0156
prospective_uniform	6	P2_WEEDSGALORE_TRUTH_FREE_PROPOSAL_GRID_20260810_V3_T070_A032:070:0192
prospective_uniform	6	P2_WEEDSGALORE_TRUTH_FREE_PROPOSAL_GRID_20260810_V3_T070_A032:071:0092
prospective_uniform	6	P2_WEEDSGALORE_TRUTH_FREE_PROPOSAL_GRID_20260810_V3_T070_A032:071:0104
prospective_uniform	6	P2_WEEDSGALORE_TRUTH_FREE_PROPOSAL_GRID_20260810_V3_T070_A032:072:0067
prospective_uniform	6	P2_WEEDSGALORE_TRUTH_FREE_PROPOSAL_GRID_20260810_V3_T070_A032:072:0076
prospective_uniform	6	P2_WEEDSGALORE_TRUTH_FREE_PROPOSAL_GRID_20260810_V3_T070_A032:072:0086
prospective_uniform	6	P2_WEEDSGALORE_TRUTH_FREE_PROPOSAL_GRID_20260810_V3_T070_A032:073:0039
prospective_uniform	6	P2_WEEDSGALORE_TRUTH_FREE_PROPOSAL_GRID_20260810_V3_T070_A032:073:0052
prospective_uniform	6	P2_WEEDSGALORE_TRUTH_FREE_PROPOSAL_GRID_20260810_V3_T070_A032:073:0078
prospective_uniform	6	P2_WEEDSGALORE_TRUTH_FREE_PROPOSAL_GRID_20260810_V3_T070_A032:074:0018
prospective_uniform	6	P2_WEEDSGALORE_TRUTH_FREE_PROPOSAL_GRID_20260810_V3_T070_A032:074:0023
prospective_uniform	6	P2_WEEDSGALORE_TRUTH_FREE_PROPOSAL_GRID_20260810_V3_T070_A032:074:0117
prospective_uniform	6	P2_WEEDSGALORE_TRUTH_FREE_PROPOSAL_GRID_20260810_V3_T070_A032:074:0133
prospective_uniform	6	P2_WEEDSGALORE_TRUTH_FREE_PROPOSAL_GRID_20260810_V3_T070_A032:074:0175
prospective_uniform	6	P2_WEEDSGALORE_TRUTH_FREE_PROPOSAL_GRID_20260810_V3_T070_A032:077:0067
prospective_uniform	6	P2_WEEDSGALORE_TRUTH_FREE_PROPOSAL_GRID_20260810_V3_T070_A032:077:0092
prospective_uniform	6	P2_WEEDSGALORE_TRUTH_FREE_PROPOSAL_GRID_20260810_V3_T070_A032:077:0176
prospective_uniform	6	P2_WEEDSGALORE_TRUTH_FREE_PROPOSAL_GRID_20260810_V3_T070_A032:078:0002
prospective_uniform	6	P2_WEEDSGALORE_TRUTH_FREE_PROPOSAL_GRID_20260810_V3_T070_A032:078:0035
prospective_uniform	6	P2_WEEDSGALORE_TRUTH_FREE_PROPOSAL_GRID_20260810_V3_T070_A032:078:0083
prospective_uniform	6	P2_WEEDSGALORE_TRUTH_FREE_PROPOSAL_GRID_20260810_V3_T070_A032:078:0092
prospective_uniform	6	P2_WEEDSGALORE_TRUTH_FREE_PROPOSAL_GRID_20260810_V3_T070_A032:078:0100
prospective_uniform	6	P2_WEEDSGALORE_TRUTH_FREE_PROPOSAL_GRID_20260810_V3_T070_A032:078:0115
prospective_uniform	6	P2_WEEDSGALORE_TRUTH_FREE_PROPOSAL_GRID_20260810_V3_T070_A032:078:0120
prospective_uniform	6	P2_WEEDSGALORE_TRUTH_FREE_PROPOSAL_GRID_20260810_V3_T070_A032:080:0008
prospective_uniform	6	P2_WEEDSGALORE_TRUTH_FREE_PROPOSAL_GRID_20260810_V3_T070_A032:080:0016
prospective_uniform	6	P2_WEEDSGALORE_TRUTH_FREE_PROPOSAL_GRID_20260810_V3_T070_A032:080:0031
prospective_uniform	6	P2_WEEDSGALORE_TRUTH_FREE_PROPOSAL_GRID_20260810_V3_T070_A032:080:0037
prospective_uniform	6	P2_WEEDSGALORE_TRUTH_FREE_PROPOSAL_GRID_20260810_V3_T070_A032:080:0070
prospective_uniform	6	P2_WEEDSGALORE_TRUTH_FREE_PROPOSAL_GRID_20260810_V3_T070_A032:080:0106
prospective_uniform	6	P2_WEEDSGALORE_TRUTH_FREE_PROPOSAL_GRID_20260810_V3_T070_A032:080:0116
prospective_uniform	6	P2_WEEDSGALORE_TRUTH_FREE_PROPOSAL_GRID_20260810_V3_T070_A032:081:0007
prospective_uniform	6	P2_WEEDSGALORE_TRUTH_FREE_PROPOSAL_GRID_20260810_V3_T070_A032:083:0003
prospective_uniform	6	P2_WEEDSGALORE_TRUTH_FREE_PROPOSAL_GRID_20260810_V3_T070_A032:083:0031
prospective_uniform	6	P2_WEEDSGALORE_TRUTH_FREE_PROPOSAL_GRID_20260810_V3_T070_A032:083:0062
prospective_uniform	6	P2_WEEDSGALORE_TRUTH_FREE_PROPOSAL_GRID_20260810_V3_T070_A032:083:0102
prospective_uniform	6	P2_WEEDSGALORE_TRUTH_FREE_PROPOSAL_GRID_20260810_V3_T070_A032:084:0033
prospective_uniform	6	P2_WEEDSGALORE_TRUTH_FREE_PROPOSAL_GRID_20260810_V3_T070_A032:084:0043
prospective_uniform	6	P2_WEEDSGALORE_TRUTH_FREE_PROPOSAL_GRID_20260810_V3_T070_A032:084:0073
prospective_uniform	6	P2_WEEDSGALORE_TRUTH_FREE_PROPOSAL_GRID_20260810_V3_T070_A032:085:0051
prospective_uniform	6	P2_WEEDSGALORE_TRUTH_FREE_PROPOSAL_GRID_20260810_V3_T070_A032:086:0002
prospective_uniform	6	P2_WEEDSGALORE_TRUTH_FREE_PROPOSAL_GRID_20260810_V3_T070_A032:086:0006
prospective_uniform	6	P2_WEEDSGALORE_TRUTH_FREE_PROPOSAL_GRID_20260810_V3_T070_A032:086:0029
prospective_uniform	6	P2_WEEDSGALORE_TRUTH_FREE_PROPOSAL_GRID_20260810_V3_T070_A032:086:0053
prospective_uniform	6	P2_WEEDSGALORE_TRUTH_FREE_PROPOSAL_GRID_20260810_V3_T070_A032:086:0066
prospective_uniform	6	P2_WEEDSGALORE_TRUTH_FREE_PROPOSAL_GRID_20260810_V3_T070_A032:086:0079
prospective_uniform	6	P2_WEEDSGALORE_TRUTH_FREE_PROPOSAL_GRID_20260810_V3_T070_A032:089:0076
prospective_uniform	6	P2_WEEDSGALORE_TRUTH_FREE_PROPOSAL_GRID_20260810_V3_T070_A032:090:0024
prospective_uniform	6	P2_WEEDSGALORE_TRUTH_FREE_PROPOSAL_GRID_20260810_V3_T070_A032:090:0041
prospective_uniform	6	P2_WEEDSGALORE_TRUTH_FREE_PROPOSAL_GRID_20260810_V3_T070_A032:090:0055
prospective_uniform	6	P2_WEEDSGALORE_TRUTH_FREE_PROPOSAL_GRID_20260810_V3_T070_A032:091:0017
prospective_uniform	6	P2_WEEDSGALORE_TRUTH_FREE_PROPOSAL_GRID_20260810_V3_T070_A032:092:0025
prospective_uniform	6	P2_WEEDSGALORE_TRUTH_FREE_PROPOSAL_GRID_20260810_V3_T070_A032:092:0048
prospective_uniform	6	P2_WEEDSGALORE_TRUTH_FREE_PROPOSAL_GRID_20260810_V3_T070_A032:092:0049
prospective_uniform	6	P2_WEEDSGALORE_TRUTH_FREE_PROPOSAL_GRID_20260810_V3_T070_A032:092:0065
prospective_uniform	6	P2_WEEDSGALORE_TRUTH_FREE_PROPOSAL_GRID_20260810_V3_T070_A032:093:0009
prospective_uniform	6	P2_WEEDSGALORE_TRUTH_FREE_PROPOSAL_GRID_20260810_V3_T070_A032:094:0005
prospective_uniform	6	P2_WEEDSGALORE_TRUTH_FREE_PROPOSAL_GRID_20260810_V3_T070_A032:094:0017
prospective_uniform	6	P2_WEEDSGALORE_TRUTH_FREE_PROPOSAL_GRID_20260810_V3_T070_A032:097:0013
prospective_uniform	6	P2_WEEDSGALORE_TRUTH_FREE_PROPOSAL_GRID_20260810_V3_T070_A032:101:0007
prospective_uniform	6	P2_WEEDSGALORE_TRUTH_FREE_PROPOSAL_GRID_20260810_V3_T070_A032:101:0020
prospective_uniform	6	P2_WEEDSGALORE_TRUTH_FREE_PROPOSAL_GRID_20260810_V3_T070_A032:101:0023
prospective_uniform	6	P2_WEEDSGALORE_TRUTH_FREE_PROPOSAL_GRID_20260810_V3_T070_A032:101:0024
prospective_uniform	6	P2_WEEDSGALORE_TRUTH_FREE_PROPOSAL_GRID_20260810_V3_T070_A032:101:0028
prospective_uniform	6	P2_WEEDSGALORE_TRUTH_FREE_PROPOSAL_GRID_20260810_V3_T070_A032:101:0093
prospective_uniform	6	P2_WEEDSGALORE_TRUTH_FREE_PROPOSAL_GRID_20260810_V3_T070_A032:102:0049
prospective_uniform	6	P2_WEEDSGALORE_TRUTH_FREE_PROPOSAL_GRID_20260810_V3_T070_A032:102:0050
prospective_uniform	6	P2_WEEDSGALORE_TRUTH_FREE_PROPOSAL_GRID_20260810_V3_T070_A032:103:0004
prospective_uniform	6	P2_WEEDSGALORE_TRUTH_FREE_PROPOSAL_GRID_20260810_V3_T070_A032:103:0058
prospective_uniform	6	P2_WEEDSGALORE_TRUTH_FREE_PROPOSAL_GRID_20260810_V3_T070_A032:104:0008
prospective_uniform	6	P2_WEEDSGALORE_TRUTH_FREE_PROPOSAL_GRID_20260810_V3_T070_A032:104:0023
prospective_uniform	6	P2_WEEDSGALORE_TRUTH_FREE_PROPOSAL_GRID_20260810_V3_T070_A032:106:0023
prospective_uniform	6	P2_WEEDSGALORE_TRUTH_FREE_PROPOSAL_GRID_20260810_V3_T070_A032:107:0001
prospective_uniform	6	P2_WEEDSGALORE_TRUTH_FREE_PROPOSAL_GRID_20260810_V3_T070_A032:107:0006
prospective_uniform	6	P2_WEEDSGALORE_TRUTH_FREE_PROPOSAL_GRID_20260810_V3_T070_A032:107:0078
prospective_uniform	6	P2_WEEDSGALORE_TRUTH_FREE_PROPOSAL_GRID_20260810_V3_T070_A032:108:0043
prospective_uniform	6	P2_WEEDSGALORE_TRUTH_FREE_PROPOSAL_GRID_20260810_V3_T070_A032:108:0062
prospective_uniform	6	P2_WEEDSGALORE_TRUTH_FREE_PROPOSAL_GRID_20260810_V3_T070_A032:108:0077
prospective_uniform	6	P2_WEEDSGALORE_TRUTH_FREE_PROPOSAL_GRID_20260810_V3_T070_A032:109:0026
prospective_uniform	6	P2_WEEDSGALORE_TRUTH_FREE_PROPOSAL_GRID_20260810_V3_T070_A032:110:0003
prospective_uniform	6	P2_WEEDSGALORE_TRUTH_FREE_PROPOSAL_GRID_20260810_V3_T070_A032:110:0017
prospective_uniform	6	P2_WEEDSGALORE_TRUTH_FREE_PROPOSAL_GRID_20260810_V3_T070_A032:110:0056
prospective_uniform	6	P2_WEEDSGALORE_TRUTH_FREE_PROPOSAL_GRID_20260810_V3_T070_A032:110:0086
prospective_uniform	6	P2_WEEDSGALORE_TRUTH_FREE_PROPOSAL_GRID_20260810_V3_T070_A032:114:0052
prospective_uniform	6	P2_WEEDSGALORE_TRUTH_FREE_PROPOSAL_GRID_20260810_V3_T070_A032:115:0005
prospective_uniform	6	P2_WEEDSGALORE_TRUTH_FREE_PROPOSAL_GRID_20260810_V3_T070_A032:115:0029
prospective_uniform	6	P2_WEEDSGALORE_TRUTH_FREE_PROPOSAL_GRID_20260810_V3_T070_A032:115:0030
prospective_uniform	6	P2_WEEDSGALORE_TRUTH_FREE_PROPOSAL_GRID_20260810_V3_T070_A032:115:0045
prospective_uniform	6	P2_WEEDSGALORE_TRUTH_FREE_PROPOSAL_GRID_20260810_V3_T070_A032:115:0064
prospective_uniform	6	P2_WEEDSGALORE_TRUTH_FREE_PROPOSAL_GRID_20260810_V3_T070_A032:115:0066
prospective_uniform	6	P2_WEEDSGALORE_TRUTH_FREE_PROPOSAL_GRID_20260810_V3_T070_A032:116:0081
prospective_uniform	6	P2_WEEDSGALORE_TRUTH_FREE_PROPOSAL_GRID_20260810_V3_T070_A032:119:0001
prospective_uniform	6	P2_WEEDSGALORE_TRUTH_FREE_PROPOSAL_GRID_20260810_V3_T070_A032:119:0040
prospective_uniform	6	P2_WEEDSGALORE_TRUTH_FREE_PROPOSAL_GRID_20260810_V3_T070_A032:119:0068
prospective_uniform	6	P2_WEEDSGALORE_TRUTH_FREE_PROPOSAL_GRID_20260810_V3_T070_A032:119:0073
prospective_uniform	6	P2_WEEDSGALORE_TRUTH_FREE_PROPOSAL_GRID_20260810_V3_T070_A032:120:0002
prospective_uniform	6	P2_WEEDSGALORE_TRUTH_FREE_PROPOSAL_GRID_20260810_V3_T070_A032:121:0028
prospective_uniform	6	P2_WEEDSGALORE_TRUTH_FREE_PROPOSAL_GRID_20260810_V3_T070_A032:123:0003
prospective_uniform	6	P2_WEEDSGALORE_TRUTH_FREE_PROPOSAL_GRID_20260810_V3_T070_A032:126:0016
prospective_uniform	6	P2_WEEDSGALORE_TRUTH_FREE_PROPOSAL_GRID_20260810_V3_T070_A032:126:0018
prospective_uniform	6	P2_WEEDSGALORE_TRUTH_FREE_PROPOSAL_GRID_20260810_V3_T070_A032:126:0037
prospective_uniform	6	P2_WEEDSGALORE_TRUTH_FREE_PROPOSAL_GRID_20260810_V3_T070_A032:126:0054
prospective_uniform	6	P2_WEEDSGALORE_TRUTH_FREE_PROPOSAL_GRID_20260810_V3_T070_A032:128:0035
prospective_uniform	6	P2_WEEDSGALORE_TRUTH_FREE_PROPOSAL_GRID_20260810_V3_T070_A032:130:0006
prospective_uniform	6	P2_WEEDSGALORE_TRUTH_FREE_PROPOSAL_GRID_20260810_V3_T070_A032:130:0037
prospective_uniform	6	P2_WEEDSGALORE_TRUTH_FREE_PROPOSAL_GRID_20260810_V3_T070_A032:130:0058
prospective_uniform	6	P2_WEEDSGALORE_TRUTH_FREE_PROPOSAL_GRID_20260810_V3_T070_A032:131:0016
prospective_uniform	6	P2_WEEDSGALORE_TRUTH_FREE_PROPOSAL_GRID_20260810_V3_T070_A032:133:0003
prospective_uniform	6	P2_WEEDSGALORE_TRUTH_FREE_PROPOSAL_GRID_20260810_V3_T070_A032:133:0018
prospective_uniform	6	P2_WEEDSGALORE_TRUTH_FREE_PROPOSAL_GRID_20260810_V3_T070_A032:133:0037
prospective_uniform	6	P2_WEEDSGALORE_TRUTH_FREE_PROPOSAL_GRID_20260810_V3_T070_A032:133:0066
prospective_uniform	6	P2_WEEDSGALORE_TRUTH_FREE_PROPOSAL_GRID_20260810_V3_T070_A032:134:0025
prospective_uniform	6	P2_WEEDSGALORE_TRUTH_FREE_PROPOSAL_GRID_20260810_V3_T070_A032:136:0034
prospective_uniform	6	P2_WEEDSGALORE_TRUTH_FREE_PROPOSAL_GRID_20260810_V3_T070_A032:136:0051
prospective_uniform	6	P2_WEEDSGALORE_TRUTH_FREE_PROPOSAL_GRID_20260810_V3_T070_A032:136:0058
prospective_uniform	6	P2_WEEDSGALORE_TRUTH_FREE_PROPOSAL_GRID_20260810_V3_T070_A032:139:0028
prospective_uniform	6	P2_WEEDSGALORE_TRUTH_FREE_PROPOSAL_GRID_20260810_V3_T070_A032:139:0044
prospective_uniform	6	P2_WEEDSGALORE_TRUTH_FREE_PROPOSAL_GRID_20260810_V3_T070_A032:139:0057
prospective_uniform	6	P2_WEEDSGALORE_TRUTH_FREE_PROPOSAL_GRID_20260810_V3_T070_A032:139:0062
prospective_uniform	6	P2_WEEDSGALORE_TRUTH_FREE_PROPOSAL_GRID_20260810_V3_T070_A032:142:0046
prospective_uniform	6	P2_WEEDSGALORE_TRUTH_FREE_PROPOSAL_GRID_20260810_V3_T070_A032:143:0018
prospective_uniform	6	P2_WEEDSGALORE_TRUTH_FREE_PROPOSAL_GRID_20260810_V3_T070_A032:143:0019
prospective_uniform	6	P2_WEEDSGALORE_TRUTH_FREE_PROPOSAL_GRID_20260810_V3_T070_A032:143:0061
prospective_uniform	6	P2_WEEDSGALORE_TRUTH_FREE_PROPOSAL_GRID_20260810_V3_T070_A032:144:0017
prospective_uniform	6	P2_WEEDSGALORE_TRUTH_FREE_PROPOSAL_GRID_20260810_V3_T070_A032:144:0022
prospective_uniform	6	P2_WEEDSGALORE_TRUTH_FREE_PROPOSAL_GRID_20260810_V3_T070_A032:148:0012
prospective_uniform	6	P2_WEEDSGALORE_TRUTH_FREE_PROPOSAL_GRID_20260810_V3_T070_A032:150:0009
prospective_uniform	6	P2_WEEDSGALORE_TRUTH_FREE_PROPOSAL_GRID_20260810_V3_T070_A032:150:0018
prospective_uniform	6	P2_WEEDSGALORE_TRUTH_FREE_PROPOSAL_GRID_20260810_V3_T070_A032:150:0027
prospective_uniform	6	P2_WEEDSGALORE_TRUTH_FREE_PROPOSAL_GRID_20260810_V3_T070_A032:153:0025
prospective_uniform	6	P2_WEEDSGALORE_TRUTH_FREE_PROPOSAL_GRID_20260810_V3_T070_A032:153:0058
prospective_uniform	6	P2_WEEDSGALORE_TRUTH_FREE_PROPOSAL_GRID_20260810_V3_T070_A032:153:0084
prospective_uniform	6	P2_WEEDSGALORE_TRUTH_FREE_PROPOSAL_GRID_20260810_V3_T070_A032:153:0104
prospective_uniform	6	P2_WEEDSGALORE_TRUTH_FREE_PROPOSAL_GRID_20260810_V3_T070_A032:153:0114
prospective_uniform	6	P2_WEEDSGALORE_TRUTH_FREE_PROPOSAL_GRID_20260810_V3_T070_A032:155:0041
prospective_uniform	6	P2_WEEDSGALORE_TRUTH_FREE_PROPOSAL_GRID_20260810_V3_T070_A032:155:0050
prospective_uniform	6	P2_WEEDSGALORE_TRUTH_FREE_PROPOSAL_GRID_20260810_V3_T070_A032:156:0007
prospective_uniform	6	P2_WEEDSGALORE_TRUTH_FREE_PROPOSAL_GRID_20260810_V3_T070_A032:156:0065
prospective_dinov2_coreset	6	P2_WEEDSGALORE_TRUTH_FREE_PROPOSAL_GRID_20260810_V3_T070_A032:004:0011
prospective_dinov2_coreset	6	P2_WEEDSGALORE_TRUTH_FREE_PROPOSAL_GRID_20260810_V3_T070_A032:004:0013
prospective_dinov2_coreset	6	P2_WEEDSGALORE_TRUTH_FREE_PROPOSAL_GRID_20260810_V3_T070_A032:004:0024
prospective_dinov2_coreset	6	P2_WEEDSGALORE_TRUTH_FREE_PROPOSAL_GRID_20260810_V3_T070_A032:004:0056
prospective_dinov2_coreset	6	P2_WEEDSGALORE_TRUTH_FREE_PROPOSAL_GRID_20260810_V3_T070_A032:004:0060
prospective_dinov2_coreset	6	P2_WEEDSGALORE_TRUTH_FREE_PROPOSAL_GRID_20260810_V3_T070_A032:004:0094
prospective_dinov2_coreset	6	P2_WEEDSGALORE_TRUTH_FREE_PROPOSAL_GRID_20260810_V3_T070_A032:005:0010
prospective_dinov2_coreset	6	P2_WEEDSGALORE_TRUTH_FREE_PROPOSAL_GRID_20260810_V3_T070_A032:005:0030
prospective_dinov2_coreset	6	P2_WEEDSGALORE_TRUTH_FREE_PROPOSAL_GRID_20260810_V3_T070_A032:005:0041
prospective_dinov2_coreset	6	P2_WEEDSGALORE_TRUTH_FREE_PROPOSAL_GRID_20260810_V3_T070_A032:005:0071
prospective_dinov2_coreset	6	P2_WEEDSGALORE_TRUTH_FREE_PROPOSAL_GRID_20260810_V3_T070_A032:005:0088
prospective_dinov2_coreset	6	P2_WEEDSGALORE_TRUTH_FREE_PROPOSAL_GRID_20260810_V3_T070_A032:005:0122
prospective_dinov2_coreset	6	P2_WEEDSGALORE_TRUTH_FREE_PROPOSAL_GRID_20260810_V3_T070_A032:005:0141
prospective_dinov2_coreset	6	P2_WEEDSGALORE_TRUTH_FREE_PROPOSAL_GRID_20260810_V3_T070_A032:006:0030
prospective_dinov2_coreset	6	P2_WEEDSGALORE_TRUTH_FREE_PROPOSAL_GRID_20260810_V3_T070_A032:006:0051
prospective_dinov2_coreset	6	P2_WEEDSGALORE_TRUTH_FREE_PROPOSAL_GRID_20260810_V3_T070_A032:006:0054
prospective_dinov2_coreset	6	P2_WEEDSGALORE_TRUTH_FREE_PROPOSAL_GRID_20260810_V3_T070_A032:006:0084
prospective_dinov2_coreset	6	P2_WEEDSGALORE_TRUTH_FREE_PROPOSAL_GRID_20260810_V3_T070_A032:006:0110
prospective_dinov2_coreset	6	P2_WEEDSGALORE_TRUTH_FREE_PROPOSAL_GRID_20260810_V3_T070_A032:006:0145
prospective_dinov2_coreset	6	P2_WEEDSGALORE_TRUTH_FREE_PROPOSAL_GRID_20260810_V3_T070_A032:006:0148
prospective_dinov2_coreset	6	P2_WEEDSGALORE_TRUTH_FREE_PROPOSAL_GRID_20260810_V3_T070_A032:006:0208
prospective_dinov2_coreset	6	P2_WEEDSGALORE_TRUTH_FREE_PROPOSAL_GRID_20260810_V3_T070_A032:006:0214
prospective_dinov2_coreset	6	P2_WEEDSGALORE_TRUTH_FREE_PROPOSAL_GRID_20260810_V3_T070_A032:006:0219
prospective_dinov2_coreset	6	P2_WEEDSGALORE_TRUTH_FREE_PROPOSAL_GRID_20260810_V3_T070_A032:006:0262
prospective_dinov2_coreset	6	P2_WEEDSGALORE_TRUTH_FREE_PROPOSAL_GRID_20260810_V3_T070_A032:009:0001
prospective_dinov2_coreset	6	P2_WEEDSGALORE_TRUTH_FREE_PROPOSAL_GRID_20260810_V3_T070_A032:009:0031
prospective_dinov2_coreset	6	P2_WEEDSGALORE_TRUTH_FREE_PROPOSAL_GRID_20260810_V3_T070_A032:010:0048
prospective_dinov2_coreset	6	P2_WEEDSGALORE_TRUTH_FREE_PROPOSAL_GRID_20260810_V3_T070_A032:010:0063
prospective_dinov2_coreset	6	P2_WEEDSGALORE_TRUTH_FREE_PROPOSAL_GRID_20260810_V3_T070_A032:010:0068
prospective_dinov2_coreset	6	P2_WEEDSGALORE_TRUTH_FREE_PROPOSAL_GRID_20260810_V3_T070_A032:010:0085
prospective_dinov2_coreset	6	P2_WEEDSGALORE_TRUTH_FREE_PROPOSAL_GRID_20260810_V3_T070_A032:010:0120
prospective_dinov2_coreset	6	P2_WEEDSGALORE_TRUTH_FREE_PROPOSAL_GRID_20260810_V3_T070_A032:010:0175
prospective_dinov2_coreset	6	P2_WEEDSGALORE_TRUTH_FREE_PROPOSAL_GRID_20260810_V3_T070_A032:010:0181
prospective_dinov2_coreset	6	P2_WEEDSGALORE_TRUTH_FREE_PROPOSAL_GRID_20260810_V3_T070_A032:010:0203
prospective_dinov2_coreset	6	P2_WEEDSGALORE_TRUTH_FREE_PROPOSAL_GRID_20260810_V3_T070_A032:011:0062
prospective_dinov2_coreset	6	P2_WEEDSGALORE_TRUTH_FREE_PROPOSAL_GRID_20260810_V3_T070_A032:011:0075
prospective_dinov2_coreset	6	P2_WEEDSGALORE_TRUTH_FREE_PROPOSAL_GRID_20260810_V3_T070_A032:011:0095
prospective_dinov2_coreset	6	P2_WEEDSGALORE_TRUTH_FREE_PROPOSAL_GRID_20260810_V3_T070_A032:012:0019
prospective_dinov2_coreset	6	P2_WEEDSGALORE_TRUTH_FREE_PROPOSAL_GRID_20260810_V3_T070_A032:012:0072
prospective_dinov2_coreset	6	P2_WEEDSGALORE_TRUTH_FREE_PROPOSAL_GRID_20260810_V3_T070_A032:012:0131
prospective_dinov2_coreset	6	P2_WEEDSGALORE_TRUTH_FREE_PROPOSAL_GRID_20260810_V3_T070_A032:012:0166
prospective_dinov2_coreset	6	P2_WEEDSGALORE_TRUTH_FREE_PROPOSAL_GRID_20260810_V3_T070_A032:013:0001
prospective_dinov2_coreset	6	P2_WEEDSGALORE_TRUTH_FREE_PROPOSAL_GRID_20260810_V3_T070_A032:014:0003
prospective_dinov2_coreset	6	P2_WEEDSGALORE_TRUTH_FREE_PROPOSAL_GRID_20260810_V3_T070_A032:014:0045
prospective_dinov2_coreset	6	P2_WEEDSGALORE_TRUTH_FREE_PROPOSAL_GRID_20260810_V3_T070_A032:018:0023
prospective_dinov2_coreset	6	P2_WEEDSGALORE_TRUTH_FREE_PROPOSAL_GRID_20260810_V3_T070_A032:018:0047
prospective_dinov2_coreset	6	P2_WEEDSGALORE_TRUTH_FREE_PROPOSAL_GRID_20260810_V3_T070_A032:018:0090
prospective_dinov2_coreset	6	P2_WEEDSGALORE_TRUTH_FREE_PROPOSAL_GRID_20260810_V3_T070_A032:018:0187
prospective_dinov2_coreset	6	P2_WEEDSGALORE_TRUTH_FREE_PROPOSAL_GRID_20260810_V3_T070_A032:020:0056
prospective_dinov2_coreset	6	P2_WEEDSGALORE_TRUTH_FREE_PROPOSAL_GRID_20260810_V3_T070_A032:020:0063
prospective_dinov2_coreset	6	P2_WEEDSGALORE_TRUTH_FREE_PROPOSAL_GRID_20260810_V3_T070_A032:023:0044
prospective_dinov2_coreset	6	P2_WEEDSGALORE_TRUTH_FREE_PROPOSAL_GRID_20260810_V3_T070_A032:023:0090
prospective_dinov2_coreset	6	P2_WEEDSGALORE_TRUTH_FREE_PROPOSAL_GRID_20260810_V3_T070_A032:023:0107
prospective_dinov2_coreset	6	P2_WEEDSGALORE_TRUTH_FREE_PROPOSAL_GRID_20260810_V3_T070_A032:024:0040
prospective_dinov2_coreset	6	P2_WEEDSGALORE_TRUTH_FREE_PROPOSAL_GRID_20260810_V3_T070_A032:024:0066
prospective_dinov2_coreset	6	P2_WEEDSGALORE_TRUTH_FREE_PROPOSAL_GRID_20260810_V3_T070_A032:024:0122
prospective_dinov2_coreset	6	P2_WEEDSGALORE_TRUTH_FREE_PROPOSAL_GRID_20260810_V3_T070_A032:025:0042
prospective_dinov2_coreset	6	P2_WEEDSGALORE_TRUTH_FREE_PROPOSAL_GRID_20260810_V3_T070_A032:025:0050
prospective_dinov2_coreset	6	P2_WEEDSGALORE_TRUTH_FREE_PROPOSAL_GRID_20260810_V3_T070_A032:025:0052
prospective_dinov2_coreset	6	P2_WEEDSGALORE_TRUTH_FREE_PROPOSAL_GRID_20260810_V3_T070_A032:025:0076
prospective_dinov2_coreset	6	P2_WEEDSGALORE_TRUTH_FREE_PROPOSAL_GRID_20260810_V3_T070_A032:025:0079
prospective_dinov2_coreset	6	P2_WEEDSGALORE_TRUTH_FREE_PROPOSAL_GRID_20260810_V3_T070_A032:027:0016
prospective_dinov2_coreset	6	P2_WEEDSGALORE_TRUTH_FREE_PROPOSAL_GRID_20260810_V3_T070_A032:027:0023
prospective_dinov2_coreset	6	P2_WEEDSGALORE_TRUTH_FREE_PROPOSAL_GRID_20260810_V3_T070_A032:030:0006
prospective_dinov2_coreset	6	P2_WEEDSGALORE_TRUTH_FREE_PROPOSAL_GRID_20260810_V3_T070_A032:030:0028
prospective_dinov2_coreset	6	P2_WEEDSGALORE_TRUTH_FREE_PROPOSAL_GRID_20260810_V3_T070_A032:030:0038
prospective_dinov2_coreset	6	P2_WEEDSGALORE_TRUTH_FREE_PROPOSAL_GRID_20260810_V3_T070_A032:030:0054
prospective_dinov2_coreset	6	P2_WEEDSGALORE_TRUTH_FREE_PROPOSAL_GRID_20260810_V3_T070_A032:032:0002
prospective_dinov2_coreset	6	P2_WEEDSGALORE_TRUTH_FREE_PROPOSAL_GRID_20260810_V3_T070_A032:032:0010
prospective_dinov2_coreset	6	P2_WEEDSGALORE_TRUTH_FREE_PROPOSAL_GRID_20260810_V3_T070_A032:032:0028
prospective_dinov2_coreset	6	P2_WEEDSGALORE_TRUTH_FREE_PROPOSAL_GRID_20260810_V3_T070_A032:034:0024
prospective_dinov2_coreset	6	P2_WEEDSGALORE_TRUTH_FREE_PROPOSAL_GRID_20260810_V3_T070_A032:034:0032
prospective_dinov2_coreset	6	P2_WEEDSGALORE_TRUTH_FREE_PROPOSAL_GRID_20260810_V3_T070_A032:034:0070
prospective_dinov2_coreset	6	P2_WEEDSGALORE_TRUTH_FREE_PROPOSAL_GRID_20260810_V3_T070_A032:034:0117
prospective_dinov2_coreset	6	P2_WEEDSGALORE_TRUTH_FREE_PROPOSAL_GRID_20260810_V3_T070_A032:034:0118
prospective_dinov2_coreset	6	P2_WEEDSGALORE_TRUTH_FREE_PROPOSAL_GRID_20260810_V3_T070_A032:035:0010
prospective_dinov2_coreset	6	P2_WEEDSGALORE_TRUTH_FREE_PROPOSAL_GRID_20260810_V3_T070_A032:037:0008
prospective_dinov2_coreset	6	P2_WEEDSGALORE_TRUTH_FREE_PROPOSAL_GRID_20260810_V3_T070_A032:037:0042
prospective_dinov2_coreset	6	P2_WEEDSGALORE_TRUTH_FREE_PROPOSAL_GRID_20260810_V3_T070_A032:038:0011
prospective_dinov2_coreset	6	P2_WEEDSGALORE_TRUTH_FREE_PROPOSAL_GRID_20260810_V3_T070_A032:039:0027
prospective_dinov2_coreset	6	P2_WEEDSGALORE_TRUTH_FREE_PROPOSAL_GRID_20260810_V3_T070_A032:039:0048
prospective_dinov2_coreset	6	P2_WEEDSGALORE_TRUTH_FREE_PROPOSAL_GRID_20260810_V3_T070_A032:043:0004
prospective_dinov2_coreset	6	P2_WEEDSGALORE_TRUTH_FREE_PROPOSAL_GRID_20260810_V3_T070_A032:043:0018
prospective_dinov2_coreset	6	P2_WEEDSGALORE_TRUTH_FREE_PROPOSAL_GRID_20260810_V3_T070_A032:046:0029
prospective_dinov2_coreset	6	P2_WEEDSGALORE_TRUTH_FREE_PROPOSAL_GRID_20260810_V3_T070_A032:047:0006
prospective_dinov2_coreset	6	P2_WEEDSGALORE_TRUTH_FREE_PROPOSAL_GRID_20260810_V3_T070_A032:047:0018
prospective_dinov2_coreset	6	P2_WEEDSGALORE_TRUTH_FREE_PROPOSAL_GRID_20260810_V3_T070_A032:048:0035
prospective_dinov2_coreset	6	P2_WEEDSGALORE_TRUTH_FREE_PROPOSAL_GRID_20260810_V3_T070_A032:048:0040
prospective_dinov2_coreset	6	P2_WEEDSGALORE_TRUTH_FREE_PROPOSAL_GRID_20260810_V3_T070_A032:051:0017
prospective_dinov2_coreset	6	P2_WEEDSGALORE_TRUTH_FREE_PROPOSAL_GRID_20260810_V3_T070_A032:051:0028
prospective_dinov2_coreset	6	P2_WEEDSGALORE_TRUTH_FREE_PROPOSAL_GRID_20260810_V3_T070_A032:051:0030
prospective_dinov2_coreset	6	P2_WEEDSGALORE_TRUTH_FREE_PROPOSAL_GRID_20260810_V3_T070_A032:052:0009
prospective_dinov2_coreset	6	P2_WEEDSGALORE_TRUTH_FREE_PROPOSAL_GRID_20260810_V3_T070_A032:052:0029
prospective_dinov2_coreset	6	P2_WEEDSGALORE_TRUTH_FREE_PROPOSAL_GRID_20260810_V3_T070_A032:052:0040
prospective_dinov2_coreset	6	P2_WEEDSGALORE_TRUTH_FREE_PROPOSAL_GRID_20260810_V3_T070_A032:052:0063
prospective_dinov2_coreset	6	P2_WEEDSGALORE_TRUTH_FREE_PROPOSAL_GRID_20260810_V3_T070_A032:052:0093
prospective_dinov2_coreset	6	P2_WEEDSGALORE_TRUTH_FREE_PROPOSAL_GRID_20260810_V3_T070_A032:052:0166
prospective_dinov2_coreset	6	P2_WEEDSGALORE_TRUTH_FREE_PROPOSAL_GRID_20260810_V3_T070_A032:052:0180
prospective_dinov2_coreset	6	P2_WEEDSGALORE_TRUTH_FREE_PROPOSAL_GRID_20260810_V3_T070_A032:052:0219
prospective_dinov2_coreset	6	P2_WEEDSGALORE_TRUTH_FREE_PROPOSAL_GRID_20260810_V3_T070_A032:053:0030
prospective_dinov2_coreset	6	P2_WEEDSGALORE_TRUTH_FREE_PROPOSAL_GRID_20260810_V3_T070_A032:053:0064
prospective_dinov2_coreset	6	P2_WEEDSGALORE_TRUTH_FREE_PROPOSAL_GRID_20260810_V3_T070_A032:053:0078
prospective_dinov2_coreset	6	P2_WEEDSGALORE_TRUTH_FREE_PROPOSAL_GRID_20260810_V3_T070_A032:053:0112
prospective_dinov2_coreset	6	P2_WEEDSGALORE_TRUTH_FREE_PROPOSAL_GRID_20260810_V3_T070_A032:053:0150
prospective_dinov2_coreset	6	P2_WEEDSGALORE_TRUTH_FREE_PROPOSAL_GRID_20260810_V3_T070_A032:054:0065
prospective_dinov2_coreset	6	P2_WEEDSGALORE_TRUTH_FREE_PROPOSAL_GRID_20260810_V3_T070_A032:054:0066
prospective_dinov2_coreset	6	P2_WEEDSGALORE_TRUTH_FREE_PROPOSAL_GRID_20260810_V3_T070_A032:054:0165
prospective_dinov2_coreset	6	P2_WEEDSGALORE_TRUTH_FREE_PROPOSAL_GRID_20260810_V3_T070_A032:054:0177
prospective_dinov2_coreset	6	P2_WEEDSGALORE_TRUTH_FREE_PROPOSAL_GRID_20260810_V3_T070_A032:057:0030
prospective_dinov2_coreset	6	P2_WEEDSGALORE_TRUTH_FREE_PROPOSAL_GRID_20260810_V3_T070_A032:058:0072
prospective_dinov2_coreset	6	P2_WEEDSGALORE_TRUTH_FREE_PROPOSAL_GRID_20260810_V3_T070_A032:058:0075
prospective_dinov2_coreset	6	P2_WEEDSGALORE_TRUTH_FREE_PROPOSAL_GRID_20260810_V3_T070_A032:059:0058
prospective_dinov2_coreset	6	P2_WEEDSGALORE_TRUTH_FREE_PROPOSAL_GRID_20260810_V3_T070_A032:060:0046
prospective_dinov2_coreset	6	P2_WEEDSGALORE_TRUTH_FREE_PROPOSAL_GRID_20260810_V3_T070_A032:060:0099
prospective_dinov2_coreset	6	P2_WEEDSGALORE_TRUTH_FREE_PROPOSAL_GRID_20260810_V3_T070_A032:060:0126
prospective_dinov2_coreset	6	P2_WEEDSGALORE_TRUTH_FREE_PROPOSAL_GRID_20260810_V3_T070_A032:061:0036
prospective_dinov2_coreset	6	P2_WEEDSGALORE_TRUTH_FREE_PROPOSAL_GRID_20260810_V3_T070_A032:061:0045
prospective_dinov2_coreset	6	P2_WEEDSGALORE_TRUTH_FREE_PROPOSAL_GRID_20260810_V3_T070_A032:061:0067
prospective_dinov2_coreset	6	P2_WEEDSGALORE_TRUTH_FREE_PROPOSAL_GRID_20260810_V3_T070_A032:061:0072
prospective_dinov2_coreset	6	P2_WEEDSGALORE_TRUTH_FREE_PROPOSAL_GRID_20260810_V3_T070_A032:061:0075
prospective_dinov2_coreset	6	P2_WEEDSGALORE_TRUTH_FREE_PROPOSAL_GRID_20260810_V3_T070_A032:061:0078
prospective_dinov2_coreset	6	P2_WEEDSGALORE_TRUTH_FREE_PROPOSAL_GRID_20260810_V3_T070_A032:061:0079
prospective_dinov2_coreset	6	P2_WEEDSGALORE_TRUTH_FREE_PROPOSAL_GRID_20260810_V3_T070_A032:061:0086
prospective_dinov2_coreset	6	P2_WEEDSGALORE_TRUTH_FREE_PROPOSAL_GRID_20260810_V3_T070_A032:061:0132
prospective_dinov2_coreset	6	P2_WEEDSGALORE_TRUTH_FREE_PROPOSAL_GRID_20260810_V3_T070_A032:061:0147
prospective_dinov2_coreset	6	P2_WEEDSGALORE_TRUTH_FREE_PROPOSAL_GRID_20260810_V3_T070_A032:061:0170
prospective_dinov2_coreset	6	P2_WEEDSGALORE_TRUTH_FREE_PROPOSAL_GRID_20260810_V3_T070_A032:062:0025
prospective_dinov2_coreset	6	P2_WEEDSGALORE_TRUTH_FREE_PROPOSAL_GRID_20260810_V3_T070_A032:062:0061
prospective_dinov2_coreset	6	P2_WEEDSGALORE_TRUTH_FREE_PROPOSAL_GRID_20260810_V3_T070_A032:062:0073
prospective_dinov2_coreset	6	P2_WEEDSGALORE_TRUTH_FREE_PROPOSAL_GRID_20260810_V3_T070_A032:062:0108
prospective_dinov2_coreset	6	P2_WEEDSGALORE_TRUTH_FREE_PROPOSAL_GRID_20260810_V3_T070_A032:062:0111
prospective_dinov2_coreset	6	P2_WEEDSGALORE_TRUTH_FREE_PROPOSAL_GRID_20260810_V3_T070_A032:062:0130
prospective_dinov2_coreset	6	P2_WEEDSGALORE_TRUTH_FREE_PROPOSAL_GRID_20260810_V3_T070_A032:063:0030
prospective_dinov2_coreset	6	P2_WEEDSGALORE_TRUTH_FREE_PROPOSAL_GRID_20260810_V3_T070_A032:063:0043
prospective_dinov2_coreset	6	P2_WEEDSGALORE_TRUTH_FREE_PROPOSAL_GRID_20260810_V3_T070_A032:063:0058
prospective_dinov2_coreset	6	P2_WEEDSGALORE_TRUTH_FREE_PROPOSAL_GRID_20260810_V3_T070_A032:064:0031
prospective_dinov2_coreset	6	P2_WEEDSGALORE_TRUTH_FREE_PROPOSAL_GRID_20260810_V3_T070_A032:064:0042
prospective_dinov2_coreset	6	P2_WEEDSGALORE_TRUTH_FREE_PROPOSAL_GRID_20260810_V3_T070_A032:064:0046
prospective_dinov2_coreset	6	P2_WEEDSGALORE_TRUTH_FREE_PROPOSAL_GRID_20260810_V3_T070_A032:064:0066
prospective_dinov2_coreset	6	P2_WEEDSGALORE_TRUTH_FREE_PROPOSAL_GRID_20260810_V3_T070_A032:064:0103
prospective_dinov2_coreset	6	P2_WEEDSGALORE_TRUTH_FREE_PROPOSAL_GRID_20260810_V3_T070_A032:064:0127
prospective_dinov2_coreset	6	P2_WEEDSGALORE_TRUTH_FREE_PROPOSAL_GRID_20260810_V3_T070_A032:064:0128
prospective_dinov2_coreset	6	P2_WEEDSGALORE_TRUTH_FREE_PROPOSAL_GRID_20260810_V3_T070_A032:067:0012
prospective_dinov2_coreset	6	P2_WEEDSGALORE_TRUTH_FREE_PROPOSAL_GRID_20260810_V3_T070_A032:067:0074
prospective_dinov2_coreset	6	P2_WEEDSGALORE_TRUTH_FREE_PROPOSAL_GRID_20260810_V3_T070_A032:067:0105
prospective_dinov2_coreset	6	P2_WEEDSGALORE_TRUTH_FREE_PROPOSAL_GRID_20260810_V3_T070_A032:067:0111
prospective_dinov2_coreset	6	P2_WEEDSGALORE_TRUTH_FREE_PROPOSAL_GRID_20260810_V3_T070_A032:067:0120
prospective_dinov2_coreset	6	P2_WEEDSGALORE_TRUTH_FREE_PROPOSAL_GRID_20260810_V3_T070_A032:067:0123
prospective_dinov2_coreset	6	P2_WEEDSGALORE_TRUTH_FREE_PROPOSAL_GRID_20260810_V3_T070_A032:070:0004
prospective_dinov2_coreset	6	P2_WEEDSGALORE_TRUTH_FREE_PROPOSAL_GRID_20260810_V3_T070_A032:070:0008
prospective_dinov2_coreset	6	P2_WEEDSGALORE_TRUTH_FREE_PROPOSAL_GRID_20260810_V3_T070_A032:070:0013
prospective_dinov2_coreset	6	P2_WEEDSGALORE_TRUTH_FREE_PROPOSAL_GRID_20260810_V3_T070_A032:070:0047
prospective_dinov2_coreset	6	P2_WEEDSGALORE_TRUTH_FREE_PROPOSAL_GRID_20260810_V3_T070_A032:070:0064
prospective_dinov2_coreset	6	P2_WEEDSGALORE_TRUTH_FREE_PROPOSAL_GRID_20260810_V3_T070_A032:070:0140
prospective_dinov2_coreset	6	P2_WEEDSGALORE_TRUTH_FREE_PROPOSAL_GRID_20260810_V3_T070_A032:070:0147
prospective_dinov2_coreset	6	P2_WEEDSGALORE_TRUTH_FREE_PROPOSAL_GRID_20260810_V3_T070_A032:070:0148
prospective_dinov2_coreset	6	P2_WEEDSGALORE_TRUTH_FREE_PROPOSAL_GRID_20260810_V3_T070_A032:070:0153
prospective_dinov2_coreset	6	P2_WEEDSGALORE_TRUTH_FREE_PROPOSAL_GRID_20260810_V3_T070_A032:070:0176
prospective_dinov2_coreset	6	P2_WEEDSGALORE_TRUTH_FREE_PROPOSAL_GRID_20260810_V3_T070_A032:070:0191
prospective_dinov2_coreset	6	P2_WEEDSGALORE_TRUTH_FREE_PROPOSAL_GRID_20260810_V3_T070_A032:070:0213
prospective_dinov2_coreset	6	P2_WEEDSGALORE_TRUTH_FREE_PROPOSAL_GRID_20260810_V3_T070_A032:071:0033
prospective_dinov2_coreset	6	P2_WEEDSGALORE_TRUTH_FREE_PROPOSAL_GRID_20260810_V3_T070_A032:071:0070
prospective_dinov2_coreset	6	P2_WEEDSGALORE_TRUTH_FREE_PROPOSAL_GRID_20260810_V3_T070_A032:071:0132
prospective_dinov2_coreset	6	P2_WEEDSGALORE_TRUTH_FREE_PROPOSAL_GRID_20260810_V3_T070_A032:072:0039
prospective_dinov2_coreset	6	P2_WEEDSGALORE_TRUTH_FREE_PROPOSAL_GRID_20260810_V3_T070_A032:072:0082
prospective_dinov2_coreset	6	P2_WEEDSGALORE_TRUTH_FREE_PROPOSAL_GRID_20260810_V3_T070_A032:073:0005
prospective_dinov2_coreset	6	P2_WEEDSGALORE_TRUTH_FREE_PROPOSAL_GRID_20260810_V3_T070_A032:073:0058
prospective_dinov2_coreset	6	P2_WEEDSGALORE_TRUTH_FREE_PROPOSAL_GRID_20260810_V3_T070_A032:073:0074
prospective_dinov2_coreset	6	P2_WEEDSGALORE_TRUTH_FREE_PROPOSAL_GRID_20260810_V3_T070_A032:074:0022
prospective_dinov2_coreset	6	P2_WEEDSGALORE_TRUTH_FREE_PROPOSAL_GRID_20260810_V3_T070_A032:074:0088
prospective_dinov2_coreset	6	P2_WEEDSGALORE_TRUTH_FREE_PROPOSAL_GRID_20260810_V3_T070_A032:074:0118
prospective_dinov2_coreset	6	P2_WEEDSGALORE_TRUTH_FREE_PROPOSAL_GRID_20260810_V3_T070_A032:074:0157
prospective_dinov2_coreset	6	P2_WEEDSGALORE_TRUTH_FREE_PROPOSAL_GRID_20260810_V3_T070_A032:077:0006
prospective_dinov2_coreset	6	P2_WEEDSGALORE_TRUTH_FREE_PROPOSAL_GRID_20260810_V3_T070_A032:077:0020
prospective_dinov2_coreset	6	P2_WEEDSGALORE_TRUTH_FREE_PROPOSAL_GRID_20260810_V3_T070_A032:077:0072
prospective_dinov2_coreset	6	P2_WEEDSGALORE_TRUTH_FREE_PROPOSAL_GRID_20260810_V3_T070_A032:077:0137
prospective_dinov2_coreset	6	P2_WEEDSGALORE_TRUTH_FREE_PROPOSAL_GRID_20260810_V3_T070_A032:078:0048
prospective_dinov2_coreset	6	P2_WEEDSGALORE_TRUTH_FREE_PROPOSAL_GRID_20260810_V3_T070_A032:078:0084
prospective_dinov2_coreset	6	P2_WEEDSGALORE_TRUTH_FREE_PROPOSAL_GRID_20260810_V3_T070_A032:078:0087
prospective_dinov2_coreset	6	P2_WEEDSGALORE_TRUTH_FREE_PROPOSAL_GRID_20260810_V3_T070_A032:078:0110
prospective_dinov2_coreset	6	P2_WEEDSGALORE_TRUTH_FREE_PROPOSAL_GRID_20260810_V3_T070_A032:078:0130
prospective_dinov2_coreset	6	P2_WEEDSGALORE_TRUTH_FREE_PROPOSAL_GRID_20260810_V3_T070_A032:078:0144
prospective_dinov2_coreset	6	P2_WEEDSGALORE_TRUTH_FREE_PROPOSAL_GRID_20260810_V3_T070_A032:080:0039
prospective_dinov2_coreset	6	P2_WEEDSGALORE_TRUTH_FREE_PROPOSAL_GRID_20260810_V3_T070_A032:080:0052
prospective_dinov2_coreset	6	P2_WEEDSGALORE_TRUTH_FREE_PROPOSAL_GRID_20260810_V3_T070_A032:080:0072
prospective_dinov2_coreset	6	P2_WEEDSGALORE_TRUTH_FREE_PROPOSAL_GRID_20260810_V3_T070_A032:080:0093
prospective_dinov2_coreset	6	P2_WEEDSGALORE_TRUTH_FREE_PROPOSAL_GRID_20260810_V3_T070_A032:080:0112
prospective_dinov2_coreset	6	P2_WEEDSGALORE_TRUTH_FREE_PROPOSAL_GRID_20260810_V3_T070_A032:080:0126
prospective_dinov2_coreset	6	P2_WEEDSGALORE_TRUTH_FREE_PROPOSAL_GRID_20260810_V3_T070_A032:080:0132
prospective_dinov2_coreset	6	P2_WEEDSGALORE_TRUTH_FREE_PROPOSAL_GRID_20260810_V3_T070_A032:081:0035
prospective_dinov2_coreset	6	P2_WEEDSGALORE_TRUTH_FREE_PROPOSAL_GRID_20260810_V3_T070_A032:084:0028
prospective_dinov2_coreset	6	P2_WEEDSGALORE_TRUTH_FREE_PROPOSAL_GRID_20260810_V3_T070_A032:084:0034
prospective_dinov2_coreset	6	P2_WEEDSGALORE_TRUTH_FREE_PROPOSAL_GRID_20260810_V3_T070_A032:084:0063
prospective_dinov2_coreset	6	P2_WEEDSGALORE_TRUTH_FREE_PROPOSAL_GRID_20260810_V3_T070_A032:085:0024
prospective_dinov2_coreset	6	P2_WEEDSGALORE_TRUTH_FREE_PROPOSAL_GRID_20260810_V3_T070_A032:085:0054
prospective_dinov2_coreset	6	P2_WEEDSGALORE_TRUTH_FREE_PROPOSAL_GRID_20260810_V3_T070_A032:089:0024
prospective_dinov2_coreset	6	P2_WEEDSGALORE_TRUTH_FREE_PROPOSAL_GRID_20260810_V3_T070_A032:089:0037
prospective_dinov2_coreset	6	P2_WEEDSGALORE_TRUTH_FREE_PROPOSAL_GRID_20260810_V3_T070_A032:090:0008
prospective_dinov2_coreset	6	P2_WEEDSGALORE_TRUTH_FREE_PROPOSAL_GRID_20260810_V3_T070_A032:090:0058
prospective_dinov2_coreset	6	P2_WEEDSGALORE_TRUTH_FREE_PROPOSAL_GRID_20260810_V3_T070_A032:091:0001
prospective_dinov2_coreset	6	P2_WEEDSGALORE_TRUTH_FREE_PROPOSAL_GRID_20260810_V3_T070_A032:093:0025
prospective_dinov2_coreset	6	P2_WEEDSGALORE_TRUTH_FREE_PROPOSAL_GRID_20260810_V3_T070_A032:093:0056
prospective_dinov2_coreset	6	P2_WEEDSGALORE_TRUTH_FREE_PROPOSAL_GRID_20260810_V3_T070_A032:093:0058
prospective_dinov2_coreset	6	P2_WEEDSGALORE_TRUTH_FREE_PROPOSAL_GRID_20260810_V3_T070_A032:093:0059
prospective_dinov2_coreset	6	P2_WEEDSGALORE_TRUTH_FREE_PROPOSAL_GRID_20260810_V3_T070_A032:094:0029
prospective_dinov2_coreset	6	P2_WEEDSGALORE_TRUTH_FREE_PROPOSAL_GRID_20260810_V3_T070_A032:094:0034
prospective_dinov2_coreset	6	P2_WEEDSGALORE_TRUTH_FREE_PROPOSAL_GRID_20260810_V3_T070_A032:094:0043
prospective_dinov2_coreset	6	P2_WEEDSGALORE_TRUTH_FREE_PROPOSAL_GRID_20260810_V3_T070_A032:094:0056
prospective_dinov2_coreset	6	P2_WEEDSGALORE_TRUTH_FREE_PROPOSAL_GRID_20260810_V3_T070_A032:094:0061
prospective_dinov2_coreset	6	P2_WEEDSGALORE_TRUTH_FREE_PROPOSAL_GRID_20260810_V3_T070_A032:101:0023
prospective_dinov2_coreset	6	P2_WEEDSGALORE_TRUTH_FREE_PROPOSAL_GRID_20260810_V3_T070_A032:102:0045
prospective_dinov2_coreset	6	P2_WEEDSGALORE_TRUTH_FREE_PROPOSAL_GRID_20260810_V3_T070_A032:103:0050
prospective_dinov2_coreset	6	P2_WEEDSGALORE_TRUTH_FREE_PROPOSAL_GRID_20260810_V3_T070_A032:104:0012
prospective_dinov2_coreset	6	P2_WEEDSGALORE_TRUTH_FREE_PROPOSAL_GRID_20260810_V3_T070_A032:104:0024
prospective_dinov2_coreset	6	P2_WEEDSGALORE_TRUTH_FREE_PROPOSAL_GRID_20260810_V3_T070_A032:104:0025
prospective_dinov2_coreset	6	P2_WEEDSGALORE_TRUTH_FREE_PROPOSAL_GRID_20260810_V3_T070_A032:104:0035
prospective_dinov2_coreset	6	P2_WEEDSGALORE_TRUTH_FREE_PROPOSAL_GRID_20260810_V3_T070_A032:104:0038
prospective_dinov2_coreset	6	P2_WEEDSGALORE_TRUTH_FREE_PROPOSAL_GRID_20260810_V3_T070_A032:106:0006
prospective_dinov2_coreset	6	P2_WEEDSGALORE_TRUTH_FREE_PROPOSAL_GRID_20260810_V3_T070_A032:106:0010
prospective_dinov2_coreset	6	P2_WEEDSGALORE_TRUTH_FREE_PROPOSAL_GRID_20260810_V3_T070_A032:106:0026
prospective_dinov2_coreset	6	P2_WEEDSGALORE_TRUTH_FREE_PROPOSAL_GRID_20260810_V3_T070_A032:107:0057
prospective_dinov2_coreset	6	P2_WEEDSGALORE_TRUTH_FREE_PROPOSAL_GRID_20260810_V3_T070_A032:108:0037
prospective_dinov2_coreset	6	P2_WEEDSGALORE_TRUTH_FREE_PROPOSAL_GRID_20260810_V3_T070_A032:109:0029
prospective_dinov2_coreset	6	P2_WEEDSGALORE_TRUTH_FREE_PROPOSAL_GRID_20260810_V3_T070_A032:110:0006
prospective_dinov2_coreset	6	P2_WEEDSGALORE_TRUTH_FREE_PROPOSAL_GRID_20260810_V3_T070_A032:110:0022
prospective_dinov2_coreset	6	P2_WEEDSGALORE_TRUTH_FREE_PROPOSAL_GRID_20260810_V3_T070_A032:110:0044
prospective_dinov2_coreset	6	P2_WEEDSGALORE_TRUTH_FREE_PROPOSAL_GRID_20260810_V3_T070_A032:110:0046
prospective_dinov2_coreset	6	P2_WEEDSGALORE_TRUTH_FREE_PROPOSAL_GRID_20260810_V3_T070_A032:110:0095
prospective_dinov2_coreset	6	P2_WEEDSGALORE_TRUTH_FREE_PROPOSAL_GRID_20260810_V3_T070_A032:111:0019
prospective_dinov2_coreset	6	P2_WEEDSGALORE_TRUTH_FREE_PROPOSAL_GRID_20260810_V3_T070_A032:111:0026
prospective_dinov2_coreset	6	P2_WEEDSGALORE_TRUTH_FREE_PROPOSAL_GRID_20260810_V3_T070_A032:111:0041
prospective_dinov2_coreset	6	P2_WEEDSGALORE_TRUTH_FREE_PROPOSAL_GRID_20260810_V3_T070_A032:111:0049
prospective_dinov2_coreset	6	P2_WEEDSGALORE_TRUTH_FREE_PROPOSAL_GRID_20260810_V3_T070_A032:114:0014
prospective_dinov2_coreset	6	P2_WEEDSGALORE_TRUTH_FREE_PROPOSAL_GRID_20260810_V3_T070_A032:114:0019
prospective_dinov2_coreset	6	P2_WEEDSGALORE_TRUTH_FREE_PROPOSAL_GRID_20260810_V3_T070_A032:115:0071
prospective_dinov2_coreset	6	P2_WEEDSGALORE_TRUTH_FREE_PROPOSAL_GRID_20260810_V3_T070_A032:116:0005
prospective_dinov2_coreset	6	P2_WEEDSGALORE_TRUTH_FREE_PROPOSAL_GRID_20260810_V3_T070_A032:116:0060
prospective_dinov2_coreset	6	P2_WEEDSGALORE_TRUTH_FREE_PROPOSAL_GRID_20260810_V3_T070_A032:119:0033
prospective_dinov2_coreset	6	P2_WEEDSGALORE_TRUTH_FREE_PROPOSAL_GRID_20260810_V3_T070_A032:119:0060
prospective_dinov2_coreset	6	P2_WEEDSGALORE_TRUTH_FREE_PROPOSAL_GRID_20260810_V3_T070_A032:119:0062
prospective_dinov2_coreset	6	P2_WEEDSGALORE_TRUTH_FREE_PROPOSAL_GRID_20260810_V3_T070_A032:120:0039
prospective_dinov2_coreset	6	P2_WEEDSGALORE_TRUTH_FREE_PROPOSAL_GRID_20260810_V3_T070_A032:121:0018
prospective_dinov2_coreset	6	P2_WEEDSGALORE_TRUTH_FREE_PROPOSAL_GRID_20260810_V3_T070_A032:122:0049
prospective_dinov2_coreset	6	P2_WEEDSGALORE_TRUTH_FREE_PROPOSAL_GRID_20260810_V3_T070_A032:123:0037
prospective_dinov2_coreset	6	P2_WEEDSGALORE_TRUTH_FREE_PROPOSAL_GRID_20260810_V3_T070_A032:123:0041
prospective_dinov2_coreset	6	P2_WEEDSGALORE_TRUTH_FREE_PROPOSAL_GRID_20260810_V3_T070_A032:123:0045
prospective_dinov2_coreset	6	P2_WEEDSGALORE_TRUTH_FREE_PROPOSAL_GRID_20260810_V3_T070_A032:123:0094
prospective_dinov2_coreset	6	P2_WEEDSGALORE_TRUTH_FREE_PROPOSAL_GRID_20260810_V3_T070_A032:123:0104
prospective_dinov2_coreset	6	P2_WEEDSGALORE_TRUTH_FREE_PROPOSAL_GRID_20260810_V3_T070_A032:126:0027
prospective_dinov2_coreset	6	P2_WEEDSGALORE_TRUTH_FREE_PROPOSAL_GRID_20260810_V3_T070_A032:126:0041
prospective_dinov2_coreset	6	P2_WEEDSGALORE_TRUTH_FREE_PROPOSAL_GRID_20260810_V3_T070_A032:127:0035
prospective_dinov2_coreset	6	P2_WEEDSGALORE_TRUTH_FREE_PROPOSAL_GRID_20260810_V3_T070_A032:127:0086
prospective_dinov2_coreset	6	P2_WEEDSGALORE_TRUTH_FREE_PROPOSAL_GRID_20260810_V3_T070_A032:127:0089
prospective_dinov2_coreset	6	P2_WEEDSGALORE_TRUTH_FREE_PROPOSAL_GRID_20260810_V3_T070_A032:128:0083
prospective_dinov2_coreset	6	P2_WEEDSGALORE_TRUTH_FREE_PROPOSAL_GRID_20260810_V3_T070_A032:130:0015
prospective_dinov2_coreset	6	P2_WEEDSGALORE_TRUTH_FREE_PROPOSAL_GRID_20260810_V3_T070_A032:130:0053
prospective_dinov2_coreset	6	P2_WEEDSGALORE_TRUTH_FREE_PROPOSAL_GRID_20260810_V3_T070_A032:130:0056
prospective_dinov2_coreset	6	P2_WEEDSGALORE_TRUTH_FREE_PROPOSAL_GRID_20260810_V3_T070_A032:130:0063
prospective_dinov2_coreset	6	P2_WEEDSGALORE_TRUTH_FREE_PROPOSAL_GRID_20260810_V3_T070_A032:133:0016
prospective_dinov2_coreset	6	P2_WEEDSGALORE_TRUTH_FREE_PROPOSAL_GRID_20260810_V3_T070_A032:133:0028
prospective_dinov2_coreset	6	P2_WEEDSGALORE_TRUTH_FREE_PROPOSAL_GRID_20260810_V3_T070_A032:133:0067
prospective_dinov2_coreset	6	P2_WEEDSGALORE_TRUTH_FREE_PROPOSAL_GRID_20260810_V3_T070_A032:134:0022
prospective_dinov2_coreset	6	P2_WEEDSGALORE_TRUTH_FREE_PROPOSAL_GRID_20260810_V3_T070_A032:134:0024
prospective_dinov2_coreset	6	P2_WEEDSGALORE_TRUTH_FREE_PROPOSAL_GRID_20260810_V3_T070_A032:134:0035
prospective_dinov2_coreset	6	P2_WEEDSGALORE_TRUTH_FREE_PROPOSAL_GRID_20260810_V3_T070_A032:134:0061
prospective_dinov2_coreset	6	P2_WEEDSGALORE_TRUTH_FREE_PROPOSAL_GRID_20260810_V3_T070_A032:134:0088
prospective_dinov2_coreset	6	P2_WEEDSGALORE_TRUTH_FREE_PROPOSAL_GRID_20260810_V3_T070_A032:135:0022
prospective_dinov2_coreset	6	P2_WEEDSGALORE_TRUTH_FREE_PROPOSAL_GRID_20260810_V3_T070_A032:135:0048
prospective_dinov2_coreset	6	P2_WEEDSGALORE_TRUTH_FREE_PROPOSAL_GRID_20260810_V3_T070_A032:136:0047
prospective_dinov2_coreset	6	P2_WEEDSGALORE_TRUTH_FREE_PROPOSAL_GRID_20260810_V3_T070_A032:139:0013
prospective_dinov2_coreset	6	P2_WEEDSGALORE_TRUTH_FREE_PROPOSAL_GRID_20260810_V3_T070_A032:139:0018
prospective_dinov2_coreset	6	P2_WEEDSGALORE_TRUTH_FREE_PROPOSAL_GRID_20260810_V3_T070_A032:139:0049
prospective_dinov2_coreset	6	P2_WEEDSGALORE_TRUTH_FREE_PROPOSAL_GRID_20260810_V3_T070_A032:139:0073
prospective_dinov2_coreset	6	P2_WEEDSGALORE_TRUTH_FREE_PROPOSAL_GRID_20260810_V3_T070_A032:139:0089
prospective_dinov2_coreset	6	P2_WEEDSGALORE_TRUTH_FREE_PROPOSAL_GRID_20260810_V3_T070_A032:142:0033
prospective_dinov2_coreset	6	P2_WEEDSGALORE_TRUTH_FREE_PROPOSAL_GRID_20260810_V3_T070_A032:142:0049
prospective_dinov2_coreset	6	P2_WEEDSGALORE_TRUTH_FREE_PROPOSAL_GRID_20260810_V3_T070_A032:142:0082
prospective_dinov2_coreset	6	P2_WEEDSGALORE_TRUTH_FREE_PROPOSAL_GRID_20260810_V3_T070_A032:143:0030
prospective_dinov2_coreset	6	P2_WEEDSGALORE_TRUTH_FREE_PROPOSAL_GRID_20260810_V3_T070_A032:143:0036
prospective_dinov2_coreset	6	P2_WEEDSGALORE_TRUTH_FREE_PROPOSAL_GRID_20260810_V3_T070_A032:143:0041
prospective_dinov2_coreset	6	P2_WEEDSGALORE_TRUTH_FREE_PROPOSAL_GRID_20260810_V3_T070_A032:143:0068
prospective_dinov2_coreset	6	P2_WEEDSGALORE_TRUTH_FREE_PROPOSAL_GRID_20260810_V3_T070_A032:143:0075
prospective_dinov2_coreset	6	P2_WEEDSGALORE_TRUTH_FREE_PROPOSAL_GRID_20260810_V3_T070_A032:143:0082
prospective_dinov2_coreset	6	P2_WEEDSGALORE_TRUTH_FREE_PROPOSAL_GRID_20260810_V3_T070_A032:144:0048
prospective_dinov2_coreset	6	P2_WEEDSGALORE_TRUTH_FREE_PROPOSAL_GRID_20260810_V3_T070_A032:144:0049
prospective_dinov2_coreset	6	P2_WEEDSGALORE_TRUTH_FREE_PROPOSAL_GRID_20260810_V3_T070_A032:145:0016
prospective_dinov2_coreset	6	P2_WEEDSGALORE_TRUTH_FREE_PROPOSAL_GRID_20260810_V3_T070_A032:150:0027
prospective_dinov2_coreset	6	P2_WEEDSGALORE_TRUTH_FREE_PROPOSAL_GRID_20260810_V3_T070_A032:153:0006
prospective_dinov2_coreset	6	P2_WEEDSGALORE_TRUTH_FREE_PROPOSAL_GRID_20260810_V3_T070_A032:153:0031
prospective_dinov2_coreset	6	P2_WEEDSGALORE_TRUTH_FREE_PROPOSAL_GRID_20260810_V3_T070_A032:153:0076
prospective_dinov2_coreset	6	P2_WEEDSGALORE_TRUTH_FREE_PROPOSAL_GRID_20260810_V3_T070_A032:153:0115
prospective_dinov2_coreset	6	P2_WEEDSGALORE_TRUTH_FREE_PROPOSAL_GRID_20260810_V3_T070_A032:155:0008
prospective_dinov2_coreset	6	P2_WEEDSGALORE_TRUTH_FREE_PROPOSAL_GRID_20260810_V3_T070_A032:155:0020
prospective_dinov2_coreset	6	P2_WEEDSGALORE_TRUTH_FREE_PROPOSAL_GRID_20260810_V3_T070_A032:155:0025
prospective_dinov2_coreset	6	P2_WEEDSGALORE_TRUTH_FREE_PROPOSAL_GRID_20260810_V3_T070_A032:155:0029
prospective_dinov2_coreset	6	P2_WEEDSGALORE_TRUTH_FREE_PROPOSAL_GRID_20260810_V3_T070_A032:155:0088
prospective_dinov2_coreset	6	P2_WEEDSGALORE_TRUTH_FREE_PROPOSAL_GRID_20260810_V3_T070_A032:156:0023
prospective_dinov2_coreset	6	P2_WEEDSGALORE_TRUTH_FREE_PROPOSAL_GRID_20260810_V3_T070_A032:156:0049
prospective_dinov2_coreset	6	P2_WEEDSGALORE_TRUTH_FREE_PROPOSAL_GRID_20260810_V3_T070_A032:156:0055
prospective_dinov2_coreset	6	P2_WEEDSGALORE_TRUTH_FREE_PROPOSAL_GRID_20260810_V3_T070_A032:156:0063
retrospective_class_stratified	6	P2_WEEDSGALORE_TRUTH_FREE_PROPOSAL_GRID_20260810_V3_T070_A032:003:0023
retrospective_class_stratified	6	P2_WEEDSGALORE_TRUTH_FREE_PROPOSAL_GRID_20260810_V3_T070_A032:004:0006
retrospective_class_stratified	6	P2_WEEDSGALORE_TRUTH_FREE_PROPOSAL_GRID_20260810_V3_T070_A032:004:0033
retrospective_class_stratified	6	P2_WEEDSGALORE_TRUTH_FREE_PROPOSAL_GRID_20260810_V3_T070_A032:004:0066
retrospective_class_stratified	6	P2_WEEDSGALORE_TRUTH_FREE_PROPOSAL_GRID_20260810_V3_T070_A032:005:0069
retrospective_class_stratified	6	P2_WEEDSGALORE_TRUTH_FREE_PROPOSAL_GRID_20260810_V3_T070_A032:005:0084
retrospective_class_stratified	6	P2_WEEDSGALORE_TRUTH_FREE_PROPOSAL_GRID_20260810_V3_T070_A032:005:0100
retrospective_class_stratified	6	P2_WEEDSGALORE_TRUTH_FREE_PROPOSAL_GRID_20260810_V3_T070_A032:005:0127
retrospective_class_stratified	6	P2_WEEDSGALORE_TRUTH_FREE_PROPOSAL_GRID_20260810_V3_T070_A032:006:0046
retrospective_class_stratified	6	P2_WEEDSGALORE_TRUTH_FREE_PROPOSAL_GRID_20260810_V3_T070_A032:006:0060
retrospective_class_stratified	6	P2_WEEDSGALORE_TRUTH_FREE_PROPOSAL_GRID_20260810_V3_T070_A032:006:0068
retrospective_class_stratified	6	P2_WEEDSGALORE_TRUTH_FREE_PROPOSAL_GRID_20260810_V3_T070_A032:006:0175
retrospective_class_stratified	6	P2_WEEDSGALORE_TRUTH_FREE_PROPOSAL_GRID_20260810_V3_T070_A032:006:0176
retrospective_class_stratified	6	P2_WEEDSGALORE_TRUTH_FREE_PROPOSAL_GRID_20260810_V3_T070_A032:006:0185
retrospective_class_stratified	6	P2_WEEDSGALORE_TRUTH_FREE_PROPOSAL_GRID_20260810_V3_T070_A032:006:0244
retrospective_class_stratified	6	P2_WEEDSGALORE_TRUTH_FREE_PROPOSAL_GRID_20260810_V3_T070_A032:006:0260
retrospective_class_stratified	6	P2_WEEDSGALORE_TRUTH_FREE_PROPOSAL_GRID_20260810_V3_T070_A032:009:0068
retrospective_class_stratified	6	P2_WEEDSGALORE_TRUTH_FREE_PROPOSAL_GRID_20260810_V3_T070_A032:009:0090
retrospective_class_stratified	6	P2_WEEDSGALORE_TRUTH_FREE_PROPOSAL_GRID_20260810_V3_T070_A032:010:0080
retrospective_class_stratified	6	P2_WEEDSGALORE_TRUTH_FREE_PROPOSAL_GRID_20260810_V3_T070_A032:010:0112
retrospective_class_stratified	6	P2_WEEDSGALORE_TRUTH_FREE_PROPOSAL_GRID_20260810_V3_T070_A032:010:0161
retrospective_class_stratified	6	P2_WEEDSGALORE_TRUTH_FREE_PROPOSAL_GRID_20260810_V3_T070_A032:011:0047
retrospective_class_stratified	6	P2_WEEDSGALORE_TRUTH_FREE_PROPOSAL_GRID_20260810_V3_T070_A032:011:0082
retrospective_class_stratified	6	P2_WEEDSGALORE_TRUTH_FREE_PROPOSAL_GRID_20260810_V3_T070_A032:012:0012
retrospective_class_stratified	6	P2_WEEDSGALORE_TRUTH_FREE_PROPOSAL_GRID_20260810_V3_T070_A032:012:0079
retrospective_class_stratified	6	P2_WEEDSGALORE_TRUTH_FREE_PROPOSAL_GRID_20260810_V3_T070_A032:012:0104
retrospective_class_stratified	6	P2_WEEDSGALORE_TRUTH_FREE_PROPOSAL_GRID_20260810_V3_T070_A032:012:0134
retrospective_class_stratified	6	P2_WEEDSGALORE_TRUTH_FREE_PROPOSAL_GRID_20260810_V3_T070_A032:013:0001
retrospective_class_stratified	6	P2_WEEDSGALORE_TRUTH_FREE_PROPOSAL_GRID_20260810_V3_T070_A032:013:0032
retrospective_class_stratified	6	P2_WEEDSGALORE_TRUTH_FREE_PROPOSAL_GRID_20260810_V3_T070_A032:014:0019
retrospective_class_stratified	6	P2_WEEDSGALORE_TRUTH_FREE_PROPOSAL_GRID_20260810_V3_T070_A032:014:0046
retrospective_class_stratified	6	P2_WEEDSGALORE_TRUTH_FREE_PROPOSAL_GRID_20260810_V3_T070_A032:015:0004
retrospective_class_stratified	6	P2_WEEDSGALORE_TRUTH_FREE_PROPOSAL_GRID_20260810_V3_T070_A032:015:0014
retrospective_class_stratified	6	P2_WEEDSGALORE_TRUTH_FREE_PROPOSAL_GRID_20260810_V3_T070_A032:018:0080
retrospective_class_stratified	6	P2_WEEDSGALORE_TRUTH_FREE_PROPOSAL_GRID_20260810_V3_T070_A032:018:0095
retrospective_class_stratified	6	P2_WEEDSGALORE_TRUTH_FREE_PROPOSAL_GRID_20260810_V3_T070_A032:018:0169
retrospective_class_stratified	6	P2_WEEDSGALORE_TRUTH_FREE_PROPOSAL_GRID_20260810_V3_T070_A032:020:0063
retrospective_class_stratified	6	P2_WEEDSGALORE_TRUTH_FREE_PROPOSAL_GRID_20260810_V3_T070_A032:023:0105
retrospective_class_stratified	6	P2_WEEDSGALORE_TRUTH_FREE_PROPOSAL_GRID_20260810_V3_T070_A032:024:0003
retrospective_class_stratified	6	P2_WEEDSGALORE_TRUTH_FREE_PROPOSAL_GRID_20260810_V3_T070_A032:024:0047
retrospective_class_stratified	6	P2_WEEDSGALORE_TRUTH_FREE_PROPOSAL_GRID_20260810_V3_T070_A032:024:0072
retrospective_class_stratified	6	P2_WEEDSGALORE_TRUTH_FREE_PROPOSAL_GRID_20260810_V3_T070_A032:024:0078
retrospective_class_stratified	6	P2_WEEDSGALORE_TRUTH_FREE_PROPOSAL_GRID_20260810_V3_T070_A032:024:0100
retrospective_class_stratified	6	P2_WEEDSGALORE_TRUTH_FREE_PROPOSAL_GRID_20260810_V3_T070_A032:025:0001
retrospective_class_stratified	6	P2_WEEDSGALORE_TRUTH_FREE_PROPOSAL_GRID_20260810_V3_T070_A032:025:0012
retrospective_class_stratified	6	P2_WEEDSGALORE_TRUTH_FREE_PROPOSAL_GRID_20260810_V3_T070_A032:026:0017
retrospective_class_stratified	6	P2_WEEDSGALORE_TRUTH_FREE_PROPOSAL_GRID_20260810_V3_T070_A032:030:0009
retrospective_class_stratified	6	P2_WEEDSGALORE_TRUTH_FREE_PROPOSAL_GRID_20260810_V3_T070_A032:030:0065
retrospective_class_stratified	6	P2_WEEDSGALORE_TRUTH_FREE_PROPOSAL_GRID_20260810_V3_T070_A032:032:0007
retrospective_class_stratified	6	P2_WEEDSGALORE_TRUTH_FREE_PROPOSAL_GRID_20260810_V3_T070_A032:034:0068
retrospective_class_stratified	6	P2_WEEDSGALORE_TRUTH_FREE_PROPOSAL_GRID_20260810_V3_T070_A032:034:0153
retrospective_class_stratified	6	P2_WEEDSGALORE_TRUTH_FREE_PROPOSAL_GRID_20260810_V3_T070_A032:035:0023
retrospective_class_stratified	6	P2_WEEDSGALORE_TRUTH_FREE_PROPOSAL_GRID_20260810_V3_T070_A032:035:0065
retrospective_class_stratified	6	P2_WEEDSGALORE_TRUTH_FREE_PROPOSAL_GRID_20260810_V3_T070_A032:039:0034
retrospective_class_stratified	6	P2_WEEDSGALORE_TRUTH_FREE_PROPOSAL_GRID_20260810_V3_T070_A032:039:0049
retrospective_class_stratified	6	P2_WEEDSGALORE_TRUTH_FREE_PROPOSAL_GRID_20260810_V3_T070_A032:039:0063
retrospective_class_stratified	6	P2_WEEDSGALORE_TRUTH_FREE_PROPOSAL_GRID_20260810_V3_T070_A032:039:0083
retrospective_class_stratified	6	P2_WEEDSGALORE_TRUTH_FREE_PROPOSAL_GRID_20260810_V3_T070_A032:039:0102
retrospective_class_stratified	6	P2_WEEDSGALORE_TRUTH_FREE_PROPOSAL_GRID_20260810_V3_T070_A032:043:0001
retrospective_class_stratified	6	P2_WEEDSGALORE_TRUTH_FREE_PROPOSAL_GRID_20260810_V3_T070_A032:043:0029
retrospective_class_stratified	6	P2_WEEDSGALORE_TRUTH_FREE_PROPOSAL_GRID_20260810_V3_T070_A032:048:0002
retrospective_class_stratified	6	P2_WEEDSGALORE_TRUTH_FREE_PROPOSAL_GRID_20260810_V3_T070_A032:051:0017
retrospective_class_stratified	6	P2_WEEDSGALORE_TRUTH_FREE_PROPOSAL_GRID_20260810_V3_T070_A032:051:0045
retrospective_class_stratified	6	P2_WEEDSGALORE_TRUTH_FREE_PROPOSAL_GRID_20260810_V3_T070_A032:052:0022
retrospective_class_stratified	6	P2_WEEDSGALORE_TRUTH_FREE_PROPOSAL_GRID_20260810_V3_T070_A032:052:0035
retrospective_class_stratified	6	P2_WEEDSGALORE_TRUTH_FREE_PROPOSAL_GRID_20260810_V3_T070_A032:052:0125
retrospective_class_stratified	6	P2_WEEDSGALORE_TRUTH_FREE_PROPOSAL_GRID_20260810_V3_T070_A032:053:0009
retrospective_class_stratified	6	P2_WEEDSGALORE_TRUTH_FREE_PROPOSAL_GRID_20260810_V3_T070_A032:053:0012
retrospective_class_stratified	6	P2_WEEDSGALORE_TRUTH_FREE_PROPOSAL_GRID_20260810_V3_T070_A032:053:0019
retrospective_class_stratified	6	P2_WEEDSGALORE_TRUTH_FREE_PROPOSAL_GRID_20260810_V3_T070_A032:053:0023
retrospective_class_stratified	6	P2_WEEDSGALORE_TRUTH_FREE_PROPOSAL_GRID_20260810_V3_T070_A032:053:0056
retrospective_class_stratified	6	P2_WEEDSGALORE_TRUTH_FREE_PROPOSAL_GRID_20260810_V3_T070_A032:053:0153
retrospective_class_stratified	6	P2_WEEDSGALORE_TRUTH_FREE_PROPOSAL_GRID_20260810_V3_T070_A032:054:0138
retrospective_class_stratified	6	P2_WEEDSGALORE_TRUTH_FREE_PROPOSAL_GRID_20260810_V3_T070_A032:054:0183
retrospective_class_stratified	6	P2_WEEDSGALORE_TRUTH_FREE_PROPOSAL_GRID_20260810_V3_T070_A032:058:0120
retrospective_class_stratified	6	P2_WEEDSGALORE_TRUTH_FREE_PROPOSAL_GRID_20260810_V3_T070_A032:059:0012
retrospective_class_stratified	6	P2_WEEDSGALORE_TRUTH_FREE_PROPOSAL_GRID_20260810_V3_T070_A032:059:0028
retrospective_class_stratified	6	P2_WEEDSGALORE_TRUTH_FREE_PROPOSAL_GRID_20260810_V3_T070_A032:059:0048
retrospective_class_stratified	6	P2_WEEDSGALORE_TRUTH_FREE_PROPOSAL_GRID_20260810_V3_T070_A032:059:0067
retrospective_class_stratified	6	P2_WEEDSGALORE_TRUTH_FREE_PROPOSAL_GRID_20260810_V3_T070_A032:059:0127
retrospective_class_stratified	6	P2_WEEDSGALORE_TRUTH_FREE_PROPOSAL_GRID_20260810_V3_T070_A032:059:0131
retrospective_class_stratified	6	P2_WEEDSGALORE_TRUTH_FREE_PROPOSAL_GRID_20260810_V3_T070_A032:060:0042
retrospective_class_stratified	6	P2_WEEDSGALORE_TRUTH_FREE_PROPOSAL_GRID_20260810_V3_T070_A032:060:0081
retrospective_class_stratified	6	P2_WEEDSGALORE_TRUTH_FREE_PROPOSAL_GRID_20260810_V3_T070_A032:060:0151
retrospective_class_stratified	6	P2_WEEDSGALORE_TRUTH_FREE_PROPOSAL_GRID_20260810_V3_T070_A032:061:0007
retrospective_class_stratified	6	P2_WEEDSGALORE_TRUTH_FREE_PROPOSAL_GRID_20260810_V3_T070_A032:061:0057
retrospective_class_stratified	6	P2_WEEDSGALORE_TRUTH_FREE_PROPOSAL_GRID_20260810_V3_T070_A032:062:0010
retrospective_class_stratified	6	P2_WEEDSGALORE_TRUTH_FREE_PROPOSAL_GRID_20260810_V3_T070_A032:063:0010
retrospective_class_stratified	6	P2_WEEDSGALORE_TRUTH_FREE_PROPOSAL_GRID_20260810_V3_T070_A032:063:0023
retrospective_class_stratified	6	P2_WEEDSGALORE_TRUTH_FREE_PROPOSAL_GRID_20260810_V3_T070_A032:063:0045
retrospective_class_stratified	6	P2_WEEDSGALORE_TRUTH_FREE_PROPOSAL_GRID_20260810_V3_T070_A032:063:0067
retrospective_class_stratified	6	P2_WEEDSGALORE_TRUTH_FREE_PROPOSAL_GRID_20260810_V3_T070_A032:064:0036
retrospective_class_stratified	6	P2_WEEDSGALORE_TRUTH_FREE_PROPOSAL_GRID_20260810_V3_T070_A032:064:0054
retrospective_class_stratified	6	P2_WEEDSGALORE_TRUTH_FREE_PROPOSAL_GRID_20260810_V3_T070_A032:067:0024
retrospective_class_stratified	6	P2_WEEDSGALORE_TRUTH_FREE_PROPOSAL_GRID_20260810_V3_T070_A032:067:0054
retrospective_class_stratified	6	P2_WEEDSGALORE_TRUTH_FREE_PROPOSAL_GRID_20260810_V3_T070_A032:067:0057
retrospective_class_stratified	6	P2_WEEDSGALORE_TRUTH_FREE_PROPOSAL_GRID_20260810_V3_T070_A032:067:0086
retrospective_class_stratified	6	P2_WEEDSGALORE_TRUTH_FREE_PROPOSAL_GRID_20260810_V3_T070_A032:070:0067
retrospective_class_stratified	6	P2_WEEDSGALORE_TRUTH_FREE_PROPOSAL_GRID_20260810_V3_T070_A032:070:0123
retrospective_class_stratified	6	P2_WEEDSGALORE_TRUTH_FREE_PROPOSAL_GRID_20260810_V3_T070_A032:070:0134
retrospective_class_stratified	6	P2_WEEDSGALORE_TRUTH_FREE_PROPOSAL_GRID_20260810_V3_T070_A032:070:0166
retrospective_class_stratified	6	P2_WEEDSGALORE_TRUTH_FREE_PROPOSAL_GRID_20260810_V3_T070_A032:070:0191
retrospective_class_stratified	6	P2_WEEDSGALORE_TRUTH_FREE_PROPOSAL_GRID_20260810_V3_T070_A032:070:0200
retrospective_class_stratified	6	P2_WEEDSGALORE_TRUTH_FREE_PROPOSAL_GRID_20260810_V3_T070_A032:071:0067
retrospective_class_stratified	6	P2_WEEDSGALORE_TRUTH_FREE_PROPOSAL_GRID_20260810_V3_T070_A032:071:0130
retrospective_class_stratified	6	P2_WEEDSGALORE_TRUTH_FREE_PROPOSAL_GRID_20260810_V3_T070_A032:071:0138
retrospective_class_stratified	6	P2_WEEDSGALORE_TRUTH_FREE_PROPOSAL_GRID_20260810_V3_T070_A032:072:0031
retrospective_class_stratified	6	P2_WEEDSGALORE_TRUTH_FREE_PROPOSAL_GRID_20260810_V3_T070_A032:072:0047
retrospective_class_stratified	6	P2_WEEDSGALORE_TRUTH_FREE_PROPOSAL_GRID_20260810_V3_T070_A032:073:0028
retrospective_class_stratified	6	P2_WEEDSGALORE_TRUTH_FREE_PROPOSAL_GRID_20260810_V3_T070_A032:073:0122
retrospective_class_stratified	6	P2_WEEDSGALORE_TRUTH_FREE_PROPOSAL_GRID_20260810_V3_T070_A032:074:0071
retrospective_class_stratified	6	P2_WEEDSGALORE_TRUTH_FREE_PROPOSAL_GRID_20260810_V3_T070_A032:074:0095
retrospective_class_stratified	6	P2_WEEDSGALORE_TRUTH_FREE_PROPOSAL_GRID_20260810_V3_T070_A032:074:0133
retrospective_class_stratified	6	P2_WEEDSGALORE_TRUTH_FREE_PROPOSAL_GRID_20260810_V3_T070_A032:077:0002
retrospective_class_stratified	6	P2_WEEDSGALORE_TRUTH_FREE_PROPOSAL_GRID_20260810_V3_T070_A032:077:0040
retrospective_class_stratified	6	P2_WEEDSGALORE_TRUTH_FREE_PROPOSAL_GRID_20260810_V3_T070_A032:077:0044
retrospective_class_stratified	6	P2_WEEDSGALORE_TRUTH_FREE_PROPOSAL_GRID_20260810_V3_T070_A032:077:0045
retrospective_class_stratified	6	P2_WEEDSGALORE_TRUTH_FREE_PROPOSAL_GRID_20260810_V3_T070_A032:077:0093
retrospective_class_stratified	6	P2_WEEDSGALORE_TRUTH_FREE_PROPOSAL_GRID_20260810_V3_T070_A032:077:0110
retrospective_class_stratified	6	P2_WEEDSGALORE_TRUTH_FREE_PROPOSAL_GRID_20260810_V3_T070_A032:077:0134
retrospective_class_stratified	6	P2_WEEDSGALORE_TRUTH_FREE_PROPOSAL_GRID_20260810_V3_T070_A032:077:0150
retrospective_class_stratified	6	P2_WEEDSGALORE_TRUTH_FREE_PROPOSAL_GRID_20260810_V3_T070_A032:077:0174
retrospective_class_stratified	6	P2_WEEDSGALORE_TRUTH_FREE_PROPOSAL_GRID_20260810_V3_T070_A032:078:0020
retrospective_class_stratified	6	P2_WEEDSGALORE_TRUTH_FREE_PROPOSAL_GRID_20260810_V3_T070_A032:078:0034
retrospective_class_stratified	6	P2_WEEDSGALORE_TRUTH_FREE_PROPOSAL_GRID_20260810_V3_T070_A032:078:0063
retrospective_class_stratified	6	P2_WEEDSGALORE_TRUTH_FREE_PROPOSAL_GRID_20260810_V3_T070_A032:078:0084
retrospective_class_stratified	6	P2_WEEDSGALORE_TRUTH_FREE_PROPOSAL_GRID_20260810_V3_T070_A032:078:0126
retrospective_class_stratified	6	P2_WEEDSGALORE_TRUTH_FREE_PROPOSAL_GRID_20260810_V3_T070_A032:078:0145
retrospective_class_stratified	6	P2_WEEDSGALORE_TRUTH_FREE_PROPOSAL_GRID_20260810_V3_T070_A032:080:0010
retrospective_class_stratified	6	P2_WEEDSGALORE_TRUTH_FREE_PROPOSAL_GRID_20260810_V3_T070_A032:080:0035
retrospective_class_stratified	6	P2_WEEDSGALORE_TRUTH_FREE_PROPOSAL_GRID_20260810_V3_T070_A032:080:0042
retrospective_class_stratified	6	P2_WEEDSGALORE_TRUTH_FREE_PROPOSAL_GRID_20260810_V3_T070_A032:080:0101
retrospective_class_stratified	6	P2_WEEDSGALORE_TRUTH_FREE_PROPOSAL_GRID_20260810_V3_T070_A032:081:0013
retrospective_class_stratified	6	P2_WEEDSGALORE_TRUTH_FREE_PROPOSAL_GRID_20260810_V3_T070_A032:081:0034
retrospective_class_stratified	6	P2_WEEDSGALORE_TRUTH_FREE_PROPOSAL_GRID_20260810_V3_T070_A032:081:0042
retrospective_class_stratified	6	P2_WEEDSGALORE_TRUTH_FREE_PROPOSAL_GRID_20260810_V3_T070_A032:083:0017
retrospective_class_stratified	6	P2_WEEDSGALORE_TRUTH_FREE_PROPOSAL_GRID_20260810_V3_T070_A032:084:0029
retrospective_class_stratified	6	P2_WEEDSGALORE_TRUTH_FREE_PROPOSAL_GRID_20260810_V3_T070_A032:084:0050
retrospective_class_stratified	6	P2_WEEDSGALORE_TRUTH_FREE_PROPOSAL_GRID_20260810_V3_T070_A032:086:0004
retrospective_class_stratified	6	P2_WEEDSGALORE_TRUTH_FREE_PROPOSAL_GRID_20260810_V3_T070_A032:086:0060
retrospective_class_stratified	6	P2_WEEDSGALORE_TRUTH_FREE_PROPOSAL_GRID_20260810_V3_T070_A032:089:0029
retrospective_class_stratified	6	P2_WEEDSGALORE_TRUTH_FREE_PROPOSAL_GRID_20260810_V3_T070_A032:090:0007
retrospective_class_stratified	6	P2_WEEDSGALORE_TRUTH_FREE_PROPOSAL_GRID_20260810_V3_T070_A032:090:0037
retrospective_class_stratified	6	P2_WEEDSGALORE_TRUTH_FREE_PROPOSAL_GRID_20260810_V3_T070_A032:090:0071
retrospective_class_stratified	6	P2_WEEDSGALORE_TRUTH_FREE_PROPOSAL_GRID_20260810_V3_T070_A032:091:0013
retrospective_class_stratified	6	P2_WEEDSGALORE_TRUTH_FREE_PROPOSAL_GRID_20260810_V3_T070_A032:091:0030
retrospective_class_stratified	6	P2_WEEDSGALORE_TRUTH_FREE_PROPOSAL_GRID_20260810_V3_T070_A032:091:0034
retrospective_class_stratified	6	P2_WEEDSGALORE_TRUTH_FREE_PROPOSAL_GRID_20260810_V3_T070_A032:091:0047
retrospective_class_stratified	6	P2_WEEDSGALORE_TRUTH_FREE_PROPOSAL_GRID_20260810_V3_T070_A032:093:0013
retrospective_class_stratified	6	P2_WEEDSGALORE_TRUTH_FREE_PROPOSAL_GRID_20260810_V3_T070_A032:093:0020
retrospective_class_stratified	6	P2_WEEDSGALORE_TRUTH_FREE_PROPOSAL_GRID_20260810_V3_T070_A032:093:0029
retrospective_class_stratified	6	P2_WEEDSGALORE_TRUTH_FREE_PROPOSAL_GRID_20260810_V3_T070_A032:093:0034
retrospective_class_stratified	6	P2_WEEDSGALORE_TRUTH_FREE_PROPOSAL_GRID_20260810_V3_T070_A032:094:0013
retrospective_class_stratified	6	P2_WEEDSGALORE_TRUTH_FREE_PROPOSAL_GRID_20260810_V3_T070_A032:094:0058
retrospective_class_stratified	6	P2_WEEDSGALORE_TRUTH_FREE_PROPOSAL_GRID_20260810_V3_T070_A032:094:0061
retrospective_class_stratified	6	P2_WEEDSGALORE_TRUTH_FREE_PROPOSAL_GRID_20260810_V3_T070_A032:097:0039
retrospective_class_stratified	6	P2_WEEDSGALORE_TRUTH_FREE_PROPOSAL_GRID_20260810_V3_T070_A032:101:0022
retrospective_class_stratified	6	P2_WEEDSGALORE_TRUTH_FREE_PROPOSAL_GRID_20260810_V3_T070_A032:101:0070
retrospective_class_stratified	6	P2_WEEDSGALORE_TRUTH_FREE_PROPOSAL_GRID_20260810_V3_T070_A032:102:0018
retrospective_class_stratified	6	P2_WEEDSGALORE_TRUTH_FREE_PROPOSAL_GRID_20260810_V3_T070_A032:102:0033
retrospective_class_stratified	6	P2_WEEDSGALORE_TRUTH_FREE_PROPOSAL_GRID_20260810_V3_T070_A032:103:0004
retrospective_class_stratified	6	P2_WEEDSGALORE_TRUTH_FREE_PROPOSAL_GRID_20260810_V3_T070_A032:103:0023
retrospective_class_stratified	6	P2_WEEDSGALORE_TRUTH_FREE_PROPOSAL_GRID_20260810_V3_T070_A032:103:0029
retrospective_class_stratified	6	P2_WEEDSGALORE_TRUTH_FREE_PROPOSAL_GRID_20260810_V3_T070_A032:103:0040
retrospective_class_stratified	6	P2_WEEDSGALORE_TRUTH_FREE_PROPOSAL_GRID_20260810_V3_T070_A032:103:0042
retrospective_class_stratified	6	P2_WEEDSGALORE_TRUTH_FREE_PROPOSAL_GRID_20260810_V3_T070_A032:103:0047
retrospective_class_stratified	6	P2_WEEDSGALORE_TRUTH_FREE_PROPOSAL_GRID_20260810_V3_T070_A032:103:0055
retrospective_class_stratified	6	P2_WEEDSGALORE_TRUTH_FREE_PROPOSAL_GRID_20260810_V3_T070_A032:103:0075
retrospective_class_stratified	6	P2_WEEDSGALORE_TRUTH_FREE_PROPOSAL_GRID_20260810_V3_T070_A032:104:0044
retrospective_class_stratified	6	P2_WEEDSGALORE_TRUTH_FREE_PROPOSAL_GRID_20260810_V3_T070_A032:104:0048
retrospective_class_stratified	6	P2_WEEDSGALORE_TRUTH_FREE_PROPOSAL_GRID_20260810_V3_T070_A032:106:0001
retrospective_class_stratified	6	P2_WEEDSGALORE_TRUTH_FREE_PROPOSAL_GRID_20260810_V3_T070_A032:107:0008
retrospective_class_stratified	6	P2_WEEDSGALORE_TRUTH_FREE_PROPOSAL_GRID_20260810_V3_T070_A032:107:0009
retrospective_class_stratified	6	P2_WEEDSGALORE_TRUTH_FREE_PROPOSAL_GRID_20260810_V3_T070_A032:107:0026
retrospective_class_stratified	6	P2_WEEDSGALORE_TRUTH_FREE_PROPOSAL_GRID_20260810_V3_T070_A032:107:0032
retrospective_class_stratified	6	P2_WEEDSGALORE_TRUTH_FREE_PROPOSAL_GRID_20260810_V3_T070_A032:107:0047
retrospective_class_stratified	6	P2_WEEDSGALORE_TRUTH_FREE_PROPOSAL_GRID_20260810_V3_T070_A032:107:0069
retrospective_class_stratified	6	P2_WEEDSGALORE_TRUTH_FREE_PROPOSAL_GRID_20260810_V3_T070_A032:107:0074
retrospective_class_stratified	6	P2_WEEDSGALORE_TRUTH_FREE_PROPOSAL_GRID_20260810_V3_T070_A032:108:0024
retrospective_class_stratified	6	P2_WEEDSGALORE_TRUTH_FREE_PROPOSAL_GRID_20260810_V3_T070_A032:108:0069
retrospective_class_stratified	6	P2_WEEDSGALORE_TRUTH_FREE_PROPOSAL_GRID_20260810_V3_T070_A032:108:0093
retrospective_class_stratified	6	P2_WEEDSGALORE_TRUTH_FREE_PROPOSAL_GRID_20260810_V3_T070_A032:109:0016
retrospective_class_stratified	6	P2_WEEDSGALORE_TRUTH_FREE_PROPOSAL_GRID_20260810_V3_T070_A032:109:0040
retrospective_class_stratified	6	P2_WEEDSGALORE_TRUTH_FREE_PROPOSAL_GRID_20260810_V3_T070_A032:110:0063
retrospective_class_stratified	6	P2_WEEDSGALORE_TRUTH_FREE_PROPOSAL_GRID_20260810_V3_T070_A032:110:0101
retrospective_class_stratified	6	P2_WEEDSGALORE_TRUTH_FREE_PROPOSAL_GRID_20260810_V3_T070_A032:111:0006
retrospective_class_stratified	6	P2_WEEDSGALORE_TRUTH_FREE_PROPOSAL_GRID_20260810_V3_T070_A032:114:0013
retrospective_class_stratified	6	P2_WEEDSGALORE_TRUTH_FREE_PROPOSAL_GRID_20260810_V3_T070_A032:114:0018
retrospective_class_stratified	6	P2_WEEDSGALORE_TRUTH_FREE_PROPOSAL_GRID_20260810_V3_T070_A032:114:0044
retrospective_class_stratified	6	P2_WEEDSGALORE_TRUTH_FREE_PROPOSAL_GRID_20260810_V3_T070_A032:115:0007
retrospective_class_stratified	6	P2_WEEDSGALORE_TRUTH_FREE_PROPOSAL_GRID_20260810_V3_T070_A032:115:0014
retrospective_class_stratified	6	P2_WEEDSGALORE_TRUTH_FREE_PROPOSAL_GRID_20260810_V3_T070_A032:115:0038
retrospective_class_stratified	6	P2_WEEDSGALORE_TRUTH_FREE_PROPOSAL_GRID_20260810_V3_T070_A032:116:0015
retrospective_class_stratified	6	P2_WEEDSGALORE_TRUTH_FREE_PROPOSAL_GRID_20260810_V3_T070_A032:116:0032
retrospective_class_stratified	6	P2_WEEDSGALORE_TRUTH_FREE_PROPOSAL_GRID_20260810_V3_T070_A032:116:0056
retrospective_class_stratified	6	P2_WEEDSGALORE_TRUTH_FREE_PROPOSAL_GRID_20260810_V3_T070_A032:116:0058
retrospective_class_stratified	6	P2_WEEDSGALORE_TRUTH_FREE_PROPOSAL_GRID_20260810_V3_T070_A032:116:0059
retrospective_class_stratified	6	P2_WEEDSGALORE_TRUTH_FREE_PROPOSAL_GRID_20260810_V3_T070_A032:116:0074
retrospective_class_stratified	6	P2_WEEDSGALORE_TRUTH_FREE_PROPOSAL_GRID_20260810_V3_T070_A032:119:0051
retrospective_class_stratified	6	P2_WEEDSGALORE_TRUTH_FREE_PROPOSAL_GRID_20260810_V3_T070_A032:119:0052
retrospective_class_stratified	6	P2_WEEDSGALORE_TRUTH_FREE_PROPOSAL_GRID_20260810_V3_T070_A032:119:0071
retrospective_class_stratified	6	P2_WEEDSGALORE_TRUTH_FREE_PROPOSAL_GRID_20260810_V3_T070_A032:119:0080
retrospective_class_stratified	6	P2_WEEDSGALORE_TRUTH_FREE_PROPOSAL_GRID_20260810_V3_T070_A032:120:0028
retrospective_class_stratified	6	P2_WEEDSGALORE_TRUTH_FREE_PROPOSAL_GRID_20260810_V3_T070_A032:120:0034
retrospective_class_stratified	6	P2_WEEDSGALORE_TRUTH_FREE_PROPOSAL_GRID_20260810_V3_T070_A032:121:0014
retrospective_class_stratified	6	P2_WEEDSGALORE_TRUTH_FREE_PROPOSAL_GRID_20260810_V3_T070_A032:122:0021
retrospective_class_stratified	6	P2_WEEDSGALORE_TRUTH_FREE_PROPOSAL_GRID_20260810_V3_T070_A032:122:0046
retrospective_class_stratified	6	P2_WEEDSGALORE_TRUTH_FREE_PROPOSAL_GRID_20260810_V3_T070_A032:123:0020
retrospective_class_stratified	6	P2_WEEDSGALORE_TRUTH_FREE_PROPOSAL_GRID_20260810_V3_T070_A032:126:0005
retrospective_class_stratified	6	P2_WEEDSGALORE_TRUTH_FREE_PROPOSAL_GRID_20260810_V3_T070_A032:126:0008
retrospective_class_stratified	6	P2_WEEDSGALORE_TRUTH_FREE_PROPOSAL_GRID_20260810_V3_T070_A032:126:0056
retrospective_class_stratified	6	P2_WEEDSGALORE_TRUTH_FREE_PROPOSAL_GRID_20260810_V3_T070_A032:127:0034
retrospective_class_stratified	6	P2_WEEDSGALORE_TRUTH_FREE_PROPOSAL_GRID_20260810_V3_T070_A032:127:0040
retrospective_class_stratified	6	P2_WEEDSGALORE_TRUTH_FREE_PROPOSAL_GRID_20260810_V3_T070_A032:127:0092
retrospective_class_stratified	6	P2_WEEDSGALORE_TRUTH_FREE_PROPOSAL_GRID_20260810_V3_T070_A032:128:0049
retrospective_class_stratified	6	P2_WEEDSGALORE_TRUTH_FREE_PROPOSAL_GRID_20260810_V3_T070_A032:128:0054
retrospective_class_stratified	6	P2_WEEDSGALORE_TRUTH_FREE_PROPOSAL_GRID_20260810_V3_T070_A032:128:0091
retrospective_class_stratified	6	P2_WEEDSGALORE_TRUTH_FREE_PROPOSAL_GRID_20260810_V3_T070_A032:128:0093
retrospective_class_stratified	6	P2_WEEDSGALORE_TRUTH_FREE_PROPOSAL_GRID_20260810_V3_T070_A032:130:0038
retrospective_class_stratified	6	P2_WEEDSGALORE_TRUTH_FREE_PROPOSAL_GRID_20260810_V3_T070_A032:130:0046
retrospective_class_stratified	6	P2_WEEDSGALORE_TRUTH_FREE_PROPOSAL_GRID_20260810_V3_T070_A032:131:0016
retrospective_class_stratified	6	P2_WEEDSGALORE_TRUTH_FREE_PROPOSAL_GRID_20260810_V3_T070_A032:131:0048
retrospective_class_stratified	6	P2_WEEDSGALORE_TRUTH_FREE_PROPOSAL_GRID_20260810_V3_T070_A032:133:0008
retrospective_class_stratified	6	P2_WEEDSGALORE_TRUTH_FREE_PROPOSAL_GRID_20260810_V3_T070_A032:133:0025
retrospective_class_stratified	6	P2_WEEDSGALORE_TRUTH_FREE_PROPOSAL_GRID_20260810_V3_T070_A032:133:0036
retrospective_class_stratified	6	P2_WEEDSGALORE_TRUTH_FREE_PROPOSAL_GRID_20260810_V3_T070_A032:133:0038
retrospective_class_stratified	6	P2_WEEDSGALORE_TRUTH_FREE_PROPOSAL_GRID_20260810_V3_T070_A032:133:0068
retrospective_class_stratified	6	P2_WEEDSGALORE_TRUTH_FREE_PROPOSAL_GRID_20260810_V3_T070_A032:134:0004
retrospective_class_stratified	6	P2_WEEDSGALORE_TRUTH_FREE_PROPOSAL_GRID_20260810_V3_T070_A032:134:0007
retrospective_class_stratified	6	P2_WEEDSGALORE_TRUTH_FREE_PROPOSAL_GRID_20260810_V3_T070_A032:134:0031
retrospective_class_stratified	6	P2_WEEDSGALORE_TRUTH_FREE_PROPOSAL_GRID_20260810_V3_T070_A032:134:0041
retrospective_class_stratified	6	P2_WEEDSGALORE_TRUTH_FREE_PROPOSAL_GRID_20260810_V3_T070_A032:134:0071
retrospective_class_stratified	6	P2_WEEDSGALORE_TRUTH_FREE_PROPOSAL_GRID_20260810_V3_T070_A032:134:0091
retrospective_class_stratified	6	P2_WEEDSGALORE_TRUTH_FREE_PROPOSAL_GRID_20260810_V3_T070_A032:134:0093
retrospective_class_stratified	6	P2_WEEDSGALORE_TRUTH_FREE_PROPOSAL_GRID_20260810_V3_T070_A032:135:0005
retrospective_class_stratified	6	P2_WEEDSGALORE_TRUTH_FREE_PROPOSAL_GRID_20260810_V3_T070_A032:135:0019
retrospective_class_stratified	6	P2_WEEDSGALORE_TRUTH_FREE_PROPOSAL_GRID_20260810_V3_T070_A032:135:0050
retrospective_class_stratified	6	P2_WEEDSGALORE_TRUTH_FREE_PROPOSAL_GRID_20260810_V3_T070_A032:135:0053
retrospective_class_stratified	6	P2_WEEDSGALORE_TRUTH_FREE_PROPOSAL_GRID_20260810_V3_T070_A032:136:0004
retrospective_class_stratified	6	P2_WEEDSGALORE_TRUTH_FREE_PROPOSAL_GRID_20260810_V3_T070_A032:136:0021
retrospective_class_stratified	6	P2_WEEDSGALORE_TRUTH_FREE_PROPOSAL_GRID_20260810_V3_T070_A032:136:0022
retrospective_class_stratified	6	P2_WEEDSGALORE_TRUTH_FREE_PROPOSAL_GRID_20260810_V3_T070_A032:136:0036
retrospective_class_stratified	6	P2_WEEDSGALORE_TRUTH_FREE_PROPOSAL_GRID_20260810_V3_T070_A032:136:0037
retrospective_class_stratified	6	P2_WEEDSGALORE_TRUTH_FREE_PROPOSAL_GRID_20260810_V3_T070_A032:136:0042
retrospective_class_stratified	6	P2_WEEDSGALORE_TRUTH_FREE_PROPOSAL_GRID_20260810_V3_T070_A032:136:0057
retrospective_class_stratified	6	P2_WEEDSGALORE_TRUTH_FREE_PROPOSAL_GRID_20260810_V3_T070_A032:136:0063
retrospective_class_stratified	6	P2_WEEDSGALORE_TRUTH_FREE_PROPOSAL_GRID_20260810_V3_T070_A032:136:0065
retrospective_class_stratified	6	P2_WEEDSGALORE_TRUTH_FREE_PROPOSAL_GRID_20260810_V3_T070_A032:139:0030
retrospective_class_stratified	6	P2_WEEDSGALORE_TRUTH_FREE_PROPOSAL_GRID_20260810_V3_T070_A032:139:0050
retrospective_class_stratified	6	P2_WEEDSGALORE_TRUTH_FREE_PROPOSAL_GRID_20260810_V3_T070_A032:139:0059
retrospective_class_stratified	6	P2_WEEDSGALORE_TRUTH_FREE_PROPOSAL_GRID_20260810_V3_T070_A032:139:0092
retrospective_class_stratified	6	P2_WEEDSGALORE_TRUTH_FREE_PROPOSAL_GRID_20260810_V3_T070_A032:142:0004
retrospective_class_stratified	6	P2_WEEDSGALORE_TRUTH_FREE_PROPOSAL_GRID_20260810_V3_T070_A032:142:0014
retrospective_class_stratified	6	P2_WEEDSGALORE_TRUTH_FREE_PROPOSAL_GRID_20260810_V3_T070_A032:142:0022
retrospective_class_stratified	6	P2_WEEDSGALORE_TRUTH_FREE_PROPOSAL_GRID_20260810_V3_T070_A032:142:0025
retrospective_class_stratified	6	P2_WEEDSGALORE_TRUTH_FREE_PROPOSAL_GRID_20260810_V3_T070_A032:142:0026
retrospective_class_stratified	6	P2_WEEDSGALORE_TRUTH_FREE_PROPOSAL_GRID_20260810_V3_T070_A032:142:0041
retrospective_class_stratified	6	P2_WEEDSGALORE_TRUTH_FREE_PROPOSAL_GRID_20260810_V3_T070_A032:142:0079
retrospective_class_stratified	6	P2_WEEDSGALORE_TRUTH_FREE_PROPOSAL_GRID_20260810_V3_T070_A032:143:0005
retrospective_class_stratified	6	P2_WEEDSGALORE_TRUTH_FREE_PROPOSAL_GRID_20260810_V3_T070_A032:143:0028
retrospective_class_stratified	6	P2_WEEDSGALORE_TRUTH_FREE_PROPOSAL_GRID_20260810_V3_T070_A032:143:0046
retrospective_class_stratified	6	P2_WEEDSGALORE_TRUTH_FREE_PROPOSAL_GRID_20260810_V3_T070_A032:143:0049
retrospective_class_stratified	6	P2_WEEDSGALORE_TRUTH_FREE_PROPOSAL_GRID_20260810_V3_T070_A032:143:0056
retrospective_class_stratified	6	P2_WEEDSGALORE_TRUTH_FREE_PROPOSAL_GRID_20260810_V3_T070_A032:143:0062
retrospective_class_stratified	6	P2_WEEDSGALORE_TRUTH_FREE_PROPOSAL_GRID_20260810_V3_T070_A032:143:0063
retrospective_class_stratified	6	P2_WEEDSGALORE_TRUTH_FREE_PROPOSAL_GRID_20260810_V3_T070_A032:144:0013
retrospective_class_stratified	6	P2_WEEDSGALORE_TRUTH_FREE_PROPOSAL_GRID_20260810_V3_T070_A032:144:0027
retrospective_class_stratified	6	P2_WEEDSGALORE_TRUTH_FREE_PROPOSAL_GRID_20260810_V3_T070_A032:144:0035
retrospective_class_stratified	6	P2_WEEDSGALORE_TRUTH_FREE_PROPOSAL_GRID_20260810_V3_T070_A032:144:0038
retrospective_class_stratified	6	P2_WEEDSGALORE_TRUTH_FREE_PROPOSAL_GRID_20260810_V3_T070_A032:144:0061
retrospective_class_stratified	6	P2_WEEDSGALORE_TRUTH_FREE_PROPOSAL_GRID_20260810_V3_T070_A032:145:0005
retrospective_class_stratified	6	P2_WEEDSGALORE_TRUTH_FREE_PROPOSAL_GRID_20260810_V3_T070_A032:146:0020
retrospective_class_stratified	6	P2_WEEDSGALORE_TRUTH_FREE_PROPOSAL_GRID_20260810_V3_T070_A032:146:0021
retrospective_class_stratified	6	P2_WEEDSGALORE_TRUTH_FREE_PROPOSAL_GRID_20260810_V3_T070_A032:146:0040
retrospective_class_stratified	6	P2_WEEDSGALORE_TRUTH_FREE_PROPOSAL_GRID_20260810_V3_T070_A032:146:0044
retrospective_class_stratified	6	P2_WEEDSGALORE_TRUTH_FREE_PROPOSAL_GRID_20260810_V3_T070_A032:150:0021
retrospective_class_stratified	6	P2_WEEDSGALORE_TRUTH_FREE_PROPOSAL_GRID_20260810_V3_T070_A032:150:0032
retrospective_class_stratified	6	P2_WEEDSGALORE_TRUTH_FREE_PROPOSAL_GRID_20260810_V3_T070_A032:150:0037
retrospective_class_stratified	6	P2_WEEDSGALORE_TRUTH_FREE_PROPOSAL_GRID_20260810_V3_T070_A032:150:0039
retrospective_class_stratified	6	P2_WEEDSGALORE_TRUTH_FREE_PROPOSAL_GRID_20260810_V3_T070_A032:151:0032
retrospective_class_stratified	6	P2_WEEDSGALORE_TRUTH_FREE_PROPOSAL_GRID_20260810_V3_T070_A032:151:0045
retrospective_class_stratified	6	P2_WEEDSGALORE_TRUTH_FREE_PROPOSAL_GRID_20260810_V3_T070_A032:153:0007
retrospective_class_stratified	6	P2_WEEDSGALORE_TRUTH_FREE_PROPOSAL_GRID_20260810_V3_T070_A032:153:0008
retrospective_class_stratified	6	P2_WEEDSGALORE_TRUTH_FREE_PROPOSAL_GRID_20260810_V3_T070_A032:153:0011
retrospective_class_stratified	6	P2_WEEDSGALORE_TRUTH_FREE_PROPOSAL_GRID_20260810_V3_T070_A032:153:0016
retrospective_class_stratified	6	P2_WEEDSGALORE_TRUTH_FREE_PROPOSAL_GRID_20260810_V3_T070_A032:153:0086
retrospective_class_stratified	6	P2_WEEDSGALORE_TRUTH_FREE_PROPOSAL_GRID_20260810_V3_T070_A032:153:0090
retrospective_class_stratified	6	P2_WEEDSGALORE_TRUTH_FREE_PROPOSAL_GRID_20260810_V3_T070_A032:153:0111
retrospective_class_stratified	6	P2_WEEDSGALORE_TRUTH_FREE_PROPOSAL_GRID_20260810_V3_T070_A032:155:0006
retrospective_class_stratified	6	P2_WEEDSGALORE_TRUTH_FREE_PROPOSAL_GRID_20260810_V3_T070_A032:155:0009
retrospective_class_stratified	6	P2_WEEDSGALORE_TRUTH_FREE_PROPOSAL_GRID_20260810_V3_T070_A032:155:0035
retrospective_class_stratified	6	P2_WEEDSGALORE_TRUTH_FREE_PROPOSAL_GRID_20260810_V3_T070_A032:155:0047
retrospective_class_stratified	6	P2_WEEDSGALORE_TRUTH_FREE_PROPOSAL_GRID_20260810_V3_T070_A032:155:0079
retrospective_class_stratified	6	P2_WEEDSGALORE_TRUTH_FREE_PROPOSAL_GRID_20260810_V3_T070_A032:156:0011
retrospective_class_stratified	6	P2_WEEDSGALORE_TRUTH_FREE_PROPOSAL_GRID_20260810_V3_T070_A032:156:0022
retrospective_class_stratified	6	P2_WEEDSGALORE_TRUTH_FREE_PROPOSAL_GRID_20260810_V3_T070_A032:156:0046
retrospective_class_stratified	6	P2_WEEDSGALORE_TRUTH_FREE_PROPOSAL_GRID_20260810_V3_T070_A032:156:0053
retrospective_class_stratified	6	P2_WEEDSGALORE_TRUTH_FREE_PROPOSAL_GRID_20260810_V3_T070_A032:156:0055
retrospective_class_stratified	6	P2_WEEDSGALORE_TRUTH_FREE_PROPOSAL_GRID_20260810_V3_T070_A032:156:0063
retrospective_class_stratified	6	P2_WEEDSGALORE_TRUTH_FREE_PROPOSAL_GRID_20260810_V3_T070_A032:156:0065
prospective_uniform	7	P2_WEEDSGALORE_TRUTH_FREE_PROPOSAL_GRID_20260810_V3_T070_A032:003:0022
prospective_uniform	7	P2_WEEDSGALORE_TRUTH_FREE_PROPOSAL_GRID_20260810_V3_T070_A032:004:0011
prospective_uniform	7	P2_WEEDSGALORE_TRUTH_FREE_PROPOSAL_GRID_20260810_V3_T070_A032:004:0012
prospective_uniform	7	P2_WEEDSGALORE_TRUTH_FREE_PROPOSAL_GRID_20260810_V3_T070_A032:004:0086
prospective_uniform	7	P2_WEEDSGALORE_TRUTH_FREE_PROPOSAL_GRID_20260810_V3_T070_A032:005:0010
prospective_uniform	7	P2_WEEDSGALORE_TRUTH_FREE_PROPOSAL_GRID_20260810_V3_T070_A032:005:0042
prospective_uniform	7	P2_WEEDSGALORE_TRUTH_FREE_PROPOSAL_GRID_20260810_V3_T070_A032:005:0050
prospective_uniform	7	P2_WEEDSGALORE_TRUTH_FREE_PROPOSAL_GRID_20260810_V3_T070_A032:005:0067
prospective_uniform	7	P2_WEEDSGALORE_TRUTH_FREE_PROPOSAL_GRID_20260810_V3_T070_A032:005:0108
prospective_uniform	7	P2_WEEDSGALORE_TRUTH_FREE_PROPOSAL_GRID_20260810_V3_T070_A032:005:0163
prospective_uniform	7	P2_WEEDSGALORE_TRUTH_FREE_PROPOSAL_GRID_20260810_V3_T070_A032:006:0023
prospective_uniform	7	P2_WEEDSGALORE_TRUTH_FREE_PROPOSAL_GRID_20260810_V3_T070_A032:006:0093
prospective_uniform	7	P2_WEEDSGALORE_TRUTH_FREE_PROPOSAL_GRID_20260810_V3_T070_A032:006:0103
prospective_uniform	7	P2_WEEDSGALORE_TRUTH_FREE_PROPOSAL_GRID_20260810_V3_T070_A032:006:0228
prospective_uniform	7	P2_WEEDSGALORE_TRUTH_FREE_PROPOSAL_GRID_20260810_V3_T070_A032:006:0265
prospective_uniform	7	P2_WEEDSGALORE_TRUTH_FREE_PROPOSAL_GRID_20260810_V3_T070_A032:009:0012
prospective_uniform	7	P2_WEEDSGALORE_TRUTH_FREE_PROPOSAL_GRID_20260810_V3_T070_A032:009:0020
prospective_uniform	7	P2_WEEDSGALORE_TRUTH_FREE_PROPOSAL_GRID_20260810_V3_T070_A032:009:0044
prospective_uniform	7	P2_WEEDSGALORE_TRUTH_FREE_PROPOSAL_GRID_20260810_V3_T070_A032:009:0067
prospective_uniform	7	P2_WEEDSGALORE_TRUTH_FREE_PROPOSAL_GRID_20260810_V3_T070_A032:009:0080
prospective_uniform	7	P2_WEEDSGALORE_TRUTH_FREE_PROPOSAL_GRID_20260810_V3_T070_A032:009:0084
prospective_uniform	7	P2_WEEDSGALORE_TRUTH_FREE_PROPOSAL_GRID_20260810_V3_T070_A032:009:0092
prospective_uniform	7	P2_WEEDSGALORE_TRUTH_FREE_PROPOSAL_GRID_20260810_V3_T070_A032:010:0102
prospective_uniform	7	P2_WEEDSGALORE_TRUTH_FREE_PROPOSAL_GRID_20260810_V3_T070_A032:010:0105
prospective_uniform	7	P2_WEEDSGALORE_TRUTH_FREE_PROPOSAL_GRID_20260810_V3_T070_A032:010:0114
prospective_uniform	7	P2_WEEDSGALORE_TRUTH_FREE_PROPOSAL_GRID_20260810_V3_T070_A032:010:0159
prospective_uniform	7	P2_WEEDSGALORE_TRUTH_FREE_PROPOSAL_GRID_20260810_V3_T070_A032:010:0233
prospective_uniform	7	P2_WEEDSGALORE_TRUTH_FREE_PROPOSAL_GRID_20260810_V3_T070_A032:011:0031
prospective_uniform	7	P2_WEEDSGALORE_TRUTH_FREE_PROPOSAL_GRID_20260810_V3_T070_A032:011:0048
prospective_uniform	7	P2_WEEDSGALORE_TRUTH_FREE_PROPOSAL_GRID_20260810_V3_T070_A032:011:0065
prospective_uniform	7	P2_WEEDSGALORE_TRUTH_FREE_PROPOSAL_GRID_20260810_V3_T070_A032:011:0066
prospective_uniform	7	P2_WEEDSGALORE_TRUTH_FREE_PROPOSAL_GRID_20260810_V3_T070_A032:011:0071
prospective_uniform	7	P2_WEEDSGALORE_TRUTH_FREE_PROPOSAL_GRID_20260810_V3_T070_A032:011:0095
prospective_uniform	7	P2_WEEDSGALORE_TRUTH_FREE_PROPOSAL_GRID_20260810_V3_T070_A032:011:0129
prospective_uniform	7	P2_WEEDSGALORE_TRUTH_FREE_PROPOSAL_GRID_20260810_V3_T070_A032:012:0008
prospective_uniform	7	P2_WEEDSGALORE_TRUTH_FREE_PROPOSAL_GRID_20260810_V3_T070_A032:012:0035
prospective_uniform	7	P2_WEEDSGALORE_TRUTH_FREE_PROPOSAL_GRID_20260810_V3_T070_A032:012:0134
prospective_uniform	7	P2_WEEDSGALORE_TRUTH_FREE_PROPOSAL_GRID_20260810_V3_T070_A032:012:0175
prospective_uniform	7	P2_WEEDSGALORE_TRUTH_FREE_PROPOSAL_GRID_20260810_V3_T070_A032:012:0185
prospective_uniform	7	P2_WEEDSGALORE_TRUTH_FREE_PROPOSAL_GRID_20260810_V3_T070_A032:014:0005
prospective_uniform	7	P2_WEEDSGALORE_TRUTH_FREE_PROPOSAL_GRID_20260810_V3_T070_A032:014:0026
prospective_uniform	7	P2_WEEDSGALORE_TRUTH_FREE_PROPOSAL_GRID_20260810_V3_T070_A032:014:0035
prospective_uniform	7	P2_WEEDSGALORE_TRUTH_FREE_PROPOSAL_GRID_20260810_V3_T070_A032:014:0047
prospective_uniform	7	P2_WEEDSGALORE_TRUTH_FREE_PROPOSAL_GRID_20260810_V3_T070_A032:014:0055
prospective_uniform	7	P2_WEEDSGALORE_TRUTH_FREE_PROPOSAL_GRID_20260810_V3_T070_A032:015:0009
prospective_uniform	7	P2_WEEDSGALORE_TRUTH_FREE_PROPOSAL_GRID_20260810_V3_T070_A032:015:0012
prospective_uniform	7	P2_WEEDSGALORE_TRUTH_FREE_PROPOSAL_GRID_20260810_V3_T070_A032:015:0019
prospective_uniform	7	P2_WEEDSGALORE_TRUTH_FREE_PROPOSAL_GRID_20260810_V3_T070_A032:018:0006
prospective_uniform	7	P2_WEEDSGALORE_TRUTH_FREE_PROPOSAL_GRID_20260810_V3_T070_A032:018:0072
prospective_uniform	7	P2_WEEDSGALORE_TRUTH_FREE_PROPOSAL_GRID_20260810_V3_T070_A032:018:0088
prospective_uniform	7	P2_WEEDSGALORE_TRUTH_FREE_PROPOSAL_GRID_20260810_V3_T070_A032:018:0107
prospective_uniform	7	P2_WEEDSGALORE_TRUTH_FREE_PROPOSAL_GRID_20260810_V3_T070_A032:018:0183
prospective_uniform	7	P2_WEEDSGALORE_TRUTH_FREE_PROPOSAL_GRID_20260810_V3_T070_A032:019:0039
prospective_uniform	7	P2_WEEDSGALORE_TRUTH_FREE_PROPOSAL_GRID_20260810_V3_T070_A032:023:0008
prospective_uniform	7	P2_WEEDSGALORE_TRUTH_FREE_PROPOSAL_GRID_20260810_V3_T070_A032:023:0041
prospective_uniform	7	P2_WEEDSGALORE_TRUTH_FREE_PROPOSAL_GRID_20260810_V3_T070_A032:023:0058
prospective_uniform	7	P2_WEEDSGALORE_TRUTH_FREE_PROPOSAL_GRID_20260810_V3_T070_A032:023:0062
prospective_uniform	7	P2_WEEDSGALORE_TRUTH_FREE_PROPOSAL_GRID_20260810_V3_T070_A032:024:0094
prospective_uniform	7	P2_WEEDSGALORE_TRUTH_FREE_PROPOSAL_GRID_20260810_V3_T070_A032:025:0012
prospective_uniform	7	P2_WEEDSGALORE_TRUTH_FREE_PROPOSAL_GRID_20260810_V3_T070_A032:025:0013
prospective_uniform	7	P2_WEEDSGALORE_TRUTH_FREE_PROPOSAL_GRID_20260810_V3_T070_A032:025:0071
prospective_uniform	7	P2_WEEDSGALORE_TRUTH_FREE_PROPOSAL_GRID_20260810_V3_T070_A032:026:0020
prospective_uniform	7	P2_WEEDSGALORE_TRUTH_FREE_PROPOSAL_GRID_20260810_V3_T070_A032:027:0019
prospective_uniform	7	P2_WEEDSGALORE_TRUTH_FREE_PROPOSAL_GRID_20260810_V3_T070_A032:030:0042
prospective_uniform	7	P2_WEEDSGALORE_TRUTH_FREE_PROPOSAL_GRID_20260810_V3_T070_A032:030:0057
prospective_uniform	7	P2_WEEDSGALORE_TRUTH_FREE_PROPOSAL_GRID_20260810_V3_T070_A032:030:0058
prospective_uniform	7	P2_WEEDSGALORE_TRUTH_FREE_PROPOSAL_GRID_20260810_V3_T070_A032:032:0063
prospective_uniform	7	P2_WEEDSGALORE_TRUTH_FREE_PROPOSAL_GRID_20260810_V3_T070_A032:034:0043
prospective_uniform	7	P2_WEEDSGALORE_TRUTH_FREE_PROPOSAL_GRID_20260810_V3_T070_A032:034:0060
prospective_uniform	7	P2_WEEDSGALORE_TRUTH_FREE_PROPOSAL_GRID_20260810_V3_T070_A032:034:0068
prospective_uniform	7	P2_WEEDSGALORE_TRUTH_FREE_PROPOSAL_GRID_20260810_V3_T070_A032:035:0055
prospective_uniform	7	P2_WEEDSGALORE_TRUTH_FREE_PROPOSAL_GRID_20260810_V3_T070_A032:035:0062
prospective_uniform	7	P2_WEEDSGALORE_TRUTH_FREE_PROPOSAL_GRID_20260810_V3_T070_A032:037:0010
prospective_uniform	7	P2_WEEDSGALORE_TRUTH_FREE_PROPOSAL_GRID_20260810_V3_T070_A032:039:0015
prospective_uniform	7	P2_WEEDSGALORE_TRUTH_FREE_PROPOSAL_GRID_20260810_V3_T070_A032:039:0043
prospective_uniform	7	P2_WEEDSGALORE_TRUTH_FREE_PROPOSAL_GRID_20260810_V3_T070_A032:046:0013
prospective_uniform	7	P2_WEEDSGALORE_TRUTH_FREE_PROPOSAL_GRID_20260810_V3_T070_A032:047:0015
prospective_uniform	7	P2_WEEDSGALORE_TRUTH_FREE_PROPOSAL_GRID_20260810_V3_T070_A032:048:0006
prospective_uniform	7	P2_WEEDSGALORE_TRUTH_FREE_PROPOSAL_GRID_20260810_V3_T070_A032:048:0018
prospective_uniform	7	P2_WEEDSGALORE_TRUTH_FREE_PROPOSAL_GRID_20260810_V3_T070_A032:048:0021
prospective_uniform	7	P2_WEEDSGALORE_TRUTH_FREE_PROPOSAL_GRID_20260810_V3_T070_A032:051:0026
prospective_uniform	7	P2_WEEDSGALORE_TRUTH_FREE_PROPOSAL_GRID_20260810_V3_T070_A032:051:0043
prospective_uniform	7	P2_WEEDSGALORE_TRUTH_FREE_PROPOSAL_GRID_20260810_V3_T070_A032:052:0001
prospective_uniform	7	P2_WEEDSGALORE_TRUTH_FREE_PROPOSAL_GRID_20260810_V3_T070_A032:052:0011
prospective_uniform	7	P2_WEEDSGALORE_TRUTH_FREE_PROPOSAL_GRID_20260810_V3_T070_A032:052:0033
prospective_uniform	7	P2_WEEDSGALORE_TRUTH_FREE_PROPOSAL_GRID_20260810_V3_T070_A032:052:0037
prospective_uniform	7	P2_WEEDSGALORE_TRUTH_FREE_PROPOSAL_GRID_20260810_V3_T070_A032:052:0078
prospective_uniform	7	P2_WEEDSGALORE_TRUTH_FREE_PROPOSAL_GRID_20260810_V3_T070_A032:052:0082
prospective_uniform	7	P2_WEEDSGALORE_TRUTH_FREE_PROPOSAL_GRID_20260810_V3_T070_A032:052:0103
prospective_uniform	7	P2_WEEDSGALORE_TRUTH_FREE_PROPOSAL_GRID_20260810_V3_T070_A032:052:0142
prospective_uniform	7	P2_WEEDSGALORE_TRUTH_FREE_PROPOSAL_GRID_20260810_V3_T070_A032:052:0228
prospective_uniform	7	P2_WEEDSGALORE_TRUTH_FREE_PROPOSAL_GRID_20260810_V3_T070_A032:053:0020
prospective_uniform	7	P2_WEEDSGALORE_TRUTH_FREE_PROPOSAL_GRID_20260810_V3_T070_A032:053:0107
prospective_uniform	7	P2_WEEDSGALORE_TRUTH_FREE_PROPOSAL_GRID_20260810_V3_T070_A032:053:0112
prospective_uniform	7	P2_WEEDSGALORE_TRUTH_FREE_PROPOSAL_GRID_20260810_V3_T070_A032:054:0013
prospective_uniform	7	P2_WEEDSGALORE_TRUTH_FREE_PROPOSAL_GRID_20260810_V3_T070_A032:054:0026
prospective_uniform	7	P2_WEEDSGALORE_TRUTH_FREE_PROPOSAL_GRID_20260810_V3_T070_A032:054:0052
prospective_uniform	7	P2_WEEDSGALORE_TRUTH_FREE_PROPOSAL_GRID_20260810_V3_T070_A032:054:0088
prospective_uniform	7	P2_WEEDSGALORE_TRUTH_FREE_PROPOSAL_GRID_20260810_V3_T070_A032:054:0131
prospective_uniform	7	P2_WEEDSGALORE_TRUTH_FREE_PROPOSAL_GRID_20260810_V3_T070_A032:054:0167
prospective_uniform	7	P2_WEEDSGALORE_TRUTH_FREE_PROPOSAL_GRID_20260810_V3_T070_A032:054:0177
prospective_uniform	7	P2_WEEDSGALORE_TRUTH_FREE_PROPOSAL_GRID_20260810_V3_T070_A032:054:0186
prospective_uniform	7	P2_WEEDSGALORE_TRUTH_FREE_PROPOSAL_GRID_20260810_V3_T070_A032:054:0192
prospective_uniform	7	P2_WEEDSGALORE_TRUTH_FREE_PROPOSAL_GRID_20260810_V3_T070_A032:057:0022
prospective_uniform	7	P2_WEEDSGALORE_TRUTH_FREE_PROPOSAL_GRID_20260810_V3_T070_A032:058:0022
prospective_uniform	7	P2_WEEDSGALORE_TRUTH_FREE_PROPOSAL_GRID_20260810_V3_T070_A032:058:0103
prospective_uniform	7	P2_WEEDSGALORE_TRUTH_FREE_PROPOSAL_GRID_20260810_V3_T070_A032:058:0130
prospective_uniform	7	P2_WEEDSGALORE_TRUTH_FREE_PROPOSAL_GRID_20260810_V3_T070_A032:059:0018
prospective_uniform	7	P2_WEEDSGALORE_TRUTH_FREE_PROPOSAL_GRID_20260810_V3_T070_A032:059:0026
prospective_uniform	7	P2_WEEDSGALORE_TRUTH_FREE_PROPOSAL_GRID_20260810_V3_T070_A032:059:0082
prospective_uniform	7	P2_WEEDSGALORE_TRUTH_FREE_PROPOSAL_GRID_20260810_V3_T070_A032:060:0017
prospective_uniform	7	P2_WEEDSGALORE_TRUTH_FREE_PROPOSAL_GRID_20260810_V3_T070_A032:060:0064
prospective_uniform	7	P2_WEEDSGALORE_TRUTH_FREE_PROPOSAL_GRID_20260810_V3_T070_A032:060:0135
prospective_uniform	7	P2_WEEDSGALORE_TRUTH_FREE_PROPOSAL_GRID_20260810_V3_T070_A032:060:0143
prospective_uniform	7	P2_WEEDSGALORE_TRUTH_FREE_PROPOSAL_GRID_20260810_V3_T070_A032:060:0144
prospective_uniform	7	P2_WEEDSGALORE_TRUTH_FREE_PROPOSAL_GRID_20260810_V3_T070_A032:060:0166
prospective_uniform	7	P2_WEEDSGALORE_TRUTH_FREE_PROPOSAL_GRID_20260810_V3_T070_A032:060:0174
prospective_uniform	7	P2_WEEDSGALORE_TRUTH_FREE_PROPOSAL_GRID_20260810_V3_T070_A032:061:0002
prospective_uniform	7	P2_WEEDSGALORE_TRUTH_FREE_PROPOSAL_GRID_20260810_V3_T070_A032:061:0064
prospective_uniform	7	P2_WEEDSGALORE_TRUTH_FREE_PROPOSAL_GRID_20260810_V3_T070_A032:061:0154
prospective_uniform	7	P2_WEEDSGALORE_TRUTH_FREE_PROPOSAL_GRID_20260810_V3_T070_A032:062:0001
prospective_uniform	7	P2_WEEDSGALORE_TRUTH_FREE_PROPOSAL_GRID_20260810_V3_T070_A032:062:0002
prospective_uniform	7	P2_WEEDSGALORE_TRUTH_FREE_PROPOSAL_GRID_20260810_V3_T070_A032:062:0006
prospective_uniform	7	P2_WEEDSGALORE_TRUTH_FREE_PROPOSAL_GRID_20260810_V3_T070_A032:062:0053
prospective_uniform	7	P2_WEEDSGALORE_TRUTH_FREE_PROPOSAL_GRID_20260810_V3_T070_A032:063:0017
prospective_uniform	7	P2_WEEDSGALORE_TRUTH_FREE_PROPOSAL_GRID_20260810_V3_T070_A032:063:0070
prospective_uniform	7	P2_WEEDSGALORE_TRUTH_FREE_PROPOSAL_GRID_20260810_V3_T070_A032:064:0004
prospective_uniform	7	P2_WEEDSGALORE_TRUTH_FREE_PROPOSAL_GRID_20260810_V3_T070_A032:064:0022
prospective_uniform	7	P2_WEEDSGALORE_TRUTH_FREE_PROPOSAL_GRID_20260810_V3_T070_A032:064:0036
prospective_uniform	7	P2_WEEDSGALORE_TRUTH_FREE_PROPOSAL_GRID_20260810_V3_T070_A032:064:0054
prospective_uniform	7	P2_WEEDSGALORE_TRUTH_FREE_PROPOSAL_GRID_20260810_V3_T070_A032:064:0057
prospective_uniform	7	P2_WEEDSGALORE_TRUTH_FREE_PROPOSAL_GRID_20260810_V3_T070_A032:064:0060
prospective_uniform	7	P2_WEEDSGALORE_TRUTH_FREE_PROPOSAL_GRID_20260810_V3_T070_A032:064:0108
prospective_uniform	7	P2_WEEDSGALORE_TRUTH_FREE_PROPOSAL_GRID_20260810_V3_T070_A032:064:0114
prospective_uniform	7	P2_WEEDSGALORE_TRUTH_FREE_PROPOSAL_GRID_20260810_V3_T070_A032:067:0039
prospective_uniform	7	P2_WEEDSGALORE_TRUTH_FREE_PROPOSAL_GRID_20260810_V3_T070_A032:067:0146
prospective_uniform	7	P2_WEEDSGALORE_TRUTH_FREE_PROPOSAL_GRID_20260810_V3_T070_A032:067:0157
prospective_uniform	7	P2_WEEDSGALORE_TRUTH_FREE_PROPOSAL_GRID_20260810_V3_T070_A032:070:0035
prospective_uniform	7	P2_WEEDSGALORE_TRUTH_FREE_PROPOSAL_GRID_20260810_V3_T070_A032:070:0081
prospective_uniform	7	P2_WEEDSGALORE_TRUTH_FREE_PROPOSAL_GRID_20260810_V3_T070_A032:070:0092
prospective_uniform	7	P2_WEEDSGALORE_TRUTH_FREE_PROPOSAL_GRID_20260810_V3_T070_A032:070:0119
prospective_uniform	7	P2_WEEDSGALORE_TRUTH_FREE_PROPOSAL_GRID_20260810_V3_T070_A032:070:0129
prospective_uniform	7	P2_WEEDSGALORE_TRUTH_FREE_PROPOSAL_GRID_20260810_V3_T070_A032:070:0133
prospective_uniform	7	P2_WEEDSGALORE_TRUTH_FREE_PROPOSAL_GRID_20260810_V3_T070_A032:070:0144
prospective_uniform	7	P2_WEEDSGALORE_TRUTH_FREE_PROPOSAL_GRID_20260810_V3_T070_A032:070:0154
prospective_uniform	7	P2_WEEDSGALORE_TRUTH_FREE_PROPOSAL_GRID_20260810_V3_T070_A032:070:0169
prospective_uniform	7	P2_WEEDSGALORE_TRUTH_FREE_PROPOSAL_GRID_20260810_V3_T070_A032:070:0191
prospective_uniform	7	P2_WEEDSGALORE_TRUTH_FREE_PROPOSAL_GRID_20260810_V3_T070_A032:070:0204
prospective_uniform	7	P2_WEEDSGALORE_TRUTH_FREE_PROPOSAL_GRID_20260810_V3_T070_A032:071:0088
prospective_uniform	7	P2_WEEDSGALORE_TRUTH_FREE_PROPOSAL_GRID_20260810_V3_T070_A032:071:0089
prospective_uniform	7	P2_WEEDSGALORE_TRUTH_FREE_PROPOSAL_GRID_20260810_V3_T070_A032:071:0105
prospective_uniform	7	P2_WEEDSGALORE_TRUTH_FREE_PROPOSAL_GRID_20260810_V3_T070_A032:071:0130
prospective_uniform	7	P2_WEEDSGALORE_TRUTH_FREE_PROPOSAL_GRID_20260810_V3_T070_A032:071:0131
prospective_uniform	7	P2_WEEDSGALORE_TRUTH_FREE_PROPOSAL_GRID_20260810_V3_T070_A032:071:0135
prospective_uniform	7	P2_WEEDSGALORE_TRUTH_FREE_PROPOSAL_GRID_20260810_V3_T070_A032:071:0151
prospective_uniform	7	P2_WEEDSGALORE_TRUTH_FREE_PROPOSAL_GRID_20260810_V3_T070_A032:072:0004
prospective_uniform	7	P2_WEEDSGALORE_TRUTH_FREE_PROPOSAL_GRID_20260810_V3_T070_A032:072:0050
prospective_uniform	7	P2_WEEDSGALORE_TRUTH_FREE_PROPOSAL_GRID_20260810_V3_T070_A032:072:0068
prospective_uniform	7	P2_WEEDSGALORE_TRUTH_FREE_PROPOSAL_GRID_20260810_V3_T070_A032:073:0041
prospective_uniform	7	P2_WEEDSGALORE_TRUTH_FREE_PROPOSAL_GRID_20260810_V3_T070_A032:073:0045
prospective_uniform	7	P2_WEEDSGALORE_TRUTH_FREE_PROPOSAL_GRID_20260810_V3_T070_A032:073:0046
prospective_uniform	7	P2_WEEDSGALORE_TRUTH_FREE_PROPOSAL_GRID_20260810_V3_T070_A032:073:0048
prospective_uniform	7	P2_WEEDSGALORE_TRUTH_FREE_PROPOSAL_GRID_20260810_V3_T070_A032:073:0064
prospective_uniform	7	P2_WEEDSGALORE_TRUTH_FREE_PROPOSAL_GRID_20260810_V3_T070_A032:073:0106
prospective_uniform	7	P2_WEEDSGALORE_TRUTH_FREE_PROPOSAL_GRID_20260810_V3_T070_A032:073:0132
prospective_uniform	7	P2_WEEDSGALORE_TRUTH_FREE_PROPOSAL_GRID_20260810_V3_T070_A032:074:0009
prospective_uniform	7	P2_WEEDSGALORE_TRUTH_FREE_PROPOSAL_GRID_20260810_V3_T070_A032:074:0032
prospective_uniform	7	P2_WEEDSGALORE_TRUTH_FREE_PROPOSAL_GRID_20260810_V3_T070_A032:074:0045
prospective_uniform	7	P2_WEEDSGALORE_TRUTH_FREE_PROPOSAL_GRID_20260810_V3_T070_A032:074:0100
prospective_uniform	7	P2_WEEDSGALORE_TRUTH_FREE_PROPOSAL_GRID_20260810_V3_T070_A032:074:0102
prospective_uniform	7	P2_WEEDSGALORE_TRUTH_FREE_PROPOSAL_GRID_20260810_V3_T070_A032:074:0155
prospective_uniform	7	P2_WEEDSGALORE_TRUTH_FREE_PROPOSAL_GRID_20260810_V3_T070_A032:074:0164
prospective_uniform	7	P2_WEEDSGALORE_TRUTH_FREE_PROPOSAL_GRID_20260810_V3_T070_A032:074:0173
prospective_uniform	7	P2_WEEDSGALORE_TRUTH_FREE_PROPOSAL_GRID_20260810_V3_T070_A032:077:0002
prospective_uniform	7	P2_WEEDSGALORE_TRUTH_FREE_PROPOSAL_GRID_20260810_V3_T070_A032:077:0067
prospective_uniform	7	P2_WEEDSGALORE_TRUTH_FREE_PROPOSAL_GRID_20260810_V3_T070_A032:077:0078
prospective_uniform	7	P2_WEEDSGALORE_TRUTH_FREE_PROPOSAL_GRID_20260810_V3_T070_A032:077:0095
prospective_uniform	7	P2_WEEDSGALORE_TRUTH_FREE_PROPOSAL_GRID_20260810_V3_T070_A032:077:0117
prospective_uniform	7	P2_WEEDSGALORE_TRUTH_FREE_PROPOSAL_GRID_20260810_V3_T070_A032:077:0129
prospective_uniform	7	P2_WEEDSGALORE_TRUTH_FREE_PROPOSAL_GRID_20260810_V3_T070_A032:077:0138
prospective_uniform	7	P2_WEEDSGALORE_TRUTH_FREE_PROPOSAL_GRID_20260810_V3_T070_A032:077:0141
prospective_uniform	7	P2_WEEDSGALORE_TRUTH_FREE_PROPOSAL_GRID_20260810_V3_T070_A032:078:0031
prospective_uniform	7	P2_WEEDSGALORE_TRUTH_FREE_PROPOSAL_GRID_20260810_V3_T070_A032:078:0064
prospective_uniform	7	P2_WEEDSGALORE_TRUTH_FREE_PROPOSAL_GRID_20260810_V3_T070_A032:078:0065
prospective_uniform	7	P2_WEEDSGALORE_TRUTH_FREE_PROPOSAL_GRID_20260810_V3_T070_A032:078:0120
prospective_uniform	7	P2_WEEDSGALORE_TRUTH_FREE_PROPOSAL_GRID_20260810_V3_T070_A032:078:0136
prospective_uniform	7	P2_WEEDSGALORE_TRUTH_FREE_PROPOSAL_GRID_20260810_V3_T070_A032:078:0139
prospective_uniform	7	P2_WEEDSGALORE_TRUTH_FREE_PROPOSAL_GRID_20260810_V3_T070_A032:078:0156
prospective_uniform	7	P2_WEEDSGALORE_TRUTH_FREE_PROPOSAL_GRID_20260810_V3_T070_A032:078:0189
prospective_uniform	7	P2_WEEDSGALORE_TRUTH_FREE_PROPOSAL_GRID_20260810_V3_T070_A032:078:0197
prospective_uniform	7	P2_WEEDSGALORE_TRUTH_FREE_PROPOSAL_GRID_20260810_V3_T070_A032:078:0199
prospective_uniform	7	P2_WEEDSGALORE_TRUTH_FREE_PROPOSAL_GRID_20260810_V3_T070_A032:078:0203
prospective_uniform	7	P2_WEEDSGALORE_TRUTH_FREE_PROPOSAL_GRID_20260810_V3_T070_A032:080:0045
prospective_uniform	7	P2_WEEDSGALORE_TRUTH_FREE_PROPOSAL_GRID_20260810_V3_T070_A032:080:0083
prospective_uniform	7	P2_WEEDSGALORE_TRUTH_FREE_PROPOSAL_GRID_20260810_V3_T070_A032:080:0102
prospective_uniform	7	P2_WEEDSGALORE_TRUTH_FREE_PROPOSAL_GRID_20260810_V3_T070_A032:080:0121
prospective_uniform	7	P2_WEEDSGALORE_TRUTH_FREE_PROPOSAL_GRID_20260810_V3_T070_A032:081:0044
prospective_uniform	7	P2_WEEDSGALORE_TRUTH_FREE_PROPOSAL_GRID_20260810_V3_T070_A032:083:0024
prospective_uniform	7	P2_WEEDSGALORE_TRUTH_FREE_PROPOSAL_GRID_20260810_V3_T070_A032:083:0025
prospective_uniform	7	P2_WEEDSGALORE_TRUTH_FREE_PROPOSAL_GRID_20260810_V3_T070_A032:083:0028
prospective_uniform	7	P2_WEEDSGALORE_TRUTH_FREE_PROPOSAL_GRID_20260810_V3_T070_A032:083:0055
prospective_uniform	7	P2_WEEDSGALORE_TRUTH_FREE_PROPOSAL_GRID_20260810_V3_T070_A032:084:0002
prospective_uniform	7	P2_WEEDSGALORE_TRUTH_FREE_PROPOSAL_GRID_20260810_V3_T070_A032:084:0034
prospective_uniform	7	P2_WEEDSGALORE_TRUTH_FREE_PROPOSAL_GRID_20260810_V3_T070_A032:085:0044
prospective_uniform	7	P2_WEEDSGALORE_TRUTH_FREE_PROPOSAL_GRID_20260810_V3_T070_A032:086:0036
prospective_uniform	7	P2_WEEDSGALORE_TRUTH_FREE_PROPOSAL_GRID_20260810_V3_T070_A032:086:0041
prospective_uniform	7	P2_WEEDSGALORE_TRUTH_FREE_PROPOSAL_GRID_20260810_V3_T070_A032:086:0058
prospective_uniform	7	P2_WEEDSGALORE_TRUTH_FREE_PROPOSAL_GRID_20260810_V3_T070_A032:089:0025
prospective_uniform	7	P2_WEEDSGALORE_TRUTH_FREE_PROPOSAL_GRID_20260810_V3_T070_A032:089:0027
prospective_uniform	7	P2_WEEDSGALORE_TRUTH_FREE_PROPOSAL_GRID_20260810_V3_T070_A032:089:0046
prospective_uniform	7	P2_WEEDSGALORE_TRUTH_FREE_PROPOSAL_GRID_20260810_V3_T070_A032:089:0070
prospective_uniform	7	P2_WEEDSGALORE_TRUTH_FREE_PROPOSAL_GRID_20260810_V3_T070_A032:089:0080
prospective_uniform	7	P2_WEEDSGALORE_TRUTH_FREE_PROPOSAL_GRID_20260810_V3_T070_A032:089:0094
prospective_uniform	7	P2_WEEDSGALORE_TRUTH_FREE_PROPOSAL_GRID_20260810_V3_T070_A032:090:0030
prospective_uniform	7	P2_WEEDSGALORE_TRUTH_FREE_PROPOSAL_GRID_20260810_V3_T070_A032:090:0058
prospective_uniform	7	P2_WEEDSGALORE_TRUTH_FREE_PROPOSAL_GRID_20260810_V3_T070_A032:090:0064
prospective_uniform	7	P2_WEEDSGALORE_TRUTH_FREE_PROPOSAL_GRID_20260810_V3_T070_A032:092:0053
prospective_uniform	7	P2_WEEDSGALORE_TRUTH_FREE_PROPOSAL_GRID_20260810_V3_T070_A032:092:0068
prospective_uniform	7	P2_WEEDSGALORE_TRUTH_FREE_PROPOSAL_GRID_20260810_V3_T070_A032:093:0016
prospective_uniform	7	P2_WEEDSGALORE_TRUTH_FREE_PROPOSAL_GRID_20260810_V3_T070_A032:093:0020
prospective_uniform	7	P2_WEEDSGALORE_TRUTH_FREE_PROPOSAL_GRID_20260810_V3_T070_A032:094:0016
prospective_uniform	7	P2_WEEDSGALORE_TRUTH_FREE_PROPOSAL_GRID_20260810_V3_T070_A032:094:0022
prospective_uniform	7	P2_WEEDSGALORE_TRUTH_FREE_PROPOSAL_GRID_20260810_V3_T070_A032:094:0024
prospective_uniform	7	P2_WEEDSGALORE_TRUTH_FREE_PROPOSAL_GRID_20260810_V3_T070_A032:094:0039
prospective_uniform	7	P2_WEEDSGALORE_TRUTH_FREE_PROPOSAL_GRID_20260810_V3_T070_A032:094:0048
prospective_uniform	7	P2_WEEDSGALORE_TRUTH_FREE_PROPOSAL_GRID_20260810_V3_T070_A032:097:0019
prospective_uniform	7	P2_WEEDSGALORE_TRUTH_FREE_PROPOSAL_GRID_20260810_V3_T070_A032:097:0020
prospective_uniform	7	P2_WEEDSGALORE_TRUTH_FREE_PROPOSAL_GRID_20260810_V3_T070_A032:097:0024
prospective_uniform	7	P2_WEEDSGALORE_TRUTH_FREE_PROPOSAL_GRID_20260810_V3_T070_A032:101:0007
prospective_uniform	7	P2_WEEDSGALORE_TRUTH_FREE_PROPOSAL_GRID_20260810_V3_T070_A032:101:0028
prospective_uniform	7	P2_WEEDSGALORE_TRUTH_FREE_PROPOSAL_GRID_20260810_V3_T070_A032:102:0005
prospective_uniform	7	P2_WEEDSGALORE_TRUTH_FREE_PROPOSAL_GRID_20260810_V3_T070_A032:102:0014
prospective_uniform	7	P2_WEEDSGALORE_TRUTH_FREE_PROPOSAL_GRID_20260810_V3_T070_A032:102:0025
prospective_uniform	7	P2_WEEDSGALORE_TRUTH_FREE_PROPOSAL_GRID_20260810_V3_T070_A032:104:0002
prospective_uniform	7	P2_WEEDSGALORE_TRUTH_FREE_PROPOSAL_GRID_20260810_V3_T070_A032:106:0003
prospective_uniform	7	P2_WEEDSGALORE_TRUTH_FREE_PROPOSAL_GRID_20260810_V3_T070_A032:106:0014
prospective_uniform	7	P2_WEEDSGALORE_TRUTH_FREE_PROPOSAL_GRID_20260810_V3_T070_A032:107:0051
prospective_uniform	7	P2_WEEDSGALORE_TRUTH_FREE_PROPOSAL_GRID_20260810_V3_T070_A032:108:0028
prospective_uniform	7	P2_WEEDSGALORE_TRUTH_FREE_PROPOSAL_GRID_20260810_V3_T070_A032:108:0087
prospective_uniform	7	P2_WEEDSGALORE_TRUTH_FREE_PROPOSAL_GRID_20260810_V3_T070_A032:110:0036
prospective_uniform	7	P2_WEEDSGALORE_TRUTH_FREE_PROPOSAL_GRID_20260810_V3_T070_A032:110:0065
prospective_uniform	7	P2_WEEDSGALORE_TRUTH_FREE_PROPOSAL_GRID_20260810_V3_T070_A032:111:0039
prospective_uniform	7	P2_WEEDSGALORE_TRUTH_FREE_PROPOSAL_GRID_20260810_V3_T070_A032:111:0049
prospective_uniform	7	P2_WEEDSGALORE_TRUTH_FREE_PROPOSAL_GRID_20260810_V3_T070_A032:111:0054
prospective_uniform	7	P2_WEEDSGALORE_TRUTH_FREE_PROPOSAL_GRID_20260810_V3_T070_A032:114:0003
prospective_uniform	7	P2_WEEDSGALORE_TRUTH_FREE_PROPOSAL_GRID_20260810_V3_T070_A032:114:0010
prospective_uniform	7	P2_WEEDSGALORE_TRUTH_FREE_PROPOSAL_GRID_20260810_V3_T070_A032:114:0039
prospective_uniform	7	P2_WEEDSGALORE_TRUTH_FREE_PROPOSAL_GRID_20260810_V3_T070_A032:115:0040
prospective_uniform	7	P2_WEEDSGALORE_TRUTH_FREE_PROPOSAL_GRID_20260810_V3_T070_A032:115:0049
prospective_uniform	7	P2_WEEDSGALORE_TRUTH_FREE_PROPOSAL_GRID_20260810_V3_T070_A032:116:0024
prospective_uniform	7	P2_WEEDSGALORE_TRUTH_FREE_PROPOSAL_GRID_20260810_V3_T070_A032:120:0025
prospective_uniform	7	P2_WEEDSGALORE_TRUTH_FREE_PROPOSAL_GRID_20260810_V3_T070_A032:120:0029
prospective_uniform	7	P2_WEEDSGALORE_TRUTH_FREE_PROPOSAL_GRID_20260810_V3_T070_A032:121:0040
prospective_uniform	7	P2_WEEDSGALORE_TRUTH_FREE_PROPOSAL_GRID_20260810_V3_T070_A032:122:0015
prospective_uniform	7	P2_WEEDSGALORE_TRUTH_FREE_PROPOSAL_GRID_20260810_V3_T070_A032:122:0048
prospective_uniform	7	P2_WEEDSGALORE_TRUTH_FREE_PROPOSAL_GRID_20260810_V3_T070_A032:122:0052
prospective_uniform	7	P2_WEEDSGALORE_TRUTH_FREE_PROPOSAL_GRID_20260810_V3_T070_A032:122:0059
prospective_uniform	7	P2_WEEDSGALORE_TRUTH_FREE_PROPOSAL_GRID_20260810_V3_T070_A032:123:0059
prospective_uniform	7	P2_WEEDSGALORE_TRUTH_FREE_PROPOSAL_GRID_20260810_V3_T070_A032:123:0107
prospective_uniform	7	P2_WEEDSGALORE_TRUTH_FREE_PROPOSAL_GRID_20260810_V3_T070_A032:127:0085
prospective_uniform	7	P2_WEEDSGALORE_TRUTH_FREE_PROPOSAL_GRID_20260810_V3_T070_A032:128:0029
prospective_uniform	7	P2_WEEDSGALORE_TRUTH_FREE_PROPOSAL_GRID_20260810_V3_T070_A032:128:0043
prospective_uniform	7	P2_WEEDSGALORE_TRUTH_FREE_PROPOSAL_GRID_20260810_V3_T070_A032:130:0004
prospective_uniform	7	P2_WEEDSGALORE_TRUTH_FREE_PROPOSAL_GRID_20260810_V3_T070_A032:130:0012
prospective_uniform	7	P2_WEEDSGALORE_TRUTH_FREE_PROPOSAL_GRID_20260810_V3_T070_A032:130:0059
prospective_uniform	7	P2_WEEDSGALORE_TRUTH_FREE_PROPOSAL_GRID_20260810_V3_T070_A032:131:0017
prospective_uniform	7	P2_WEEDSGALORE_TRUTH_FREE_PROPOSAL_GRID_20260810_V3_T070_A032:134:0023
prospective_uniform	7	P2_WEEDSGALORE_TRUTH_FREE_PROPOSAL_GRID_20260810_V3_T070_A032:134:0053
prospective_uniform	7	P2_WEEDSGALORE_TRUTH_FREE_PROPOSAL_GRID_20260810_V3_T070_A032:134:0063
prospective_uniform	7	P2_WEEDSGALORE_TRUTH_FREE_PROPOSAL_GRID_20260810_V3_T070_A032:134:0091
prospective_uniform	7	P2_WEEDSGALORE_TRUTH_FREE_PROPOSAL_GRID_20260810_V3_T070_A032:135:0044
prospective_uniform	7	P2_WEEDSGALORE_TRUTH_FREE_PROPOSAL_GRID_20260810_V3_T070_A032:136:0011
prospective_uniform	7	P2_WEEDSGALORE_TRUTH_FREE_PROPOSAL_GRID_20260810_V3_T070_A032:136:0025
prospective_uniform	7	P2_WEEDSGALORE_TRUTH_FREE_PROPOSAL_GRID_20260810_V3_T070_A032:139:0016
prospective_uniform	7	P2_WEEDSGALORE_TRUTH_FREE_PROPOSAL_GRID_20260810_V3_T070_A032:139:0035
prospective_uniform	7	P2_WEEDSGALORE_TRUTH_FREE_PROPOSAL_GRID_20260810_V3_T070_A032:139:0055
prospective_uniform	7	P2_WEEDSGALORE_TRUTH_FREE_PROPOSAL_GRID_20260810_V3_T070_A032:139:0079
prospective_uniform	7	P2_WEEDSGALORE_TRUTH_FREE_PROPOSAL_GRID_20260810_V3_T070_A032:142:0006
prospective_uniform	7	P2_WEEDSGALORE_TRUTH_FREE_PROPOSAL_GRID_20260810_V3_T070_A032:142:0026
prospective_uniform	7	P2_WEEDSGALORE_TRUTH_FREE_PROPOSAL_GRID_20260810_V3_T070_A032:142:0029
prospective_uniform	7	P2_WEEDSGALORE_TRUTH_FREE_PROPOSAL_GRID_20260810_V3_T070_A032:142:0053
prospective_uniform	7	P2_WEEDSGALORE_TRUTH_FREE_PROPOSAL_GRID_20260810_V3_T070_A032:142:0084
prospective_uniform	7	P2_WEEDSGALORE_TRUTH_FREE_PROPOSAL_GRID_20260810_V3_T070_A032:143:0027
prospective_uniform	7	P2_WEEDSGALORE_TRUTH_FREE_PROPOSAL_GRID_20260810_V3_T070_A032:143:0071
prospective_uniform	7	P2_WEEDSGALORE_TRUTH_FREE_PROPOSAL_GRID_20260810_V3_T070_A032:144:0036
prospective_uniform	7	P2_WEEDSGALORE_TRUTH_FREE_PROPOSAL_GRID_20260810_V3_T070_A032:144:0065
prospective_uniform	7	P2_WEEDSGALORE_TRUTH_FREE_PROPOSAL_GRID_20260810_V3_T070_A032:145:0005
prospective_uniform	7	P2_WEEDSGALORE_TRUTH_FREE_PROPOSAL_GRID_20260810_V3_T070_A032:148:0009
prospective_uniform	7	P2_WEEDSGALORE_TRUTH_FREE_PROPOSAL_GRID_20260810_V3_T070_A032:148:0020
prospective_uniform	7	P2_WEEDSGALORE_TRUTH_FREE_PROPOSAL_GRID_20260810_V3_T070_A032:151:0008
prospective_uniform	7	P2_WEEDSGALORE_TRUTH_FREE_PROPOSAL_GRID_20260810_V3_T070_A032:151:0048
prospective_uniform	7	P2_WEEDSGALORE_TRUTH_FREE_PROPOSAL_GRID_20260810_V3_T070_A032:153:0017
prospective_uniform	7	P2_WEEDSGALORE_TRUTH_FREE_PROPOSAL_GRID_20260810_V3_T070_A032:153:0028
prospective_uniform	7	P2_WEEDSGALORE_TRUTH_FREE_PROPOSAL_GRID_20260810_V3_T070_A032:153:0033
prospective_uniform	7	P2_WEEDSGALORE_TRUTH_FREE_PROPOSAL_GRID_20260810_V3_T070_A032:153:0042
prospective_uniform	7	P2_WEEDSGALORE_TRUTH_FREE_PROPOSAL_GRID_20260810_V3_T070_A032:153:0112
prospective_uniform	7	P2_WEEDSGALORE_TRUTH_FREE_PROPOSAL_GRID_20260810_V3_T070_A032:156:0003
prospective_uniform	7	P2_WEEDSGALORE_TRUTH_FREE_PROPOSAL_GRID_20260810_V3_T070_A032:156:0006
prospective_uniform	7	P2_WEEDSGALORE_TRUTH_FREE_PROPOSAL_GRID_20260810_V3_T070_A032:156:0034
prospective_uniform	7	P2_WEEDSGALORE_TRUTH_FREE_PROPOSAL_GRID_20260810_V3_T070_A032:156:0038
prospective_dinov2_coreset	7	P2_WEEDSGALORE_TRUTH_FREE_PROPOSAL_GRID_20260810_V3_T070_A032:004:0011
prospective_dinov2_coreset	7	P2_WEEDSGALORE_TRUTH_FREE_PROPOSAL_GRID_20260810_V3_T070_A032:005:0030
prospective_dinov2_coreset	7	P2_WEEDSGALORE_TRUTH_FREE_PROPOSAL_GRID_20260810_V3_T070_A032:005:0074
prospective_dinov2_coreset	7	P2_WEEDSGALORE_TRUTH_FREE_PROPOSAL_GRID_20260810_V3_T070_A032:005:0079
prospective_dinov2_coreset	7	P2_WEEDSGALORE_TRUTH_FREE_PROPOSAL_GRID_20260810_V3_T070_A032:005:0088
prospective_dinov2_coreset	7	P2_WEEDSGALORE_TRUTH_FREE_PROPOSAL_GRID_20260810_V3_T070_A032:005:0090
prospective_dinov2_coreset	7	P2_WEEDSGALORE_TRUTH_FREE_PROPOSAL_GRID_20260810_V3_T070_A032:005:0112
prospective_dinov2_coreset	7	P2_WEEDSGALORE_TRUTH_FREE_PROPOSAL_GRID_20260810_V3_T070_A032:005:0123
prospective_dinov2_coreset	7	P2_WEEDSGALORE_TRUTH_FREE_PROPOSAL_GRID_20260810_V3_T070_A032:005:0125
prospective_dinov2_coreset	7	P2_WEEDSGALORE_TRUTH_FREE_PROPOSAL_GRID_20260810_V3_T070_A032:005:0140
prospective_dinov2_coreset	7	P2_WEEDSGALORE_TRUTH_FREE_PROPOSAL_GRID_20260810_V3_T070_A032:006:0052
prospective_dinov2_coreset	7	P2_WEEDSGALORE_TRUTH_FREE_PROPOSAL_GRID_20260810_V3_T070_A032:006:0063
prospective_dinov2_coreset	7	P2_WEEDSGALORE_TRUTH_FREE_PROPOSAL_GRID_20260810_V3_T070_A032:006:0080
prospective_dinov2_coreset	7	P2_WEEDSGALORE_TRUTH_FREE_PROPOSAL_GRID_20260810_V3_T070_A032:006:0098
prospective_dinov2_coreset	7	P2_WEEDSGALORE_TRUTH_FREE_PROPOSAL_GRID_20260810_V3_T070_A032:006:0107
prospective_dinov2_coreset	7	P2_WEEDSGALORE_TRUTH_FREE_PROPOSAL_GRID_20260810_V3_T070_A032:006:0147
prospective_dinov2_coreset	7	P2_WEEDSGALORE_TRUTH_FREE_PROPOSAL_GRID_20260810_V3_T070_A032:006:0160
prospective_dinov2_coreset	7	P2_WEEDSGALORE_TRUTH_FREE_PROPOSAL_GRID_20260810_V3_T070_A032:006:0237
prospective_dinov2_coreset	7	P2_WEEDSGALORE_TRUTH_FREE_PROPOSAL_GRID_20260810_V3_T070_A032:006:0262
prospective_dinov2_coreset	7	P2_WEEDSGALORE_TRUTH_FREE_PROPOSAL_GRID_20260810_V3_T070_A032:010:0025
prospective_dinov2_coreset	7	P2_WEEDSGALORE_TRUTH_FREE_PROPOSAL_GRID_20260810_V3_T070_A032:010:0047
prospective_dinov2_coreset	7	P2_WEEDSGALORE_TRUTH_FREE_PROPOSAL_GRID_20260810_V3_T070_A032:010:0080
prospective_dinov2_coreset	7	P2_WEEDSGALORE_TRUTH_FREE_PROPOSAL_GRID_20260810_V3_T070_A032:010:0086
prospective_dinov2_coreset	7	P2_WEEDSGALORE_TRUTH_FREE_PROPOSAL_GRID_20260810_V3_T070_A032:010:0124
prospective_dinov2_coreset	7	P2_WEEDSGALORE_TRUTH_FREE_PROPOSAL_GRID_20260810_V3_T070_A032:010:0165
prospective_dinov2_coreset	7	P2_WEEDSGALORE_TRUTH_FREE_PROPOSAL_GRID_20260810_V3_T070_A032:010:0172
prospective_dinov2_coreset	7	P2_WEEDSGALORE_TRUTH_FREE_PROPOSAL_GRID_20260810_V3_T070_A032:010:0175
prospective_dinov2_coreset	7	P2_WEEDSGALORE_TRUTH_FREE_PROPOSAL_GRID_20260810_V3_T070_A032:010:0183
prospective_dinov2_coreset	7	P2_WEEDSGALORE_TRUTH_FREE_PROPOSAL_GRID_20260810_V3_T070_A032:010:0203
prospective_dinov2_coreset	7	P2_WEEDSGALORE_TRUTH_FREE_PROPOSAL_GRID_20260810_V3_T070_A032:010:0217
prospective_dinov2_coreset	7	P2_WEEDSGALORE_TRUTH_FREE_PROPOSAL_GRID_20260810_V3_T070_A032:011:0017
prospective_dinov2_coreset	7	P2_WEEDSGALORE_TRUTH_FREE_PROPOSAL_GRID_20260810_V3_T070_A032:011:0042
prospective_dinov2_coreset	7	P2_WEEDSGALORE_TRUTH_FREE_PROPOSAL_GRID_20260810_V3_T070_A032:011:0045
prospective_dinov2_coreset	7	P2_WEEDSGALORE_TRUTH_FREE_PROPOSAL_GRID_20260810_V3_T070_A032:011:0055
prospective_dinov2_coreset	7	P2_WEEDSGALORE_TRUTH_FREE_PROPOSAL_GRID_20260810_V3_T070_A032:011:0069
prospective_dinov2_coreset	7	P2_WEEDSGALORE_TRUTH_FREE_PROPOSAL_GRID_20260810_V3_T070_A032:011:0080
prospective_dinov2_coreset	7	P2_WEEDSGALORE_TRUTH_FREE_PROPOSAL_GRID_20260810_V3_T070_A032:011:0152
prospective_dinov2_coreset	7	P2_WEEDSGALORE_TRUTH_FREE_PROPOSAL_GRID_20260810_V3_T070_A032:012:0100
prospective_dinov2_coreset	7	P2_WEEDSGALORE_TRUTH_FREE_PROPOSAL_GRID_20260810_V3_T070_A032:012:0118
prospective_dinov2_coreset	7	P2_WEEDSGALORE_TRUTH_FREE_PROPOSAL_GRID_20260810_V3_T070_A032:012:0119
prospective_dinov2_coreset	7	P2_WEEDSGALORE_TRUTH_FREE_PROPOSAL_GRID_20260810_V3_T070_A032:012:0145
prospective_dinov2_coreset	7	P2_WEEDSGALORE_TRUTH_FREE_PROPOSAL_GRID_20260810_V3_T070_A032:012:0150
prospective_dinov2_coreset	7	P2_WEEDSGALORE_TRUTH_FREE_PROPOSAL_GRID_20260810_V3_T070_A032:013:0001
prospective_dinov2_coreset	7	P2_WEEDSGALORE_TRUTH_FREE_PROPOSAL_GRID_20260810_V3_T070_A032:013:0034
prospective_dinov2_coreset	7	P2_WEEDSGALORE_TRUTH_FREE_PROPOSAL_GRID_20260810_V3_T070_A032:014:0057
prospective_dinov2_coreset	7	P2_WEEDSGALORE_TRUTH_FREE_PROPOSAL_GRID_20260810_V3_T070_A032:015:0013
prospective_dinov2_coreset	7	P2_WEEDSGALORE_TRUTH_FREE_PROPOSAL_GRID_20260810_V3_T070_A032:018:0017
prospective_dinov2_coreset	7	P2_WEEDSGALORE_TRUTH_FREE_PROPOSAL_GRID_20260810_V3_T070_A032:018:0018
prospective_dinov2_coreset	7	P2_WEEDSGALORE_TRUTH_FREE_PROPOSAL_GRID_20260810_V3_T070_A032:018:0027
prospective_dinov2_coreset	7	P2_WEEDSGALORE_TRUTH_FREE_PROPOSAL_GRID_20260810_V3_T070_A032:018:0078
prospective_dinov2_coreset	7	P2_WEEDSGALORE_TRUTH_FREE_PROPOSAL_GRID_20260810_V3_T070_A032:018:0090
prospective_dinov2_coreset	7	P2_WEEDSGALORE_TRUTH_FREE_PROPOSAL_GRID_20260810_V3_T070_A032:018:0102
prospective_dinov2_coreset	7	P2_WEEDSGALORE_TRUTH_FREE_PROPOSAL_GRID_20260810_V3_T070_A032:018:0109
prospective_dinov2_coreset	7	P2_WEEDSGALORE_TRUTH_FREE_PROPOSAL_GRID_20260810_V3_T070_A032:018:0127
prospective_dinov2_coreset	7	P2_WEEDSGALORE_TRUTH_FREE_PROPOSAL_GRID_20260810_V3_T070_A032:018:0168
prospective_dinov2_coreset	7	P2_WEEDSGALORE_TRUTH_FREE_PROPOSAL_GRID_20260810_V3_T070_A032:020:0001
prospective_dinov2_coreset	7	P2_WEEDSGALORE_TRUTH_FREE_PROPOSAL_GRID_20260810_V3_T070_A032:020:0035
prospective_dinov2_coreset	7	P2_WEEDSGALORE_TRUTH_FREE_PROPOSAL_GRID_20260810_V3_T070_A032:020:0048
prospective_dinov2_coreset	7	P2_WEEDSGALORE_TRUTH_FREE_PROPOSAL_GRID_20260810_V3_T070_A032:020:0056
prospective_dinov2_coreset	7	P2_WEEDSGALORE_TRUTH_FREE_PROPOSAL_GRID_20260810_V3_T070_A032:023:0090
prospective_dinov2_coreset	7	P2_WEEDSGALORE_TRUTH_FREE_PROPOSAL_GRID_20260810_V3_T070_A032:023:0098
prospective_dinov2_coreset	7	P2_WEEDSGALORE_TRUTH_FREE_PROPOSAL_GRID_20260810_V3_T070_A032:023:0116
prospective_dinov2_coreset	7	P2_WEEDSGALORE_TRUTH_FREE_PROPOSAL_GRID_20260810_V3_T070_A032:024:0040
prospective_dinov2_coreset	7	P2_WEEDSGALORE_TRUTH_FREE_PROPOSAL_GRID_20260810_V3_T070_A032:024:0066
prospective_dinov2_coreset	7	P2_WEEDSGALORE_TRUTH_FREE_PROPOSAL_GRID_20260810_V3_T070_A032:024:0111
prospective_dinov2_coreset	7	P2_WEEDSGALORE_TRUTH_FREE_PROPOSAL_GRID_20260810_V3_T070_A032:024:0122
prospective_dinov2_coreset	7	P2_WEEDSGALORE_TRUTH_FREE_PROPOSAL_GRID_20260810_V3_T070_A032:025:0047
prospective_dinov2_coreset	7	P2_WEEDSGALORE_TRUTH_FREE_PROPOSAL_GRID_20260810_V3_T070_A032:025:0079
prospective_dinov2_coreset	7	P2_WEEDSGALORE_TRUTH_FREE_PROPOSAL_GRID_20260810_V3_T070_A032:026:0015
prospective_dinov2_coreset	7	P2_WEEDSGALORE_TRUTH_FREE_PROPOSAL_GRID_20260810_V3_T070_A032:026:0025
prospective_dinov2_coreset	7	P2_WEEDSGALORE_TRUTH_FREE_PROPOSAL_GRID_20260810_V3_T070_A032:026:0043
prospective_dinov2_coreset	7	P2_WEEDSGALORE_TRUTH_FREE_PROPOSAL_GRID_20260810_V3_T070_A032:027:0010
prospective_dinov2_coreset	7	P2_WEEDSGALORE_TRUTH_FREE_PROPOSAL_GRID_20260810_V3_T070_A032:027:0014
prospective_dinov2_coreset	7	P2_WEEDSGALORE_TRUTH_FREE_PROPOSAL_GRID_20260810_V3_T070_A032:030:0024
prospective_dinov2_coreset	7	P2_WEEDSGALORE_TRUTH_FREE_PROPOSAL_GRID_20260810_V3_T070_A032:030:0036
prospective_dinov2_coreset	7	P2_WEEDSGALORE_TRUTH_FREE_PROPOSAL_GRID_20260810_V3_T070_A032:030:0040
prospective_dinov2_coreset	7	P2_WEEDSGALORE_TRUTH_FREE_PROPOSAL_GRID_20260810_V3_T070_A032:031:0003
prospective_dinov2_coreset	7	P2_WEEDSGALORE_TRUTH_FREE_PROPOSAL_GRID_20260810_V3_T070_A032:032:0002
prospective_dinov2_coreset	7	P2_WEEDSGALORE_TRUTH_FREE_PROPOSAL_GRID_20260810_V3_T070_A032:032:0010
prospective_dinov2_coreset	7	P2_WEEDSGALORE_TRUTH_FREE_PROPOSAL_GRID_20260810_V3_T070_A032:032:0026
prospective_dinov2_coreset	7	P2_WEEDSGALORE_TRUTH_FREE_PROPOSAL_GRID_20260810_V3_T070_A032:032:0028
prospective_dinov2_coreset	7	P2_WEEDSGALORE_TRUTH_FREE_PROPOSAL_GRID_20260810_V3_T070_A032:034:0009
prospective_dinov2_coreset	7	P2_WEEDSGALORE_TRUTH_FREE_PROPOSAL_GRID_20260810_V3_T070_A032:034:0031
prospective_dinov2_coreset	7	P2_WEEDSGALORE_TRUTH_FREE_PROPOSAL_GRID_20260810_V3_T070_A032:034:0067
prospective_dinov2_coreset	7	P2_WEEDSGALORE_TRUTH_FREE_PROPOSAL_GRID_20260810_V3_T070_A032:034:0084
prospective_dinov2_coreset	7	P2_WEEDSGALORE_TRUTH_FREE_PROPOSAL_GRID_20260810_V3_T070_A032:034:0096
prospective_dinov2_coreset	7	P2_WEEDSGALORE_TRUTH_FREE_PROPOSAL_GRID_20260810_V3_T070_A032:034:0110
prospective_dinov2_coreset	7	P2_WEEDSGALORE_TRUTH_FREE_PROPOSAL_GRID_20260810_V3_T070_A032:034:0120
prospective_dinov2_coreset	7	P2_WEEDSGALORE_TRUTH_FREE_PROPOSAL_GRID_20260810_V3_T070_A032:034:0130
prospective_dinov2_coreset	7	P2_WEEDSGALORE_TRUTH_FREE_PROPOSAL_GRID_20260810_V3_T070_A032:035:0037
prospective_dinov2_coreset	7	P2_WEEDSGALORE_TRUTH_FREE_PROPOSAL_GRID_20260810_V3_T070_A032:035:0064
prospective_dinov2_coreset	7	P2_WEEDSGALORE_TRUTH_FREE_PROPOSAL_GRID_20260810_V3_T070_A032:037:0010
prospective_dinov2_coreset	7	P2_WEEDSGALORE_TRUTH_FREE_PROPOSAL_GRID_20260810_V3_T070_A032:038:0004
prospective_dinov2_coreset	7	P2_WEEDSGALORE_TRUTH_FREE_PROPOSAL_GRID_20260810_V3_T070_A032:039:0047
prospective_dinov2_coreset	7	P2_WEEDSGALORE_TRUTH_FREE_PROPOSAL_GRID_20260810_V3_T070_A032:039:0049
prospective_dinov2_coreset	7	P2_WEEDSGALORE_TRUTH_FREE_PROPOSAL_GRID_20260810_V3_T070_A032:040:0016
prospective_dinov2_coreset	7	P2_WEEDSGALORE_TRUTH_FREE_PROPOSAL_GRID_20260810_V3_T070_A032:043:0004
prospective_dinov2_coreset	7	P2_WEEDSGALORE_TRUTH_FREE_PROPOSAL_GRID_20260810_V3_T070_A032:043:0039
prospective_dinov2_coreset	7	P2_WEEDSGALORE_TRUTH_FREE_PROPOSAL_GRID_20260810_V3_T070_A032:043:0063
prospective_dinov2_coreset	7	P2_WEEDSGALORE_TRUTH_FREE_PROPOSAL_GRID_20260810_V3_T070_A032:046:0005
prospective_dinov2_coreset	7	P2_WEEDSGALORE_TRUTH_FREE_PROPOSAL_GRID_20260810_V3_T070_A032:046:0014
prospective_dinov2_coreset	7	P2_WEEDSGALORE_TRUTH_FREE_PROPOSAL_GRID_20260810_V3_T070_A032:047:0003
prospective_dinov2_coreset	7	P2_WEEDSGALORE_TRUTH_FREE_PROPOSAL_GRID_20260810_V3_T070_A032:047:0016
prospective_dinov2_coreset	7	P2_WEEDSGALORE_TRUTH_FREE_PROPOSAL_GRID_20260810_V3_T070_A032:048:0002
prospective_dinov2_coreset	7	P2_WEEDSGALORE_TRUTH_FREE_PROPOSAL_GRID_20260810_V3_T070_A032:048:0021
prospective_dinov2_coreset	7	P2_WEEDSGALORE_TRUTH_FREE_PROPOSAL_GRID_20260810_V3_T070_A032:051:0022
prospective_dinov2_coreset	7	P2_WEEDSGALORE_TRUTH_FREE_PROPOSAL_GRID_20260810_V3_T070_A032:052:0006
prospective_dinov2_coreset	7	P2_WEEDSGALORE_TRUTH_FREE_PROPOSAL_GRID_20260810_V3_T070_A032:052:0009
prospective_dinov2_coreset	7	P2_WEEDSGALORE_TRUTH_FREE_PROPOSAL_GRID_20260810_V3_T070_A032:052:0042
prospective_dinov2_coreset	7	P2_WEEDSGALORE_TRUTH_FREE_PROPOSAL_GRID_20260810_V3_T070_A032:052:0079
prospective_dinov2_coreset	7	P2_WEEDSGALORE_TRUTH_FREE_PROPOSAL_GRID_20260810_V3_T070_A032:052:0110
prospective_dinov2_coreset	7	P2_WEEDSGALORE_TRUTH_FREE_PROPOSAL_GRID_20260810_V3_T070_A032:052:0194
prospective_dinov2_coreset	7	P2_WEEDSGALORE_TRUTH_FREE_PROPOSAL_GRID_20260810_V3_T070_A032:052:0207
prospective_dinov2_coreset	7	P2_WEEDSGALORE_TRUTH_FREE_PROPOSAL_GRID_20260810_V3_T070_A032:052:0217
prospective_dinov2_coreset	7	P2_WEEDSGALORE_TRUTH_FREE_PROPOSAL_GRID_20260810_V3_T070_A032:053:0078
prospective_dinov2_coreset	7	P2_WEEDSGALORE_TRUTH_FREE_PROPOSAL_GRID_20260810_V3_T070_A032:053:0150
prospective_dinov2_coreset	7	P2_WEEDSGALORE_TRUTH_FREE_PROPOSAL_GRID_20260810_V3_T070_A032:054:0031
prospective_dinov2_coreset	7	P2_WEEDSGALORE_TRUTH_FREE_PROPOSAL_GRID_20260810_V3_T070_A032:054:0120
prospective_dinov2_coreset	7	P2_WEEDSGALORE_TRUTH_FREE_PROPOSAL_GRID_20260810_V3_T070_A032:054:0145
prospective_dinov2_coreset	7	P2_WEEDSGALORE_TRUTH_FREE_PROPOSAL_GRID_20260810_V3_T070_A032:054:0198
prospective_dinov2_coreset	7	P2_WEEDSGALORE_TRUTH_FREE_PROPOSAL_GRID_20260810_V3_T070_A032:054:0211
prospective_dinov2_coreset	7	P2_WEEDSGALORE_TRUTH_FREE_PROPOSAL_GRID_20260810_V3_T070_A032:058:0024
prospective_dinov2_coreset	7	P2_WEEDSGALORE_TRUTH_FREE_PROPOSAL_GRID_20260810_V3_T070_A032:058:0079
prospective_dinov2_coreset	7	P2_WEEDSGALORE_TRUTH_FREE_PROPOSAL_GRID_20260810_V3_T070_A032:058:0080
prospective_dinov2_coreset	7	P2_WEEDSGALORE_TRUTH_FREE_PROPOSAL_GRID_20260810_V3_T070_A032:058:0086
prospective_dinov2_coreset	7	P2_WEEDSGALORE_TRUTH_FREE_PROPOSAL_GRID_20260810_V3_T070_A032:058:0154
prospective_dinov2_coreset	7	P2_WEEDSGALORE_TRUTH_FREE_PROPOSAL_GRID_20260810_V3_T070_A032:059:0017
prospective_dinov2_coreset	7	P2_WEEDSGALORE_TRUTH_FREE_PROPOSAL_GRID_20260810_V3_T070_A032:059:0163
prospective_dinov2_coreset	7	P2_WEEDSGALORE_TRUTH_FREE_PROPOSAL_GRID_20260810_V3_T070_A032:060:0017
prospective_dinov2_coreset	7	P2_WEEDSGALORE_TRUTH_FREE_PROPOSAL_GRID_20260810_V3_T070_A032:060:0034
prospective_dinov2_coreset	7	P2_WEEDSGALORE_TRUTH_FREE_PROPOSAL_GRID_20260810_V3_T070_A032:060:0040
prospective_dinov2_coreset	7	P2_WEEDSGALORE_TRUTH_FREE_PROPOSAL_GRID_20260810_V3_T070_A032:061:0072
prospective_dinov2_coreset	7	P2_WEEDSGALORE_TRUTH_FREE_PROPOSAL_GRID_20260810_V3_T070_A032:061:0081
prospective_dinov2_coreset	7	P2_WEEDSGALORE_TRUTH_FREE_PROPOSAL_GRID_20260810_V3_T070_A032:061:0132
prospective_dinov2_coreset	7	P2_WEEDSGALORE_TRUTH_FREE_PROPOSAL_GRID_20260810_V3_T070_A032:062:0140
prospective_dinov2_coreset	7	P2_WEEDSGALORE_TRUTH_FREE_PROPOSAL_GRID_20260810_V3_T070_A032:063:0002
prospective_dinov2_coreset	7	P2_WEEDSGALORE_TRUTH_FREE_PROPOSAL_GRID_20260810_V3_T070_A032:063:0043
prospective_dinov2_coreset	7	P2_WEEDSGALORE_TRUTH_FREE_PROPOSAL_GRID_20260810_V3_T070_A032:064:0003
prospective_dinov2_coreset	7	P2_WEEDSGALORE_TRUTH_FREE_PROPOSAL_GRID_20260810_V3_T070_A032:064:0046
prospective_dinov2_coreset	7	P2_WEEDSGALORE_TRUTH_FREE_PROPOSAL_GRID_20260810_V3_T070_A032:064:0063
prospective_dinov2_coreset	7	P2_WEEDSGALORE_TRUTH_FREE_PROPOSAL_GRID_20260810_V3_T070_A032:064:0086
prospective_dinov2_coreset	7	P2_WEEDSGALORE_TRUTH_FREE_PROPOSAL_GRID_20260810_V3_T070_A032:064:0103
prospective_dinov2_coreset	7	P2_WEEDSGALORE_TRUTH_FREE_PROPOSAL_GRID_20260810_V3_T070_A032:067:0018
prospective_dinov2_coreset	7	P2_WEEDSGALORE_TRUTH_FREE_PROPOSAL_GRID_20260810_V3_T070_A032:067:0055
prospective_dinov2_coreset	7	P2_WEEDSGALORE_TRUTH_FREE_PROPOSAL_GRID_20260810_V3_T070_A032:067:0059
prospective_dinov2_coreset	7	P2_WEEDSGALORE_TRUTH_FREE_PROPOSAL_GRID_20260810_V3_T070_A032:067:0071
prospective_dinov2_coreset	7	P2_WEEDSGALORE_TRUTH_FREE_PROPOSAL_GRID_20260810_V3_T070_A032:067:0124
prospective_dinov2_coreset	7	P2_WEEDSGALORE_TRUTH_FREE_PROPOSAL_GRID_20260810_V3_T070_A032:067:0143
prospective_dinov2_coreset	7	P2_WEEDSGALORE_TRUTH_FREE_PROPOSAL_GRID_20260810_V3_T070_A032:067:0168
prospective_dinov2_coreset	7	P2_WEEDSGALORE_TRUTH_FREE_PROPOSAL_GRID_20260810_V3_T070_A032:070:0005
prospective_dinov2_coreset	7	P2_WEEDSGALORE_TRUTH_FREE_PROPOSAL_GRID_20260810_V3_T070_A032:070:0043
prospective_dinov2_coreset	7	P2_WEEDSGALORE_TRUTH_FREE_PROPOSAL_GRID_20260810_V3_T070_A032:070:0044
prospective_dinov2_coreset	7	P2_WEEDSGALORE_TRUTH_FREE_PROPOSAL_GRID_20260810_V3_T070_A032:070:0095
prospective_dinov2_coreset	7	P2_WEEDSGALORE_TRUTH_FREE_PROPOSAL_GRID_20260810_V3_T070_A032:070:0114
prospective_dinov2_coreset	7	P2_WEEDSGALORE_TRUTH_FREE_PROPOSAL_GRID_20260810_V3_T070_A032:070:0117
prospective_dinov2_coreset	7	P2_WEEDSGALORE_TRUTH_FREE_PROPOSAL_GRID_20260810_V3_T070_A032:070:0138
prospective_dinov2_coreset	7	P2_WEEDSGALORE_TRUTH_FREE_PROPOSAL_GRID_20260810_V3_T070_A032:070:0193
prospective_dinov2_coreset	7	P2_WEEDSGALORE_TRUTH_FREE_PROPOSAL_GRID_20260810_V3_T070_A032:070:0210
prospective_dinov2_coreset	7	P2_WEEDSGALORE_TRUTH_FREE_PROPOSAL_GRID_20260810_V3_T070_A032:070:0214
prospective_dinov2_coreset	7	P2_WEEDSGALORE_TRUTH_FREE_PROPOSAL_GRID_20260810_V3_T070_A032:071:0024
prospective_dinov2_coreset	7	P2_WEEDSGALORE_TRUTH_FREE_PROPOSAL_GRID_20260810_V3_T070_A032:071:0042
prospective_dinov2_coreset	7	P2_WEEDSGALORE_TRUTH_FREE_PROPOSAL_GRID_20260810_V3_T070_A032:071:0070
prospective_dinov2_coreset	7	P2_WEEDSGALORE_TRUTH_FREE_PROPOSAL_GRID_20260810_V3_T070_A032:071:0096
prospective_dinov2_coreset	7	P2_WEEDSGALORE_TRUTH_FREE_PROPOSAL_GRID_20260810_V3_T070_A032:072:0034
prospective_dinov2_coreset	7	P2_WEEDSGALORE_TRUTH_FREE_PROPOSAL_GRID_20260810_V3_T070_A032:072:0060
prospective_dinov2_coreset	7	P2_WEEDSGALORE_TRUTH_FREE_PROPOSAL_GRID_20260810_V3_T070_A032:073:0010
prospective_dinov2_coreset	7	P2_WEEDSGALORE_TRUTH_FREE_PROPOSAL_GRID_20260810_V3_T070_A032:073:0035
prospective_dinov2_coreset	7	P2_WEEDSGALORE_TRUTH_FREE_PROPOSAL_GRID_20260810_V3_T070_A032:073:0043
prospective_dinov2_coreset	7	P2_WEEDSGALORE_TRUTH_FREE_PROPOSAL_GRID_20260810_V3_T070_A032:073:0059
prospective_dinov2_coreset	7	P2_WEEDSGALORE_TRUTH_FREE_PROPOSAL_GRID_20260810_V3_T070_A032:073:0105
prospective_dinov2_coreset	7	P2_WEEDSGALORE_TRUTH_FREE_PROPOSAL_GRID_20260810_V3_T070_A032:074:0043
prospective_dinov2_coreset	7	P2_WEEDSGALORE_TRUTH_FREE_PROPOSAL_GRID_20260810_V3_T070_A032:074:0067
prospective_dinov2_coreset	7	P2_WEEDSGALORE_TRUTH_FREE_PROPOSAL_GRID_20260810_V3_T070_A032:074:0069
prospective_dinov2_coreset	7	P2_WEEDSGALORE_TRUTH_FREE_PROPOSAL_GRID_20260810_V3_T070_A032:074:0116
prospective_dinov2_coreset	7	P2_WEEDSGALORE_TRUTH_FREE_PROPOSAL_GRID_20260810_V3_T070_A032:074:0179
prospective_dinov2_coreset	7	P2_WEEDSGALORE_TRUTH_FREE_PROPOSAL_GRID_20260810_V3_T070_A032:077:0009
prospective_dinov2_coreset	7	P2_WEEDSGALORE_TRUTH_FREE_PROPOSAL_GRID_20260810_V3_T070_A032:077:0087
prospective_dinov2_coreset	7	P2_WEEDSGALORE_TRUTH_FREE_PROPOSAL_GRID_20260810_V3_T070_A032:078:0017
prospective_dinov2_coreset	7	P2_WEEDSGALORE_TRUTH_FREE_PROPOSAL_GRID_20260810_V3_T070_A032:078:0131
prospective_dinov2_coreset	7	P2_WEEDSGALORE_TRUTH_FREE_PROPOSAL_GRID_20260810_V3_T070_A032:080:0023
prospective_dinov2_coreset	7	P2_WEEDSGALORE_TRUTH_FREE_PROPOSAL_GRID_20260810_V3_T070_A032:080:0112
prospective_dinov2_coreset	7	P2_WEEDSGALORE_TRUTH_FREE_PROPOSAL_GRID_20260810_V3_T070_A032:081:0012
prospective_dinov2_coreset	7	P2_WEEDSGALORE_TRUTH_FREE_PROPOSAL_GRID_20260810_V3_T070_A032:081:0016
prospective_dinov2_coreset	7	P2_WEEDSGALORE_TRUTH_FREE_PROPOSAL_GRID_20260810_V3_T070_A032:083:0078
prospective_dinov2_coreset	7	P2_WEEDSGALORE_TRUTH_FREE_PROPOSAL_GRID_20260810_V3_T070_A032:083:0112
prospective_dinov2_coreset	7	P2_WEEDSGALORE_TRUTH_FREE_PROPOSAL_GRID_20260810_V3_T070_A032:084:0011
prospective_dinov2_coreset	7	P2_WEEDSGALORE_TRUTH_FREE_PROPOSAL_GRID_20260810_V3_T070_A032:084:0012
prospective_dinov2_coreset	7	P2_WEEDSGALORE_TRUTH_FREE_PROPOSAL_GRID_20260810_V3_T070_A032:084:0019
prospective_dinov2_coreset	7	P2_WEEDSGALORE_TRUTH_FREE_PROPOSAL_GRID_20260810_V3_T070_A032:084:0041
prospective_dinov2_coreset	7	P2_WEEDSGALORE_TRUTH_FREE_PROPOSAL_GRID_20260810_V3_T070_A032:084:0054
prospective_dinov2_coreset	7	P2_WEEDSGALORE_TRUTH_FREE_PROPOSAL_GRID_20260810_V3_T070_A032:089:0001
prospective_dinov2_coreset	7	P2_WEEDSGALORE_TRUTH_FREE_PROPOSAL_GRID_20260810_V3_T070_A032:089:0031
prospective_dinov2_coreset	7	P2_WEEDSGALORE_TRUTH_FREE_PROPOSAL_GRID_20260810_V3_T070_A032:089:0073
prospective_dinov2_coreset	7	P2_WEEDSGALORE_TRUTH_FREE_PROPOSAL_GRID_20260810_V3_T070_A032:089:0091
prospective_dinov2_coreset	7	P2_WEEDSGALORE_TRUTH_FREE_PROPOSAL_GRID_20260810_V3_T070_A032:091:0001
prospective_dinov2_coreset	7	P2_WEEDSGALORE_TRUTH_FREE_PROPOSAL_GRID_20260810_V3_T070_A032:091:0007
prospective_dinov2_coreset	7	P2_WEEDSGALORE_TRUTH_FREE_PROPOSAL_GRID_20260810_V3_T070_A032:091:0044
prospective_dinov2_coreset	7	P2_WEEDSGALORE_TRUTH_FREE_PROPOSAL_GRID_20260810_V3_T070_A032:091:0045
prospective_dinov2_coreset	7	P2_WEEDSGALORE_TRUTH_FREE_PROPOSAL_GRID_20260810_V3_T070_A032:092:0062
prospective_dinov2_coreset	7	P2_WEEDSGALORE_TRUTH_FREE_PROPOSAL_GRID_20260810_V3_T070_A032:092:0070
prospective_dinov2_coreset	7	P2_WEEDSGALORE_TRUTH_FREE_PROPOSAL_GRID_20260810_V3_T070_A032:093:0045
prospective_dinov2_coreset	7	P2_WEEDSGALORE_TRUTH_FREE_PROPOSAL_GRID_20260810_V3_T070_A032:093:0054
prospective_dinov2_coreset	7	P2_WEEDSGALORE_TRUTH_FREE_PROPOSAL_GRID_20260810_V3_T070_A032:093:0059
prospective_dinov2_coreset	7	P2_WEEDSGALORE_TRUTH_FREE_PROPOSAL_GRID_20260810_V3_T070_A032:094:0034
prospective_dinov2_coreset	7	P2_WEEDSGALORE_TRUTH_FREE_PROPOSAL_GRID_20260810_V3_T070_A032:097:0011
prospective_dinov2_coreset	7	P2_WEEDSGALORE_TRUTH_FREE_PROPOSAL_GRID_20260810_V3_T070_A032:097:0025
prospective_dinov2_coreset	7	P2_WEEDSGALORE_TRUTH_FREE_PROPOSAL_GRID_20260810_V3_T070_A032:101:0023
prospective_dinov2_coreset	7	P2_WEEDSGALORE_TRUTH_FREE_PROPOSAL_GRID_20260810_V3_T070_A032:101:0034
prospective_dinov2_coreset	7	P2_WEEDSGALORE_TRUTH_FREE_PROPOSAL_GRID_20260810_V3_T070_A032:101:0043
prospective_dinov2_coreset	7	P2_WEEDSGALORE_TRUTH_FREE_PROPOSAL_GRID_20260810_V3_T070_A032:101:0052
prospective_dinov2_coreset	7	P2_WEEDSGALORE_TRUTH_FREE_PROPOSAL_GRID_20260810_V3_T070_A032:102:0025
prospective_dinov2_coreset	7	P2_WEEDSGALORE_TRUTH_FREE_PROPOSAL_GRID_20260810_V3_T070_A032:103:0027
prospective_dinov2_coreset	7	P2_WEEDSGALORE_TRUTH_FREE_PROPOSAL_GRID_20260810_V3_T070_A032:103:0066
prospective_dinov2_coreset	7	P2_WEEDSGALORE_TRUTH_FREE_PROPOSAL_GRID_20260810_V3_T070_A032:106:0018
prospective_dinov2_coreset	7	P2_WEEDSGALORE_TRUTH_FREE_PROPOSAL_GRID_20260810_V3_T070_A032:106:0048
prospective_dinov2_coreset	7	P2_WEEDSGALORE_TRUTH_FREE_PROPOSAL_GRID_20260810_V3_T070_A032:107:0015
prospective_dinov2_coreset	7	P2_WEEDSGALORE_TRUTH_FREE_PROPOSAL_GRID_20260810_V3_T070_A032:107:0043
prospective_dinov2_coreset	7	P2_WEEDSGALORE_TRUTH_FREE_PROPOSAL_GRID_20260810_V3_T070_A032:107:0057
prospective_dinov2_coreset	7	P2_WEEDSGALORE_TRUTH_FREE_PROPOSAL_GRID_20260810_V3_T070_A032:107:0072
prospective_dinov2_coreset	7	P2_WEEDSGALORE_TRUTH_FREE_PROPOSAL_GRID_20260810_V3_T070_A032:108:0036
prospective_dinov2_coreset	7	P2_WEEDSGALORE_TRUTH_FREE_PROPOSAL_GRID_20260810_V3_T070_A032:109:0002
prospective_dinov2_coreset	7	P2_WEEDSGALORE_TRUTH_FREE_PROPOSAL_GRID_20260810_V3_T070_A032:109:0029
prospective_dinov2_coreset	7	P2_WEEDSGALORE_TRUTH_FREE_PROPOSAL_GRID_20260810_V3_T070_A032:109:0032
prospective_dinov2_coreset	7	P2_WEEDSGALORE_TRUTH_FREE_PROPOSAL_GRID_20260810_V3_T070_A032:110:0001
prospective_dinov2_coreset	7	P2_WEEDSGALORE_TRUTH_FREE_PROPOSAL_GRID_20260810_V3_T070_A032:110:0005
prospective_dinov2_coreset	7	P2_WEEDSGALORE_TRUTH_FREE_PROPOSAL_GRID_20260810_V3_T070_A032:110:0008
prospective_dinov2_coreset	7	P2_WEEDSGALORE_TRUTH_FREE_PROPOSAL_GRID_20260810_V3_T070_A032:110:0032
prospective_dinov2_coreset	7	P2_WEEDSGALORE_TRUTH_FREE_PROPOSAL_GRID_20260810_V3_T070_A032:110:0035
prospective_dinov2_coreset	7	P2_WEEDSGALORE_TRUTH_FREE_PROPOSAL_GRID_20260810_V3_T070_A032:110:0046
prospective_dinov2_coreset	7	P2_WEEDSGALORE_TRUTH_FREE_PROPOSAL_GRID_20260810_V3_T070_A032:110:0055
prospective_dinov2_coreset	7	P2_WEEDSGALORE_TRUTH_FREE_PROPOSAL_GRID_20260810_V3_T070_A032:110:0068
prospective_dinov2_coreset	7	P2_WEEDSGALORE_TRUTH_FREE_PROPOSAL_GRID_20260810_V3_T070_A032:110:0071
prospective_dinov2_coreset	7	P2_WEEDSGALORE_TRUTH_FREE_PROPOSAL_GRID_20260810_V3_T070_A032:110:0085
prospective_dinov2_coreset	7	P2_WEEDSGALORE_TRUTH_FREE_PROPOSAL_GRID_20260810_V3_T070_A032:111:0020
prospective_dinov2_coreset	7	P2_WEEDSGALORE_TRUTH_FREE_PROPOSAL_GRID_20260810_V3_T070_A032:114:0031
prospective_dinov2_coreset	7	P2_WEEDSGALORE_TRUTH_FREE_PROPOSAL_GRID_20260810_V3_T070_A032:114:0040
prospective_dinov2_coreset	7	P2_WEEDSGALORE_TRUTH_FREE_PROPOSAL_GRID_20260810_V3_T070_A032:114:0056
prospective_dinov2_coreset	7	P2_WEEDSGALORE_TRUTH_FREE_PROPOSAL_GRID_20260810_V3_T070_A032:115:0018
prospective_dinov2_coreset	7	P2_WEEDSGALORE_TRUTH_FREE_PROPOSAL_GRID_20260810_V3_T070_A032:115:0036
prospective_dinov2_coreset	7	P2_WEEDSGALORE_TRUTH_FREE_PROPOSAL_GRID_20260810_V3_T070_A032:116:0023
prospective_dinov2_coreset	7	P2_WEEDSGALORE_TRUTH_FREE_PROPOSAL_GRID_20260810_V3_T070_A032:116:0033
prospective_dinov2_coreset	7	P2_WEEDSGALORE_TRUTH_FREE_PROPOSAL_GRID_20260810_V3_T070_A032:116:0045
prospective_dinov2_coreset	7	P2_WEEDSGALORE_TRUTH_FREE_PROPOSAL_GRID_20260810_V3_T070_A032:119:0032
prospective_dinov2_coreset	7	P2_WEEDSGALORE_TRUTH_FREE_PROPOSAL_GRID_20260810_V3_T070_A032:119:0035
prospective_dinov2_coreset	7	P2_WEEDSGALORE_TRUTH_FREE_PROPOSAL_GRID_20260810_V3_T070_A032:119:0055
prospective_dinov2_coreset	7	P2_WEEDSGALORE_TRUTH_FREE_PROPOSAL_GRID_20260810_V3_T070_A032:120:0020
prospective_dinov2_coreset	7	P2_WEEDSGALORE_TRUTH_FREE_PROPOSAL_GRID_20260810_V3_T070_A032:120:0024
prospective_dinov2_coreset	7	P2_WEEDSGALORE_TRUTH_FREE_PROPOSAL_GRID_20260810_V3_T070_A032:121:0021
prospective_dinov2_coreset	7	P2_WEEDSGALORE_TRUTH_FREE_PROPOSAL_GRID_20260810_V3_T070_A032:123:0015
prospective_dinov2_coreset	7	P2_WEEDSGALORE_TRUTH_FREE_PROPOSAL_GRID_20260810_V3_T070_A032:123:0037
prospective_dinov2_coreset	7	P2_WEEDSGALORE_TRUTH_FREE_PROPOSAL_GRID_20260810_V3_T070_A032:123:0082
prospective_dinov2_coreset	7	P2_WEEDSGALORE_TRUTH_FREE_PROPOSAL_GRID_20260810_V3_T070_A032:123:0094
prospective_dinov2_coreset	7	P2_WEEDSGALORE_TRUTH_FREE_PROPOSAL_GRID_20260810_V3_T070_A032:123:0103
prospective_dinov2_coreset	7	P2_WEEDSGALORE_TRUTH_FREE_PROPOSAL_GRID_20260810_V3_T070_A032:123:0104
prospective_dinov2_coreset	7	P2_WEEDSGALORE_TRUTH_FREE_PROPOSAL_GRID_20260810_V3_T070_A032:127:0007
prospective_dinov2_coreset	7	P2_WEEDSGALORE_TRUTH_FREE_PROPOSAL_GRID_20260810_V3_T070_A032:127:0049
prospective_dinov2_coreset	7	P2_WEEDSGALORE_TRUTH_FREE_PROPOSAL_GRID_20260810_V3_T070_A032:127:0067
prospective_dinov2_coreset	7	P2_WEEDSGALORE_TRUTH_FREE_PROPOSAL_GRID_20260810_V3_T070_A032:128:0017
prospective_dinov2_coreset	7	P2_WEEDSGALORE_TRUTH_FREE_PROPOSAL_GRID_20260810_V3_T070_A032:128:0044
prospective_dinov2_coreset	7	P2_WEEDSGALORE_TRUTH_FREE_PROPOSAL_GRID_20260810_V3_T070_A032:130:0012
prospective_dinov2_coreset	7	P2_WEEDSGALORE_TRUTH_FREE_PROPOSAL_GRID_20260810_V3_T070_A032:130:0049
prospective_dinov2_coreset	7	P2_WEEDSGALORE_TRUTH_FREE_PROPOSAL_GRID_20260810_V3_T070_A032:130:0051
prospective_dinov2_coreset	7	P2_WEEDSGALORE_TRUTH_FREE_PROPOSAL_GRID_20260810_V3_T070_A032:131:0025
prospective_dinov2_coreset	7	P2_WEEDSGALORE_TRUTH_FREE_PROPOSAL_GRID_20260810_V3_T070_A032:133:0053
prospective_dinov2_coreset	7	P2_WEEDSGALORE_TRUTH_FREE_PROPOSAL_GRID_20260810_V3_T070_A032:134:0003
prospective_dinov2_coreset	7	P2_WEEDSGALORE_TRUTH_FREE_PROPOSAL_GRID_20260810_V3_T070_A032:134:0051
prospective_dinov2_coreset	7	P2_WEEDSGALORE_TRUTH_FREE_PROPOSAL_GRID_20260810_V3_T070_A032:134:0062
prospective_dinov2_coreset	7	P2_WEEDSGALORE_TRUTH_FREE_PROPOSAL_GRID_20260810_V3_T070_A032:134:0065
prospective_dinov2_coreset	7	P2_WEEDSGALORE_TRUTH_FREE_PROPOSAL_GRID_20260810_V3_T070_A032:134:0075
prospective_dinov2_coreset	7	P2_WEEDSGALORE_TRUTH_FREE_PROPOSAL_GRID_20260810_V3_T070_A032:136:0025
prospective_dinov2_coreset	7	P2_WEEDSGALORE_TRUTH_FREE_PROPOSAL_GRID_20260810_V3_T070_A032:136:0034
prospective_dinov2_coreset	7	P2_WEEDSGALORE_TRUTH_FREE_PROPOSAL_GRID_20260810_V3_T070_A032:139:0002
prospective_dinov2_coreset	7	P2_WEEDSGALORE_TRUTH_FREE_PROPOSAL_GRID_20260810_V3_T070_A032:139:0025
prospective_dinov2_coreset	7	P2_WEEDSGALORE_TRUTH_FREE_PROPOSAL_GRID_20260810_V3_T070_A032:139:0055
prospective_dinov2_coreset	7	P2_WEEDSGALORE_TRUTH_FREE_PROPOSAL_GRID_20260810_V3_T070_A032:139:0071
prospective_dinov2_coreset	7	P2_WEEDSGALORE_TRUTH_FREE_PROPOSAL_GRID_20260810_V3_T070_A032:139:0090
prospective_dinov2_coreset	7	P2_WEEDSGALORE_TRUTH_FREE_PROPOSAL_GRID_20260810_V3_T070_A032:142:0021
prospective_dinov2_coreset	7	P2_WEEDSGALORE_TRUTH_FREE_PROPOSAL_GRID_20260810_V3_T070_A032:142:0040
prospective_dinov2_coreset	7	P2_WEEDSGALORE_TRUTH_FREE_PROPOSAL_GRID_20260810_V3_T070_A032:142:0041
prospective_dinov2_coreset	7	P2_WEEDSGALORE_TRUTH_FREE_PROPOSAL_GRID_20260810_V3_T070_A032:142:0064
prospective_dinov2_coreset	7	P2_WEEDSGALORE_TRUTH_FREE_PROPOSAL_GRID_20260810_V3_T070_A032:143:0022
prospective_dinov2_coreset	7	P2_WEEDSGALORE_TRUTH_FREE_PROPOSAL_GRID_20260810_V3_T070_A032:143:0033
prospective_dinov2_coreset	7	P2_WEEDSGALORE_TRUTH_FREE_PROPOSAL_GRID_20260810_V3_T070_A032:143:0036
prospective_dinov2_coreset	7	P2_WEEDSGALORE_TRUTH_FREE_PROPOSAL_GRID_20260810_V3_T070_A032:143:0059
prospective_dinov2_coreset	7	P2_WEEDSGALORE_TRUTH_FREE_PROPOSAL_GRID_20260810_V3_T070_A032:143:0068
prospective_dinov2_coreset	7	P2_WEEDSGALORE_TRUTH_FREE_PROPOSAL_GRID_20260810_V3_T070_A032:143:0082
prospective_dinov2_coreset	7	P2_WEEDSGALORE_TRUTH_FREE_PROPOSAL_GRID_20260810_V3_T070_A032:144:0026
prospective_dinov2_coreset	7	P2_WEEDSGALORE_TRUTH_FREE_PROPOSAL_GRID_20260810_V3_T070_A032:146:0005
prospective_dinov2_coreset	7	P2_WEEDSGALORE_TRUTH_FREE_PROPOSAL_GRID_20260810_V3_T070_A032:150:0012
prospective_dinov2_coreset	7	P2_WEEDSGALORE_TRUTH_FREE_PROPOSAL_GRID_20260810_V3_T070_A032:150:0022
prospective_dinov2_coreset	7	P2_WEEDSGALORE_TRUTH_FREE_PROPOSAL_GRID_20260810_V3_T070_A032:150:0035
prospective_dinov2_coreset	7	P2_WEEDSGALORE_TRUTH_FREE_PROPOSAL_GRID_20260810_V3_T070_A032:150:0037
prospective_dinov2_coreset	7	P2_WEEDSGALORE_TRUTH_FREE_PROPOSAL_GRID_20260810_V3_T070_A032:151:0038
prospective_dinov2_coreset	7	P2_WEEDSGALORE_TRUTH_FREE_PROPOSAL_GRID_20260810_V3_T070_A032:153:0083
prospective_dinov2_coreset	7	P2_WEEDSGALORE_TRUTH_FREE_PROPOSAL_GRID_20260810_V3_T070_A032:155:0008
prospective_dinov2_coreset	7	P2_WEEDSGALORE_TRUTH_FREE_PROPOSAL_GRID_20260810_V3_T070_A032:155:0020
prospective_dinov2_coreset	7	P2_WEEDSGALORE_TRUTH_FREE_PROPOSAL_GRID_20260810_V3_T070_A032:155:0087
prospective_dinov2_coreset	7	P2_WEEDSGALORE_TRUTH_FREE_PROPOSAL_GRID_20260810_V3_T070_A032:155:0088
prospective_dinov2_coreset	7	P2_WEEDSGALORE_TRUTH_FREE_PROPOSAL_GRID_20260810_V3_T070_A032:156:0033
prospective_dinov2_coreset	7	P2_WEEDSGALORE_TRUTH_FREE_PROPOSAL_GRID_20260810_V3_T070_A032:156:0049
retrospective_class_stratified	7	P2_WEEDSGALORE_TRUTH_FREE_PROPOSAL_GRID_20260810_V3_T070_A032:003:0003
retrospective_class_stratified	7	P2_WEEDSGALORE_TRUTH_FREE_PROPOSAL_GRID_20260810_V3_T070_A032:004:0009
retrospective_class_stratified	7	P2_WEEDSGALORE_TRUTH_FREE_PROPOSAL_GRID_20260810_V3_T070_A032:004:0020
retrospective_class_stratified	7	P2_WEEDSGALORE_TRUTH_FREE_PROPOSAL_GRID_20260810_V3_T070_A032:004:0051
retrospective_class_stratified	7	P2_WEEDSGALORE_TRUTH_FREE_PROPOSAL_GRID_20260810_V3_T070_A032:006:0035
retrospective_class_stratified	7	P2_WEEDSGALORE_TRUTH_FREE_PROPOSAL_GRID_20260810_V3_T070_A032:006:0044
retrospective_class_stratified	7	P2_WEEDSGALORE_TRUTH_FREE_PROPOSAL_GRID_20260810_V3_T070_A032:006:0062
retrospective_class_stratified	7	P2_WEEDSGALORE_TRUTH_FREE_PROPOSAL_GRID_20260810_V3_T070_A032:006:0081
retrospective_class_stratified	7	P2_WEEDSGALORE_TRUTH_FREE_PROPOSAL_GRID_20260810_V3_T070_A032:006:0117
retrospective_class_stratified	7	P2_WEEDSGALORE_TRUTH_FREE_PROPOSAL_GRID_20260810_V3_T070_A032:006:0180
retrospective_class_stratified	7	P2_WEEDSGALORE_TRUTH_FREE_PROPOSAL_GRID_20260810_V3_T070_A032:006:0187
retrospective_class_stratified	7	P2_WEEDSGALORE_TRUTH_FREE_PROPOSAL_GRID_20260810_V3_T070_A032:006:0261
retrospective_class_stratified	7	P2_WEEDSGALORE_TRUTH_FREE_PROPOSAL_GRID_20260810_V3_T070_A032:009:0037
retrospective_class_stratified	7	P2_WEEDSGALORE_TRUTH_FREE_PROPOSAL_GRID_20260810_V3_T070_A032:010:0044
retrospective_class_stratified	7	P2_WEEDSGALORE_TRUTH_FREE_PROPOSAL_GRID_20260810_V3_T070_A032:010:0112
retrospective_class_stratified	7	P2_WEEDSGALORE_TRUTH_FREE_PROPOSAL_GRID_20260810_V3_T070_A032:010:0139
retrospective_class_stratified	7	P2_WEEDSGALORE_TRUTH_FREE_PROPOSAL_GRID_20260810_V3_T070_A032:010:0150
retrospective_class_stratified	7	P2_WEEDSGALORE_TRUTH_FREE_PROPOSAL_GRID_20260810_V3_T070_A032:010:0164
retrospective_class_stratified	7	P2_WEEDSGALORE_TRUTH_FREE_PROPOSAL_GRID_20260810_V3_T070_A032:010:0187
retrospective_class_stratified	7	P2_WEEDSGALORE_TRUTH_FREE_PROPOSAL_GRID_20260810_V3_T070_A032:011:0054
retrospective_class_stratified	7	P2_WEEDSGALORE_TRUTH_FREE_PROPOSAL_GRID_20260810_V3_T070_A032:011:0056
retrospective_class_stratified	7	P2_WEEDSGALORE_TRUTH_FREE_PROPOSAL_GRID_20260810_V3_T070_A032:012:0008
retrospective_class_stratified	7	P2_WEEDSGALORE_TRUTH_FREE_PROPOSAL_GRID_20260810_V3_T070_A032:012:0010
retrospective_class_stratified	7	P2_WEEDSGALORE_TRUTH_FREE_PROPOSAL_GRID_20260810_V3_T070_A032:012:0020
retrospective_class_stratified	7	P2_WEEDSGALORE_TRUTH_FREE_PROPOSAL_GRID_20260810_V3_T070_A032:012:0021
retrospective_class_stratified	7	P2_WEEDSGALORE_TRUTH_FREE_PROPOSAL_GRID_20260810_V3_T070_A032:012:0028
retrospective_class_stratified	7	P2_WEEDSGALORE_TRUTH_FREE_PROPOSAL_GRID_20260810_V3_T070_A032:012:0089
retrospective_class_stratified	7	P2_WEEDSGALORE_TRUTH_FREE_PROPOSAL_GRID_20260810_V3_T070_A032:014:0016
retrospective_class_stratified	7	P2_WEEDSGALORE_TRUTH_FREE_PROPOSAL_GRID_20260810_V3_T070_A032:018:0074
retrospective_class_stratified	7	P2_WEEDSGALORE_TRUTH_FREE_PROPOSAL_GRID_20260810_V3_T070_A032:018:0116
retrospective_class_stratified	7	P2_WEEDSGALORE_TRUTH_FREE_PROPOSAL_GRID_20260810_V3_T070_A032:019:0035
retrospective_class_stratified	7	P2_WEEDSGALORE_TRUTH_FREE_PROPOSAL_GRID_20260810_V3_T070_A032:020:0013
retrospective_class_stratified	7	P2_WEEDSGALORE_TRUTH_FREE_PROPOSAL_GRID_20260810_V3_T070_A032:020:0017
retrospective_class_stratified	7	P2_WEEDSGALORE_TRUTH_FREE_PROPOSAL_GRID_20260810_V3_T070_A032:023:0005
retrospective_class_stratified	7	P2_WEEDSGALORE_TRUTH_FREE_PROPOSAL_GRID_20260810_V3_T070_A032:023:0032
retrospective_class_stratified	7	P2_WEEDSGALORE_TRUTH_FREE_PROPOSAL_GRID_20260810_V3_T070_A032:024:0001
retrospective_class_stratified	7	P2_WEEDSGALORE_TRUTH_FREE_PROPOSAL_GRID_20260810_V3_T070_A032:024:0008
retrospective_class_stratified	7	P2_WEEDSGALORE_TRUTH_FREE_PROPOSAL_GRID_20260810_V3_T070_A032:024:0017
retrospective_class_stratified	7	P2_WEEDSGALORE_TRUTH_FREE_PROPOSAL_GRID_20260810_V3_T070_A032:024:0037
retrospective_class_stratified	7	P2_WEEDSGALORE_TRUTH_FREE_PROPOSAL_GRID_20260810_V3_T070_A032:025:0016
retrospective_class_stratified	7	P2_WEEDSGALORE_TRUTH_FREE_PROPOSAL_GRID_20260810_V3_T070_A032:025:0034
retrospective_class_stratified	7	P2_WEEDSGALORE_TRUTH_FREE_PROPOSAL_GRID_20260810_V3_T070_A032:030:0007
retrospective_class_stratified	7	P2_WEEDSGALORE_TRUTH_FREE_PROPOSAL_GRID_20260810_V3_T070_A032:030:0022
retrospective_class_stratified	7	P2_WEEDSGALORE_TRUTH_FREE_PROPOSAL_GRID_20260810_V3_T070_A032:030:0046
retrospective_class_stratified	7	P2_WEEDSGALORE_TRUTH_FREE_PROPOSAL_GRID_20260810_V3_T070_A032:030:0057
retrospective_class_stratified	7	P2_WEEDSGALORE_TRUTH_FREE_PROPOSAL_GRID_20260810_V3_T070_A032:030:0061
retrospective_class_stratified	7	P2_WEEDSGALORE_TRUTH_FREE_PROPOSAL_GRID_20260810_V3_T070_A032:030:0065
retrospective_class_stratified	7	P2_WEEDSGALORE_TRUTH_FREE_PROPOSAL_GRID_20260810_V3_T070_A032:030:0070
retrospective_class_stratified	7	P2_WEEDSGALORE_TRUTH_FREE_PROPOSAL_GRID_20260810_V3_T070_A032:032:0053
retrospective_class_stratified	7	P2_WEEDSGALORE_TRUTH_FREE_PROPOSAL_GRID_20260810_V3_T070_A032:034:0111
retrospective_class_stratified	7	P2_WEEDSGALORE_TRUTH_FREE_PROPOSAL_GRID_20260810_V3_T070_A032:035:0005
retrospective_class_stratified	7	P2_WEEDSGALORE_TRUTH_FREE_PROPOSAL_GRID_20260810_V3_T070_A032:035:0006
retrospective_class_stratified	7	P2_WEEDSGALORE_TRUTH_FREE_PROPOSAL_GRID_20260810_V3_T070_A032:035:0025
retrospective_class_stratified	7	P2_WEEDSGALORE_TRUTH_FREE_PROPOSAL_GRID_20260810_V3_T070_A032:038:0004
retrospective_class_stratified	7	P2_WEEDSGALORE_TRUTH_FREE_PROPOSAL_GRID_20260810_V3_T070_A032:038:0012
retrospective_class_stratified	7	P2_WEEDSGALORE_TRUTH_FREE_PROPOSAL_GRID_20260810_V3_T070_A032:038:0039
retrospective_class_stratified	7	P2_WEEDSGALORE_TRUTH_FREE_PROPOSAL_GRID_20260810_V3_T070_A032:039:0037
retrospective_class_stratified	7	P2_WEEDSGALORE_TRUTH_FREE_PROPOSAL_GRID_20260810_V3_T070_A032:039:0064
retrospective_class_stratified	7	P2_WEEDSGALORE_TRUTH_FREE_PROPOSAL_GRID_20260810_V3_T070_A032:039:0066
retrospective_class_stratified	7	P2_WEEDSGALORE_TRUTH_FREE_PROPOSAL_GRID_20260810_V3_T070_A032:039:0080
retrospective_class_stratified	7	P2_WEEDSGALORE_TRUTH_FREE_PROPOSAL_GRID_20260810_V3_T070_A032:040:0028
retrospective_class_stratified	7	P2_WEEDSGALORE_TRUTH_FREE_PROPOSAL_GRID_20260810_V3_T070_A032:043:0014
retrospective_class_stratified	7	P2_WEEDSGALORE_TRUTH_FREE_PROPOSAL_GRID_20260810_V3_T070_A032:048:0029
retrospective_class_stratified	7	P2_WEEDSGALORE_TRUTH_FREE_PROPOSAL_GRID_20260810_V3_T070_A032:052:0006
retrospective_class_stratified	7	P2_WEEDSGALORE_TRUTH_FREE_PROPOSAL_GRID_20260810_V3_T070_A032:052:0102
retrospective_class_stratified	7	P2_WEEDSGALORE_TRUTH_FREE_PROPOSAL_GRID_20260810_V3_T070_A032:052:0125
retrospective_class_stratified	7	P2_WEEDSGALORE_TRUTH_FREE_PROPOSAL_GRID_20260810_V3_T070_A032:052:0187
retrospective_class_stratified	7	P2_WEEDSGALORE_TRUTH_FREE_PROPOSAL_GRID_20260810_V3_T070_A032:053:0070
retrospective_class_stratified	7	P2_WEEDSGALORE_TRUTH_FREE_PROPOSAL_GRID_20260810_V3_T070_A032:053:0074
retrospective_class_stratified	7	P2_WEEDSGALORE_TRUTH_FREE_PROPOSAL_GRID_20260810_V3_T070_A032:053:0077
retrospective_class_stratified	7	P2_WEEDSGALORE_TRUTH_FREE_PROPOSAL_GRID_20260810_V3_T070_A032:053:0103
retrospective_class_stratified	7	P2_WEEDSGALORE_TRUTH_FREE_PROPOSAL_GRID_20260810_V3_T070_A032:053:0137
retrospective_class_stratified	7	P2_WEEDSGALORE_TRUTH_FREE_PROPOSAL_GRID_20260810_V3_T070_A032:054:0157
retrospective_class_stratified	7	P2_WEEDSGALORE_TRUTH_FREE_PROPOSAL_GRID_20260810_V3_T070_A032:057:0016
retrospective_class_stratified	7	P2_WEEDSGALORE_TRUTH_FREE_PROPOSAL_GRID_20260810_V3_T070_A032:057:0032
retrospective_class_stratified	7	P2_WEEDSGALORE_TRUTH_FREE_PROPOSAL_GRID_20260810_V3_T070_A032:058:0021
retrospective_class_stratified	7	P2_WEEDSGALORE_TRUTH_FREE_PROPOSAL_GRID_20260810_V3_T070_A032:058:0076
retrospective_class_stratified	7	P2_WEEDSGALORE_TRUTH_FREE_PROPOSAL_GRID_20260810_V3_T070_A032:058:0088
retrospective_class_stratified	7	P2_WEEDSGALORE_TRUTH_FREE_PROPOSAL_GRID_20260810_V3_T070_A032:058:0129
retrospective_class_stratified	7	P2_WEEDSGALORE_TRUTH_FREE_PROPOSAL_GRID_20260810_V3_T070_A032:059:0013
retrospective_class_stratified	7	P2_WEEDSGALORE_TRUTH_FREE_PROPOSAL_GRID_20260810_V3_T070_A032:059:0014
retrospective_class_stratified	7	P2_WEEDSGALORE_TRUTH_FREE_PROPOSAL_GRID_20260810_V3_T070_A032:059:0018
retrospective_class_stratified	7	P2_WEEDSGALORE_TRUTH_FREE_PROPOSAL_GRID_20260810_V3_T070_A032:059:0043
retrospective_class_stratified	7	P2_WEEDSGALORE_TRUTH_FREE_PROPOSAL_GRID_20260810_V3_T070_A032:060:0011
retrospective_class_stratified	7	P2_WEEDSGALORE_TRUTH_FREE_PROPOSAL_GRID_20260810_V3_T070_A032:060:0114
retrospective_class_stratified	7	P2_WEEDSGALORE_TRUTH_FREE_PROPOSAL_GRID_20260810_V3_T070_A032:061:0019
retrospective_class_stratified	7	P2_WEEDSGALORE_TRUTH_FREE_PROPOSAL_GRID_20260810_V3_T070_A032:062:0065
retrospective_class_stratified	7	P2_WEEDSGALORE_TRUTH_FREE_PROPOSAL_GRID_20260810_V3_T070_A032:062:0074
retrospective_class_stratified	7	P2_WEEDSGALORE_TRUTH_FREE_PROPOSAL_GRID_20260810_V3_T070_A032:063:0008
retrospective_class_stratified	7	P2_WEEDSGALORE_TRUTH_FREE_PROPOSAL_GRID_20260810_V3_T070_A032:063:0009
retrospective_class_stratified	7	P2_WEEDSGALORE_TRUTH_FREE_PROPOSAL_GRID_20260810_V3_T070_A032:063:0062
retrospective_class_stratified	7	P2_WEEDSGALORE_TRUTH_FREE_PROPOSAL_GRID_20260810_V3_T070_A032:064:0006
retrospective_class_stratified	7	P2_WEEDSGALORE_TRUTH_FREE_PROPOSAL_GRID_20260810_V3_T070_A032:064:0044
retrospective_class_stratified	7	P2_WEEDSGALORE_TRUTH_FREE_PROPOSAL_GRID_20260810_V3_T070_A032:064:0088
retrospective_class_stratified	7	P2_WEEDSGALORE_TRUTH_FREE_PROPOSAL_GRID_20260810_V3_T070_A032:067:0007
retrospective_class_stratified	7	P2_WEEDSGALORE_TRUTH_FREE_PROPOSAL_GRID_20260810_V3_T070_A032:067:0174
retrospective_class_stratified	7	P2_WEEDSGALORE_TRUTH_FREE_PROPOSAL_GRID_20260810_V3_T070_A032:067:0179
retrospective_class_stratified	7	P2_WEEDSGALORE_TRUTH_FREE_PROPOSAL_GRID_20260810_V3_T070_A032:070:0092
retrospective_class_stratified	7	P2_WEEDSGALORE_TRUTH_FREE_PROPOSAL_GRID_20260810_V3_T070_A032:070:0125
retrospective_class_stratified	7	P2_WEEDSGALORE_TRUTH_FREE_PROPOSAL_GRID_20260810_V3_T070_A032:070:0133
retrospective_class_stratified	7	P2_WEEDSGALORE_TRUTH_FREE_PROPOSAL_GRID_20260810_V3_T070_A032:070:0202
retrospective_class_stratified	7	P2_WEEDSGALORE_TRUTH_FREE_PROPOSAL_GRID_20260810_V3_T070_A032:071:0023
retrospective_class_stratified	7	P2_WEEDSGALORE_TRUTH_FREE_PROPOSAL_GRID_20260810_V3_T070_A032:071:0080
retrospective_class_stratified	7	P2_WEEDSGALORE_TRUTH_FREE_PROPOSAL_GRID_20260810_V3_T070_A032:071:0133
retrospective_class_stratified	7	P2_WEEDSGALORE_TRUTH_FREE_PROPOSAL_GRID_20260810_V3_T070_A032:071:0140
retrospective_class_stratified	7	P2_WEEDSGALORE_TRUTH_FREE_PROPOSAL_GRID_20260810_V3_T070_A032:072:0017
retrospective_class_stratified	7	P2_WEEDSGALORE_TRUTH_FREE_PROPOSAL_GRID_20260810_V3_T070_A032:072:0035
retrospective_class_stratified	7	P2_WEEDSGALORE_TRUTH_FREE_PROPOSAL_GRID_20260810_V3_T070_A032:072:0048
retrospective_class_stratified	7	P2_WEEDSGALORE_TRUTH_FREE_PROPOSAL_GRID_20260810_V3_T070_A032:072:0085
retrospective_class_stratified	7	P2_WEEDSGALORE_TRUTH_FREE_PROPOSAL_GRID_20260810_V3_T070_A032:073:0040
retrospective_class_stratified	7	P2_WEEDSGALORE_TRUTH_FREE_PROPOSAL_GRID_20260810_V3_T070_A032:073:0076
retrospective_class_stratified	7	P2_WEEDSGALORE_TRUTH_FREE_PROPOSAL_GRID_20260810_V3_T070_A032:073:0084
retrospective_class_stratified	7	P2_WEEDSGALORE_TRUTH_FREE_PROPOSAL_GRID_20260810_V3_T070_A032:073:0096
retrospective_class_stratified	7	P2_WEEDSGALORE_TRUTH_FREE_PROPOSAL_GRID_20260810_V3_T070_A032:073:0109
retrospective_class_stratified	7	P2_WEEDSGALORE_TRUTH_FREE_PROPOSAL_GRID_20260810_V3_T070_A032:074:0040
retrospective_class_stratified	7	P2_WEEDSGALORE_TRUTH_FREE_PROPOSAL_GRID_20260810_V3_T070_A032:074:0162
retrospective_class_stratified	7	P2_WEEDSGALORE_TRUTH_FREE_PROPOSAL_GRID_20260810_V3_T070_A032:077:0003
retrospective_class_stratified	7	P2_WEEDSGALORE_TRUTH_FREE_PROPOSAL_GRID_20260810_V3_T070_A032:077:0004
retrospective_class_stratified	7	P2_WEEDSGALORE_TRUTH_FREE_PROPOSAL_GRID_20260810_V3_T070_A032:077:0059
retrospective_class_stratified	7	P2_WEEDSGALORE_TRUTH_FREE_PROPOSAL_GRID_20260810_V3_T070_A032:077:0179
retrospective_class_stratified	7	P2_WEEDSGALORE_TRUTH_FREE_PROPOSAL_GRID_20260810_V3_T070_A032:078:0073
retrospective_class_stratified	7	P2_WEEDSGALORE_TRUTH_FREE_PROPOSAL_GRID_20260810_V3_T070_A032:078:0079
retrospective_class_stratified	7	P2_WEEDSGALORE_TRUTH_FREE_PROPOSAL_GRID_20260810_V3_T070_A032:078:0119
retrospective_class_stratified	7	P2_WEEDSGALORE_TRUTH_FREE_PROPOSAL_GRID_20260810_V3_T070_A032:078:0137
retrospective_class_stratified	7	P2_WEEDSGALORE_TRUTH_FREE_PROPOSAL_GRID_20260810_V3_T070_A032:080:0038
retrospective_class_stratified	7	P2_WEEDSGALORE_TRUTH_FREE_PROPOSAL_GRID_20260810_V3_T070_A032:080:0059
retrospective_class_stratified	7	P2_WEEDSGALORE_TRUTH_FREE_PROPOSAL_GRID_20260810_V3_T070_A032:080:0073
retrospective_class_stratified	7	P2_WEEDSGALORE_TRUTH_FREE_PROPOSAL_GRID_20260810_V3_T070_A032:080:0086
retrospective_class_stratified	7	P2_WEEDSGALORE_TRUTH_FREE_PROPOSAL_GRID_20260810_V3_T070_A032:080:0096
retrospective_class_stratified	7	P2_WEEDSGALORE_TRUTH_FREE_PROPOSAL_GRID_20260810_V3_T070_A032:081:0011
retrospective_class_stratified	7	P2_WEEDSGALORE_TRUTH_FREE_PROPOSAL_GRID_20260810_V3_T070_A032:081:0044
retrospective_class_stratified	7	P2_WEEDSGALORE_TRUTH_FREE_PROPOSAL_GRID_20260810_V3_T070_A032:083:0001
retrospective_class_stratified	7	P2_WEEDSGALORE_TRUTH_FREE_PROPOSAL_GRID_20260810_V3_T070_A032:083:0006
retrospective_class_stratified	7	P2_WEEDSGALORE_TRUTH_FREE_PROPOSAL_GRID_20260810_V3_T070_A032:083:0050
retrospective_class_stratified	7	P2_WEEDSGALORE_TRUTH_FREE_PROPOSAL_GRID_20260810_V3_T070_A032:083:0102
retrospective_class_stratified	7	P2_WEEDSGALORE_TRUTH_FREE_PROPOSAL_GRID_20260810_V3_T070_A032:084:0002
retrospective_class_stratified	7	P2_WEEDSGALORE_TRUTH_FREE_PROPOSAL_GRID_20260810_V3_T070_A032:084:0033
retrospective_class_stratified	7	P2_WEEDSGALORE_TRUTH_FREE_PROPOSAL_GRID_20260810_V3_T070_A032:084:0048
retrospective_class_stratified	7	P2_WEEDSGALORE_TRUTH_FREE_PROPOSAL_GRID_20260810_V3_T070_A032:084:0054
retrospective_class_stratified	7	P2_WEEDSGALORE_TRUTH_FREE_PROPOSAL_GRID_20260810_V3_T070_A032:084:0056
retrospective_class_stratified	7	P2_WEEDSGALORE_TRUTH_FREE_PROPOSAL_GRID_20260810_V3_T070_A032:085:0018
retrospective_class_stratified	7	P2_WEEDSGALORE_TRUTH_FREE_PROPOSAL_GRID_20260810_V3_T070_A032:086:0001
retrospective_class_stratified	7	P2_WEEDSGALORE_TRUTH_FREE_PROPOSAL_GRID_20260810_V3_T070_A032:086:0006
retrospective_class_stratified	7	P2_WEEDSGALORE_TRUTH_FREE_PROPOSAL_GRID_20260810_V3_T070_A032:089:0015
retrospective_class_stratified	7	P2_WEEDSGALORE_TRUTH_FREE_PROPOSAL_GRID_20260810_V3_T070_A032:089:0071
retrospective_class_stratified	7	P2_WEEDSGALORE_TRUTH_FREE_PROPOSAL_GRID_20260810_V3_T070_A032:090:0014
retrospective_class_stratified	7	P2_WEEDSGALORE_TRUTH_FREE_PROPOSAL_GRID_20260810_V3_T070_A032:090:0019
retrospective_class_stratified	7	P2_WEEDSGALORE_TRUTH_FREE_PROPOSAL_GRID_20260810_V3_T070_A032:090:0026
retrospective_class_stratified	7	P2_WEEDSGALORE_TRUTH_FREE_PROPOSAL_GRID_20260810_V3_T070_A032:090:0056
retrospective_class_stratified	7	P2_WEEDSGALORE_TRUTH_FREE_PROPOSAL_GRID_20260810_V3_T070_A032:091:0008
retrospective_class_stratified	7	P2_WEEDSGALORE_TRUTH_FREE_PROPOSAL_GRID_20260810_V3_T070_A032:091:0024
retrospective_class_stratified	7	P2_WEEDSGALORE_TRUTH_FREE_PROPOSAL_GRID_20260810_V3_T070_A032:091:0030
retrospective_class_stratified	7	P2_WEEDSGALORE_TRUTH_FREE_PROPOSAL_GRID_20260810_V3_T070_A032:091:0049
retrospective_class_stratified	7	P2_WEEDSGALORE_TRUTH_FREE_PROPOSAL_GRID_20260810_V3_T070_A032:093:0024
retrospective_class_stratified	7	P2_WEEDSGALORE_TRUTH_FREE_PROPOSAL_GRID_20260810_V3_T070_A032:094:0021
retrospective_class_stratified	7	P2_WEEDSGALORE_TRUTH_FREE_PROPOSAL_GRID_20260810_V3_T070_A032:094:0033
retrospective_class_stratified	7	P2_WEEDSGALORE_TRUTH_FREE_PROPOSAL_GRID_20260810_V3_T070_A032:094:0047
retrospective_class_stratified	7	P2_WEEDSGALORE_TRUTH_FREE_PROPOSAL_GRID_20260810_V3_T070_A032:097:0003
retrospective_class_stratified	7	P2_WEEDSGALORE_TRUTH_FREE_PROPOSAL_GRID_20260810_V3_T070_A032:097:0014
retrospective_class_stratified	7	P2_WEEDSGALORE_TRUTH_FREE_PROPOSAL_GRID_20260810_V3_T070_A032:097:0020
retrospective_class_stratified	7	P2_WEEDSGALORE_TRUTH_FREE_PROPOSAL_GRID_20260810_V3_T070_A032:101:0001
retrospective_class_stratified	7	P2_WEEDSGALORE_TRUTH_FREE_PROPOSAL_GRID_20260810_V3_T070_A032:101:0061
retrospective_class_stratified	7	P2_WEEDSGALORE_TRUTH_FREE_PROPOSAL_GRID_20260810_V3_T070_A032:101:0062
retrospective_class_stratified	7	P2_WEEDSGALORE_TRUTH_FREE_PROPOSAL_GRID_20260810_V3_T070_A032:101:0065
retrospective_class_stratified	7	P2_WEEDSGALORE_TRUTH_FREE_PROPOSAL_GRID_20260810_V3_T070_A032:101:0072
retrospective_class_stratified	7	P2_WEEDSGALORE_TRUTH_FREE_PROPOSAL_GRID_20260810_V3_T070_A032:102:0002
retrospective_class_stratified	7	P2_WEEDSGALORE_TRUTH_FREE_PROPOSAL_GRID_20260810_V3_T070_A032:102:0037
retrospective_class_stratified	7	P2_WEEDSGALORE_TRUTH_FREE_PROPOSAL_GRID_20260810_V3_T070_A032:103:0033
retrospective_class_stratified	7	P2_WEEDSGALORE_TRUTH_FREE_PROPOSAL_GRID_20260810_V3_T070_A032:104:0037
retrospective_class_stratified	7	P2_WEEDSGALORE_TRUTH_FREE_PROPOSAL_GRID_20260810_V3_T070_A032:104:0042
retrospective_class_stratified	7	P2_WEEDSGALORE_TRUTH_FREE_PROPOSAL_GRID_20260810_V3_T070_A032:106:0017
retrospective_class_stratified	7	P2_WEEDSGALORE_TRUTH_FREE_PROPOSAL_GRID_20260810_V3_T070_A032:106:0018
retrospective_class_stratified	7	P2_WEEDSGALORE_TRUTH_FREE_PROPOSAL_GRID_20260810_V3_T070_A032:106:0028
retrospective_class_stratified	7	P2_WEEDSGALORE_TRUTH_FREE_PROPOSAL_GRID_20260810_V3_T070_A032:106:0034
retrospective_class_stratified	7	P2_WEEDSGALORE_TRUTH_FREE_PROPOSAL_GRID_20260810_V3_T070_A032:107:0007
retrospective_class_stratified	7	P2_WEEDSGALORE_TRUTH_FREE_PROPOSAL_GRID_20260810_V3_T070_A032:107:0035
retrospective_class_stratified	7	P2_WEEDSGALORE_TRUTH_FREE_PROPOSAL_GRID_20260810_V3_T070_A032:108:0045
retrospective_class_stratified	7	P2_WEEDSGALORE_TRUTH_FREE_PROPOSAL_GRID_20260810_V3_T070_A032:108:0080
retrospective_class_stratified	7	P2_WEEDSGALORE_TRUTH_FREE_PROPOSAL_GRID_20260810_V3_T070_A032:109:0037
retrospective_class_stratified	7	P2_WEEDSGALORE_TRUTH_FREE_PROPOSAL_GRID_20260810_V3_T070_A032:109:0042
retrospective_class_stratified	7	P2_WEEDSGALORE_TRUTH_FREE_PROPOSAL_GRID_20260810_V3_T070_A032:110:0011
retrospective_class_stratified	7	P2_WEEDSGALORE_TRUTH_FREE_PROPOSAL_GRID_20260810_V3_T070_A032:110:0032
retrospective_class_stratified	7	P2_WEEDSGALORE_TRUTH_FREE_PROPOSAL_GRID_20260810_V3_T070_A032:110:0042
retrospective_class_stratified	7	P2_WEEDSGALORE_TRUTH_FREE_PROPOSAL_GRID_20260810_V3_T070_A032:110:0058
retrospective_class_stratified	7	P2_WEEDSGALORE_TRUTH_FREE_PROPOSAL_GRID_20260810_V3_T070_A032:110:0059
retrospective_class_stratified	7	P2_WEEDSGALORE_TRUTH_FREE_PROPOSAL_GRID_20260810_V3_T070_A032:110:0068
retrospective_class_stratified	7	P2_WEEDSGALORE_TRUTH_FREE_PROPOSAL_GRID_20260810_V3_T070_A032:110:0076
retrospective_class_stratified	7	P2_WEEDSGALORE_TRUTH_FREE_PROPOSAL_GRID_20260810_V3_T070_A032:110:0078
retrospective_class_stratified	7	P2_WEEDSGALORE_TRUTH_FREE_PROPOSAL_GRID_20260810_V3_T070_A032:111:0056
retrospective_class_stratified	7	P2_WEEDSGALORE_TRUTH_FREE_PROPOSAL_GRID_20260810_V3_T070_A032:114:0030
retrospective_class_stratified	7	P2_WEEDSGALORE_TRUTH_FREE_PROPOSAL_GRID_20260810_V3_T070_A032:115:0044
retrospective_class_stratified	7	P2_WEEDSGALORE_TRUTH_FREE_PROPOSAL_GRID_20260810_V3_T070_A032:115:0054
retrospective_class_stratified	7	P2_WEEDSGALORE_TRUTH_FREE_PROPOSAL_GRID_20260810_V3_T070_A032:116:0001
retrospective_class_stratified	7	P2_WEEDSGALORE_TRUTH_FREE_PROPOSAL_GRID_20260810_V3_T070_A032:116:0008
retrospective_class_stratified	7	P2_WEEDSGALORE_TRUTH_FREE_PROPOSAL_GRID_20260810_V3_T070_A032:116:0038
retrospective_class_stratified	7	P2_WEEDSGALORE_TRUTH_FREE_PROPOSAL_GRID_20260810_V3_T070_A032:116:0043
retrospective_class_stratified	7	P2_WEEDSGALORE_TRUTH_FREE_PROPOSAL_GRID_20260810_V3_T070_A032:116:0060
retrospective_class_stratified	7	P2_WEEDSGALORE_TRUTH_FREE_PROPOSAL_GRID_20260810_V3_T070_A032:116:0062
retrospective_class_stratified	7	P2_WEEDSGALORE_TRUTH_FREE_PROPOSAL_GRID_20260810_V3_T070_A032:116:0071
retrospective_class_stratified	7	P2_WEEDSGALORE_TRUTH_FREE_PROPOSAL_GRID_20260810_V3_T070_A032:116:0072
retrospective_class_stratified	7	P2_WEEDSGALORE_TRUTH_FREE_PROPOSAL_GRID_20260810_V3_T070_A032:116:0078
retrospective_class_stratified	7	P2_WEEDSGALORE_TRUTH_FREE_PROPOSAL_GRID_20260810_V3_T070_A032:119:0036
retrospective_class_stratified	7	P2_WEEDSGALORE_TRUTH_FREE_PROPOSAL_GRID_20260810_V3_T070_A032:119:0045
retrospective_class_stratified	7	P2_WEEDSGALORE_TRUTH_FREE_PROPOSAL_GRID_20260810_V3_T070_A032:119:0053
retrospective_class_stratified	7	P2_WEEDSGALORE_TRUTH_FREE_PROPOSAL_GRID_20260810_V3_T070_A032:119:0065
retrospective_class_stratified	7	P2_WEEDSGALORE_TRUTH_FREE_PROPOSAL_GRID_20260810_V3_T070_A032:120:0003
retrospective_class_stratified	7	P2_WEEDSGALORE_TRUTH_FREE_PROPOSAL_GRID_20260810_V3_T070_A032:122:0016
retrospective_class_stratified	7	P2_WEEDSGALORE_TRUTH_FREE_PROPOSAL_GRID_20260810_V3_T070_A032:122:0051
retrospective_class_stratified	7	P2_WEEDSGALORE_TRUTH_FREE_PROPOSAL_GRID_20260810_V3_T070_A032:123:0009
retrospective_class_stratified	7	P2_WEEDSGALORE_TRUTH_FREE_PROPOSAL_GRID_20260810_V3_T070_A032:123:0020
retrospective_class_stratified	7	P2_WEEDSGALORE_TRUTH_FREE_PROPOSAL_GRID_20260810_V3_T070_A032:123:0025
retrospective_class_stratified	7	P2_WEEDSGALORE_TRUTH_FREE_PROPOSAL_GRID_20260810_V3_T070_A032:123:0037
retrospective_class_stratified	7	P2_WEEDSGALORE_TRUTH_FREE_PROPOSAL_GRID_20260810_V3_T070_A032:123:0052
retrospective_class_stratified	7	P2_WEEDSGALORE_TRUTH_FREE_PROPOSAL_GRID_20260810_V3_T070_A032:123:0059
retrospective_class_stratified	7	P2_WEEDSGALORE_TRUTH_FREE_PROPOSAL_GRID_20260810_V3_T070_A032:123:0076
retrospective_class_stratified	7	P2_WEEDSGALORE_TRUTH_FREE_PROPOSAL_GRID_20260810_V3_T070_A032:123:0082
retrospective_class_stratified	7	P2_WEEDSGALORE_TRUTH_FREE_PROPOSAL_GRID_20260810_V3_T070_A032:123:0083
retrospective_class_stratified	7	P2_WEEDSGALORE_TRUTH_FREE_PROPOSAL_GRID_20260810_V3_T070_A032:126:0008
retrospective_class_stratified	7	P2_WEEDSGALORE_TRUTH_FREE_PROPOSAL_GRID_20260810_V3_T070_A032:126:0027
retrospective_class_stratified	7	P2_WEEDSGALORE_TRUTH_FREE_PROPOSAL_GRID_20260810_V3_T070_A032:126:0029
retrospective_class_stratified	7	P2_WEEDSGALORE_TRUTH_FREE_PROPOSAL_GRID_20260810_V3_T070_A032:126:0049
retrospective_class_stratified	7	P2_WEEDSGALORE_TRUTH_FREE_PROPOSAL_GRID_20260810_V3_T070_A032:127:0077
retrospective_class_stratified	7	P2_WEEDSGALORE_TRUTH_FREE_PROPOSAL_GRID_20260810_V3_T070_A032:128:0064
retrospective_class_stratified	7	P2_WEEDSGALORE_TRUTH_FREE_PROPOSAL_GRID_20260810_V3_T070_A032:128:0066
retrospective_class_stratified	7	P2_WEEDSGALORE_TRUTH_FREE_PROPOSAL_GRID_20260810_V3_T070_A032:130:0008
retrospective_class_stratified	7	P2_WEEDSGALORE_TRUTH_FREE_PROPOSAL_GRID_20260810_V3_T070_A032:130:0042
retrospective_class_stratified	7	P2_WEEDSGALORE_TRUTH_FREE_PROPOSAL_GRID_20260810_V3_T070_A032:130:0043
retrospective_class_stratified	7	P2_WEEDSGALORE_TRUTH_FREE_PROPOSAL_GRID_20260810_V3_T070_A032:130:0048
retrospective_class_stratified	7	P2_WEEDSGALORE_TRUTH_FREE_PROPOSAL_GRID_20260810_V3_T070_A032:130:0056
retrospective_class_stratified	7	P2_WEEDSGALORE_TRUTH_FREE_PROPOSAL_GRID_20260810_V3_T070_A032:131:0003
retrospective_class_stratified	7	P2_WEEDSGALORE_TRUTH_FREE_PROPOSAL_GRID_20260810_V3_T070_A032:131:0035
retrospective_class_stratified	7	P2_WEEDSGALORE_TRUTH_FREE_PROPOSAL_GRID_20260810_V3_T070_A032:131:0053
retrospective_class_stratified	7	P2_WEEDSGALORE_TRUTH_FREE_PROPOSAL_GRID_20260810_V3_T070_A032:133:0007
retrospective_class_stratified	7	P2_WEEDSGALORE_TRUTH_FREE_PROPOSAL_GRID_20260810_V3_T070_A032:133:0008
retrospective_class_stratified	7	P2_WEEDSGALORE_TRUTH_FREE_PROPOSAL_GRID_20260810_V3_T070_A032:133:0015
retrospective_class_stratified	7	P2_WEEDSGALORE_TRUTH_FREE_PROPOSAL_GRID_20260810_V3_T070_A032:133:0019
retrospective_class_stratified	7	P2_WEEDSGALORE_TRUTH_FREE_PROPOSAL_GRID_20260810_V3_T070_A032:133:0056
retrospective_class_stratified	7	P2_WEEDSGALORE_TRUTH_FREE_PROPOSAL_GRID_20260810_V3_T070_A032:133:0065
retrospective_class_stratified	7	P2_WEEDSGALORE_TRUTH_FREE_PROPOSAL_GRID_20260810_V3_T070_A032:134:0011
retrospective_class_stratified	7	P2_WEEDSGALORE_TRUTH_FREE_PROPOSAL_GRID_20260810_V3_T070_A032:134:0014
retrospective_class_stratified	7	P2_WEEDSGALORE_TRUTH_FREE_PROPOSAL_GRID_20260810_V3_T070_A032:134:0024
retrospective_class_stratified	7	P2_WEEDSGALORE_TRUTH_FREE_PROPOSAL_GRID_20260810_V3_T070_A032:134:0046
retrospective_class_stratified	7	P2_WEEDSGALORE_TRUTH_FREE_PROPOSAL_GRID_20260810_V3_T070_A032:134:0053
retrospective_class_stratified	7	P2_WEEDSGALORE_TRUTH_FREE_PROPOSAL_GRID_20260810_V3_T070_A032:135:0018
retrospective_class_stratified	7	P2_WEEDSGALORE_TRUTH_FREE_PROPOSAL_GRID_20260810_V3_T070_A032:135:0038
retrospective_class_stratified	7	P2_WEEDSGALORE_TRUTH_FREE_PROPOSAL_GRID_20260810_V3_T070_A032:135:0039
retrospective_class_stratified	7	P2_WEEDSGALORE_TRUTH_FREE_PROPOSAL_GRID_20260810_V3_T070_A032:135:0042
retrospective_class_stratified	7	P2_WEEDSGALORE_TRUTH_FREE_PROPOSAL_GRID_20260810_V3_T070_A032:135:0045
retrospective_class_stratified	7	P2_WEEDSGALORE_TRUTH_FREE_PROPOSAL_GRID_20260810_V3_T070_A032:135:0048
retrospective_class_stratified	7	P2_WEEDSGALORE_TRUTH_FREE_PROPOSAL_GRID_20260810_V3_T070_A032:135:0061
retrospective_class_stratified	7	P2_WEEDSGALORE_TRUTH_FREE_PROPOSAL_GRID_20260810_V3_T070_A032:135:0066
retrospective_class_stratified	7	P2_WEEDSGALORE_TRUTH_FREE_PROPOSAL_GRID_20260810_V3_T070_A032:136:0015
retrospective_class_stratified	7	P2_WEEDSGALORE_TRUTH_FREE_PROPOSAL_GRID_20260810_V3_T070_A032:136:0020
retrospective_class_stratified	7	P2_WEEDSGALORE_TRUTH_FREE_PROPOSAL_GRID_20260810_V3_T070_A032:136:0030
retrospective_class_stratified	7	P2_WEEDSGALORE_TRUTH_FREE_PROPOSAL_GRID_20260810_V3_T070_A032:136:0052
retrospective_class_stratified	7	P2_WEEDSGALORE_TRUTH_FREE_PROPOSAL_GRID_20260810_V3_T070_A032:136:0060
retrospective_class_stratified	7	P2_WEEDSGALORE_TRUTH_FREE_PROPOSAL_GRID_20260810_V3_T070_A032:139:0019
retrospective_class_stratified	7	P2_WEEDSGALORE_TRUTH_FREE_PROPOSAL_GRID_20260810_V3_T070_A032:139:0030
retrospective_class_stratified	7	P2_WEEDSGALORE_TRUTH_FREE_PROPOSAL_GRID_20260810_V3_T070_A032:139:0053
retrospective_class_stratified	7	P2_WEEDSGALORE_TRUTH_FREE_PROPOSAL_GRID_20260810_V3_T070_A032:139:0056
retrospective_class_stratified	7	P2_WEEDSGALORE_TRUTH_FREE_PROPOSAL_GRID_20260810_V3_T070_A032:139:0071
retrospective_class_stratified	7	P2_WEEDSGALORE_TRUTH_FREE_PROPOSAL_GRID_20260810_V3_T070_A032:139:0072
retrospective_class_stratified	7	P2_WEEDSGALORE_TRUTH_FREE_PROPOSAL_GRID_20260810_V3_T070_A032:139:0091
retrospective_class_stratified	7	P2_WEEDSGALORE_TRUTH_FREE_PROPOSAL_GRID_20260810_V3_T070_A032:142:0013
retrospective_class_stratified	7	P2_WEEDSGALORE_TRUTH_FREE_PROPOSAL_GRID_20260810_V3_T070_A032:142:0024
retrospective_class_stratified	7	P2_WEEDSGALORE_TRUTH_FREE_PROPOSAL_GRID_20260810_V3_T070_A032:142:0046
retrospective_class_stratified	7	P2_WEEDSGALORE_TRUTH_FREE_PROPOSAL_GRID_20260810_V3_T070_A032:142:0049
retrospective_class_stratified	7	P2_WEEDSGALORE_TRUTH_FREE_PROPOSAL_GRID_20260810_V3_T070_A032:142:0076
retrospective_class_stratified	7	P2_WEEDSGALORE_TRUTH_FREE_PROPOSAL_GRID_20260810_V3_T070_A032:143:0037
retrospective_class_stratified	7	P2_WEEDSGALORE_TRUTH_FREE_PROPOSAL_GRID_20260810_V3_T070_A032:143:0052
retrospective_class_stratified	7	P2_WEEDSGALORE_TRUTH_FREE_PROPOSAL_GRID_20260810_V3_T070_A032:143:0055
retrospective_class_stratified	7	P2_WEEDSGALORE_TRUTH_FREE_PROPOSAL_GRID_20260810_V3_T070_A032:143:0062
retrospective_class_stratified	7	P2_WEEDSGALORE_TRUTH_FREE_PROPOSAL_GRID_20260810_V3_T070_A032:143:0066
retrospective_class_stratified	7	P2_WEEDSGALORE_TRUTH_FREE_PROPOSAL_GRID_20260810_V3_T070_A032:144:0014
retrospective_class_stratified	7	P2_WEEDSGALORE_TRUTH_FREE_PROPOSAL_GRID_20260810_V3_T070_A032:144:0020
retrospective_class_stratified	7	P2_WEEDSGALORE_TRUTH_FREE_PROPOSAL_GRID_20260810_V3_T070_A032:144:0029
retrospective_class_stratified	7	P2_WEEDSGALORE_TRUTH_FREE_PROPOSAL_GRID_20260810_V3_T070_A032:144:0036
retrospective_class_stratified	7	P2_WEEDSGALORE_TRUTH_FREE_PROPOSAL_GRID_20260810_V3_T070_A032:144:0038
retrospective_class_stratified	7	P2_WEEDSGALORE_TRUTH_FREE_PROPOSAL_GRID_20260810_V3_T070_A032:144:0040
retrospective_class_stratified	7	P2_WEEDSGALORE_TRUTH_FREE_PROPOSAL_GRID_20260810_V3_T070_A032:144:0075
retrospective_class_stratified	7	P2_WEEDSGALORE_TRUTH_FREE_PROPOSAL_GRID_20260810_V3_T070_A032:145:0006
retrospective_class_stratified	7	P2_WEEDSGALORE_TRUTH_FREE_PROPOSAL_GRID_20260810_V3_T070_A032:145:0020
retrospective_class_stratified	7	P2_WEEDSGALORE_TRUTH_FREE_PROPOSAL_GRID_20260810_V3_T070_A032:145:0024
retrospective_class_stratified	7	P2_WEEDSGALORE_TRUTH_FREE_PROPOSAL_GRID_20260810_V3_T070_A032:146:0010
retrospective_class_stratified	7	P2_WEEDSGALORE_TRUTH_FREE_PROPOSAL_GRID_20260810_V3_T070_A032:146:0023
retrospective_class_stratified	7	P2_WEEDSGALORE_TRUTH_FREE_PROPOSAL_GRID_20260810_V3_T070_A032:146:0045
retrospective_class_stratified	7	P2_WEEDSGALORE_TRUTH_FREE_PROPOSAL_GRID_20260810_V3_T070_A032:146:0048
retrospective_class_stratified	7	P2_WEEDSGALORE_TRUTH_FREE_PROPOSAL_GRID_20260810_V3_T070_A032:150:0023
retrospective_class_stratified	7	P2_WEEDSGALORE_TRUTH_FREE_PROPOSAL_GRID_20260810_V3_T070_A032:151:0010
retrospective_class_stratified	7	P2_WEEDSGALORE_TRUTH_FREE_PROPOSAL_GRID_20260810_V3_T070_A032:151:0046
retrospective_class_stratified	7	P2_WEEDSGALORE_TRUTH_FREE_PROPOSAL_GRID_20260810_V3_T070_A032:151:0051
retrospective_class_stratified	7	P2_WEEDSGALORE_TRUTH_FREE_PROPOSAL_GRID_20260810_V3_T070_A032:153:0016
retrospective_class_stratified	7	P2_WEEDSGALORE_TRUTH_FREE_PROPOSAL_GRID_20260810_V3_T070_A032:153:0029
retrospective_class_stratified	7	P2_WEEDSGALORE_TRUTH_FREE_PROPOSAL_GRID_20260810_V3_T070_A032:153:0072
retrospective_class_stratified	7	P2_WEEDSGALORE_TRUTH_FREE_PROPOSAL_GRID_20260810_V3_T070_A032:153:0089
retrospective_class_stratified	7	P2_WEEDSGALORE_TRUTH_FREE_PROPOSAL_GRID_20260810_V3_T070_A032:153:0104
retrospective_class_stratified	7	P2_WEEDSGALORE_TRUTH_FREE_PROPOSAL_GRID_20260810_V3_T070_A032:155:0032
retrospective_class_stratified	7	P2_WEEDSGALORE_TRUTH_FREE_PROPOSAL_GRID_20260810_V3_T070_A032:155:0054
retrospective_class_stratified	7	P2_WEEDSGALORE_TRUTH_FREE_PROPOSAL_GRID_20260810_V3_T070_A032:156:0007
retrospective_class_stratified	7	P2_WEEDSGALORE_TRUTH_FREE_PROPOSAL_GRID_20260810_V3_T070_A032:156:0065
prospective_uniform	8	P2_WEEDSGALORE_TRUTH_FREE_PROPOSAL_GRID_20260810_V3_T070_A032:003:0020
prospective_uniform	8	P2_WEEDSGALORE_TRUTH_FREE_PROPOSAL_GRID_20260810_V3_T070_A032:004:0003
prospective_uniform	8	P2_WEEDSGALORE_TRUTH_FREE_PROPOSAL_GRID_20260810_V3_T070_A032:004:0013
prospective_uniform	8	P2_WEEDSGALORE_TRUTH_FREE_PROPOSAL_GRID_20260810_V3_T070_A032:004:0074
prospective_uniform	8	P2_WEEDSGALORE_TRUTH_FREE_PROPOSAL_GRID_20260810_V3_T070_A032:004:0076
prospective_uniform	8	P2_WEEDSGALORE_TRUTH_FREE_PROPOSAL_GRID_20260810_V3_T070_A032:004:0092
prospective_uniform	8	P2_WEEDSGALORE_TRUTH_FREE_PROPOSAL_GRID_20260810_V3_T070_A032:005:0036
prospective_uniform	8	P2_WEEDSGALORE_TRUTH_FREE_PROPOSAL_GRID_20260810_V3_T070_A032:005:0066
prospective_uniform	8	P2_WEEDSGALORE_TRUTH_FREE_PROPOSAL_GRID_20260810_V3_T070_A032:005:0100
prospective_uniform	8	P2_WEEDSGALORE_TRUTH_FREE_PROPOSAL_GRID_20260810_V3_T070_A032:005:0117
prospective_uniform	8	P2_WEEDSGALORE_TRUTH_FREE_PROPOSAL_GRID_20260810_V3_T070_A032:005:0153
prospective_uniform	8	P2_WEEDSGALORE_TRUTH_FREE_PROPOSAL_GRID_20260810_V3_T070_A032:006:0017
prospective_uniform	8	P2_WEEDSGALORE_TRUTH_FREE_PROPOSAL_GRID_20260810_V3_T070_A032:006:0078
prospective_uniform	8	P2_WEEDSGALORE_TRUTH_FREE_PROPOSAL_GRID_20260810_V3_T070_A032:006:0096
prospective_uniform	8	P2_WEEDSGALORE_TRUTH_FREE_PROPOSAL_GRID_20260810_V3_T070_A032:006:0132
prospective_uniform	8	P2_WEEDSGALORE_TRUTH_FREE_PROPOSAL_GRID_20260810_V3_T070_A032:006:0176
prospective_uniform	8	P2_WEEDSGALORE_TRUTH_FREE_PROPOSAL_GRID_20260810_V3_T070_A032:006:0243
prospective_uniform	8	P2_WEEDSGALORE_TRUTH_FREE_PROPOSAL_GRID_20260810_V3_T070_A032:006:0265
prospective_uniform	8	P2_WEEDSGALORE_TRUTH_FREE_PROPOSAL_GRID_20260810_V3_T070_A032:006:0274
prospective_uniform	8	P2_WEEDSGALORE_TRUTH_FREE_PROPOSAL_GRID_20260810_V3_T070_A032:009:0070
prospective_uniform	8	P2_WEEDSGALORE_TRUTH_FREE_PROPOSAL_GRID_20260810_V3_T070_A032:009:0072
prospective_uniform	8	P2_WEEDSGALORE_TRUTH_FREE_PROPOSAL_GRID_20260810_V3_T070_A032:010:0021
prospective_uniform	8	P2_WEEDSGALORE_TRUTH_FREE_PROPOSAL_GRID_20260810_V3_T070_A032:010:0080
prospective_uniform	8	P2_WEEDSGALORE_TRUTH_FREE_PROPOSAL_GRID_20260810_V3_T070_A032:010:0138
prospective_uniform	8	P2_WEEDSGALORE_TRUTH_FREE_PROPOSAL_GRID_20260810_V3_T070_A032:010:0145
prospective_uniform	8	P2_WEEDSGALORE_TRUTH_FREE_PROPOSAL_GRID_20260810_V3_T070_A032:010:0216
prospective_uniform	8	P2_WEEDSGALORE_TRUTH_FREE_PROPOSAL_GRID_20260810_V3_T070_A032:010:0232
prospective_uniform	8	P2_WEEDSGALORE_TRUTH_FREE_PROPOSAL_GRID_20260810_V3_T070_A032:011:0001
prospective_uniform	8	P2_WEEDSGALORE_TRUTH_FREE_PROPOSAL_GRID_20260810_V3_T070_A032:011:0002
prospective_uniform	8	P2_WEEDSGALORE_TRUTH_FREE_PROPOSAL_GRID_20260810_V3_T070_A032:011:0029
prospective_uniform	8	P2_WEEDSGALORE_TRUTH_FREE_PROPOSAL_GRID_20260810_V3_T070_A032:011:0034
prospective_uniform	8	P2_WEEDSGALORE_TRUTH_FREE_PROPOSAL_GRID_20260810_V3_T070_A032:011:0038
prospective_uniform	8	P2_WEEDSGALORE_TRUTH_FREE_PROPOSAL_GRID_20260810_V3_T070_A032:011:0044
prospective_uniform	8	P2_WEEDSGALORE_TRUTH_FREE_PROPOSAL_GRID_20260810_V3_T070_A032:011:0061
prospective_uniform	8	P2_WEEDSGALORE_TRUTH_FREE_PROPOSAL_GRID_20260810_V3_T070_A032:011:0086
prospective_uniform	8	P2_WEEDSGALORE_TRUTH_FREE_PROPOSAL_GRID_20260810_V3_T070_A032:012:0002
prospective_uniform	8	P2_WEEDSGALORE_TRUTH_FREE_PROPOSAL_GRID_20260810_V3_T070_A032:012:0010
prospective_uniform	8	P2_WEEDSGALORE_TRUTH_FREE_PROPOSAL_GRID_20260810_V3_T070_A032:012:0034
prospective_uniform	8	P2_WEEDSGALORE_TRUTH_FREE_PROPOSAL_GRID_20260810_V3_T070_A032:012:0092
prospective_uniform	8	P2_WEEDSGALORE_TRUTH_FREE_PROPOSAL_GRID_20260810_V3_T070_A032:012:0177
prospective_uniform	8	P2_WEEDSGALORE_TRUTH_FREE_PROPOSAL_GRID_20260810_V3_T070_A032:013:0006
prospective_uniform	8	P2_WEEDSGALORE_TRUTH_FREE_PROPOSAL_GRID_20260810_V3_T070_A032:014:0041
prospective_uniform	8	P2_WEEDSGALORE_TRUTH_FREE_PROPOSAL_GRID_20260810_V3_T070_A032:014:0055
prospective_uniform	8	P2_WEEDSGALORE_TRUTH_FREE_PROPOSAL_GRID_20260810_V3_T070_A032:015:0008
prospective_uniform	8	P2_WEEDSGALORE_TRUTH_FREE_PROPOSAL_GRID_20260810_V3_T070_A032:018:0057
prospective_uniform	8	P2_WEEDSGALORE_TRUTH_FREE_PROPOSAL_GRID_20260810_V3_T070_A032:018:0071
prospective_uniform	8	P2_WEEDSGALORE_TRUTH_FREE_PROPOSAL_GRID_20260810_V3_T070_A032:018:0080
prospective_uniform	8	P2_WEEDSGALORE_TRUTH_FREE_PROPOSAL_GRID_20260810_V3_T070_A032:018:0112
prospective_uniform	8	P2_WEEDSGALORE_TRUTH_FREE_PROPOSAL_GRID_20260810_V3_T070_A032:018:0114
prospective_uniform	8	P2_WEEDSGALORE_TRUTH_FREE_PROPOSAL_GRID_20260810_V3_T070_A032:019:0015
prospective_uniform	8	P2_WEEDSGALORE_TRUTH_FREE_PROPOSAL_GRID_20260810_V3_T070_A032:020:0011
prospective_uniform	8	P2_WEEDSGALORE_TRUTH_FREE_PROPOSAL_GRID_20260810_V3_T070_A032:020:0056
prospective_uniform	8	P2_WEEDSGALORE_TRUTH_FREE_PROPOSAL_GRID_20260810_V3_T070_A032:023:0056
prospective_uniform	8	P2_WEEDSGALORE_TRUTH_FREE_PROPOSAL_GRID_20260810_V3_T070_A032:023:0064
prospective_uniform	8	P2_WEEDSGALORE_TRUTH_FREE_PROPOSAL_GRID_20260810_V3_T070_A032:023:0078
prospective_uniform	8	P2_WEEDSGALORE_TRUTH_FREE_PROPOSAL_GRID_20260810_V3_T070_A032:023:0088
prospective_uniform	8	P2_WEEDSGALORE_TRUTH_FREE_PROPOSAL_GRID_20260810_V3_T070_A032:023:0097
prospective_uniform	8	P2_WEEDSGALORE_TRUTH_FREE_PROPOSAL_GRID_20260810_V3_T070_A032:024:0002
prospective_uniform	8	P2_WEEDSGALORE_TRUTH_FREE_PROPOSAL_GRID_20260810_V3_T070_A032:024:0018
prospective_uniform	8	P2_WEEDSGALORE_TRUTH_FREE_PROPOSAL_GRID_20260810_V3_T070_A032:024:0019
prospective_uniform	8	P2_WEEDSGALORE_TRUTH_FREE_PROPOSAL_GRID_20260810_V3_T070_A032:024:0022
prospective_uniform	8	P2_WEEDSGALORE_TRUTH_FREE_PROPOSAL_GRID_20260810_V3_T070_A032:024:0042
prospective_uniform	8	P2_WEEDSGALORE_TRUTH_FREE_PROPOSAL_GRID_20260810_V3_T070_A032:024:0085
prospective_uniform	8	P2_WEEDSGALORE_TRUTH_FREE_PROPOSAL_GRID_20260810_V3_T070_A032:024:0107
prospective_uniform	8	P2_WEEDSGALORE_TRUTH_FREE_PROPOSAL_GRID_20260810_V3_T070_A032:025:0017
prospective_uniform	8	P2_WEEDSGALORE_TRUTH_FREE_PROPOSAL_GRID_20260810_V3_T070_A032:026:0002
prospective_uniform	8	P2_WEEDSGALORE_TRUTH_FREE_PROPOSAL_GRID_20260810_V3_T070_A032:030:0073
prospective_uniform	8	P2_WEEDSGALORE_TRUTH_FREE_PROPOSAL_GRID_20260810_V3_T070_A032:031:0025
prospective_uniform	8	P2_WEEDSGALORE_TRUTH_FREE_PROPOSAL_GRID_20260810_V3_T070_A032:032:0015
prospective_uniform	8	P2_WEEDSGALORE_TRUTH_FREE_PROPOSAL_GRID_20260810_V3_T070_A032:032:0027
prospective_uniform	8	P2_WEEDSGALORE_TRUTH_FREE_PROPOSAL_GRID_20260810_V3_T070_A032:034:0063
prospective_uniform	8	P2_WEEDSGALORE_TRUTH_FREE_PROPOSAL_GRID_20260810_V3_T070_A032:034:0109
prospective_uniform	8	P2_WEEDSGALORE_TRUTH_FREE_PROPOSAL_GRID_20260810_V3_T070_A032:034:0139
prospective_uniform	8	P2_WEEDSGALORE_TRUTH_FREE_PROPOSAL_GRID_20260810_V3_T070_A032:034:0156
prospective_uniform	8	P2_WEEDSGALORE_TRUTH_FREE_PROPOSAL_GRID_20260810_V3_T070_A032:035:0042
prospective_uniform	8	P2_WEEDSGALORE_TRUTH_FREE_PROPOSAL_GRID_20260810_V3_T070_A032:037:0039
prospective_uniform	8	P2_WEEDSGALORE_TRUTH_FREE_PROPOSAL_GRID_20260810_V3_T070_A032:038:0003
prospective_uniform	8	P2_WEEDSGALORE_TRUTH_FREE_PROPOSAL_GRID_20260810_V3_T070_A032:038:0026
prospective_uniform	8	P2_WEEDSGALORE_TRUTH_FREE_PROPOSAL_GRID_20260810_V3_T070_A032:038:0040
prospective_uniform	8	P2_WEEDSGALORE_TRUTH_FREE_PROPOSAL_GRID_20260810_V3_T070_A032:039:0022
prospective_uniform	8	P2_WEEDSGALORE_TRUTH_FREE_PROPOSAL_GRID_20260810_V3_T070_A032:039:0028
prospective_uniform	8	P2_WEEDSGALORE_TRUTH_FREE_PROPOSAL_GRID_20260810_V3_T070_A032:039:0064
prospective_uniform	8	P2_WEEDSGALORE_TRUTH_FREE_PROPOSAL_GRID_20260810_V3_T070_A032:039:0100
prospective_uniform	8	P2_WEEDSGALORE_TRUTH_FREE_PROPOSAL_GRID_20260810_V3_T070_A032:039:0101
prospective_uniform	8	P2_WEEDSGALORE_TRUTH_FREE_PROPOSAL_GRID_20260810_V3_T070_A032:043:0002
prospective_uniform	8	P2_WEEDSGALORE_TRUTH_FREE_PROPOSAL_GRID_20260810_V3_T070_A032:043:0051
prospective_uniform	8	P2_WEEDSGALORE_TRUTH_FREE_PROPOSAL_GRID_20260810_V3_T070_A032:046:0014
prospective_uniform	8	P2_WEEDSGALORE_TRUTH_FREE_PROPOSAL_GRID_20260810_V3_T070_A032:048:0001
prospective_uniform	8	P2_WEEDSGALORE_TRUTH_FREE_PROPOSAL_GRID_20260810_V3_T070_A032:048:0041
prospective_uniform	8	P2_WEEDSGALORE_TRUTH_FREE_PROPOSAL_GRID_20260810_V3_T070_A032:052:0005
prospective_uniform	8	P2_WEEDSGALORE_TRUTH_FREE_PROPOSAL_GRID_20260810_V3_T070_A032:052:0032
prospective_uniform	8	P2_WEEDSGALORE_TRUTH_FREE_PROPOSAL_GRID_20260810_V3_T070_A032:052:0085
prospective_uniform	8	P2_WEEDSGALORE_TRUTH_FREE_PROPOSAL_GRID_20260810_V3_T070_A032:052:0101
prospective_uniform	8	P2_WEEDSGALORE_TRUTH_FREE_PROPOSAL_GRID_20260810_V3_T070_A032:052:0113
prospective_uniform	8	P2_WEEDSGALORE_TRUTH_FREE_PROPOSAL_GRID_20260810_V3_T070_A032:052:0138
prospective_uniform	8	P2_WEEDSGALORE_TRUTH_FREE_PROPOSAL_GRID_20260810_V3_T070_A032:052:0144
prospective_uniform	8	P2_WEEDSGALORE_TRUTH_FREE_PROPOSAL_GRID_20260810_V3_T070_A032:052:0232
prospective_uniform	8	P2_WEEDSGALORE_TRUTH_FREE_PROPOSAL_GRID_20260810_V3_T070_A032:053:0003
prospective_uniform	8	P2_WEEDSGALORE_TRUTH_FREE_PROPOSAL_GRID_20260810_V3_T070_A032:053:0058
prospective_uniform	8	P2_WEEDSGALORE_TRUTH_FREE_PROPOSAL_GRID_20260810_V3_T070_A032:053:0091
prospective_uniform	8	P2_WEEDSGALORE_TRUTH_FREE_PROPOSAL_GRID_20260810_V3_T070_A032:053:0158
prospective_uniform	8	P2_WEEDSGALORE_TRUTH_FREE_PROPOSAL_GRID_20260810_V3_T070_A032:053:0173
prospective_uniform	8	P2_WEEDSGALORE_TRUTH_FREE_PROPOSAL_GRID_20260810_V3_T070_A032:054:0018
prospective_uniform	8	P2_WEEDSGALORE_TRUTH_FREE_PROPOSAL_GRID_20260810_V3_T070_A032:054:0045
prospective_uniform	8	P2_WEEDSGALORE_TRUTH_FREE_PROPOSAL_GRID_20260810_V3_T070_A032:054:0053
prospective_uniform	8	P2_WEEDSGALORE_TRUTH_FREE_PROPOSAL_GRID_20260810_V3_T070_A032:054:0057
prospective_uniform	8	P2_WEEDSGALORE_TRUTH_FREE_PROPOSAL_GRID_20260810_V3_T070_A032:054:0139
prospective_uniform	8	P2_WEEDSGALORE_TRUTH_FREE_PROPOSAL_GRID_20260810_V3_T070_A032:054:0143
prospective_uniform	8	P2_WEEDSGALORE_TRUTH_FREE_PROPOSAL_GRID_20260810_V3_T070_A032:054:0149
prospective_uniform	8	P2_WEEDSGALORE_TRUTH_FREE_PROPOSAL_GRID_20260810_V3_T070_A032:054:0180
prospective_uniform	8	P2_WEEDSGALORE_TRUTH_FREE_PROPOSAL_GRID_20260810_V3_T070_A032:054:0212
prospective_uniform	8	P2_WEEDSGALORE_TRUTH_FREE_PROPOSAL_GRID_20260810_V3_T070_A032:057:0036
prospective_uniform	8	P2_WEEDSGALORE_TRUTH_FREE_PROPOSAL_GRID_20260810_V3_T070_A032:058:0001
prospective_uniform	8	P2_WEEDSGALORE_TRUTH_FREE_PROPOSAL_GRID_20260810_V3_T070_A032:058:0009
prospective_uniform	8	P2_WEEDSGALORE_TRUTH_FREE_PROPOSAL_GRID_20260810_V3_T070_A032:058:0067
prospective_uniform	8	P2_WEEDSGALORE_TRUTH_FREE_PROPOSAL_GRID_20260810_V3_T070_A032:058:0094
prospective_uniform	8	P2_WEEDSGALORE_TRUTH_FREE_PROPOSAL_GRID_20260810_V3_T070_A032:059:0003
prospective_uniform	8	P2_WEEDSGALORE_TRUTH_FREE_PROPOSAL_GRID_20260810_V3_T070_A032:059:0036
prospective_uniform	8	P2_WEEDSGALORE_TRUTH_FREE_PROPOSAL_GRID_20260810_V3_T070_A032:059:0064
prospective_uniform	8	P2_WEEDSGALORE_TRUTH_FREE_PROPOSAL_GRID_20260810_V3_T070_A032:059:0076
prospective_uniform	8	P2_WEEDSGALORE_TRUTH_FREE_PROPOSAL_GRID_20260810_V3_T070_A032:059:0096
prospective_uniform	8	P2_WEEDSGALORE_TRUTH_FREE_PROPOSAL_GRID_20260810_V3_T070_A032:059:0137
prospective_uniform	8	P2_WEEDSGALORE_TRUTH_FREE_PROPOSAL_GRID_20260810_V3_T070_A032:059:0140
prospective_uniform	8	P2_WEEDSGALORE_TRUTH_FREE_PROPOSAL_GRID_20260810_V3_T070_A032:059:0141
prospective_uniform	8	P2_WEEDSGALORE_TRUTH_FREE_PROPOSAL_GRID_20260810_V3_T070_A032:060:0008
prospective_uniform	8	P2_WEEDSGALORE_TRUTH_FREE_PROPOSAL_GRID_20260810_V3_T070_A032:060:0016
prospective_uniform	8	P2_WEEDSGALORE_TRUTH_FREE_PROPOSAL_GRID_20260810_V3_T070_A032:060:0051
prospective_uniform	8	P2_WEEDSGALORE_TRUTH_FREE_PROPOSAL_GRID_20260810_V3_T070_A032:060:0081
prospective_uniform	8	P2_WEEDSGALORE_TRUTH_FREE_PROPOSAL_GRID_20260810_V3_T070_A032:060:0174
prospective_uniform	8	P2_WEEDSGALORE_TRUTH_FREE_PROPOSAL_GRID_20260810_V3_T070_A032:061:0014
prospective_uniform	8	P2_WEEDSGALORE_TRUTH_FREE_PROPOSAL_GRID_20260810_V3_T070_A032:061:0045
prospective_uniform	8	P2_WEEDSGALORE_TRUTH_FREE_PROPOSAL_GRID_20260810_V3_T070_A032:061:0071
prospective_uniform	8	P2_WEEDSGALORE_TRUTH_FREE_PROPOSAL_GRID_20260810_V3_T070_A032:061:0126
prospective_uniform	8	P2_WEEDSGALORE_TRUTH_FREE_PROPOSAL_GRID_20260810_V3_T070_A032:061:0161
prospective_uniform	8	P2_WEEDSGALORE_TRUTH_FREE_PROPOSAL_GRID_20260810_V3_T070_A032:062:0120
prospective_uniform	8	P2_WEEDSGALORE_TRUTH_FREE_PROPOSAL_GRID_20260810_V3_T070_A032:062:0134
prospective_uniform	8	P2_WEEDSGALORE_TRUTH_FREE_PROPOSAL_GRID_20260810_V3_T070_A032:063:0001
prospective_uniform	8	P2_WEEDSGALORE_TRUTH_FREE_PROPOSAL_GRID_20260810_V3_T070_A032:063:0042
prospective_uniform	8	P2_WEEDSGALORE_TRUTH_FREE_PROPOSAL_GRID_20260810_V3_T070_A032:063:0049
prospective_uniform	8	P2_WEEDSGALORE_TRUTH_FREE_PROPOSAL_GRID_20260810_V3_T070_A032:063:0062
prospective_uniform	8	P2_WEEDSGALORE_TRUTH_FREE_PROPOSAL_GRID_20260810_V3_T070_A032:064:0112
prospective_uniform	8	P2_WEEDSGALORE_TRUTH_FREE_PROPOSAL_GRID_20260810_V3_T070_A032:064:0114
prospective_uniform	8	P2_WEEDSGALORE_TRUTH_FREE_PROPOSAL_GRID_20260810_V3_T070_A032:064:0117
prospective_uniform	8	P2_WEEDSGALORE_TRUTH_FREE_PROPOSAL_GRID_20260810_V3_T070_A032:067:0019
prospective_uniform	8	P2_WEEDSGALORE_TRUTH_FREE_PROPOSAL_GRID_20260810_V3_T070_A032:067:0022
prospective_uniform	8	P2_WEEDSGALORE_TRUTH_FREE_PROPOSAL_GRID_20260810_V3_T070_A032:067:0025
prospective_uniform	8	P2_WEEDSGALORE_TRUTH_FREE_PROPOSAL_GRID_20260810_V3_T070_A032:067:0066
prospective_uniform	8	P2_WEEDSGALORE_TRUTH_FREE_PROPOSAL_GRID_20260810_V3_T070_A032:067:0068
prospective_uniform	8	P2_WEEDSGALORE_TRUTH_FREE_PROPOSAL_GRID_20260810_V3_T070_A032:067:0170
prospective_uniform	8	P2_WEEDSGALORE_TRUTH_FREE_PROPOSAL_GRID_20260810_V3_T070_A032:070:0042
prospective_uniform	8	P2_WEEDSGALORE_TRUTH_FREE_PROPOSAL_GRID_20260810_V3_T070_A032:070:0057
prospective_uniform	8	P2_WEEDSGALORE_TRUTH_FREE_PROPOSAL_GRID_20260810_V3_T070_A032:070:0077
prospective_uniform	8	P2_WEEDSGALORE_TRUTH_FREE_PROPOSAL_GRID_20260810_V3_T070_A032:070:0089
prospective_uniform	8	P2_WEEDSGALORE_TRUTH_FREE_PROPOSAL_GRID_20260810_V3_T070_A032:070:0091
prospective_uniform	8	P2_WEEDSGALORE_TRUTH_FREE_PROPOSAL_GRID_20260810_V3_T070_A032:070:0098
prospective_uniform	8	P2_WEEDSGALORE_TRUTH_FREE_PROPOSAL_GRID_20260810_V3_T070_A032:070:0178
prospective_uniform	8	P2_WEEDSGALORE_TRUTH_FREE_PROPOSAL_GRID_20260810_V3_T070_A032:071:0012
prospective_uniform	8	P2_WEEDSGALORE_TRUTH_FREE_PROPOSAL_GRID_20260810_V3_T070_A032:071:0023
prospective_uniform	8	P2_WEEDSGALORE_TRUTH_FREE_PROPOSAL_GRID_20260810_V3_T070_A032:071:0092
prospective_uniform	8	P2_WEEDSGALORE_TRUTH_FREE_PROPOSAL_GRID_20260810_V3_T070_A032:071:0106
prospective_uniform	8	P2_WEEDSGALORE_TRUTH_FREE_PROPOSAL_GRID_20260810_V3_T070_A032:072:0002
prospective_uniform	8	P2_WEEDSGALORE_TRUTH_FREE_PROPOSAL_GRID_20260810_V3_T070_A032:072:0025
prospective_uniform	8	P2_WEEDSGALORE_TRUTH_FREE_PROPOSAL_GRID_20260810_V3_T070_A032:072:0055
prospective_uniform	8	P2_WEEDSGALORE_TRUTH_FREE_PROPOSAL_GRID_20260810_V3_T070_A032:073:0010
prospective_uniform	8	P2_WEEDSGALORE_TRUTH_FREE_PROPOSAL_GRID_20260810_V3_T070_A032:073:0023
prospective_uniform	8	P2_WEEDSGALORE_TRUTH_FREE_PROPOSAL_GRID_20260810_V3_T070_A032:073:0036
prospective_uniform	8	P2_WEEDSGALORE_TRUTH_FREE_PROPOSAL_GRID_20260810_V3_T070_A032:073:0057
prospective_uniform	8	P2_WEEDSGALORE_TRUTH_FREE_PROPOSAL_GRID_20260810_V3_T070_A032:074:0029
prospective_uniform	8	P2_WEEDSGALORE_TRUTH_FREE_PROPOSAL_GRID_20260810_V3_T070_A032:074:0077
prospective_uniform	8	P2_WEEDSGALORE_TRUTH_FREE_PROPOSAL_GRID_20260810_V3_T070_A032:074:0089
prospective_uniform	8	P2_WEEDSGALORE_TRUTH_FREE_PROPOSAL_GRID_20260810_V3_T070_A032:074:0091
prospective_uniform	8	P2_WEEDSGALORE_TRUTH_FREE_PROPOSAL_GRID_20260810_V3_T070_A032:074:0102
prospective_uniform	8	P2_WEEDSGALORE_TRUTH_FREE_PROPOSAL_GRID_20260810_V3_T070_A032:077:0022
prospective_uniform	8	P2_WEEDSGALORE_TRUTH_FREE_PROPOSAL_GRID_20260810_V3_T070_A032:077:0040
prospective_uniform	8	P2_WEEDSGALORE_TRUTH_FREE_PROPOSAL_GRID_20260810_V3_T070_A032:077:0050
prospective_uniform	8	P2_WEEDSGALORE_TRUTH_FREE_PROPOSAL_GRID_20260810_V3_T070_A032:077:0060
prospective_uniform	8	P2_WEEDSGALORE_TRUTH_FREE_PROPOSAL_GRID_20260810_V3_T070_A032:077:0084
prospective_uniform	8	P2_WEEDSGALORE_TRUTH_FREE_PROPOSAL_GRID_20260810_V3_T070_A032:077:0109
prospective_uniform	8	P2_WEEDSGALORE_TRUTH_FREE_PROPOSAL_GRID_20260810_V3_T070_A032:077:0142
prospective_uniform	8	P2_WEEDSGALORE_TRUTH_FREE_PROPOSAL_GRID_20260810_V3_T070_A032:077:0146
prospective_uniform	8	P2_WEEDSGALORE_TRUTH_FREE_PROPOSAL_GRID_20260810_V3_T070_A032:077:0148
prospective_uniform	8	P2_WEEDSGALORE_TRUTH_FREE_PROPOSAL_GRID_20260810_V3_T070_A032:077:0151
prospective_uniform	8	P2_WEEDSGALORE_TRUTH_FREE_PROPOSAL_GRID_20260810_V3_T070_A032:078:0023
prospective_uniform	8	P2_WEEDSGALORE_TRUTH_FREE_PROPOSAL_GRID_20260810_V3_T070_A032:078:0035
prospective_uniform	8	P2_WEEDSGALORE_TRUTH_FREE_PROPOSAL_GRID_20260810_V3_T070_A032:078:0142
prospective_uniform	8	P2_WEEDSGALORE_TRUTH_FREE_PROPOSAL_GRID_20260810_V3_T070_A032:078:0186
prospective_uniform	8	P2_WEEDSGALORE_TRUTH_FREE_PROPOSAL_GRID_20260810_V3_T070_A032:078:0201
prospective_uniform	8	P2_WEEDSGALORE_TRUTH_FREE_PROPOSAL_GRID_20260810_V3_T070_A032:080:0042
prospective_uniform	8	P2_WEEDSGALORE_TRUTH_FREE_PROPOSAL_GRID_20260810_V3_T070_A032:080:0056
prospective_uniform	8	P2_WEEDSGALORE_TRUTH_FREE_PROPOSAL_GRID_20260810_V3_T070_A032:080:0073
prospective_uniform	8	P2_WEEDSGALORE_TRUTH_FREE_PROPOSAL_GRID_20260810_V3_T070_A032:080:0102
prospective_uniform	8	P2_WEEDSGALORE_TRUTH_FREE_PROPOSAL_GRID_20260810_V3_T070_A032:081:0043
prospective_uniform	8	P2_WEEDSGALORE_TRUTH_FREE_PROPOSAL_GRID_20260810_V3_T070_A032:083:0004
prospective_uniform	8	P2_WEEDSGALORE_TRUTH_FREE_PROPOSAL_GRID_20260810_V3_T070_A032:083:0020
prospective_uniform	8	P2_WEEDSGALORE_TRUTH_FREE_PROPOSAL_GRID_20260810_V3_T070_A032:083:0026
prospective_uniform	8	P2_WEEDSGALORE_TRUTH_FREE_PROPOSAL_GRID_20260810_V3_T070_A032:083:0052
prospective_uniform	8	P2_WEEDSGALORE_TRUTH_FREE_PROPOSAL_GRID_20260810_V3_T070_A032:083:0069
prospective_uniform	8	P2_WEEDSGALORE_TRUTH_FREE_PROPOSAL_GRID_20260810_V3_T070_A032:083:0086
prospective_uniform	8	P2_WEEDSGALORE_TRUTH_FREE_PROPOSAL_GRID_20260810_V3_T070_A032:084:0002
prospective_uniform	8	P2_WEEDSGALORE_TRUTH_FREE_PROPOSAL_GRID_20260810_V3_T070_A032:085:0028
prospective_uniform	8	P2_WEEDSGALORE_TRUTH_FREE_PROPOSAL_GRID_20260810_V3_T070_A032:085:0050
prospective_uniform	8	P2_WEEDSGALORE_TRUTH_FREE_PROPOSAL_GRID_20260810_V3_T070_A032:085:0065
prospective_uniform	8	P2_WEEDSGALORE_TRUTH_FREE_PROPOSAL_GRID_20260810_V3_T070_A032:085:0068
prospective_uniform	8	P2_WEEDSGALORE_TRUTH_FREE_PROPOSAL_GRID_20260810_V3_T070_A032:086:0010
prospective_uniform	8	P2_WEEDSGALORE_TRUTH_FREE_PROPOSAL_GRID_20260810_V3_T070_A032:086:0040
prospective_uniform	8	P2_WEEDSGALORE_TRUTH_FREE_PROPOSAL_GRID_20260810_V3_T070_A032:086:0061
prospective_uniform	8	P2_WEEDSGALORE_TRUTH_FREE_PROPOSAL_GRID_20260810_V3_T070_A032:089:0013
prospective_uniform	8	P2_WEEDSGALORE_TRUTH_FREE_PROPOSAL_GRID_20260810_V3_T070_A032:089:0046
prospective_uniform	8	P2_WEEDSGALORE_TRUTH_FREE_PROPOSAL_GRID_20260810_V3_T070_A032:090:0051
prospective_uniform	8	P2_WEEDSGALORE_TRUTH_FREE_PROPOSAL_GRID_20260810_V3_T070_A032:092:0022
prospective_uniform	8	P2_WEEDSGALORE_TRUTH_FREE_PROPOSAL_GRID_20260810_V3_T070_A032:092:0032
prospective_uniform	8	P2_WEEDSGALORE_TRUTH_FREE_PROPOSAL_GRID_20260810_V3_T070_A032:092:0033
prospective_uniform	8	P2_WEEDSGALORE_TRUTH_FREE_PROPOSAL_GRID_20260810_V3_T070_A032:092:0061
prospective_uniform	8	P2_WEEDSGALORE_TRUTH_FREE_PROPOSAL_GRID_20260810_V3_T070_A032:093:0001
prospective_uniform	8	P2_WEEDSGALORE_TRUTH_FREE_PROPOSAL_GRID_20260810_V3_T070_A032:093:0002
prospective_uniform	8	P2_WEEDSGALORE_TRUTH_FREE_PROPOSAL_GRID_20260810_V3_T070_A032:093:0028
prospective_uniform	8	P2_WEEDSGALORE_TRUTH_FREE_PROPOSAL_GRID_20260810_V3_T070_A032:093:0035
prospective_uniform	8	P2_WEEDSGALORE_TRUTH_FREE_PROPOSAL_GRID_20260810_V3_T070_A032:093:0040
prospective_uniform	8	P2_WEEDSGALORE_TRUTH_FREE_PROPOSAL_GRID_20260810_V3_T070_A032:094:0044
prospective_uniform	8	P2_WEEDSGALORE_TRUTH_FREE_PROPOSAL_GRID_20260810_V3_T070_A032:094:0051
prospective_uniform	8	P2_WEEDSGALORE_TRUTH_FREE_PROPOSAL_GRID_20260810_V3_T070_A032:101:0022
prospective_uniform	8	P2_WEEDSGALORE_TRUTH_FREE_PROPOSAL_GRID_20260810_V3_T070_A032:101:0079
prospective_uniform	8	P2_WEEDSGALORE_TRUTH_FREE_PROPOSAL_GRID_20260810_V3_T070_A032:101:0090
prospective_uniform	8	P2_WEEDSGALORE_TRUTH_FREE_PROPOSAL_GRID_20260810_V3_T070_A032:102:0012
prospective_uniform	8	P2_WEEDSGALORE_TRUTH_FREE_PROPOSAL_GRID_20260810_V3_T070_A032:102:0049
prospective_uniform	8	P2_WEEDSGALORE_TRUTH_FREE_PROPOSAL_GRID_20260810_V3_T070_A032:103:0003
prospective_uniform	8	P2_WEEDSGALORE_TRUTH_FREE_PROPOSAL_GRID_20260810_V3_T070_A032:104:0033
prospective_uniform	8	P2_WEEDSGALORE_TRUTH_FREE_PROPOSAL_GRID_20260810_V3_T070_A032:104:0035
prospective_uniform	8	P2_WEEDSGALORE_TRUTH_FREE_PROPOSAL_GRID_20260810_V3_T070_A032:104:0048
prospective_uniform	8	P2_WEEDSGALORE_TRUTH_FREE_PROPOSAL_GRID_20260810_V3_T070_A032:104:0049
prospective_uniform	8	P2_WEEDSGALORE_TRUTH_FREE_PROPOSAL_GRID_20260810_V3_T070_A032:107:0007
prospective_uniform	8	P2_WEEDSGALORE_TRUTH_FREE_PROPOSAL_GRID_20260810_V3_T070_A032:107:0043
prospective_uniform	8	P2_WEEDSGALORE_TRUTH_FREE_PROPOSAL_GRID_20260810_V3_T070_A032:108:0038
prospective_uniform	8	P2_WEEDSGALORE_TRUTH_FREE_PROPOSAL_GRID_20260810_V3_T070_A032:109:0015
prospective_uniform	8	P2_WEEDSGALORE_TRUTH_FREE_PROPOSAL_GRID_20260810_V3_T070_A032:109:0026
prospective_uniform	8	P2_WEEDSGALORE_TRUTH_FREE_PROPOSAL_GRID_20260810_V3_T070_A032:110:0027
prospective_uniform	8	P2_WEEDSGALORE_TRUTH_FREE_PROPOSAL_GRID_20260810_V3_T070_A032:111:0046
prospective_uniform	8	P2_WEEDSGALORE_TRUTH_FREE_PROPOSAL_GRID_20260810_V3_T070_A032:114:0048
prospective_uniform	8	P2_WEEDSGALORE_TRUTH_FREE_PROPOSAL_GRID_20260810_V3_T070_A032:115:0015
prospective_uniform	8	P2_WEEDSGALORE_TRUTH_FREE_PROPOSAL_GRID_20260810_V3_T070_A032:115:0049
prospective_uniform	8	P2_WEEDSGALORE_TRUTH_FREE_PROPOSAL_GRID_20260810_V3_T070_A032:115:0067
prospective_uniform	8	P2_WEEDSGALORE_TRUTH_FREE_PROPOSAL_GRID_20260810_V3_T070_A032:116:0012
prospective_uniform	8	P2_WEEDSGALORE_TRUTH_FREE_PROPOSAL_GRID_20260810_V3_T070_A032:119:0007
prospective_uniform	8	P2_WEEDSGALORE_TRUTH_FREE_PROPOSAL_GRID_20260810_V3_T070_A032:120:0002
prospective_uniform	8	P2_WEEDSGALORE_TRUTH_FREE_PROPOSAL_GRID_20260810_V3_T070_A032:121:0016
prospective_uniform	8	P2_WEEDSGALORE_TRUTH_FREE_PROPOSAL_GRID_20260810_V3_T070_A032:122:0032
prospective_uniform	8	P2_WEEDSGALORE_TRUTH_FREE_PROPOSAL_GRID_20260810_V3_T070_A032:123:0040
prospective_uniform	8	P2_WEEDSGALORE_TRUTH_FREE_PROPOSAL_GRID_20260810_V3_T070_A032:123:0046
prospective_uniform	8	P2_WEEDSGALORE_TRUTH_FREE_PROPOSAL_GRID_20260810_V3_T070_A032:126:0003
prospective_uniform	8	P2_WEEDSGALORE_TRUTH_FREE_PROPOSAL_GRID_20260810_V3_T070_A032:126:0012
prospective_uniform	8	P2_WEEDSGALORE_TRUTH_FREE_PROPOSAL_GRID_20260810_V3_T070_A032:126:0042
prospective_uniform	8	P2_WEEDSGALORE_TRUTH_FREE_PROPOSAL_GRID_20260810_V3_T070_A032:127:0007
prospective_uniform	8	P2_WEEDSGALORE_TRUTH_FREE_PROPOSAL_GRID_20260810_V3_T070_A032:127:0020
prospective_uniform	8	P2_WEEDSGALORE_TRUTH_FREE_PROPOSAL_GRID_20260810_V3_T070_A032:127:0023
prospective_uniform	8	P2_WEEDSGALORE_TRUTH_FREE_PROPOSAL_GRID_20260810_V3_T070_A032:127:0032
prospective_uniform	8	P2_WEEDSGALORE_TRUTH_FREE_PROPOSAL_GRID_20260810_V3_T070_A032:127:0069
prospective_uniform	8	P2_WEEDSGALORE_TRUTH_FREE_PROPOSAL_GRID_20260810_V3_T070_A032:127:0073
prospective_uniform	8	P2_WEEDSGALORE_TRUTH_FREE_PROPOSAL_GRID_20260810_V3_T070_A032:127:0081
prospective_uniform	8	P2_WEEDSGALORE_TRUTH_FREE_PROPOSAL_GRID_20260810_V3_T070_A032:128:0002
prospective_uniform	8	P2_WEEDSGALORE_TRUTH_FREE_PROPOSAL_GRID_20260810_V3_T070_A032:128:0048
prospective_uniform	8	P2_WEEDSGALORE_TRUTH_FREE_PROPOSAL_GRID_20260810_V3_T070_A032:128:0051
prospective_uniform	8	P2_WEEDSGALORE_TRUTH_FREE_PROPOSAL_GRID_20260810_V3_T070_A032:128:0081
prospective_uniform	8	P2_WEEDSGALORE_TRUTH_FREE_PROPOSAL_GRID_20260810_V3_T070_A032:130:0007
prospective_uniform	8	P2_WEEDSGALORE_TRUTH_FREE_PROPOSAL_GRID_20260810_V3_T070_A032:130:0016
prospective_uniform	8	P2_WEEDSGALORE_TRUTH_FREE_PROPOSAL_GRID_20260810_V3_T070_A032:130:0038
prospective_uniform	8	P2_WEEDSGALORE_TRUTH_FREE_PROPOSAL_GRID_20260810_V3_T070_A032:131:0003
prospective_uniform	8	P2_WEEDSGALORE_TRUTH_FREE_PROPOSAL_GRID_20260810_V3_T070_A032:131:0013
prospective_uniform	8	P2_WEEDSGALORE_TRUTH_FREE_PROPOSAL_GRID_20260810_V3_T070_A032:131:0015
prospective_uniform	8	P2_WEEDSGALORE_TRUTH_FREE_PROPOSAL_GRID_20260810_V3_T070_A032:133:0013
prospective_uniform	8	P2_WEEDSGALORE_TRUTH_FREE_PROPOSAL_GRID_20260810_V3_T070_A032:133:0028
prospective_uniform	8	P2_WEEDSGALORE_TRUTH_FREE_PROPOSAL_GRID_20260810_V3_T070_A032:134:0029
prospective_uniform	8	P2_WEEDSGALORE_TRUTH_FREE_PROPOSAL_GRID_20260810_V3_T070_A032:134:0031
prospective_uniform	8	P2_WEEDSGALORE_TRUTH_FREE_PROPOSAL_GRID_20260810_V3_T070_A032:134:0042
prospective_uniform	8	P2_WEEDSGALORE_TRUTH_FREE_PROPOSAL_GRID_20260810_V3_T070_A032:135:0027
prospective_uniform	8	P2_WEEDSGALORE_TRUTH_FREE_PROPOSAL_GRID_20260810_V3_T070_A032:135:0035
prospective_uniform	8	P2_WEEDSGALORE_TRUTH_FREE_PROPOSAL_GRID_20260810_V3_T070_A032:135:0066
prospective_uniform	8	P2_WEEDSGALORE_TRUTH_FREE_PROPOSAL_GRID_20260810_V3_T070_A032:136:0029
prospective_uniform	8	P2_WEEDSGALORE_TRUTH_FREE_PROPOSAL_GRID_20260810_V3_T070_A032:136:0035
prospective_uniform	8	P2_WEEDSGALORE_TRUTH_FREE_PROPOSAL_GRID_20260810_V3_T070_A032:136:0040
prospective_uniform	8	P2_WEEDSGALORE_TRUTH_FREE_PROPOSAL_GRID_20260810_V3_T070_A032:139:0019
prospective_uniform	8	P2_WEEDSGALORE_TRUTH_FREE_PROPOSAL_GRID_20260810_V3_T070_A032:139:0093
prospective_uniform	8	P2_WEEDSGALORE_TRUTH_FREE_PROPOSAL_GRID_20260810_V3_T070_A032:142:0004
prospective_uniform	8	P2_WEEDSGALORE_TRUTH_FREE_PROPOSAL_GRID_20260810_V3_T070_A032:142:0032
prospective_uniform	8	P2_WEEDSGALORE_TRUTH_FREE_PROPOSAL_GRID_20260810_V3_T070_A032:143:0002
prospective_uniform	8	P2_WEEDSGALORE_TRUTH_FREE_PROPOSAL_GRID_20260810_V3_T070_A032:143:0024
prospective_uniform	8	P2_WEEDSGALORE_TRUTH_FREE_PROPOSAL_GRID_20260810_V3_T070_A032:143:0067
prospective_uniform	8	P2_WEEDSGALORE_TRUTH_FREE_PROPOSAL_GRID_20260810_V3_T070_A032:144:0068
prospective_uniform	8	P2_WEEDSGALORE_TRUTH_FREE_PROPOSAL_GRID_20260810_V3_T070_A032:146:0039
prospective_uniform	8	P2_WEEDSGALORE_TRUTH_FREE_PROPOSAL_GRID_20260810_V3_T070_A032:148:0007
prospective_uniform	8	P2_WEEDSGALORE_TRUTH_FREE_PROPOSAL_GRID_20260810_V3_T070_A032:148:0009
prospective_uniform	8	P2_WEEDSGALORE_TRUTH_FREE_PROPOSAL_GRID_20260810_V3_T070_A032:150:0007
prospective_uniform	8	P2_WEEDSGALORE_TRUTH_FREE_PROPOSAL_GRID_20260810_V3_T070_A032:153:0090
prospective_uniform	8	P2_WEEDSGALORE_TRUTH_FREE_PROPOSAL_GRID_20260810_V3_T070_A032:153:0097
prospective_uniform	8	P2_WEEDSGALORE_TRUTH_FREE_PROPOSAL_GRID_20260810_V3_T070_A032:153:0110
prospective_uniform	8	P2_WEEDSGALORE_TRUTH_FREE_PROPOSAL_GRID_20260810_V3_T070_A032:155:0032
prospective_uniform	8	P2_WEEDSGALORE_TRUTH_FREE_PROPOSAL_GRID_20260810_V3_T070_A032:155:0072
prospective_uniform	8	P2_WEEDSGALORE_TRUTH_FREE_PROPOSAL_GRID_20260810_V3_T070_A032:155:0092
prospective_uniform	8	P2_WEEDSGALORE_TRUTH_FREE_PROPOSAL_GRID_20260810_V3_T070_A032:155:0101
prospective_uniform	8	P2_WEEDSGALORE_TRUTH_FREE_PROPOSAL_GRID_20260810_V3_T070_A032:156:0022
prospective_uniform	8	P2_WEEDSGALORE_TRUTH_FREE_PROPOSAL_GRID_20260810_V3_T070_A032:156:0049
prospective_dinov2_coreset	8	P2_WEEDSGALORE_TRUTH_FREE_PROPOSAL_GRID_20260810_V3_T070_A032:004:0009
prospective_dinov2_coreset	8	P2_WEEDSGALORE_TRUTH_FREE_PROPOSAL_GRID_20260810_V3_T070_A032:004:0060
prospective_dinov2_coreset	8	P2_WEEDSGALORE_TRUTH_FREE_PROPOSAL_GRID_20260810_V3_T070_A032:005:0008
prospective_dinov2_coreset	8	P2_WEEDSGALORE_TRUTH_FREE_PROPOSAL_GRID_20260810_V3_T070_A032:005:0039
prospective_dinov2_coreset	8	P2_WEEDSGALORE_TRUTH_FREE_PROPOSAL_GRID_20260810_V3_T070_A032:005:0057
prospective_dinov2_coreset	8	P2_WEEDSGALORE_TRUTH_FREE_PROPOSAL_GRID_20260810_V3_T070_A032:005:0090
prospective_dinov2_coreset	8	P2_WEEDSGALORE_TRUTH_FREE_PROPOSAL_GRID_20260810_V3_T070_A032:005:0109
prospective_dinov2_coreset	8	P2_WEEDSGALORE_TRUTH_FREE_PROPOSAL_GRID_20260810_V3_T070_A032:005:0128
prospective_dinov2_coreset	8	P2_WEEDSGALORE_TRUTH_FREE_PROPOSAL_GRID_20260810_V3_T070_A032:005:0139
prospective_dinov2_coreset	8	P2_WEEDSGALORE_TRUTH_FREE_PROPOSAL_GRID_20260810_V3_T070_A032:005:0157
prospective_dinov2_coreset	8	P2_WEEDSGALORE_TRUTH_FREE_PROPOSAL_GRID_20260810_V3_T070_A032:005:0171
prospective_dinov2_coreset	8	P2_WEEDSGALORE_TRUTH_FREE_PROPOSAL_GRID_20260810_V3_T070_A032:005:0174
prospective_dinov2_coreset	8	P2_WEEDSGALORE_TRUTH_FREE_PROPOSAL_GRID_20260810_V3_T070_A032:006:0004
prospective_dinov2_coreset	8	P2_WEEDSGALORE_TRUTH_FREE_PROPOSAL_GRID_20260810_V3_T070_A032:006:0054
prospective_dinov2_coreset	8	P2_WEEDSGALORE_TRUTH_FREE_PROPOSAL_GRID_20260810_V3_T070_A032:006:0098
prospective_dinov2_coreset	8	P2_WEEDSGALORE_TRUTH_FREE_PROPOSAL_GRID_20260810_V3_T070_A032:006:0118
prospective_dinov2_coreset	8	P2_WEEDSGALORE_TRUTH_FREE_PROPOSAL_GRID_20260810_V3_T070_A032:006:0217
prospective_dinov2_coreset	8	P2_WEEDSGALORE_TRUTH_FREE_PROPOSAL_GRID_20260810_V3_T070_A032:009:0002
prospective_dinov2_coreset	8	P2_WEEDSGALORE_TRUTH_FREE_PROPOSAL_GRID_20260810_V3_T070_A032:009:0016
prospective_dinov2_coreset	8	P2_WEEDSGALORE_TRUTH_FREE_PROPOSAL_GRID_20260810_V3_T070_A032:009:0031
prospective_dinov2_coreset	8	P2_WEEDSGALORE_TRUTH_FREE_PROPOSAL_GRID_20260810_V3_T070_A032:009:0064
prospective_dinov2_coreset	8	P2_WEEDSGALORE_TRUTH_FREE_PROPOSAL_GRID_20260810_V3_T070_A032:009:0089
prospective_dinov2_coreset	8	P2_WEEDSGALORE_TRUTH_FREE_PROPOSAL_GRID_20260810_V3_T070_A032:010:0007
prospective_dinov2_coreset	8	P2_WEEDSGALORE_TRUTH_FREE_PROPOSAL_GRID_20260810_V3_T070_A032:010:0075
prospective_dinov2_coreset	8	P2_WEEDSGALORE_TRUTH_FREE_PROPOSAL_GRID_20260810_V3_T070_A032:010:0080
prospective_dinov2_coreset	8	P2_WEEDSGALORE_TRUTH_FREE_PROPOSAL_GRID_20260810_V3_T070_A032:010:0111
prospective_dinov2_coreset	8	P2_WEEDSGALORE_TRUTH_FREE_PROPOSAL_GRID_20260810_V3_T070_A032:010:0123
prospective_dinov2_coreset	8	P2_WEEDSGALORE_TRUTH_FREE_PROPOSAL_GRID_20260810_V3_T070_A032:010:0140
prospective_dinov2_coreset	8	P2_WEEDSGALORE_TRUTH_FREE_PROPOSAL_GRID_20260810_V3_T070_A032:010:0203
prospective_dinov2_coreset	8	P2_WEEDSGALORE_TRUTH_FREE_PROPOSAL_GRID_20260810_V3_T070_A032:010:0207
prospective_dinov2_coreset	8	P2_WEEDSGALORE_TRUTH_FREE_PROPOSAL_GRID_20260810_V3_T070_A032:011:0063
prospective_dinov2_coreset	8	P2_WEEDSGALORE_TRUTH_FREE_PROPOSAL_GRID_20260810_V3_T070_A032:011:0112
prospective_dinov2_coreset	8	P2_WEEDSGALORE_TRUTH_FREE_PROPOSAL_GRID_20260810_V3_T070_A032:012:0004
prospective_dinov2_coreset	8	P2_WEEDSGALORE_TRUTH_FREE_PROPOSAL_GRID_20260810_V3_T070_A032:012:0006
prospective_dinov2_coreset	8	P2_WEEDSGALORE_TRUTH_FREE_PROPOSAL_GRID_20260810_V3_T070_A032:012:0007
prospective_dinov2_coreset	8	P2_WEEDSGALORE_TRUTH_FREE_PROPOSAL_GRID_20260810_V3_T070_A032:012:0029
prospective_dinov2_coreset	8	P2_WEEDSGALORE_TRUTH_FREE_PROPOSAL_GRID_20260810_V3_T070_A032:012:0069
prospective_dinov2_coreset	8	P2_WEEDSGALORE_TRUTH_FREE_PROPOSAL_GRID_20260810_V3_T070_A032:012:0099
prospective_dinov2_coreset	8	P2_WEEDSGALORE_TRUTH_FREE_PROPOSAL_GRID_20260810_V3_T070_A032:012:0131
prospective_dinov2_coreset	8	P2_WEEDSGALORE_TRUTH_FREE_PROPOSAL_GRID_20260810_V3_T070_A032:012:0178
prospective_dinov2_coreset	8	P2_WEEDSGALORE_TRUTH_FREE_PROPOSAL_GRID_20260810_V3_T070_A032:012:0197
prospective_dinov2_coreset	8	P2_WEEDSGALORE_TRUTH_FREE_PROPOSAL_GRID_20260810_V3_T070_A032:013:0001
prospective_dinov2_coreset	8	P2_WEEDSGALORE_TRUTH_FREE_PROPOSAL_GRID_20260810_V3_T070_A032:013:0009
prospective_dinov2_coreset	8	P2_WEEDSGALORE_TRUTH_FREE_PROPOSAL_GRID_20260810_V3_T070_A032:014:0020
prospective_dinov2_coreset	8	P2_WEEDSGALORE_TRUTH_FREE_PROPOSAL_GRID_20260810_V3_T070_A032:015:0016
prospective_dinov2_coreset	8	P2_WEEDSGALORE_TRUTH_FREE_PROPOSAL_GRID_20260810_V3_T070_A032:018:0018
prospective_dinov2_coreset	8	P2_WEEDSGALORE_TRUTH_FREE_PROPOSAL_GRID_20260810_V3_T070_A032:018:0027
prospective_dinov2_coreset	8	P2_WEEDSGALORE_TRUTH_FREE_PROPOSAL_GRID_20260810_V3_T070_A032:018:0061
prospective_dinov2_coreset	8	P2_WEEDSGALORE_TRUTH_FREE_PROPOSAL_GRID_20260810_V3_T070_A032:018:0109
prospective_dinov2_coreset	8	P2_WEEDSGALORE_TRUTH_FREE_PROPOSAL_GRID_20260810_V3_T070_A032:018:0113
prospective_dinov2_coreset	8	P2_WEEDSGALORE_TRUTH_FREE_PROPOSAL_GRID_20260810_V3_T070_A032:018:0168
prospective_dinov2_coreset	8	P2_WEEDSGALORE_TRUTH_FREE_PROPOSAL_GRID_20260810_V3_T070_A032:020:0001
prospective_dinov2_coreset	8	P2_WEEDSGALORE_TRUTH_FREE_PROPOSAL_GRID_20260810_V3_T070_A032:020:0002
prospective_dinov2_coreset	8	P2_WEEDSGALORE_TRUTH_FREE_PROPOSAL_GRID_20260810_V3_T070_A032:020:0009
prospective_dinov2_coreset	8	P2_WEEDSGALORE_TRUTH_FREE_PROPOSAL_GRID_20260810_V3_T070_A032:020:0025
prospective_dinov2_coreset	8	P2_WEEDSGALORE_TRUTH_FREE_PROPOSAL_GRID_20260810_V3_T070_A032:020:0043
prospective_dinov2_coreset	8	P2_WEEDSGALORE_TRUTH_FREE_PROPOSAL_GRID_20260810_V3_T070_A032:020:0063
prospective_dinov2_coreset	8	P2_WEEDSGALORE_TRUTH_FREE_PROPOSAL_GRID_20260810_V3_T070_A032:023:0014
prospective_dinov2_coreset	8	P2_WEEDSGALORE_TRUTH_FREE_PROPOSAL_GRID_20260810_V3_T070_A032:023:0017
prospective_dinov2_coreset	8	P2_WEEDSGALORE_TRUTH_FREE_PROPOSAL_GRID_20260810_V3_T070_A032:023:0095
prospective_dinov2_coreset	8	P2_WEEDSGALORE_TRUTH_FREE_PROPOSAL_GRID_20260810_V3_T070_A032:024:0013
prospective_dinov2_coreset	8	P2_WEEDSGALORE_TRUTH_FREE_PROPOSAL_GRID_20260810_V3_T070_A032:024:0071
prospective_dinov2_coreset	8	P2_WEEDSGALORE_TRUTH_FREE_PROPOSAL_GRID_20260810_V3_T070_A032:025:0020
prospective_dinov2_coreset	8	P2_WEEDSGALORE_TRUTH_FREE_PROPOSAL_GRID_20260810_V3_T070_A032:025:0072
prospective_dinov2_coreset	8	P2_WEEDSGALORE_TRUTH_FREE_PROPOSAL_GRID_20260810_V3_T070_A032:026:0008
prospective_dinov2_coreset	8	P2_WEEDSGALORE_TRUTH_FREE_PROPOSAL_GRID_20260810_V3_T070_A032:027:0023
prospective_dinov2_coreset	8	P2_WEEDSGALORE_TRUTH_FREE_PROPOSAL_GRID_20260810_V3_T070_A032:030:0008
prospective_dinov2_coreset	8	P2_WEEDSGALORE_TRUTH_FREE_PROPOSAL_GRID_20260810_V3_T070_A032:030:0018
prospective_dinov2_coreset	8	P2_WEEDSGALORE_TRUTH_FREE_PROPOSAL_GRID_20260810_V3_T070_A032:030:0024
prospective_dinov2_coreset	8	P2_WEEDSGALORE_TRUTH_FREE_PROPOSAL_GRID_20260810_V3_T070_A032:031:0003
prospective_dinov2_coreset	8	P2_WEEDSGALORE_TRUTH_FREE_PROPOSAL_GRID_20260810_V3_T070_A032:031:0020
prospective_dinov2_coreset	8	P2_WEEDSGALORE_TRUTH_FREE_PROPOSAL_GRID_20260810_V3_T070_A032:032:0028
prospective_dinov2_coreset	8	P2_WEEDSGALORE_TRUTH_FREE_PROPOSAL_GRID_20260810_V3_T070_A032:032:0039
prospective_dinov2_coreset	8	P2_WEEDSGALORE_TRUTH_FREE_PROPOSAL_GRID_20260810_V3_T070_A032:034:0037
prospective_dinov2_coreset	8	P2_WEEDSGALORE_TRUTH_FREE_PROPOSAL_GRID_20260810_V3_T070_A032:034:0100
prospective_dinov2_coreset	8	P2_WEEDSGALORE_TRUTH_FREE_PROPOSAL_GRID_20260810_V3_T070_A032:035:0039
prospective_dinov2_coreset	8	P2_WEEDSGALORE_TRUTH_FREE_PROPOSAL_GRID_20260810_V3_T070_A032:037:0007
prospective_dinov2_coreset	8	P2_WEEDSGALORE_TRUTH_FREE_PROPOSAL_GRID_20260810_V3_T070_A032:037:0046
prospective_dinov2_coreset	8	P2_WEEDSGALORE_TRUTH_FREE_PROPOSAL_GRID_20260810_V3_T070_A032:039:0009
prospective_dinov2_coreset	8	P2_WEEDSGALORE_TRUTH_FREE_PROPOSAL_GRID_20260810_V3_T070_A032:039:0023
prospective_dinov2_coreset	8	P2_WEEDSGALORE_TRUTH_FREE_PROPOSAL_GRID_20260810_V3_T070_A032:039:0032
prospective_dinov2_coreset	8	P2_WEEDSGALORE_TRUTH_FREE_PROPOSAL_GRID_20260810_V3_T070_A032:040:0004
prospective_dinov2_coreset	8	P2_WEEDSGALORE_TRUTH_FREE_PROPOSAL_GRID_20260810_V3_T070_A032:040:0008
prospective_dinov2_coreset	8	P2_WEEDSGALORE_TRUTH_FREE_PROPOSAL_GRID_20260810_V3_T070_A032:040:0028
prospective_dinov2_coreset	8	P2_WEEDSGALORE_TRUTH_FREE_PROPOSAL_GRID_20260810_V3_T070_A032:043:0004
prospective_dinov2_coreset	8	P2_WEEDSGALORE_TRUTH_FREE_PROPOSAL_GRID_20260810_V3_T070_A032:043:0054
prospective_dinov2_coreset	8	P2_WEEDSGALORE_TRUTH_FREE_PROPOSAL_GRID_20260810_V3_T070_A032:043:0061
prospective_dinov2_coreset	8	P2_WEEDSGALORE_TRUTH_FREE_PROPOSAL_GRID_20260810_V3_T070_A032:046:0030
prospective_dinov2_coreset	8	P2_WEEDSGALORE_TRUTH_FREE_PROPOSAL_GRID_20260810_V3_T070_A032:047:0020
prospective_dinov2_coreset	8	P2_WEEDSGALORE_TRUTH_FREE_PROPOSAL_GRID_20260810_V3_T070_A032:048:0001
prospective_dinov2_coreset	8	P2_WEEDSGALORE_TRUTH_FREE_PROPOSAL_GRID_20260810_V3_T070_A032:051:0042
prospective_dinov2_coreset	8	P2_WEEDSGALORE_TRUTH_FREE_PROPOSAL_GRID_20260810_V3_T070_A032:051:0059
prospective_dinov2_coreset	8	P2_WEEDSGALORE_TRUTH_FREE_PROPOSAL_GRID_20260810_V3_T070_A032:052:0015
prospective_dinov2_coreset	8	P2_WEEDSGALORE_TRUTH_FREE_PROPOSAL_GRID_20260810_V3_T070_A032:052:0034
prospective_dinov2_coreset	8	P2_WEEDSGALORE_TRUTH_FREE_PROPOSAL_GRID_20260810_V3_T070_A032:052:0063
prospective_dinov2_coreset	8	P2_WEEDSGALORE_TRUTH_FREE_PROPOSAL_GRID_20260810_V3_T070_A032:052:0106
prospective_dinov2_coreset	8	P2_WEEDSGALORE_TRUTH_FREE_PROPOSAL_GRID_20260810_V3_T070_A032:052:0110
prospective_dinov2_coreset	8	P2_WEEDSGALORE_TRUTH_FREE_PROPOSAL_GRID_20260810_V3_T070_A032:052:0170
prospective_dinov2_coreset	8	P2_WEEDSGALORE_TRUTH_FREE_PROPOSAL_GRID_20260810_V3_T070_A032:052:0228
prospective_dinov2_coreset	8	P2_WEEDSGALORE_TRUTH_FREE_PROPOSAL_GRID_20260810_V3_T070_A032:053:0031
prospective_dinov2_coreset	8	P2_WEEDSGALORE_TRUTH_FREE_PROPOSAL_GRID_20260810_V3_T070_A032:053:0035
prospective_dinov2_coreset	8	P2_WEEDSGALORE_TRUTH_FREE_PROPOSAL_GRID_20260810_V3_T070_A032:053:0054
prospective_dinov2_coreset	8	P2_WEEDSGALORE_TRUTH_FREE_PROPOSAL_GRID_20260810_V3_T070_A032:053:0070
prospective_dinov2_coreset	8	P2_WEEDSGALORE_TRUTH_FREE_PROPOSAL_GRID_20260810_V3_T070_A032:053:0121
prospective_dinov2_coreset	8	P2_WEEDSGALORE_TRUTH_FREE_PROPOSAL_GRID_20260810_V3_T070_A032:053:0122
prospective_dinov2_coreset	8	P2_WEEDSGALORE_TRUTH_FREE_PROPOSAL_GRID_20260810_V3_T070_A032:053:0124
prospective_dinov2_coreset	8	P2_WEEDSGALORE_TRUTH_FREE_PROPOSAL_GRID_20260810_V3_T070_A032:054:0004
prospective_dinov2_coreset	8	P2_WEEDSGALORE_TRUTH_FREE_PROPOSAL_GRID_20260810_V3_T070_A032:054:0022
prospective_dinov2_coreset	8	P2_WEEDSGALORE_TRUTH_FREE_PROPOSAL_GRID_20260810_V3_T070_A032:054:0135
prospective_dinov2_coreset	8	P2_WEEDSGALORE_TRUTH_FREE_PROPOSAL_GRID_20260810_V3_T070_A032:054:0146
prospective_dinov2_coreset	8	P2_WEEDSGALORE_TRUTH_FREE_PROPOSAL_GRID_20260810_V3_T070_A032:058:0082
prospective_dinov2_coreset	8	P2_WEEDSGALORE_TRUTH_FREE_PROPOSAL_GRID_20260810_V3_T070_A032:058:0134
prospective_dinov2_coreset	8	P2_WEEDSGALORE_TRUTH_FREE_PROPOSAL_GRID_20260810_V3_T070_A032:059:0011
prospective_dinov2_coreset	8	P2_WEEDSGALORE_TRUTH_FREE_PROPOSAL_GRID_20260810_V3_T070_A032:059:0012
prospective_dinov2_coreset	8	P2_WEEDSGALORE_TRUTH_FREE_PROPOSAL_GRID_20260810_V3_T070_A032:059:0133
prospective_dinov2_coreset	8	P2_WEEDSGALORE_TRUTH_FREE_PROPOSAL_GRID_20260810_V3_T070_A032:060:0026
prospective_dinov2_coreset	8	P2_WEEDSGALORE_TRUTH_FREE_PROPOSAL_GRID_20260810_V3_T070_A032:060:0034
prospective_dinov2_coreset	8	P2_WEEDSGALORE_TRUTH_FREE_PROPOSAL_GRID_20260810_V3_T070_A032:060:0053
prospective_dinov2_coreset	8	P2_WEEDSGALORE_TRUTH_FREE_PROPOSAL_GRID_20260810_V3_T070_A032:060:0057
prospective_dinov2_coreset	8	P2_WEEDSGALORE_TRUTH_FREE_PROPOSAL_GRID_20260810_V3_T070_A032:060:0087
prospective_dinov2_coreset	8	P2_WEEDSGALORE_TRUTH_FREE_PROPOSAL_GRID_20260810_V3_T070_A032:060:0099
prospective_dinov2_coreset	8	P2_WEEDSGALORE_TRUTH_FREE_PROPOSAL_GRID_20260810_V3_T070_A032:060:0150
prospective_dinov2_coreset	8	P2_WEEDSGALORE_TRUTH_FREE_PROPOSAL_GRID_20260810_V3_T070_A032:061:0035
prospective_dinov2_coreset	8	P2_WEEDSGALORE_TRUTH_FREE_PROPOSAL_GRID_20260810_V3_T070_A032:061:0055
prospective_dinov2_coreset	8	P2_WEEDSGALORE_TRUTH_FREE_PROPOSAL_GRID_20260810_V3_T070_A032:061:0088
prospective_dinov2_coreset	8	P2_WEEDSGALORE_TRUTH_FREE_PROPOSAL_GRID_20260810_V3_T070_A032:061:0132
prospective_dinov2_coreset	8	P2_WEEDSGALORE_TRUTH_FREE_PROPOSAL_GRID_20260810_V3_T070_A032:061:0133
prospective_dinov2_coreset	8	P2_WEEDSGALORE_TRUTH_FREE_PROPOSAL_GRID_20260810_V3_T070_A032:061:0166
prospective_dinov2_coreset	8	P2_WEEDSGALORE_TRUTH_FREE_PROPOSAL_GRID_20260810_V3_T070_A032:061:0175
prospective_dinov2_coreset	8	P2_WEEDSGALORE_TRUTH_FREE_PROPOSAL_GRID_20260810_V3_T070_A032:062:0004
prospective_dinov2_coreset	8	P2_WEEDSGALORE_TRUTH_FREE_PROPOSAL_GRID_20260810_V3_T070_A032:062:0059
prospective_dinov2_coreset	8	P2_WEEDSGALORE_TRUTH_FREE_PROPOSAL_GRID_20260810_V3_T070_A032:062:0081
prospective_dinov2_coreset	8	P2_WEEDSGALORE_TRUTH_FREE_PROPOSAL_GRID_20260810_V3_T070_A032:063:0001
prospective_dinov2_coreset	8	P2_WEEDSGALORE_TRUTH_FREE_PROPOSAL_GRID_20260810_V3_T070_A032:063:0005
prospective_dinov2_coreset	8	P2_WEEDSGALORE_TRUTH_FREE_PROPOSAL_GRID_20260810_V3_T070_A032:064:0031
prospective_dinov2_coreset	8	P2_WEEDSGALORE_TRUTH_FREE_PROPOSAL_GRID_20260810_V3_T070_A032:064:0043
prospective_dinov2_coreset	8	P2_WEEDSGALORE_TRUTH_FREE_PROPOSAL_GRID_20260810_V3_T070_A032:064:0060
prospective_dinov2_coreset	8	P2_WEEDSGALORE_TRUTH_FREE_PROPOSAL_GRID_20260810_V3_T070_A032:064:0063
prospective_dinov2_coreset	8	P2_WEEDSGALORE_TRUTH_FREE_PROPOSAL_GRID_20260810_V3_T070_A032:064:0092
prospective_dinov2_coreset	8	P2_WEEDSGALORE_TRUTH_FREE_PROPOSAL_GRID_20260810_V3_T070_A032:064:0111
prospective_dinov2_coreset	8	P2_WEEDSGALORE_TRUTH_FREE_PROPOSAL_GRID_20260810_V3_T070_A032:064:0129
prospective_dinov2_coreset	8	P2_WEEDSGALORE_TRUTH_FREE_PROPOSAL_GRID_20260810_V3_T070_A032:067:0015
prospective_dinov2_coreset	8	P2_WEEDSGALORE_TRUTH_FREE_PROPOSAL_GRID_20260810_V3_T070_A032:067:0018
prospective_dinov2_coreset	8	P2_WEEDSGALORE_TRUTH_FREE_PROPOSAL_GRID_20260810_V3_T070_A032:067:0026
prospective_dinov2_coreset	8	P2_WEEDSGALORE_TRUTH_FREE_PROPOSAL_GRID_20260810_V3_T070_A032:067:0063
prospective_dinov2_coreset	8	P2_WEEDSGALORE_TRUTH_FREE_PROPOSAL_GRID_20260810_V3_T070_A032:067:0071
prospective_dinov2_coreset	8	P2_WEEDSGALORE_TRUTH_FREE_PROPOSAL_GRID_20260810_V3_T070_A032:067:0083
prospective_dinov2_coreset	8	P2_WEEDSGALORE_TRUTH_FREE_PROPOSAL_GRID_20260810_V3_T070_A032:067:0090
prospective_dinov2_coreset	8	P2_WEEDSGALORE_TRUTH_FREE_PROPOSAL_GRID_20260810_V3_T070_A032:067:0122
prospective_dinov2_coreset	8	P2_WEEDSGALORE_TRUTH_FREE_PROPOSAL_GRID_20260810_V3_T070_A032:067:0126
prospective_dinov2_coreset	8	P2_WEEDSGALORE_TRUTH_FREE_PROPOSAL_GRID_20260810_V3_T070_A032:070:0004
prospective_dinov2_coreset	8	P2_WEEDSGALORE_TRUTH_FREE_PROPOSAL_GRID_20260810_V3_T070_A032:070:0017
prospective_dinov2_coreset	8	P2_WEEDSGALORE_TRUTH_FREE_PROPOSAL_GRID_20260810_V3_T070_A032:070:0057
prospective_dinov2_coreset	8	P2_WEEDSGALORE_TRUTH_FREE_PROPOSAL_GRID_20260810_V3_T070_A032:070:0080
prospective_dinov2_coreset	8	P2_WEEDSGALORE_TRUTH_FREE_PROPOSAL_GRID_20260810_V3_T070_A032:070:0093
prospective_dinov2_coreset	8	P2_WEEDSGALORE_TRUTH_FREE_PROPOSAL_GRID_20260810_V3_T070_A032:070:0149
prospective_dinov2_coreset	8	P2_WEEDSGALORE_TRUTH_FREE_PROPOSAL_GRID_20260810_V3_T070_A032:070:0187
prospective_dinov2_coreset	8	P2_WEEDSGALORE_TRUTH_FREE_PROPOSAL_GRID_20260810_V3_T070_A032:071:0070
prospective_dinov2_coreset	8	P2_WEEDSGALORE_TRUTH_FREE_PROPOSAL_GRID_20260810_V3_T070_A032:071:0087
prospective_dinov2_coreset	8	P2_WEEDSGALORE_TRUTH_FREE_PROPOSAL_GRID_20260810_V3_T070_A032:071:0090
prospective_dinov2_coreset	8	P2_WEEDSGALORE_TRUTH_FREE_PROPOSAL_GRID_20260810_V3_T070_A032:071:0096
prospective_dinov2_coreset	8	P2_WEEDSGALORE_TRUTH_FREE_PROPOSAL_GRID_20260810_V3_T070_A032:071:0148
prospective_dinov2_coreset	8	P2_WEEDSGALORE_TRUTH_FREE_PROPOSAL_GRID_20260810_V3_T070_A032:072:0026
prospective_dinov2_coreset	8	P2_WEEDSGALORE_TRUTH_FREE_PROPOSAL_GRID_20260810_V3_T070_A032:072:0057
prospective_dinov2_coreset	8	P2_WEEDSGALORE_TRUTH_FREE_PROPOSAL_GRID_20260810_V3_T070_A032:072:0060
prospective_dinov2_coreset	8	P2_WEEDSGALORE_TRUTH_FREE_PROPOSAL_GRID_20260810_V3_T070_A032:072:0069
prospective_dinov2_coreset	8	P2_WEEDSGALORE_TRUTH_FREE_PROPOSAL_GRID_20260810_V3_T070_A032:073:0010
prospective_dinov2_coreset	8	P2_WEEDSGALORE_TRUTH_FREE_PROPOSAL_GRID_20260810_V3_T070_A032:073:0023
prospective_dinov2_coreset	8	P2_WEEDSGALORE_TRUTH_FREE_PROPOSAL_GRID_20260810_V3_T070_A032:073:0043
prospective_dinov2_coreset	8	P2_WEEDSGALORE_TRUTH_FREE_PROPOSAL_GRID_20260810_V3_T070_A032:073:0047
prospective_dinov2_coreset	8	P2_WEEDSGALORE_TRUTH_FREE_PROPOSAL_GRID_20260810_V3_T070_A032:073:0063
prospective_dinov2_coreset	8	P2_WEEDSGALORE_TRUTH_FREE_PROPOSAL_GRID_20260810_V3_T070_A032:073:0108
prospective_dinov2_coreset	8	P2_WEEDSGALORE_TRUTH_FREE_PROPOSAL_GRID_20260810_V3_T070_A032:073:0124
prospective_dinov2_coreset	8	P2_WEEDSGALORE_TRUTH_FREE_PROPOSAL_GRID_20260810_V3_T070_A032:073:0129
prospective_dinov2_coreset	8	P2_WEEDSGALORE_TRUTH_FREE_PROPOSAL_GRID_20260810_V3_T070_A032:074:0027
prospective_dinov2_coreset	8	P2_WEEDSGALORE_TRUTH_FREE_PROPOSAL_GRID_20260810_V3_T070_A032:074:0116
prospective_dinov2_coreset	8	P2_WEEDSGALORE_TRUTH_FREE_PROPOSAL_GRID_20260810_V3_T070_A032:074:0143
prospective_dinov2_coreset	8	P2_WEEDSGALORE_TRUTH_FREE_PROPOSAL_GRID_20260810_V3_T070_A032:077:0057
prospective_dinov2_coreset	8	P2_WEEDSGALORE_TRUTH_FREE_PROPOSAL_GRID_20260810_V3_T070_A032:077:0072
prospective_dinov2_coreset	8	P2_WEEDSGALORE_TRUTH_FREE_PROPOSAL_GRID_20260810_V3_T070_A032:077:0177
prospective_dinov2_coreset	8	P2_WEEDSGALORE_TRUTH_FREE_PROPOSAL_GRID_20260810_V3_T070_A032:078:0056
prospective_dinov2_coreset	8	P2_WEEDSGALORE_TRUTH_FREE_PROPOSAL_GRID_20260810_V3_T070_A032:078:0071
prospective_dinov2_coreset	8	P2_WEEDSGALORE_TRUTH_FREE_PROPOSAL_GRID_20260810_V3_T070_A032:078:0088
prospective_dinov2_coreset	8	P2_WEEDSGALORE_TRUTH_FREE_PROPOSAL_GRID_20260810_V3_T070_A032:078:0106
prospective_dinov2_coreset	8	P2_WEEDSGALORE_TRUTH_FREE_PROPOSAL_GRID_20260810_V3_T070_A032:078:0109
prospective_dinov2_coreset	8	P2_WEEDSGALORE_TRUTH_FREE_PROPOSAL_GRID_20260810_V3_T070_A032:078:0150
prospective_dinov2_coreset	8	P2_WEEDSGALORE_TRUTH_FREE_PROPOSAL_GRID_20260810_V3_T070_A032:078:0190
prospective_dinov2_coreset	8	P2_WEEDSGALORE_TRUTH_FREE_PROPOSAL_GRID_20260810_V3_T070_A032:080:0032
prospective_dinov2_coreset	8	P2_WEEDSGALORE_TRUTH_FREE_PROPOSAL_GRID_20260810_V3_T070_A032:080:0062
prospective_dinov2_coreset	8	P2_WEEDSGALORE_TRUTH_FREE_PROPOSAL_GRID_20260810_V3_T070_A032:080:0073
prospective_dinov2_coreset	8	P2_WEEDSGALORE_TRUTH_FREE_PROPOSAL_GRID_20260810_V3_T070_A032:081:0012
prospective_dinov2_coreset	8	P2_WEEDSGALORE_TRUTH_FREE_PROPOSAL_GRID_20260810_V3_T070_A032:084:0031
prospective_dinov2_coreset	8	P2_WEEDSGALORE_TRUTH_FREE_PROPOSAL_GRID_20260810_V3_T070_A032:084:0050
prospective_dinov2_coreset	8	P2_WEEDSGALORE_TRUTH_FREE_PROPOSAL_GRID_20260810_V3_T070_A032:084:0063
prospective_dinov2_coreset	8	P2_WEEDSGALORE_TRUTH_FREE_PROPOSAL_GRID_20260810_V3_T070_A032:085:0071
prospective_dinov2_coreset	8	P2_WEEDSGALORE_TRUTH_FREE_PROPOSAL_GRID_20260810_V3_T070_A032:086:0046
prospective_dinov2_coreset	8	P2_WEEDSGALORE_TRUTH_FREE_PROPOSAL_GRID_20260810_V3_T070_A032:089:0028
prospective_dinov2_coreset	8	P2_WEEDSGALORE_TRUTH_FREE_PROPOSAL_GRID_20260810_V3_T070_A032:089:0031
prospective_dinov2_coreset	8	P2_WEEDSGALORE_TRUTH_FREE_PROPOSAL_GRID_20260810_V3_T070_A032:089:0047
prospective_dinov2_coreset	8	P2_WEEDSGALORE_TRUTH_FREE_PROPOSAL_GRID_20260810_V3_T070_A032:089:0061
prospective_dinov2_coreset	8	P2_WEEDSGALORE_TRUTH_FREE_PROPOSAL_GRID_20260810_V3_T070_A032:090:0018
prospective_dinov2_coreset	8	P2_WEEDSGALORE_TRUTH_FREE_PROPOSAL_GRID_20260810_V3_T070_A032:090:0030
prospective_dinov2_coreset	8	P2_WEEDSGALORE_TRUTH_FREE_PROPOSAL_GRID_20260810_V3_T070_A032:090:0032
prospective_dinov2_coreset	8	P2_WEEDSGALORE_TRUTH_FREE_PROPOSAL_GRID_20260810_V3_T070_A032:090:0067
prospective_dinov2_coreset	8	P2_WEEDSGALORE_TRUTH_FREE_PROPOSAL_GRID_20260810_V3_T070_A032:091:0018
prospective_dinov2_coreset	8	P2_WEEDSGALORE_TRUTH_FREE_PROPOSAL_GRID_20260810_V3_T070_A032:091:0022
prospective_dinov2_coreset	8	P2_WEEDSGALORE_TRUTH_FREE_PROPOSAL_GRID_20260810_V3_T070_A032:092:0088
prospective_dinov2_coreset	8	P2_WEEDSGALORE_TRUTH_FREE_PROPOSAL_GRID_20260810_V3_T070_A032:092:0097
prospective_dinov2_coreset	8	P2_WEEDSGALORE_TRUTH_FREE_PROPOSAL_GRID_20260810_V3_T070_A032:093:0022
prospective_dinov2_coreset	8	P2_WEEDSGALORE_TRUTH_FREE_PROPOSAL_GRID_20260810_V3_T070_A032:093:0028
prospective_dinov2_coreset	8	P2_WEEDSGALORE_TRUTH_FREE_PROPOSAL_GRID_20260810_V3_T070_A032:093:0044
prospective_dinov2_coreset	8	P2_WEEDSGALORE_TRUTH_FREE_PROPOSAL_GRID_20260810_V3_T070_A032:093:0054
prospective_dinov2_coreset	8	P2_WEEDSGALORE_TRUTH_FREE_PROPOSAL_GRID_20260810_V3_T070_A032:094:0022
prospective_dinov2_coreset	8	P2_WEEDSGALORE_TRUTH_FREE_PROPOSAL_GRID_20260810_V3_T070_A032:094:0034
prospective_dinov2_coreset	8	P2_WEEDSGALORE_TRUTH_FREE_PROPOSAL_GRID_20260810_V3_T070_A032:094:0043
prospective_dinov2_coreset	8	P2_WEEDSGALORE_TRUTH_FREE_PROPOSAL_GRID_20260810_V3_T070_A032:097:0029
prospective_dinov2_coreset	8	P2_WEEDSGALORE_TRUTH_FREE_PROPOSAL_GRID_20260810_V3_T070_A032:101:0036
prospective_dinov2_coreset	8	P2_WEEDSGALORE_TRUTH_FREE_PROPOSAL_GRID_20260810_V3_T070_A032:102:0049
prospective_dinov2_coreset	8	P2_WEEDSGALORE_TRUTH_FREE_PROPOSAL_GRID_20260810_V3_T070_A032:103:0033
prospective_dinov2_coreset	8	P2_WEEDSGALORE_TRUTH_FREE_PROPOSAL_GRID_20260810_V3_T070_A032:103:0037
prospective_dinov2_coreset	8	P2_WEEDSGALORE_TRUTH_FREE_PROPOSAL_GRID_20260810_V3_T070_A032:103:0050
prospective_dinov2_coreset	8	P2_WEEDSGALORE_TRUTH_FREE_PROPOSAL_GRID_20260810_V3_T070_A032:103:0072
prospective_dinov2_coreset	8	P2_WEEDSGALORE_TRUTH_FREE_PROPOSAL_GRID_20260810_V3_T070_A032:104:0012
prospective_dinov2_coreset	8	P2_WEEDSGALORE_TRUTH_FREE_PROPOSAL_GRID_20260810_V3_T070_A032:104:0035
prospective_dinov2_coreset	8	P2_WEEDSGALORE_TRUTH_FREE_PROPOSAL_GRID_20260810_V3_T070_A032:104:0038
prospective_dinov2_coreset	8	P2_WEEDSGALORE_TRUTH_FREE_PROPOSAL_GRID_20260810_V3_T070_A032:106:0025
prospective_dinov2_coreset	8	P2_WEEDSGALORE_TRUTH_FREE_PROPOSAL_GRID_20260810_V3_T070_A032:106:0026
prospective_dinov2_coreset	8	P2_WEEDSGALORE_TRUTH_FREE_PROPOSAL_GRID_20260810_V3_T070_A032:106:0047
prospective_dinov2_coreset	8	P2_WEEDSGALORE_TRUTH_FREE_PROPOSAL_GRID_20260810_V3_T070_A032:106:0055
prospective_dinov2_coreset	8	P2_WEEDSGALORE_TRUTH_FREE_PROPOSAL_GRID_20260810_V3_T070_A032:107:0070
prospective_dinov2_coreset	8	P2_WEEDSGALORE_TRUTH_FREE_PROPOSAL_GRID_20260810_V3_T070_A032:108:0028
prospective_dinov2_coreset	8	P2_WEEDSGALORE_TRUTH_FREE_PROPOSAL_GRID_20260810_V3_T070_A032:110:0014
prospective_dinov2_coreset	8	P2_WEEDSGALORE_TRUTH_FREE_PROPOSAL_GRID_20260810_V3_T070_A032:110:0017
prospective_dinov2_coreset	8	P2_WEEDSGALORE_TRUTH_FREE_PROPOSAL_GRID_20260810_V3_T070_A032:110:0055
prospective_dinov2_coreset	8	P2_WEEDSGALORE_TRUTH_FREE_PROPOSAL_GRID_20260810_V3_T070_A032:110:0077
prospective_dinov2_coreset	8	P2_WEEDSGALORE_TRUTH_FREE_PROPOSAL_GRID_20260810_V3_T070_A032:111:0019
prospective_dinov2_coreset	8	P2_WEEDSGALORE_TRUTH_FREE_PROPOSAL_GRID_20260810_V3_T070_A032:114:0012
prospective_dinov2_coreset	8	P2_WEEDSGALORE_TRUTH_FREE_PROPOSAL_GRID_20260810_V3_T070_A032:114:0038
prospective_dinov2_coreset	8	P2_WEEDSGALORE_TRUTH_FREE_PROPOSAL_GRID_20260810_V3_T070_A032:115:0018
prospective_dinov2_coreset	8	P2_WEEDSGALORE_TRUTH_FREE_PROPOSAL_GRID_20260810_V3_T070_A032:115:0036
prospective_dinov2_coreset	8	P2_WEEDSGALORE_TRUTH_FREE_PROPOSAL_GRID_20260810_V3_T070_A032:116:0011
prospective_dinov2_coreset	8	P2_WEEDSGALORE_TRUTH_FREE_PROPOSAL_GRID_20260810_V3_T070_A032:116:0028
prospective_dinov2_coreset	8	P2_WEEDSGALORE_TRUTH_FREE_PROPOSAL_GRID_20260810_V3_T070_A032:116:0037
prospective_dinov2_coreset	8	P2_WEEDSGALORE_TRUTH_FREE_PROPOSAL_GRID_20260810_V3_T070_A032:119:0032
prospective_dinov2_coreset	8	P2_WEEDSGALORE_TRUTH_FREE_PROPOSAL_GRID_20260810_V3_T070_A032:119:0050
prospective_dinov2_coreset	8	P2_WEEDSGALORE_TRUTH_FREE_PROPOSAL_GRID_20260810_V3_T070_A032:119:0060
prospective_dinov2_coreset	8	P2_WEEDSGALORE_TRUTH_FREE_PROPOSAL_GRID_20260810_V3_T070_A032:119:0062
prospective_dinov2_coreset	8	P2_WEEDSGALORE_TRUTH_FREE_PROPOSAL_GRID_20260810_V3_T070_A032:120:0020
prospective_dinov2_coreset	8	P2_WEEDSGALORE_TRUTH_FREE_PROPOSAL_GRID_20260810_V3_T070_A032:120:0039
prospective_dinov2_coreset	8	P2_WEEDSGALORE_TRUTH_FREE_PROPOSAL_GRID_20260810_V3_T070_A032:120:0048
prospective_dinov2_coreset	8	P2_WEEDSGALORE_TRUTH_FREE_PROPOSAL_GRID_20260810_V3_T070_A032:121:0012
prospective_dinov2_coreset	8	P2_WEEDSGALORE_TRUTH_FREE_PROPOSAL_GRID_20260810_V3_T070_A032:121:0018
prospective_dinov2_coreset	8	P2_WEEDSGALORE_TRUTH_FREE_PROPOSAL_GRID_20260810_V3_T070_A032:123:0009
prospective_dinov2_coreset	8	P2_WEEDSGALORE_TRUTH_FREE_PROPOSAL_GRID_20260810_V3_T070_A032:123:0045
prospective_dinov2_coreset	8	P2_WEEDSGALORE_TRUTH_FREE_PROPOSAL_GRID_20260810_V3_T070_A032:123:0048
prospective_dinov2_coreset	8	P2_WEEDSGALORE_TRUTH_FREE_PROPOSAL_GRID_20260810_V3_T070_A032:126:0025
prospective_dinov2_coreset	8	P2_WEEDSGALORE_TRUTH_FREE_PROPOSAL_GRID_20260810_V3_T070_A032:126:0050
prospective_dinov2_coreset	8	P2_WEEDSGALORE_TRUTH_FREE_PROPOSAL_GRID_20260810_V3_T070_A032:127:0026
prospective_dinov2_coreset	8	P2_WEEDSGALORE_TRUTH_FREE_PROPOSAL_GRID_20260810_V3_T070_A032:127:0029
prospective_dinov2_coreset	8	P2_WEEDSGALORE_TRUTH_FREE_PROPOSAL_GRID_20260810_V3_T070_A032:127:0035
prospective_dinov2_coreset	8	P2_WEEDSGALORE_TRUTH_FREE_PROPOSAL_GRID_20260810_V3_T070_A032:127:0087
prospective_dinov2_coreset	8	P2_WEEDSGALORE_TRUTH_FREE_PROPOSAL_GRID_20260810_V3_T070_A032:130:0056
prospective_dinov2_coreset	8	P2_WEEDSGALORE_TRUTH_FREE_PROPOSAL_GRID_20260810_V3_T070_A032:130:0061
prospective_dinov2_coreset	8	P2_WEEDSGALORE_TRUTH_FREE_PROPOSAL_GRID_20260810_V3_T070_A032:130:0063
prospective_dinov2_coreset	8	P2_WEEDSGALORE_TRUTH_FREE_PROPOSAL_GRID_20260810_V3_T070_A032:131:0010
prospective_dinov2_coreset	8	P2_WEEDSGALORE_TRUTH_FREE_PROPOSAL_GRID_20260810_V3_T070_A032:133:0016
prospective_dinov2_coreset	8	P2_WEEDSGALORE_TRUTH_FREE_PROPOSAL_GRID_20260810_V3_T070_A032:134:0039
prospective_dinov2_coreset	8	P2_WEEDSGALORE_TRUTH_FREE_PROPOSAL_GRID_20260810_V3_T070_A032:134:0075
prospective_dinov2_coreset	8	P2_WEEDSGALORE_TRUTH_FREE_PROPOSAL_GRID_20260810_V3_T070_A032:136:0011
prospective_dinov2_coreset	8	P2_WEEDSGALORE_TRUTH_FREE_PROPOSAL_GRID_20260810_V3_T070_A032:136:0020
prospective_dinov2_coreset	8	P2_WEEDSGALORE_TRUTH_FREE_PROPOSAL_GRID_20260810_V3_T070_A032:136:0070
prospective_dinov2_coreset	8	P2_WEEDSGALORE_TRUTH_FREE_PROPOSAL_GRID_20260810_V3_T070_A032:139:0002
prospective_dinov2_coreset	8	P2_WEEDSGALORE_TRUTH_FREE_PROPOSAL_GRID_20260810_V3_T070_A032:139:0082
prospective_dinov2_coreset	8	P2_WEEDSGALORE_TRUTH_FREE_PROPOSAL_GRID_20260810_V3_T070_A032:139:0091
prospective_dinov2_coreset	8	P2_WEEDSGALORE_TRUTH_FREE_PROPOSAL_GRID_20260810_V3_T070_A032:142:0011
prospective_dinov2_coreset	8	P2_WEEDSGALORE_TRUTH_FREE_PROPOSAL_GRID_20260810_V3_T070_A032:142:0035
prospective_dinov2_coreset	8	P2_WEEDSGALORE_TRUTH_FREE_PROPOSAL_GRID_20260810_V3_T070_A032:142:0044
prospective_dinov2_coreset	8	P2_WEEDSGALORE_TRUTH_FREE_PROPOSAL_GRID_20260810_V3_T070_A032:142:0049
prospective_dinov2_coreset	8	P2_WEEDSGALORE_TRUTH_FREE_PROPOSAL_GRID_20260810_V3_T070_A032:142:0058
prospective_dinov2_coreset	8	P2_WEEDSGALORE_TRUTH_FREE_PROPOSAL_GRID_20260810_V3_T070_A032:142:0082
prospective_dinov2_coreset	8	P2_WEEDSGALORE_TRUTH_FREE_PROPOSAL_GRID_20260810_V3_T070_A032:143:0009
prospective_dinov2_coreset	8	P2_WEEDSGALORE_TRUTH_FREE_PROPOSAL_GRID_20260810_V3_T070_A032:143:0036
prospective_dinov2_coreset	8	P2_WEEDSGALORE_TRUTH_FREE_PROPOSAL_GRID_20260810_V3_T070_A032:143:0041
prospective_dinov2_coreset	8	P2_WEEDSGALORE_TRUTH_FREE_PROPOSAL_GRID_20260810_V3_T070_A032:143:0074
prospective_dinov2_coreset	8	P2_WEEDSGALORE_TRUTH_FREE_PROPOSAL_GRID_20260810_V3_T070_A032:144:0026
prospective_dinov2_coreset	8	P2_WEEDSGALORE_TRUTH_FREE_PROPOSAL_GRID_20260810_V3_T070_A032:144:0045
prospective_dinov2_coreset	8	P2_WEEDSGALORE_TRUTH_FREE_PROPOSAL_GRID_20260810_V3_T070_A032:146:0003
prospective_dinov2_coreset	8	P2_WEEDSGALORE_TRUTH_FREE_PROPOSAL_GRID_20260810_V3_T070_A032:146:0005
prospective_dinov2_coreset	8	P2_WEEDSGALORE_TRUTH_FREE_PROPOSAL_GRID_20260810_V3_T070_A032:150:0034
prospective_dinov2_coreset	8	P2_WEEDSGALORE_TRUTH_FREE_PROPOSAL_GRID_20260810_V3_T070_A032:151:0001
prospective_dinov2_coreset	8	P2_WEEDSGALORE_TRUTH_FREE_PROPOSAL_GRID_20260810_V3_T070_A032:153:0013
prospective_dinov2_coreset	8	P2_WEEDSGALORE_TRUTH_FREE_PROPOSAL_GRID_20260810_V3_T070_A032:153:0048
prospective_dinov2_coreset	8	P2_WEEDSGALORE_TRUTH_FREE_PROPOSAL_GRID_20260810_V3_T070_A032:153:0069
prospective_dinov2_coreset	8	P2_WEEDSGALORE_TRUTH_FREE_PROPOSAL_GRID_20260810_V3_T070_A032:153:0076
prospective_dinov2_coreset	8	P2_WEEDSGALORE_TRUTH_FREE_PROPOSAL_GRID_20260810_V3_T070_A032:155:0003
prospective_dinov2_coreset	8	P2_WEEDSGALORE_TRUTH_FREE_PROPOSAL_GRID_20260810_V3_T070_A032:155:0026
prospective_dinov2_coreset	8	P2_WEEDSGALORE_TRUTH_FREE_PROPOSAL_GRID_20260810_V3_T070_A032:155:0034
prospective_dinov2_coreset	8	P2_WEEDSGALORE_TRUTH_FREE_PROPOSAL_GRID_20260810_V3_T070_A032:155:0088
prospective_dinov2_coreset	8	P2_WEEDSGALORE_TRUTH_FREE_PROPOSAL_GRID_20260810_V3_T070_A032:156:0024
prospective_dinov2_coreset	8	P2_WEEDSGALORE_TRUTH_FREE_PROPOSAL_GRID_20260810_V3_T070_A032:156:0033
retrospective_class_stratified	8	P2_WEEDSGALORE_TRUTH_FREE_PROPOSAL_GRID_20260810_V3_T070_A032:005:0032
retrospective_class_stratified	8	P2_WEEDSGALORE_TRUTH_FREE_PROPOSAL_GRID_20260810_V3_T070_A032:005:0061
retrospective_class_stratified	8	P2_WEEDSGALORE_TRUTH_FREE_PROPOSAL_GRID_20260810_V3_T070_A032:005:0118
retrospective_class_stratified	8	P2_WEEDSGALORE_TRUTH_FREE_PROPOSAL_GRID_20260810_V3_T070_A032:005:0119
retrospective_class_stratified	8	P2_WEEDSGALORE_TRUTH_FREE_PROPOSAL_GRID_20260810_V3_T070_A032:005:0130
retrospective_class_stratified	8	P2_WEEDSGALORE_TRUTH_FREE_PROPOSAL_GRID_20260810_V3_T070_A032:006:0004
retrospective_class_stratified	8	P2_WEEDSGALORE_TRUTH_FREE_PROPOSAL_GRID_20260810_V3_T070_A032:006:0065
retrospective_class_stratified	8	P2_WEEDSGALORE_TRUTH_FREE_PROPOSAL_GRID_20260810_V3_T070_A032:006:0069
retrospective_class_stratified	8	P2_WEEDSGALORE_TRUTH_FREE_PROPOSAL_GRID_20260810_V3_T070_A032:006:0082
retrospective_class_stratified	8	P2_WEEDSGALORE_TRUTH_FREE_PROPOSAL_GRID_20260810_V3_T070_A032:006:0118
retrospective_class_stratified	8	P2_WEEDSGALORE_TRUTH_FREE_PROPOSAL_GRID_20260810_V3_T070_A032:006:0128
retrospective_class_stratified	8	P2_WEEDSGALORE_TRUTH_FREE_PROPOSAL_GRID_20260810_V3_T070_A032:006:0204
retrospective_class_stratified	8	P2_WEEDSGALORE_TRUTH_FREE_PROPOSAL_GRID_20260810_V3_T070_A032:006:0214
retrospective_class_stratified	8	P2_WEEDSGALORE_TRUTH_FREE_PROPOSAL_GRID_20260810_V3_T070_A032:006:0224
retrospective_class_stratified	8	P2_WEEDSGALORE_TRUTH_FREE_PROPOSAL_GRID_20260810_V3_T070_A032:009:0078
retrospective_class_stratified	8	P2_WEEDSGALORE_TRUTH_FREE_PROPOSAL_GRID_20260810_V3_T070_A032:010:0006
retrospective_class_stratified	8	P2_WEEDSGALORE_TRUTH_FREE_PROPOSAL_GRID_20260810_V3_T070_A032:010:0054
retrospective_class_stratified	8	P2_WEEDSGALORE_TRUTH_FREE_PROPOSAL_GRID_20260810_V3_T070_A032:010:0147
retrospective_class_stratified	8	P2_WEEDSGALORE_TRUTH_FREE_PROPOSAL_GRID_20260810_V3_T070_A032:012:0006
retrospective_class_stratified	8	P2_WEEDSGALORE_TRUTH_FREE_PROPOSAL_GRID_20260810_V3_T070_A032:012:0041
retrospective_class_stratified	8	P2_WEEDSGALORE_TRUTH_FREE_PROPOSAL_GRID_20260810_V3_T070_A032:012:0047
retrospective_class_stratified	8	P2_WEEDSGALORE_TRUTH_FREE_PROPOSAL_GRID_20260810_V3_T070_A032:012:0050
retrospective_class_stratified	8	P2_WEEDSGALORE_TRUTH_FREE_PROPOSAL_GRID_20260810_V3_T070_A032:012:0057
retrospective_class_stratified	8	P2_WEEDSGALORE_TRUTH_FREE_PROPOSAL_GRID_20260810_V3_T070_A032:012:0093
retrospective_class_stratified	8	P2_WEEDSGALORE_TRUTH_FREE_PROPOSAL_GRID_20260810_V3_T070_A032:014:0033
retrospective_class_stratified	8	P2_WEEDSGALORE_TRUTH_FREE_PROPOSAL_GRID_20260810_V3_T070_A032:015:0019
retrospective_class_stratified	8	P2_WEEDSGALORE_TRUTH_FREE_PROPOSAL_GRID_20260810_V3_T070_A032:018:0005
retrospective_class_stratified	8	P2_WEEDSGALORE_TRUTH_FREE_PROPOSAL_GRID_20260810_V3_T070_A032:018:0015
retrospective_class_stratified	8	P2_WEEDSGALORE_TRUTH_FREE_PROPOSAL_GRID_20260810_V3_T070_A032:018:0110
retrospective_class_stratified	8	P2_WEEDSGALORE_TRUTH_FREE_PROPOSAL_GRID_20260810_V3_T070_A032:019:0023
retrospective_class_stratified	8	P2_WEEDSGALORE_TRUTH_FREE_PROPOSAL_GRID_20260810_V3_T070_A032:020:0012
retrospective_class_stratified	8	P2_WEEDSGALORE_TRUTH_FREE_PROPOSAL_GRID_20260810_V3_T070_A032:020:0022
retrospective_class_stratified	8	P2_WEEDSGALORE_TRUTH_FREE_PROPOSAL_GRID_20260810_V3_T070_A032:020:0054
retrospective_class_stratified	8	P2_WEEDSGALORE_TRUTH_FREE_PROPOSAL_GRID_20260810_V3_T070_A032:020:0072
retrospective_class_stratified	8	P2_WEEDSGALORE_TRUTH_FREE_PROPOSAL_GRID_20260810_V3_T070_A032:023:0041
retrospective_class_stratified	8	P2_WEEDSGALORE_TRUTH_FREE_PROPOSAL_GRID_20260810_V3_T070_A032:023:0076
retrospective_class_stratified	8	P2_WEEDSGALORE_TRUTH_FREE_PROPOSAL_GRID_20260810_V3_T070_A032:023:0077
retrospective_class_stratified	8	P2_WEEDSGALORE_TRUTH_FREE_PROPOSAL_GRID_20260810_V3_T070_A032:023:0117
retrospective_class_stratified	8	P2_WEEDSGALORE_TRUTH_FREE_PROPOSAL_GRID_20260810_V3_T070_A032:024:0076
retrospective_class_stratified	8	P2_WEEDSGALORE_TRUTH_FREE_PROPOSAL_GRID_20260810_V3_T070_A032:026:0003
retrospective_class_stratified	8	P2_WEEDSGALORE_TRUTH_FREE_PROPOSAL_GRID_20260810_V3_T070_A032:027:0028
retrospective_class_stratified	8	P2_WEEDSGALORE_TRUTH_FREE_PROPOSAL_GRID_20260810_V3_T070_A032:030:0034
retrospective_class_stratified	8	P2_WEEDSGALORE_TRUTH_FREE_PROPOSAL_GRID_20260810_V3_T070_A032:032:0036
retrospective_class_stratified	8	P2_WEEDSGALORE_TRUTH_FREE_PROPOSAL_GRID_20260810_V3_T070_A032:034:0001
retrospective_class_stratified	8	P2_WEEDSGALORE_TRUTH_FREE_PROPOSAL_GRID_20260810_V3_T070_A032:034:0137
retrospective_class_stratified	8	P2_WEEDSGALORE_TRUTH_FREE_PROPOSAL_GRID_20260810_V3_T070_A032:035:0007
retrospective_class_stratified	8	P2_WEEDSGALORE_TRUTH_FREE_PROPOSAL_GRID_20260810_V3_T070_A032:035:0028
retrospective_class_stratified	8	P2_WEEDSGALORE_TRUTH_FREE_PROPOSAL_GRID_20260810_V3_T070_A032:037:0012
retrospective_class_stratified	8	P2_WEEDSGALORE_TRUTH_FREE_PROPOSAL_GRID_20260810_V3_T070_A032:039:0073
retrospective_class_stratified	8	P2_WEEDSGALORE_TRUTH_FREE_PROPOSAL_GRID_20260810_V3_T070_A032:039:0081
retrospective_class_stratified	8	P2_WEEDSGALORE_TRUTH_FREE_PROPOSAL_GRID_20260810_V3_T070_A032:040:0029
retrospective_class_stratified	8	P2_WEEDSGALORE_TRUTH_FREE_PROPOSAL_GRID_20260810_V3_T070_A032:043:0021
retrospective_class_stratified	8	P2_WEEDSGALORE_TRUTH_FREE_PROPOSAL_GRID_20260810_V3_T070_A032:046:0005
retrospective_class_stratified	8	P2_WEEDSGALORE_TRUTH_FREE_PROPOSAL_GRID_20260810_V3_T070_A032:048:0034
retrospective_class_stratified	8	P2_WEEDSGALORE_TRUTH_FREE_PROPOSAL_GRID_20260810_V3_T070_A032:051:0028
retrospective_class_stratified	8	P2_WEEDSGALORE_TRUTH_FREE_PROPOSAL_GRID_20260810_V3_T070_A032:051:0049
retrospective_class_stratified	8	P2_WEEDSGALORE_TRUTH_FREE_PROPOSAL_GRID_20260810_V3_T070_A032:051:0074
retrospective_class_stratified	8	P2_WEEDSGALORE_TRUTH_FREE_PROPOSAL_GRID_20260810_V3_T070_A032:052:0115
retrospective_class_stratified	8	P2_WEEDSGALORE_TRUTH_FREE_PROPOSAL_GRID_20260810_V3_T070_A032:052:0142
retrospective_class_stratified	8	P2_WEEDSGALORE_TRUTH_FREE_PROPOSAL_GRID_20260810_V3_T070_A032:052:0146
retrospective_class_stratified	8	P2_WEEDSGALORE_TRUTH_FREE_PROPOSAL_GRID_20260810_V3_T070_A032:052:0155
retrospective_class_stratified	8	P2_WEEDSGALORE_TRUTH_FREE_PROPOSAL_GRID_20260810_V3_T070_A032:052:0209
retrospective_class_stratified	8	P2_WEEDSGALORE_TRUTH_FREE_PROPOSAL_GRID_20260810_V3_T070_A032:052:0220
retrospective_class_stratified	8	P2_WEEDSGALORE_TRUTH_FREE_PROPOSAL_GRID_20260810_V3_T070_A032:053:0009
retrospective_class_stratified	8	P2_WEEDSGALORE_TRUTH_FREE_PROPOSAL_GRID_20260810_V3_T070_A032:053:0069
retrospective_class_stratified	8	P2_WEEDSGALORE_TRUTH_FREE_PROPOSAL_GRID_20260810_V3_T070_A032:053:0105
retrospective_class_stratified	8	P2_WEEDSGALORE_TRUTH_FREE_PROPOSAL_GRID_20260810_V3_T070_A032:053:0108
retrospective_class_stratified	8	P2_WEEDSGALORE_TRUTH_FREE_PROPOSAL_GRID_20260810_V3_T070_A032:054:0039
retrospective_class_stratified	8	P2_WEEDSGALORE_TRUTH_FREE_PROPOSAL_GRID_20260810_V3_T070_A032:054:0067
retrospective_class_stratified	8	P2_WEEDSGALORE_TRUTH_FREE_PROPOSAL_GRID_20260810_V3_T070_A032:054:0163
retrospective_class_stratified	8	P2_WEEDSGALORE_TRUTH_FREE_PROPOSAL_GRID_20260810_V3_T070_A032:054:0177
retrospective_class_stratified	8	P2_WEEDSGALORE_TRUTH_FREE_PROPOSAL_GRID_20260810_V3_T070_A032:054:0217
retrospective_class_stratified	8	P2_WEEDSGALORE_TRUTH_FREE_PROPOSAL_GRID_20260810_V3_T070_A032:057:0012
retrospective_class_stratified	8	P2_WEEDSGALORE_TRUTH_FREE_PROPOSAL_GRID_20260810_V3_T070_A032:058:0002
retrospective_class_stratified	8	P2_WEEDSGALORE_TRUTH_FREE_PROPOSAL_GRID_20260810_V3_T070_A032:058:0009
retrospective_class_stratified	8	P2_WEEDSGALORE_TRUTH_FREE_PROPOSAL_GRID_20260810_V3_T070_A032:058:0045
retrospective_class_stratified	8	P2_WEEDSGALORE_TRUTH_FREE_PROPOSAL_GRID_20260810_V3_T070_A032:058:0069
retrospective_class_stratified	8	P2_WEEDSGALORE_TRUTH_FREE_PROPOSAL_GRID_20260810_V3_T070_A032:058:0070
retrospective_class_stratified	8	P2_WEEDSGALORE_TRUTH_FREE_PROPOSAL_GRID_20260810_V3_T070_A032:058:0096
retrospective_class_stratified	8	P2_WEEDSGALORE_TRUTH_FREE_PROPOSAL_GRID_20260810_V3_T070_A032:058:0117
retrospective_class_stratified	8	P2_WEEDSGALORE_TRUTH_FREE_PROPOSAL_GRID_20260810_V3_T070_A032:058:0121
retrospective_class_stratified	8	P2_WEEDSGALORE_TRUTH_FREE_PROPOSAL_GRID_20260810_V3_T070_A032:058:0161
retrospective_class_stratified	8	P2_WEEDSGALORE_TRUTH_FREE_PROPOSAL_GRID_20260810_V3_T070_A032:059:0011
retrospective_class_stratified	8	P2_WEEDSGALORE_TRUTH_FREE_PROPOSAL_GRID_20260810_V3_T070_A032:060:0078
retrospective_class_stratified	8	P2_WEEDSGALORE_TRUTH_FREE_PROPOSAL_GRID_20260810_V3_T070_A032:060:0131
retrospective_class_stratified	8	P2_WEEDSGALORE_TRUTH_FREE_PROPOSAL_GRID_20260810_V3_T070_A032:061:0077
retrospective_class_stratified	8	P2_WEEDSGALORE_TRUTH_FREE_PROPOSAL_GRID_20260810_V3_T070_A032:061:0114
retrospective_class_stratified	8	P2_WEEDSGALORE_TRUTH_FREE_PROPOSAL_GRID_20260810_V3_T070_A032:061:0171
retrospective_class_stratified	8	P2_WEEDSGALORE_TRUTH_FREE_PROPOSAL_GRID_20260810_V3_T070_A032:062:0096
retrospective_class_stratified	8	P2_WEEDSGALORE_TRUTH_FREE_PROPOSAL_GRID_20260810_V3_T070_A032:063:0073
retrospective_class_stratified	8	P2_WEEDSGALORE_TRUTH_FREE_PROPOSAL_GRID_20260810_V3_T070_A032:064:0120
retrospective_class_stratified	8	P2_WEEDSGALORE_TRUTH_FREE_PROPOSAL_GRID_20260810_V3_T070_A032:064:0127
retrospective_class_stratified	8	P2_WEEDSGALORE_TRUTH_FREE_PROPOSAL_GRID_20260810_V3_T070_A032:064:0134
retrospective_class_stratified	8	P2_WEEDSGALORE_TRUTH_FREE_PROPOSAL_GRID_20260810_V3_T070_A032:067:0013
retrospective_class_stratified	8	P2_WEEDSGALORE_TRUTH_FREE_PROPOSAL_GRID_20260810_V3_T070_A032:067:0167
retrospective_class_stratified	8	P2_WEEDSGALORE_TRUTH_FREE_PROPOSAL_GRID_20260810_V3_T070_A032:067:0185
retrospective_class_stratified	8	P2_WEEDSGALORE_TRUTH_FREE_PROPOSAL_GRID_20260810_V3_T070_A032:070:0006
retrospective_class_stratified	8	P2_WEEDSGALORE_TRUTH_FREE_PROPOSAL_GRID_20260810_V3_T070_A032:070:0011
retrospective_class_stratified	8	P2_WEEDSGALORE_TRUTH_FREE_PROPOSAL_GRID_20260810_V3_T070_A032:070:0024
retrospective_class_stratified	8	P2_WEEDSGALORE_TRUTH_FREE_PROPOSAL_GRID_20260810_V3_T070_A032:070:0039
retrospective_class_stratified	8	P2_WEEDSGALORE_TRUTH_FREE_PROPOSAL_GRID_20260810_V3_T070_A032:070:0052
retrospective_class_stratified	8	P2_WEEDSGALORE_TRUTH_FREE_PROPOSAL_GRID_20260810_V3_T070_A032:071:0005
retrospective_class_stratified	8	P2_WEEDSGALORE_TRUTH_FREE_PROPOSAL_GRID_20260810_V3_T070_A032:071:0073
retrospective_class_stratified	8	P2_WEEDSGALORE_TRUTH_FREE_PROPOSAL_GRID_20260810_V3_T070_A032:071:0087
retrospective_class_stratified	8	P2_WEEDSGALORE_TRUTH_FREE_PROPOSAL_GRID_20260810_V3_T070_A032:071:0101
retrospective_class_stratified	8	P2_WEEDSGALORE_TRUTH_FREE_PROPOSAL_GRID_20260810_V3_T070_A032:072:0002
retrospective_class_stratified	8	P2_WEEDSGALORE_TRUTH_FREE_PROPOSAL_GRID_20260810_V3_T070_A032:072:0028
retrospective_class_stratified	8	P2_WEEDSGALORE_TRUTH_FREE_PROPOSAL_GRID_20260810_V3_T070_A032:072:0049
retrospective_class_stratified	8	P2_WEEDSGALORE_TRUTH_FREE_PROPOSAL_GRID_20260810_V3_T070_A032:072:0065
retrospective_class_stratified	8	P2_WEEDSGALORE_TRUTH_FREE_PROPOSAL_GRID_20260810_V3_T070_A032:072:0081
retrospective_class_stratified	8	P2_WEEDSGALORE_TRUTH_FREE_PROPOSAL_GRID_20260810_V3_T070_A032:073:0034
retrospective_class_stratified	8	P2_WEEDSGALORE_TRUTH_FREE_PROPOSAL_GRID_20260810_V3_T070_A032:073:0046
retrospective_class_stratified	8	P2_WEEDSGALORE_TRUTH_FREE_PROPOSAL_GRID_20260810_V3_T070_A032:073:0085
retrospective_class_stratified	8	P2_WEEDSGALORE_TRUTH_FREE_PROPOSAL_GRID_20260810_V3_T070_A032:073:0119
retrospective_class_stratified	8	P2_WEEDSGALORE_TRUTH_FREE_PROPOSAL_GRID_20260810_V3_T070_A032:073:0125
retrospective_class_stratified	8	P2_WEEDSGALORE_TRUTH_FREE_PROPOSAL_GRID_20260810_V3_T070_A032:074:0041
retrospective_class_stratified	8	P2_WEEDSGALORE_TRUTH_FREE_PROPOSAL_GRID_20260810_V3_T070_A032:074:0058
retrospective_class_stratified	8	P2_WEEDSGALORE_TRUTH_FREE_PROPOSAL_GRID_20260810_V3_T070_A032:074:0179
retrospective_class_stratified	8	P2_WEEDSGALORE_TRUTH_FREE_PROPOSAL_GRID_20260810_V3_T070_A032:074:0186
retrospective_class_stratified	8	P2_WEEDSGALORE_TRUTH_FREE_PROPOSAL_GRID_20260810_V3_T070_A032:077:0016
retrospective_class_stratified	8	P2_WEEDSGALORE_TRUTH_FREE_PROPOSAL_GRID_20260810_V3_T070_A032:077:0070
retrospective_class_stratified	8	P2_WEEDSGALORE_TRUTH_FREE_PROPOSAL_GRID_20260810_V3_T070_A032:077:0110
retrospective_class_stratified	8	P2_WEEDSGALORE_TRUTH_FREE_PROPOSAL_GRID_20260810_V3_T070_A032:077:0122
retrospective_class_stratified	8	P2_WEEDSGALORE_TRUTH_FREE_PROPOSAL_GRID_20260810_V3_T070_A032:077:0144
retrospective_class_stratified	8	P2_WEEDSGALORE_TRUTH_FREE_PROPOSAL_GRID_20260810_V3_T070_A032:078:0088
retrospective_class_stratified	8	P2_WEEDSGALORE_TRUTH_FREE_PROPOSAL_GRID_20260810_V3_T070_A032:078:0158
retrospective_class_stratified	8	P2_WEEDSGALORE_TRUTH_FREE_PROPOSAL_GRID_20260810_V3_T070_A032:078:0165
retrospective_class_stratified	8	P2_WEEDSGALORE_TRUTH_FREE_PROPOSAL_GRID_20260810_V3_T070_A032:080:0065
retrospective_class_stratified	8	P2_WEEDSGALORE_TRUTH_FREE_PROPOSAL_GRID_20260810_V3_T070_A032:080:0083
retrospective_class_stratified	8	P2_WEEDSGALORE_TRUTH_FREE_PROPOSAL_GRID_20260810_V3_T070_A032:080:0089
retrospective_class_stratified	8	P2_WEEDSGALORE_TRUTH_FREE_PROPOSAL_GRID_20260810_V3_T070_A032:080:0093
retrospective_class_stratified	8	P2_WEEDSGALORE_TRUTH_FREE_PROPOSAL_GRID_20260810_V3_T070_A032:081:0033
retrospective_class_stratified	8	P2_WEEDSGALORE_TRUTH_FREE_PROPOSAL_GRID_20260810_V3_T070_A032:081:0039
retrospective_class_stratified	8	P2_WEEDSGALORE_TRUTH_FREE_PROPOSAL_GRID_20260810_V3_T070_A032:081:0042
retrospective_class_stratified	8	P2_WEEDSGALORE_TRUTH_FREE_PROPOSAL_GRID_20260810_V3_T070_A032:083:0075
retrospective_class_stratified	8	P2_WEEDSGALORE_TRUTH_FREE_PROPOSAL_GRID_20260810_V3_T070_A032:084:0003
retrospective_class_stratified	8	P2_WEEDSGALORE_TRUTH_FREE_PROPOSAL_GRID_20260810_V3_T070_A032:084:0012
retrospective_class_stratified	8	P2_WEEDSGALORE_TRUTH_FREE_PROPOSAL_GRID_20260810_V3_T070_A032:084:0019
retrospective_class_stratified	8	P2_WEEDSGALORE_TRUTH_FREE_PROPOSAL_GRID_20260810_V3_T070_A032:084:0060
retrospective_class_stratified	8	P2_WEEDSGALORE_TRUTH_FREE_PROPOSAL_GRID_20260810_V3_T070_A032:084:0062
retrospective_class_stratified	8	P2_WEEDSGALORE_TRUTH_FREE_PROPOSAL_GRID_20260810_V3_T070_A032:084:0065
retrospective_class_stratified	8	P2_WEEDSGALORE_TRUTH_FREE_PROPOSAL_GRID_20260810_V3_T070_A032:084:0067
retrospective_class_stratified	8	P2_WEEDSGALORE_TRUTH_FREE_PROPOSAL_GRID_20260810_V3_T070_A032:085:0048
retrospective_class_stratified	8	P2_WEEDSGALORE_TRUTH_FREE_PROPOSAL_GRID_20260810_V3_T070_A032:085:0065
retrospective_class_stratified	8	P2_WEEDSGALORE_TRUTH_FREE_PROPOSAL_GRID_20260810_V3_T070_A032:085:0067
retrospective_class_stratified	8	P2_WEEDSGALORE_TRUTH_FREE_PROPOSAL_GRID_20260810_V3_T070_A032:086:0005
retrospective_class_stratified	8	P2_WEEDSGALORE_TRUTH_FREE_PROPOSAL_GRID_20260810_V3_T070_A032:086:0021
retrospective_class_stratified	8	P2_WEEDSGALORE_TRUTH_FREE_PROPOSAL_GRID_20260810_V3_T070_A032:086:0067
retrospective_class_stratified	8	P2_WEEDSGALORE_TRUTH_FREE_PROPOSAL_GRID_20260810_V3_T070_A032:089:0094
retrospective_class_stratified	8	P2_WEEDSGALORE_TRUTH_FREE_PROPOSAL_GRID_20260810_V3_T070_A032:090:0023
retrospective_class_stratified	8	P2_WEEDSGALORE_TRUTH_FREE_PROPOSAL_GRID_20260810_V3_T070_A032:090:0036
retrospective_class_stratified	8	P2_WEEDSGALORE_TRUTH_FREE_PROPOSAL_GRID_20260810_V3_T070_A032:091:0015
retrospective_class_stratified	8	P2_WEEDSGALORE_TRUTH_FREE_PROPOSAL_GRID_20260810_V3_T070_A032:091:0019
retrospective_class_stratified	8	P2_WEEDSGALORE_TRUTH_FREE_PROPOSAL_GRID_20260810_V3_T070_A032:091:0065
retrospective_class_stratified	8	P2_WEEDSGALORE_TRUTH_FREE_PROPOSAL_GRID_20260810_V3_T070_A032:092:0047
retrospective_class_stratified	8	P2_WEEDSGALORE_TRUTH_FREE_PROPOSAL_GRID_20260810_V3_T070_A032:093:0009
retrospective_class_stratified	8	P2_WEEDSGALORE_TRUTH_FREE_PROPOSAL_GRID_20260810_V3_T070_A032:094:0017
retrospective_class_stratified	8	P2_WEEDSGALORE_TRUTH_FREE_PROPOSAL_GRID_20260810_V3_T070_A032:101:0019
retrospective_class_stratified	8	P2_WEEDSGALORE_TRUTH_FREE_PROPOSAL_GRID_20260810_V3_T070_A032:101:0044
retrospective_class_stratified	8	P2_WEEDSGALORE_TRUTH_FREE_PROPOSAL_GRID_20260810_V3_T070_A032:101:0056
retrospective_class_stratified	8	P2_WEEDSGALORE_TRUTH_FREE_PROPOSAL_GRID_20260810_V3_T070_A032:101:0060
retrospective_class_stratified	8	P2_WEEDSGALORE_TRUTH_FREE_PROPOSAL_GRID_20260810_V3_T070_A032:101:0063
retrospective_class_stratified	8	P2_WEEDSGALORE_TRUTH_FREE_PROPOSAL_GRID_20260810_V3_T070_A032:101:0075
retrospective_class_stratified	8	P2_WEEDSGALORE_TRUTH_FREE_PROPOSAL_GRID_20260810_V3_T070_A032:102:0001
retrospective_class_stratified	8	P2_WEEDSGALORE_TRUTH_FREE_PROPOSAL_GRID_20260810_V3_T070_A032:102:0019
retrospective_class_stratified	8	P2_WEEDSGALORE_TRUTH_FREE_PROPOSAL_GRID_20260810_V3_T070_A032:102:0024
retrospective_class_stratified	8	P2_WEEDSGALORE_TRUTH_FREE_PROPOSAL_GRID_20260810_V3_T070_A032:102:0034
retrospective_class_stratified	8	P2_WEEDSGALORE_TRUTH_FREE_PROPOSAL_GRID_20260810_V3_T070_A032:103:0008
retrospective_class_stratified	8	P2_WEEDSGALORE_TRUTH_FREE_PROPOSAL_GRID_20260810_V3_T070_A032:103:0015
retrospective_class_stratified	8	P2_WEEDSGALORE_TRUTH_FREE_PROPOSAL_GRID_20260810_V3_T070_A032:103:0030
retrospective_class_stratified	8	P2_WEEDSGALORE_TRUTH_FREE_PROPOSAL_GRID_20260810_V3_T070_A032:103:0040
retrospective_class_stratified	8	P2_WEEDSGALORE_TRUTH_FREE_PROPOSAL_GRID_20260810_V3_T070_A032:103:0047
retrospective_class_stratified	8	P2_WEEDSGALORE_TRUTH_FREE_PROPOSAL_GRID_20260810_V3_T070_A032:103:0062
retrospective_class_stratified	8	P2_WEEDSGALORE_TRUTH_FREE_PROPOSAL_GRID_20260810_V3_T070_A032:104:0040
retrospective_class_stratified	8	P2_WEEDSGALORE_TRUTH_FREE_PROPOSAL_GRID_20260810_V3_T070_A032:106:0007
retrospective_class_stratified	8	P2_WEEDSGALORE_TRUTH_FREE_PROPOSAL_GRID_20260810_V3_T070_A032:106:0038
retrospective_class_stratified	8	P2_WEEDSGALORE_TRUTH_FREE_PROPOSAL_GRID_20260810_V3_T070_A032:106:0043
retrospective_class_stratified	8	P2_WEEDSGALORE_TRUTH_FREE_PROPOSAL_GRID_20260810_V3_T070_A032:107:0008
retrospective_class_stratified	8	P2_WEEDSGALORE_TRUTH_FREE_PROPOSAL_GRID_20260810_V3_T070_A032:107:0020
retrospective_class_stratified	8	P2_WEEDSGALORE_TRUTH_FREE_PROPOSAL_GRID_20260810_V3_T070_A032:107:0038
retrospective_class_stratified	8	P2_WEEDSGALORE_TRUTH_FREE_PROPOSAL_GRID_20260810_V3_T070_A032:107:0077
retrospective_class_stratified	8	P2_WEEDSGALORE_TRUTH_FREE_PROPOSAL_GRID_20260810_V3_T070_A032:108:0038
retrospective_class_stratified	8	P2_WEEDSGALORE_TRUTH_FREE_PROPOSAL_GRID_20260810_V3_T070_A032:108:0039
retrospective_class_stratified	8	P2_WEEDSGALORE_TRUTH_FREE_PROPOSAL_GRID_20260810_V3_T070_A032:108:0043
retrospective_class_stratified	8	P2_WEEDSGALORE_TRUTH_FREE_PROPOSAL_GRID_20260810_V3_T070_A032:108:0089
retrospective_class_stratified	8	P2_WEEDSGALORE_TRUTH_FREE_PROPOSAL_GRID_20260810_V3_T070_A032:108:0090
retrospective_class_stratified	8	P2_WEEDSGALORE_TRUTH_FREE_PROPOSAL_GRID_20260810_V3_T070_A032:108:0091
retrospective_class_stratified	8	P2_WEEDSGALORE_TRUTH_FREE_PROPOSAL_GRID_20260810_V3_T070_A032:109:0013
retrospective_class_stratified	8	P2_WEEDSGALORE_TRUTH_FREE_PROPOSAL_GRID_20260810_V3_T070_A032:109:0027
retrospective_class_stratified	8	P2_WEEDSGALORE_TRUTH_FREE_PROPOSAL_GRID_20260810_V3_T070_A032:110:0009
retrospective_class_stratified	8	P2_WEEDSGALORE_TRUTH_FREE_PROPOSAL_GRID_20260810_V3_T070_A032:110:0014
retrospective_class_stratified	8	P2_WEEDSGALORE_TRUTH_FREE_PROPOSAL_GRID_20260810_V3_T070_A032:110:0029
retrospective_class_stratified	8	P2_WEEDSGALORE_TRUTH_FREE_PROPOSAL_GRID_20260810_V3_T070_A032:110:0036
retrospective_class_stratified	8	P2_WEEDSGALORE_TRUTH_FREE_PROPOSAL_GRID_20260810_V3_T070_A032:110:0040
retrospective_class_stratified	8	P2_WEEDSGALORE_TRUTH_FREE_PROPOSAL_GRID_20260810_V3_T070_A032:110:0054
retrospective_class_stratified	8	P2_WEEDSGALORE_TRUTH_FREE_PROPOSAL_GRID_20260810_V3_T070_A032:110:0073
retrospective_class_stratified	8	P2_WEEDSGALORE_TRUTH_FREE_PROPOSAL_GRID_20260810_V3_T070_A032:111:0002
retrospective_class_stratified	8	P2_WEEDSGALORE_TRUTH_FREE_PROPOSAL_GRID_20260810_V3_T070_A032:111:0055
retrospective_class_stratified	8	P2_WEEDSGALORE_TRUTH_FREE_PROPOSAL_GRID_20260810_V3_T070_A032:114:0056
retrospective_class_stratified	8	P2_WEEDSGALORE_TRUTH_FREE_PROPOSAL_GRID_20260810_V3_T070_A032:115:0035
retrospective_class_stratified	8	P2_WEEDSGALORE_TRUTH_FREE_PROPOSAL_GRID_20260810_V3_T070_A032:116:0008
retrospective_class_stratified	8	P2_WEEDSGALORE_TRUTH_FREE_PROPOSAL_GRID_20260810_V3_T070_A032:116:0015
retrospective_class_stratified	8	P2_WEEDSGALORE_TRUTH_FREE_PROPOSAL_GRID_20260810_V3_T070_A032:116:0041
retrospective_class_stratified	8	P2_WEEDSGALORE_TRUTH_FREE_PROPOSAL_GRID_20260810_V3_T070_A032:116:0074
retrospective_class_stratified	8	P2_WEEDSGALORE_TRUTH_FREE_PROPOSAL_GRID_20260810_V3_T070_A032:116:0078
retrospective_class_stratified	8	P2_WEEDSGALORE_TRUTH_FREE_PROPOSAL_GRID_20260810_V3_T070_A032:116:0088
retrospective_class_stratified	8	P2_WEEDSGALORE_TRUTH_FREE_PROPOSAL_GRID_20260810_V3_T070_A032:119:0036
retrospective_class_stratified	8	P2_WEEDSGALORE_TRUTH_FREE_PROPOSAL_GRID_20260810_V3_T070_A032:119:0064
retrospective_class_stratified	8	P2_WEEDSGALORE_TRUTH_FREE_PROPOSAL_GRID_20260810_V3_T070_A032:119:0068
retrospective_class_stratified	8	P2_WEEDSGALORE_TRUTH_FREE_PROPOSAL_GRID_20260810_V3_T070_A032:119:0078
retrospective_class_stratified	8	P2_WEEDSGALORE_TRUTH_FREE_PROPOSAL_GRID_20260810_V3_T070_A032:120:0008
retrospective_class_stratified	8	P2_WEEDSGALORE_TRUTH_FREE_PROPOSAL_GRID_20260810_V3_T070_A032:120:0026
retrospective_class_stratified	8	P2_WEEDSGALORE_TRUTH_FREE_PROPOSAL_GRID_20260810_V3_T070_A032:121:0023
retrospective_class_stratified	8	P2_WEEDSGALORE_TRUTH_FREE_PROPOSAL_GRID_20260810_V3_T070_A032:121:0032
retrospective_class_stratified	8	P2_WEEDSGALORE_TRUTH_FREE_PROPOSAL_GRID_20260810_V3_T070_A032:121:0033
retrospective_class_stratified	8	P2_WEEDSGALORE_TRUTH_FREE_PROPOSAL_GRID_20260810_V3_T070_A032:122:0019
retrospective_class_stratified	8	P2_WEEDSGALORE_TRUTH_FREE_PROPOSAL_GRID_20260810_V3_T070_A032:122:0020
retrospective_class_stratified	8	P2_WEEDSGALORE_TRUTH_FREE_PROPOSAL_GRID_20260810_V3_T070_A032:122:0022
retrospective_class_stratified	8	P2_WEEDSGALORE_TRUTH_FREE_PROPOSAL_GRID_20260810_V3_T070_A032:122:0046
retrospective_class_stratified	8	P2_WEEDSGALORE_TRUTH_FREE_PROPOSAL_GRID_20260810_V3_T070_A032:122:0051
retrospective_class_stratified	8	P2_WEEDSGALORE_TRUTH_FREE_PROPOSAL_GRID_20260810_V3_T070_A032:122:0053
retrospective_class_stratified	8	P2_WEEDSGALORE_TRUTH_FREE_PROPOSAL_GRID_20260810_V3_T070_A032:123:0065
retrospective_class_stratified	8	P2_WEEDSGALORE_TRUTH_FREE_PROPOSAL_GRID_20260810_V3_T070_A032:123:0090
retrospective_class_stratified	8	P2_WEEDSGALORE_TRUTH_FREE_PROPOSAL_GRID_20260810_V3_T070_A032:126:0006
retrospective_class_stratified	8	P2_WEEDSGALORE_TRUTH_FREE_PROPOSAL_GRID_20260810_V3_T070_A032:126:0020
retrospective_class_stratified	8	P2_WEEDSGALORE_TRUTH_FREE_PROPOSAL_GRID_20260810_V3_T070_A032:127:0079
retrospective_class_stratified	8	P2_WEEDSGALORE_TRUTH_FREE_PROPOSAL_GRID_20260810_V3_T070_A032:127:0085
retrospective_class_stratified	8	P2_WEEDSGALORE_TRUTH_FREE_PROPOSAL_GRID_20260810_V3_T070_A032:127:0086
retrospective_class_stratified	8	P2_WEEDSGALORE_TRUTH_FREE_PROPOSAL_GRID_20260810_V3_T070_A032:127:0090
retrospective_class_stratified	8	P2_WEEDSGALORE_TRUTH_FREE_PROPOSAL_GRID_20260810_V3_T070_A032:128:0045
retrospective_class_stratified	8	P2_WEEDSGALORE_TRUTH_FREE_PROPOSAL_GRID_20260810_V3_T070_A032:128:0088
retrospective_class_stratified	8	P2_WEEDSGALORE_TRUTH_FREE_PROPOSAL_GRID_20260810_V3_T070_A032:130:0018
retrospective_class_stratified	8	P2_WEEDSGALORE_TRUTH_FREE_PROPOSAL_GRID_20260810_V3_T070_A032:130:0027
retrospective_class_stratified	8	P2_WEEDSGALORE_TRUTH_FREE_PROPOSAL_GRID_20260810_V3_T070_A032:130:0032
retrospective_class_stratified	8	P2_WEEDSGALORE_TRUTH_FREE_PROPOSAL_GRID_20260810_V3_T070_A032:130:0051
retrospective_class_stratified	8	P2_WEEDSGALORE_TRUTH_FREE_PROPOSAL_GRID_20260810_V3_T070_A032:131:0006
retrospective_class_stratified	8	P2_WEEDSGALORE_TRUTH_FREE_PROPOSAL_GRID_20260810_V3_T070_A032:131:0037
retrospective_class_stratified	8	P2_WEEDSGALORE_TRUTH_FREE_PROPOSAL_GRID_20260810_V3_T070_A032:133:0004
retrospective_class_stratified	8	P2_WEEDSGALORE_TRUTH_FREE_PROPOSAL_GRID_20260810_V3_T070_A032:133:0031
retrospective_class_stratified	8	P2_WEEDSGALORE_TRUTH_FREE_PROPOSAL_GRID_20260810_V3_T070_A032:133:0032
retrospective_class_stratified	8	P2_WEEDSGALORE_TRUTH_FREE_PROPOSAL_GRID_20260810_V3_T070_A032:133:0034
retrospective_class_stratified	8	P2_WEEDSGALORE_TRUTH_FREE_PROPOSAL_GRID_20260810_V3_T070_A032:133:0055
retrospective_class_stratified	8	P2_WEEDSGALORE_TRUTH_FREE_PROPOSAL_GRID_20260810_V3_T070_A032:133:0061
retrospective_class_stratified	8	P2_WEEDSGALORE_TRUTH_FREE_PROPOSAL_GRID_20260810_V3_T070_A032:133:0063
retrospective_class_stratified	8	P2_WEEDSGALORE_TRUTH_FREE_PROPOSAL_GRID_20260810_V3_T070_A032:134:0002
retrospective_class_stratified	8	P2_WEEDSGALORE_TRUTH_FREE_PROPOSAL_GRID_20260810_V3_T070_A032:134:0043
retrospective_class_stratified	8	P2_WEEDSGALORE_TRUTH_FREE_PROPOSAL_GRID_20260810_V3_T070_A032:134:0074
retrospective_class_stratified	8	P2_WEEDSGALORE_TRUTH_FREE_PROPOSAL_GRID_20260810_V3_T070_A032:135:0012
retrospective_class_stratified	8	P2_WEEDSGALORE_TRUTH_FREE_PROPOSAL_GRID_20260810_V3_T070_A032:135:0043
retrospective_class_stratified	8	P2_WEEDSGALORE_TRUTH_FREE_PROPOSAL_GRID_20260810_V3_T070_A032:135:0058
retrospective_class_stratified	8	P2_WEEDSGALORE_TRUTH_FREE_PROPOSAL_GRID_20260810_V3_T070_A032:136:0046
retrospective_class_stratified	8	P2_WEEDSGALORE_TRUTH_FREE_PROPOSAL_GRID_20260810_V3_T070_A032:139:0021
retrospective_class_stratified	8	P2_WEEDSGALORE_TRUTH_FREE_PROPOSAL_GRID_20260810_V3_T070_A032:139:0031
retrospective_class_stratified	8	P2_WEEDSGALORE_TRUTH_FREE_PROPOSAL_GRID_20260810_V3_T070_A032:139:0033
retrospective_class_stratified	8	P2_WEEDSGALORE_TRUTH_FREE_PROPOSAL_GRID_20260810_V3_T070_A032:139:0046
retrospective_class_stratified	8	P2_WEEDSGALORE_TRUTH_FREE_PROPOSAL_GRID_20260810_V3_T070_A032:139:0051
retrospective_class_stratified	8	P2_WEEDSGALORE_TRUTH_FREE_PROPOSAL_GRID_20260810_V3_T070_A032:139:0082
retrospective_class_stratified	8	P2_WEEDSGALORE_TRUTH_FREE_PROPOSAL_GRID_20260810_V3_T070_A032:139:0088
retrospective_class_stratified	8	P2_WEEDSGALORE_TRUTH_FREE_PROPOSAL_GRID_20260810_V3_T070_A032:142:0010
retrospective_class_stratified	8	P2_WEEDSGALORE_TRUTH_FREE_PROPOSAL_GRID_20260810_V3_T070_A032:142:0029
retrospective_class_stratified	8	P2_WEEDSGALORE_TRUTH_FREE_PROPOSAL_GRID_20260810_V3_T070_A032:142:0030
retrospective_class_stratified	8	P2_WEEDSGALORE_TRUTH_FREE_PROPOSAL_GRID_20260810_V3_T070_A032:142:0043
retrospective_class_stratified	8	P2_WEEDSGALORE_TRUTH_FREE_PROPOSAL_GRID_20260810_V3_T070_A032:142:0060
retrospective_class_stratified	8	P2_WEEDSGALORE_TRUTH_FREE_PROPOSAL_GRID_20260810_V3_T070_A032:142:0065
retrospective_class_stratified	8	P2_WEEDSGALORE_TRUTH_FREE_PROPOSAL_GRID_20260810_V3_T070_A032:143:0002
retrospective_class_stratified	8	P2_WEEDSGALORE_TRUTH_FREE_PROPOSAL_GRID_20260810_V3_T070_A032:143:0027
retrospective_class_stratified	8	P2_WEEDSGALORE_TRUTH_FREE_PROPOSAL_GRID_20260810_V3_T070_A032:143:0032
retrospective_class_stratified	8	P2_WEEDSGALORE_TRUTH_FREE_PROPOSAL_GRID_20260810_V3_T070_A032:144:0012
retrospective_class_stratified	8	P2_WEEDSGALORE_TRUTH_FREE_PROPOSAL_GRID_20260810_V3_T070_A032:144:0068
retrospective_class_stratified	8	P2_WEEDSGALORE_TRUTH_FREE_PROPOSAL_GRID_20260810_V3_T070_A032:145:0019
retrospective_class_stratified	8	P2_WEEDSGALORE_TRUTH_FREE_PROPOSAL_GRID_20260810_V3_T070_A032:146:0028
retrospective_class_stratified	8	P2_WEEDSGALORE_TRUTH_FREE_PROPOSAL_GRID_20260810_V3_T070_A032:146:0029
retrospective_class_stratified	8	P2_WEEDSGALORE_TRUTH_FREE_PROPOSAL_GRID_20260810_V3_T070_A032:146:0038
retrospective_class_stratified	8	P2_WEEDSGALORE_TRUTH_FREE_PROPOSAL_GRID_20260810_V3_T070_A032:148:0007
retrospective_class_stratified	8	P2_WEEDSGALORE_TRUTH_FREE_PROPOSAL_GRID_20260810_V3_T070_A032:150:0020
retrospective_class_stratified	8	P2_WEEDSGALORE_TRUTH_FREE_PROPOSAL_GRID_20260810_V3_T070_A032:150:0021
retrospective_class_stratified	8	P2_WEEDSGALORE_TRUTH_FREE_PROPOSAL_GRID_20260810_V3_T070_A032:150:0027
retrospective_class_stratified	8	P2_WEEDSGALORE_TRUTH_FREE_PROPOSAL_GRID_20260810_V3_T070_A032:150:0029
retrospective_class_stratified	8	P2_WEEDSGALORE_TRUTH_FREE_PROPOSAL_GRID_20260810_V3_T070_A032:150:0032
retrospective_class_stratified	8	P2_WEEDSGALORE_TRUTH_FREE_PROPOSAL_GRID_20260810_V3_T070_A032:151:0013
retrospective_class_stratified	8	P2_WEEDSGALORE_TRUTH_FREE_PROPOSAL_GRID_20260810_V3_T070_A032:151:0021
retrospective_class_stratified	8	P2_WEEDSGALORE_TRUTH_FREE_PROPOSAL_GRID_20260810_V3_T070_A032:151:0025
retrospective_class_stratified	8	P2_WEEDSGALORE_TRUTH_FREE_PROPOSAL_GRID_20260810_V3_T070_A032:153:0007
retrospective_class_stratified	8	P2_WEEDSGALORE_TRUTH_FREE_PROPOSAL_GRID_20260810_V3_T070_A032:153:0009
retrospective_class_stratified	8	P2_WEEDSGALORE_TRUTH_FREE_PROPOSAL_GRID_20260810_V3_T070_A032:153:0041
retrospective_class_stratified	8	P2_WEEDSGALORE_TRUTH_FREE_PROPOSAL_GRID_20260810_V3_T070_A032:153:0074
retrospective_class_stratified	8	P2_WEEDSGALORE_TRUTH_FREE_PROPOSAL_GRID_20260810_V3_T070_A032:155:0005
retrospective_class_stratified	8	P2_WEEDSGALORE_TRUTH_FREE_PROPOSAL_GRID_20260810_V3_T070_A032:155:0019
retrospective_class_stratified	8	P2_WEEDSGALORE_TRUTH_FREE_PROPOSAL_GRID_20260810_V3_T070_A032:155:0024
retrospective_class_stratified	8	P2_WEEDSGALORE_TRUTH_FREE_PROPOSAL_GRID_20260810_V3_T070_A032:155:0026
retrospective_class_stratified	8	P2_WEEDSGALORE_TRUTH_FREE_PROPOSAL_GRID_20260810_V3_T070_A032:155:0048
retrospective_class_stratified	8	P2_WEEDSGALORE_TRUTH_FREE_PROPOSAL_GRID_20260810_V3_T070_A032:155:0051
retrospective_class_stratified	8	P2_WEEDSGALORE_TRUTH_FREE_PROPOSAL_GRID_20260810_V3_T070_A032:155:0057
retrospective_class_stratified	8	P2_WEEDSGALORE_TRUTH_FREE_PROPOSAL_GRID_20260810_V3_T070_A032:155:0099
retrospective_class_stratified	8	P2_WEEDSGALORE_TRUTH_FREE_PROPOSAL_GRID_20260810_V3_T070_A032:155:0101
retrospective_class_stratified	8	P2_WEEDSGALORE_TRUTH_FREE_PROPOSAL_GRID_20260810_V3_T070_A032:156:0009
retrospective_class_stratified	8	P2_WEEDSGALORE_TRUTH_FREE_PROPOSAL_GRID_20260810_V3_T070_A032:156:0014
retrospective_class_stratified	8	P2_WEEDSGALORE_TRUTH_FREE_PROPOSAL_GRID_20260810_V3_T070_A032:156:0053
retrospective_class_stratified	8	P2_WEEDSGALORE_TRUTH_FREE_PROPOSAL_GRID_20260810_V3_T070_A032:156:0054
retrospective_class_stratified	8	P2_WEEDSGALORE_TRUTH_FREE_PROPOSAL_GRID_20260810_V3_T070_A032:156:0055
prospective_uniform	9	P2_WEEDSGALORE_TRUTH_FREE_PROPOSAL_GRID_20260810_V3_T070_A032:003:0006
prospective_uniform	9	P2_WEEDSGALORE_TRUTH_FREE_PROPOSAL_GRID_20260810_V3_T070_A032:004:0042
prospective_uniform	9	P2_WEEDSGALORE_TRUTH_FREE_PROPOSAL_GRID_20260810_V3_T070_A032:005:0016
prospective_uniform	9	P2_WEEDSGALORE_TRUTH_FREE_PROPOSAL_GRID_20260810_V3_T070_A032:005:0018
prospective_uniform	9	P2_WEEDSGALORE_TRUTH_FREE_PROPOSAL_GRID_20260810_V3_T070_A032:005:0031
prospective_uniform	9	P2_WEEDSGALORE_TRUTH_FREE_PROPOSAL_GRID_20260810_V3_T070_A032:005:0084
prospective_uniform	9	P2_WEEDSGALORE_TRUTH_FREE_PROPOSAL_GRID_20260810_V3_T070_A032:005:0091
prospective_uniform	9	P2_WEEDSGALORE_TRUTH_FREE_PROPOSAL_GRID_20260810_V3_T070_A032:005:0094
prospective_uniform	9	P2_WEEDSGALORE_TRUTH_FREE_PROPOSAL_GRID_20260810_V3_T070_A032:006:0029
prospective_uniform	9	P2_WEEDSGALORE_TRUTH_FREE_PROPOSAL_GRID_20260810_V3_T070_A032:006:0063
prospective_uniform	9	P2_WEEDSGALORE_TRUTH_FREE_PROPOSAL_GRID_20260810_V3_T070_A032:006:0105
prospective_uniform	9	P2_WEEDSGALORE_TRUTH_FREE_PROPOSAL_GRID_20260810_V3_T070_A032:006:0115
prospective_uniform	9	P2_WEEDSGALORE_TRUTH_FREE_PROPOSAL_GRID_20260810_V3_T070_A032:006:0121
prospective_uniform	9	P2_WEEDSGALORE_TRUTH_FREE_PROPOSAL_GRID_20260810_V3_T070_A032:006:0129
prospective_uniform	9	P2_WEEDSGALORE_TRUTH_FREE_PROPOSAL_GRID_20260810_V3_T070_A032:006:0249
prospective_uniform	9	P2_WEEDSGALORE_TRUTH_FREE_PROPOSAL_GRID_20260810_V3_T070_A032:006:0263
prospective_uniform	9	P2_WEEDSGALORE_TRUTH_FREE_PROPOSAL_GRID_20260810_V3_T070_A032:009:0074
prospective_uniform	9	P2_WEEDSGALORE_TRUTH_FREE_PROPOSAL_GRID_20260810_V3_T070_A032:010:0002
prospective_uniform	9	P2_WEEDSGALORE_TRUTH_FREE_PROPOSAL_GRID_20260810_V3_T070_A032:010:0028
prospective_uniform	9	P2_WEEDSGALORE_TRUTH_FREE_PROPOSAL_GRID_20260810_V3_T070_A032:010:0033
prospective_uniform	9	P2_WEEDSGALORE_TRUTH_FREE_PROPOSAL_GRID_20260810_V3_T070_A032:010:0079
prospective_uniform	9	P2_WEEDSGALORE_TRUTH_FREE_PROPOSAL_GRID_20260810_V3_T070_A032:010:0149
prospective_uniform	9	P2_WEEDSGALORE_TRUTH_FREE_PROPOSAL_GRID_20260810_V3_T070_A032:010:0205
prospective_uniform	9	P2_WEEDSGALORE_TRUTH_FREE_PROPOSAL_GRID_20260810_V3_T070_A032:010:0216
prospective_uniform	9	P2_WEEDSGALORE_TRUTH_FREE_PROPOSAL_GRID_20260810_V3_T070_A032:010:0228
prospective_uniform	9	P2_WEEDSGALORE_TRUTH_FREE_PROPOSAL_GRID_20260810_V3_T070_A032:010:0232
prospective_uniform	9	P2_WEEDSGALORE_TRUTH_FREE_PROPOSAL_GRID_20260810_V3_T070_A032:011:0090
prospective_uniform	9	P2_WEEDSGALORE_TRUTH_FREE_PROPOSAL_GRID_20260810_V3_T070_A032:011:0140
prospective_uniform	9	P2_WEEDSGALORE_TRUTH_FREE_PROPOSAL_GRID_20260810_V3_T070_A032:011:0141
prospective_uniform	9	P2_WEEDSGALORE_TRUTH_FREE_PROPOSAL_GRID_20260810_V3_T070_A032:011:0142
prospective_uniform	9	P2_WEEDSGALORE_TRUTH_FREE_PROPOSAL_GRID_20260810_V3_T070_A032:012:0015
prospective_uniform	9	P2_WEEDSGALORE_TRUTH_FREE_PROPOSAL_GRID_20260810_V3_T070_A032:012:0069
prospective_uniform	9	P2_WEEDSGALORE_TRUTH_FREE_PROPOSAL_GRID_20260810_V3_T070_A032:012:0075
prospective_uniform	9	P2_WEEDSGALORE_TRUTH_FREE_PROPOSAL_GRID_20260810_V3_T070_A032:012:0102
prospective_uniform	9	P2_WEEDSGALORE_TRUTH_FREE_PROPOSAL_GRID_20260810_V3_T070_A032:012:0133
prospective_uniform	9	P2_WEEDSGALORE_TRUTH_FREE_PROPOSAL_GRID_20260810_V3_T070_A032:012:0135
prospective_uniform	9	P2_WEEDSGALORE_TRUTH_FREE_PROPOSAL_GRID_20260810_V3_T070_A032:012:0145
prospective_uniform	9	P2_WEEDSGALORE_TRUTH_FREE_PROPOSAL_GRID_20260810_V3_T070_A032:012:0202
prospective_uniform	9	P2_WEEDSGALORE_TRUTH_FREE_PROPOSAL_GRID_20260810_V3_T070_A032:013:0001
prospective_uniform	9	P2_WEEDSGALORE_TRUTH_FREE_PROPOSAL_GRID_20260810_V3_T070_A032:013:0010
prospective_uniform	9	P2_WEEDSGALORE_TRUTH_FREE_PROPOSAL_GRID_20260810_V3_T070_A032:014:0016
prospective_uniform	9	P2_WEEDSGALORE_TRUTH_FREE_PROPOSAL_GRID_20260810_V3_T070_A032:014:0052
prospective_uniform	9	P2_WEEDSGALORE_TRUTH_FREE_PROPOSAL_GRID_20260810_V3_T070_A032:014:0055
prospective_uniform	9	P2_WEEDSGALORE_TRUTH_FREE_PROPOSAL_GRID_20260810_V3_T070_A032:015:0013
prospective_uniform	9	P2_WEEDSGALORE_TRUTH_FREE_PROPOSAL_GRID_20260810_V3_T070_A032:018:0058
prospective_uniform	9	P2_WEEDSGALORE_TRUTH_FREE_PROPOSAL_GRID_20260810_V3_T070_A032:018:0064
prospective_uniform	9	P2_WEEDSGALORE_TRUTH_FREE_PROPOSAL_GRID_20260810_V3_T070_A032:018:0105
prospective_uniform	9	P2_WEEDSGALORE_TRUTH_FREE_PROPOSAL_GRID_20260810_V3_T070_A032:018:0136
prospective_uniform	9	P2_WEEDSGALORE_TRUTH_FREE_PROPOSAL_GRID_20260810_V3_T070_A032:018:0166
prospective_uniform	9	P2_WEEDSGALORE_TRUTH_FREE_PROPOSAL_GRID_20260810_V3_T070_A032:023:0061
prospective_uniform	9	P2_WEEDSGALORE_TRUTH_FREE_PROPOSAL_GRID_20260810_V3_T070_A032:023:0117
prospective_uniform	9	P2_WEEDSGALORE_TRUTH_FREE_PROPOSAL_GRID_20260810_V3_T070_A032:024:0028
prospective_uniform	9	P2_WEEDSGALORE_TRUTH_FREE_PROPOSAL_GRID_20260810_V3_T070_A032:024:0033
prospective_uniform	9	P2_WEEDSGALORE_TRUTH_FREE_PROPOSAL_GRID_20260810_V3_T070_A032:025:0004
prospective_uniform	9	P2_WEEDSGALORE_TRUTH_FREE_PROPOSAL_GRID_20260810_V3_T070_A032:026:0027
prospective_uniform	9	P2_WEEDSGALORE_TRUTH_FREE_PROPOSAL_GRID_20260810_V3_T070_A032:026:0035
prospective_uniform	9	P2_WEEDSGALORE_TRUTH_FREE_PROPOSAL_GRID_20260810_V3_T070_A032:026:0043
prospective_uniform	9	P2_WEEDSGALORE_TRUTH_FREE_PROPOSAL_GRID_20260810_V3_T070_A032:026:0045
prospective_uniform	9	P2_WEEDSGALORE_TRUTH_FREE_PROPOSAL_GRID_20260810_V3_T070_A032:030:0050
prospective_uniform	9	P2_WEEDSGALORE_TRUTH_FREE_PROPOSAL_GRID_20260810_V3_T070_A032:030:0061
prospective_uniform	9	P2_WEEDSGALORE_TRUTH_FREE_PROPOSAL_GRID_20260810_V3_T070_A032:030:0063
prospective_uniform	9	P2_WEEDSGALORE_TRUTH_FREE_PROPOSAL_GRID_20260810_V3_T070_A032:031:0002
prospective_uniform	9	P2_WEEDSGALORE_TRUTH_FREE_PROPOSAL_GRID_20260810_V3_T070_A032:031:0024
prospective_uniform	9	P2_WEEDSGALORE_TRUTH_FREE_PROPOSAL_GRID_20260810_V3_T070_A032:032:0005
prospective_uniform	9	P2_WEEDSGALORE_TRUTH_FREE_PROPOSAL_GRID_20260810_V3_T070_A032:032:0013
prospective_uniform	9	P2_WEEDSGALORE_TRUTH_FREE_PROPOSAL_GRID_20260810_V3_T070_A032:032:0043
prospective_uniform	9	P2_WEEDSGALORE_TRUTH_FREE_PROPOSAL_GRID_20260810_V3_T070_A032:034:0042
prospective_uniform	9	P2_WEEDSGALORE_TRUTH_FREE_PROPOSAL_GRID_20260810_V3_T070_A032:034:0093
prospective_uniform	9	P2_WEEDSGALORE_TRUTH_FREE_PROPOSAL_GRID_20260810_V3_T070_A032:034:0118
prospective_uniform	9	P2_WEEDSGALORE_TRUTH_FREE_PROPOSAL_GRID_20260810_V3_T070_A032:034:0159
prospective_uniform	9	P2_WEEDSGALORE_TRUTH_FREE_PROPOSAL_GRID_20260810_V3_T070_A032:037:0005
prospective_uniform	9	P2_WEEDSGALORE_TRUTH_FREE_PROPOSAL_GRID_20260810_V3_T070_A032:037:0012
prospective_uniform	9	P2_WEEDSGALORE_TRUTH_FREE_PROPOSAL_GRID_20260810_V3_T070_A032:037:0031
prospective_uniform	9	P2_WEEDSGALORE_TRUTH_FREE_PROPOSAL_GRID_20260810_V3_T070_A032:038:0040
prospective_uniform	9	P2_WEEDSGALORE_TRUTH_FREE_PROPOSAL_GRID_20260810_V3_T070_A032:039:0036
prospective_uniform	9	P2_WEEDSGALORE_TRUTH_FREE_PROPOSAL_GRID_20260810_V3_T070_A032:039:0045
prospective_uniform	9	P2_WEEDSGALORE_TRUTH_FREE_PROPOSAL_GRID_20260810_V3_T070_A032:039:0054
prospective_uniform	9	P2_WEEDSGALORE_TRUTH_FREE_PROPOSAL_GRID_20260810_V3_T070_A032:039:0073
prospective_uniform	9	P2_WEEDSGALORE_TRUTH_FREE_PROPOSAL_GRID_20260810_V3_T070_A032:043:0042
prospective_uniform	9	P2_WEEDSGALORE_TRUTH_FREE_PROPOSAL_GRID_20260810_V3_T070_A032:047:0010
prospective_uniform	9	P2_WEEDSGALORE_TRUTH_FREE_PROPOSAL_GRID_20260810_V3_T070_A032:048:0023
prospective_uniform	9	P2_WEEDSGALORE_TRUTH_FREE_PROPOSAL_GRID_20260810_V3_T070_A032:051:0009
prospective_uniform	9	P2_WEEDSGALORE_TRUTH_FREE_PROPOSAL_GRID_20260810_V3_T070_A032:051:0011
prospective_uniform	9	P2_WEEDSGALORE_TRUTH_FREE_PROPOSAL_GRID_20260810_V3_T070_A032:051:0047
prospective_uniform	9	P2_WEEDSGALORE_TRUTH_FREE_PROPOSAL_GRID_20260810_V3_T070_A032:051:0080
prospective_uniform	9	P2_WEEDSGALORE_TRUTH_FREE_PROPOSAL_GRID_20260810_V3_T070_A032:051:0086
prospective_uniform	9	P2_WEEDSGALORE_TRUTH_FREE_PROPOSAL_GRID_20260810_V3_T070_A032:052:0003
prospective_uniform	9	P2_WEEDSGALORE_TRUTH_FREE_PROPOSAL_GRID_20260810_V3_T070_A032:052:0028
prospective_uniform	9	P2_WEEDSGALORE_TRUTH_FREE_PROPOSAL_GRID_20260810_V3_T070_A032:052:0063
prospective_uniform	9	P2_WEEDSGALORE_TRUTH_FREE_PROPOSAL_GRID_20260810_V3_T070_A032:052:0075
prospective_uniform	9	P2_WEEDSGALORE_TRUTH_FREE_PROPOSAL_GRID_20260810_V3_T070_A032:052:0078
prospective_uniform	9	P2_WEEDSGALORE_TRUTH_FREE_PROPOSAL_GRID_20260810_V3_T070_A032:052:0106
prospective_uniform	9	P2_WEEDSGALORE_TRUTH_FREE_PROPOSAL_GRID_20260810_V3_T070_A032:052:0146
prospective_uniform	9	P2_WEEDSGALORE_TRUTH_FREE_PROPOSAL_GRID_20260810_V3_T070_A032:052:0162
prospective_uniform	9	P2_WEEDSGALORE_TRUTH_FREE_PROPOSAL_GRID_20260810_V3_T070_A032:052:0169
prospective_uniform	9	P2_WEEDSGALORE_TRUTH_FREE_PROPOSAL_GRID_20260810_V3_T070_A032:052:0172
prospective_uniform	9	P2_WEEDSGALORE_TRUTH_FREE_PROPOSAL_GRID_20260810_V3_T070_A032:052:0219
prospective_uniform	9	P2_WEEDSGALORE_TRUTH_FREE_PROPOSAL_GRID_20260810_V3_T070_A032:053:0051
prospective_uniform	9	P2_WEEDSGALORE_TRUTH_FREE_PROPOSAL_GRID_20260810_V3_T070_A032:053:0083
prospective_uniform	9	P2_WEEDSGALORE_TRUTH_FREE_PROPOSAL_GRID_20260810_V3_T070_A032:053:0096
prospective_uniform	9	P2_WEEDSGALORE_TRUTH_FREE_PROPOSAL_GRID_20260810_V3_T070_A032:054:0049
prospective_uniform	9	P2_WEEDSGALORE_TRUTH_FREE_PROPOSAL_GRID_20260810_V3_T070_A032:054:0050
prospective_uniform	9	P2_WEEDSGALORE_TRUTH_FREE_PROPOSAL_GRID_20260810_V3_T070_A032:054:0060
prospective_uniform	9	P2_WEEDSGALORE_TRUTH_FREE_PROPOSAL_GRID_20260810_V3_T070_A032:054:0076
prospective_uniform	9	P2_WEEDSGALORE_TRUTH_FREE_PROPOSAL_GRID_20260810_V3_T070_A032:054:0101
prospective_uniform	9	P2_WEEDSGALORE_TRUTH_FREE_PROPOSAL_GRID_20260810_V3_T070_A032:054:0135
prospective_uniform	9	P2_WEEDSGALORE_TRUTH_FREE_PROPOSAL_GRID_20260810_V3_T070_A032:054:0149
prospective_uniform	9	P2_WEEDSGALORE_TRUTH_FREE_PROPOSAL_GRID_20260810_V3_T070_A032:054:0179
prospective_uniform	9	P2_WEEDSGALORE_TRUTH_FREE_PROPOSAL_GRID_20260810_V3_T070_A032:054:0181
prospective_uniform	9	P2_WEEDSGALORE_TRUTH_FREE_PROPOSAL_GRID_20260810_V3_T070_A032:058:0004
prospective_uniform	9	P2_WEEDSGALORE_TRUTH_FREE_PROPOSAL_GRID_20260810_V3_T070_A032:058:0087
prospective_uniform	9	P2_WEEDSGALORE_TRUTH_FREE_PROPOSAL_GRID_20260810_V3_T070_A032:058:0159
prospective_uniform	9	P2_WEEDSGALORE_TRUTH_FREE_PROPOSAL_GRID_20260810_V3_T070_A032:059:0046
prospective_uniform	9	P2_WEEDSGALORE_TRUTH_FREE_PROPOSAL_GRID_20260810_V3_T070_A032:059:0054
prospective_uniform	9	P2_WEEDSGALORE_TRUTH_FREE_PROPOSAL_GRID_20260810_V3_T070_A032:060:0012
prospective_uniform	9	P2_WEEDSGALORE_TRUTH_FREE_PROPOSAL_GRID_20260810_V3_T070_A032:060:0032
prospective_uniform	9	P2_WEEDSGALORE_TRUTH_FREE_PROPOSAL_GRID_20260810_V3_T070_A032:060:0039
prospective_uniform	9	P2_WEEDSGALORE_TRUTH_FREE_PROPOSAL_GRID_20260810_V3_T070_A032:060:0050
prospective_uniform	9	P2_WEEDSGALORE_TRUTH_FREE_PROPOSAL_GRID_20260810_V3_T070_A032:060:0104
prospective_uniform	9	P2_WEEDSGALORE_TRUTH_FREE_PROPOSAL_GRID_20260810_V3_T070_A032:060:0169
prospective_uniform	9	P2_WEEDSGALORE_TRUTH_FREE_PROPOSAL_GRID_20260810_V3_T070_A032:061:0016
prospective_uniform	9	P2_WEEDSGALORE_TRUTH_FREE_PROPOSAL_GRID_20260810_V3_T070_A032:061:0031
prospective_uniform	9	P2_WEEDSGALORE_TRUTH_FREE_PROPOSAL_GRID_20260810_V3_T070_A032:061:0033
prospective_uniform	9	P2_WEEDSGALORE_TRUTH_FREE_PROPOSAL_GRID_20260810_V3_T070_A032:061:0035
prospective_uniform	9	P2_WEEDSGALORE_TRUTH_FREE_PROPOSAL_GRID_20260810_V3_T070_A032:061:0061
prospective_uniform	9	P2_WEEDSGALORE_TRUTH_FREE_PROPOSAL_GRID_20260810_V3_T070_A032:061:0066
prospective_uniform	9	P2_WEEDSGALORE_TRUTH_FREE_PROPOSAL_GRID_20260810_V3_T070_A032:061:0086
prospective_uniform	9	P2_WEEDSGALORE_TRUTH_FREE_PROPOSAL_GRID_20260810_V3_T070_A032:061:0111
prospective_uniform	9	P2_WEEDSGALORE_TRUTH_FREE_PROPOSAL_GRID_20260810_V3_T070_A032:061:0118
prospective_uniform	9	P2_WEEDSGALORE_TRUTH_FREE_PROPOSAL_GRID_20260810_V3_T070_A032:061:0153
prospective_uniform	9	P2_WEEDSGALORE_TRUTH_FREE_PROPOSAL_GRID_20260810_V3_T070_A032:061:0169
prospective_uniform	9	P2_WEEDSGALORE_TRUTH_FREE_PROPOSAL_GRID_20260810_V3_T070_A032:061:0171
prospective_uniform	9	P2_WEEDSGALORE_TRUTH_FREE_PROPOSAL_GRID_20260810_V3_T070_A032:062:0019
prospective_uniform	9	P2_WEEDSGALORE_TRUTH_FREE_PROPOSAL_GRID_20260810_V3_T070_A032:062:0053
prospective_uniform	9	P2_WEEDSGALORE_TRUTH_FREE_PROPOSAL_GRID_20260810_V3_T070_A032:062:0140
prospective_uniform	9	P2_WEEDSGALORE_TRUTH_FREE_PROPOSAL_GRID_20260810_V3_T070_A032:062:0146
prospective_uniform	9	P2_WEEDSGALORE_TRUTH_FREE_PROPOSAL_GRID_20260810_V3_T070_A032:063:0044
prospective_uniform	9	P2_WEEDSGALORE_TRUTH_FREE_PROPOSAL_GRID_20260810_V3_T070_A032:064:0049
prospective_uniform	9	P2_WEEDSGALORE_TRUTH_FREE_PROPOSAL_GRID_20260810_V3_T070_A032:064:0050
prospective_uniform	9	P2_WEEDSGALORE_TRUTH_FREE_PROPOSAL_GRID_20260810_V3_T070_A032:064:0084
prospective_uniform	9	P2_WEEDSGALORE_TRUTH_FREE_PROPOSAL_GRID_20260810_V3_T070_A032:064:0128
prospective_uniform	9	P2_WEEDSGALORE_TRUTH_FREE_PROPOSAL_GRID_20260810_V3_T070_A032:064:0140
prospective_uniform	9	P2_WEEDSGALORE_TRUTH_FREE_PROPOSAL_GRID_20260810_V3_T070_A032:067:0097
prospective_uniform	9	P2_WEEDSGALORE_TRUTH_FREE_PROPOSAL_GRID_20260810_V3_T070_A032:067:0124
prospective_uniform	9	P2_WEEDSGALORE_TRUTH_FREE_PROPOSAL_GRID_20260810_V3_T070_A032:067:0153
prospective_uniform	9	P2_WEEDSGALORE_TRUTH_FREE_PROPOSAL_GRID_20260810_V3_T070_A032:070:0031
prospective_uniform	9	P2_WEEDSGALORE_TRUTH_FREE_PROPOSAL_GRID_20260810_V3_T070_A032:070:0044
prospective_uniform	9	P2_WEEDSGALORE_TRUTH_FREE_PROPOSAL_GRID_20260810_V3_T070_A032:070:0063
prospective_uniform	9	P2_WEEDSGALORE_TRUTH_FREE_PROPOSAL_GRID_20260810_V3_T070_A032:070:0078
prospective_uniform	9	P2_WEEDSGALORE_TRUTH_FREE_PROPOSAL_GRID_20260810_V3_T070_A032:070:0100
prospective_uniform	9	P2_WEEDSGALORE_TRUTH_FREE_PROPOSAL_GRID_20260810_V3_T070_A032:070:0181
prospective_uniform	9	P2_WEEDSGALORE_TRUTH_FREE_PROPOSAL_GRID_20260810_V3_T070_A032:070:0195
prospective_uniform	9	P2_WEEDSGALORE_TRUTH_FREE_PROPOSAL_GRID_20260810_V3_T070_A032:070:0205
prospective_uniform	9	P2_WEEDSGALORE_TRUTH_FREE_PROPOSAL_GRID_20260810_V3_T070_A032:070:0206
prospective_uniform	9	P2_WEEDSGALORE_TRUTH_FREE_PROPOSAL_GRID_20260810_V3_T070_A032:071:0027
prospective_uniform	9	P2_WEEDSGALORE_TRUTH_FREE_PROPOSAL_GRID_20260810_V3_T070_A032:071:0052
prospective_uniform	9	P2_WEEDSGALORE_TRUTH_FREE_PROPOSAL_GRID_20260810_V3_T070_A032:071:0067
prospective_uniform	9	P2_WEEDSGALORE_TRUTH_FREE_PROPOSAL_GRID_20260810_V3_T070_A032:071:0101
prospective_uniform	9	P2_WEEDSGALORE_TRUTH_FREE_PROPOSAL_GRID_20260810_V3_T070_A032:071:0121
prospective_uniform	9	P2_WEEDSGALORE_TRUTH_FREE_PROPOSAL_GRID_20260810_V3_T070_A032:072:0080
prospective_uniform	9	P2_WEEDSGALORE_TRUTH_FREE_PROPOSAL_GRID_20260810_V3_T070_A032:073:0079
prospective_uniform	9	P2_WEEDSGALORE_TRUTH_FREE_PROPOSAL_GRID_20260810_V3_T070_A032:073:0084
prospective_uniform	9	P2_WEEDSGALORE_TRUTH_FREE_PROPOSAL_GRID_20260810_V3_T070_A032:073:0124
prospective_uniform	9	P2_WEEDSGALORE_TRUTH_FREE_PROPOSAL_GRID_20260810_V3_T070_A032:074:0133
prospective_uniform	9	P2_WEEDSGALORE_TRUTH_FREE_PROPOSAL_GRID_20260810_V3_T070_A032:074:0140
prospective_uniform	9	P2_WEEDSGALORE_TRUTH_FREE_PROPOSAL_GRID_20260810_V3_T070_A032:074:0174
prospective_uniform	9	P2_WEEDSGALORE_TRUTH_FREE_PROPOSAL_GRID_20260810_V3_T070_A032:077:0081
prospective_uniform	9	P2_WEEDSGALORE_TRUTH_FREE_PROPOSAL_GRID_20260810_V3_T070_A032:077:0096
prospective_uniform	9	P2_WEEDSGALORE_TRUTH_FREE_PROPOSAL_GRID_20260810_V3_T070_A032:077:0113
prospective_uniform	9	P2_WEEDSGALORE_TRUTH_FREE_PROPOSAL_GRID_20260810_V3_T070_A032:077:0139
prospective_uniform	9	P2_WEEDSGALORE_TRUTH_FREE_PROPOSAL_GRID_20260810_V3_T070_A032:077:0160
prospective_uniform	9	P2_WEEDSGALORE_TRUTH_FREE_PROPOSAL_GRID_20260810_V3_T070_A032:078:0025
prospective_uniform	9	P2_WEEDSGALORE_TRUTH_FREE_PROPOSAL_GRID_20260810_V3_T070_A032:078:0027
prospective_uniform	9	P2_WEEDSGALORE_TRUTH_FREE_PROPOSAL_GRID_20260810_V3_T070_A032:078:0055
prospective_uniform	9	P2_WEEDSGALORE_TRUTH_FREE_PROPOSAL_GRID_20260810_V3_T070_A032:078:0114
prospective_uniform	9	P2_WEEDSGALORE_TRUTH_FREE_PROPOSAL_GRID_20260810_V3_T070_A032:078:0125
prospective_uniform	9	P2_WEEDSGALORE_TRUTH_FREE_PROPOSAL_GRID_20260810_V3_T070_A032:078:0137
prospective_uniform	9	P2_WEEDSGALORE_TRUTH_FREE_PROPOSAL_GRID_20260810_V3_T070_A032:078:0173
prospective_uniform	9	P2_WEEDSGALORE_TRUTH_FREE_PROPOSAL_GRID_20260810_V3_T070_A032:078:0187
prospective_uniform	9	P2_WEEDSGALORE_TRUTH_FREE_PROPOSAL_GRID_20260810_V3_T070_A032:080:0005
prospective_uniform	9	P2_WEEDSGALORE_TRUTH_FREE_PROPOSAL_GRID_20260810_V3_T070_A032:080:0046
prospective_uniform	9	P2_WEEDSGALORE_TRUTH_FREE_PROPOSAL_GRID_20260810_V3_T070_A032:080:0059
prospective_uniform	9	P2_WEEDSGALORE_TRUTH_FREE_PROPOSAL_GRID_20260810_V3_T070_A032:080:0084
prospective_uniform	9	P2_WEEDSGALORE_TRUTH_FREE_PROPOSAL_GRID_20260810_V3_T070_A032:081:0008
prospective_uniform	9	P2_WEEDSGALORE_TRUTH_FREE_PROPOSAL_GRID_20260810_V3_T070_A032:081:0019
prospective_uniform	9	P2_WEEDSGALORE_TRUTH_FREE_PROPOSAL_GRID_20260810_V3_T070_A032:081:0024
prospective_uniform	9	P2_WEEDSGALORE_TRUTH_FREE_PROPOSAL_GRID_20260810_V3_T070_A032:081:0030
prospective_uniform	9	P2_WEEDSGALORE_TRUTH_FREE_PROPOSAL_GRID_20260810_V3_T070_A032:083:0001
prospective_uniform	9	P2_WEEDSGALORE_TRUTH_FREE_PROPOSAL_GRID_20260810_V3_T070_A032:083:0012
prospective_uniform	9	P2_WEEDSGALORE_TRUTH_FREE_PROPOSAL_GRID_20260810_V3_T070_A032:083:0031
prospective_uniform	9	P2_WEEDSGALORE_TRUTH_FREE_PROPOSAL_GRID_20260810_V3_T070_A032:083:0053
prospective_uniform	9	P2_WEEDSGALORE_TRUTH_FREE_PROPOSAL_GRID_20260810_V3_T070_A032:083:0100
prospective_uniform	9	P2_WEEDSGALORE_TRUTH_FREE_PROPOSAL_GRID_20260810_V3_T070_A032:084:0008
prospective_uniform	9	P2_WEEDSGALORE_TRUTH_FREE_PROPOSAL_GRID_20260810_V3_T070_A032:084:0012
prospective_uniform	9	P2_WEEDSGALORE_TRUTH_FREE_PROPOSAL_GRID_20260810_V3_T070_A032:084:0016
prospective_uniform	9	P2_WEEDSGALORE_TRUTH_FREE_PROPOSAL_GRID_20260810_V3_T070_A032:084:0024
prospective_uniform	9	P2_WEEDSGALORE_TRUTH_FREE_PROPOSAL_GRID_20260810_V3_T070_A032:084:0036
prospective_uniform	9	P2_WEEDSGALORE_TRUTH_FREE_PROPOSAL_GRID_20260810_V3_T070_A032:084:0050
prospective_uniform	9	P2_WEEDSGALORE_TRUTH_FREE_PROPOSAL_GRID_20260810_V3_T070_A032:085:0010
prospective_uniform	9	P2_WEEDSGALORE_TRUTH_FREE_PROPOSAL_GRID_20260810_V3_T070_A032:085:0013
prospective_uniform	9	P2_WEEDSGALORE_TRUTH_FREE_PROPOSAL_GRID_20260810_V3_T070_A032:085:0041
prospective_uniform	9	P2_WEEDSGALORE_TRUTH_FREE_PROPOSAL_GRID_20260810_V3_T070_A032:085:0045
prospective_uniform	9	P2_WEEDSGALORE_TRUTH_FREE_PROPOSAL_GRID_20260810_V3_T070_A032:086:0005
prospective_uniform	9	P2_WEEDSGALORE_TRUTH_FREE_PROPOSAL_GRID_20260810_V3_T070_A032:086:0019
prospective_uniform	9	P2_WEEDSGALORE_TRUTH_FREE_PROPOSAL_GRID_20260810_V3_T070_A032:086:0078
prospective_uniform	9	P2_WEEDSGALORE_TRUTH_FREE_PROPOSAL_GRID_20260810_V3_T070_A032:089:0060
prospective_uniform	9	P2_WEEDSGALORE_TRUTH_FREE_PROPOSAL_GRID_20260810_V3_T070_A032:089:0066
prospective_uniform	9	P2_WEEDSGALORE_TRUTH_FREE_PROPOSAL_GRID_20260810_V3_T070_A032:089:0067
prospective_uniform	9	P2_WEEDSGALORE_TRUTH_FREE_PROPOSAL_GRID_20260810_V3_T070_A032:090:0012
prospective_uniform	9	P2_WEEDSGALORE_TRUTH_FREE_PROPOSAL_GRID_20260810_V3_T070_A032:090:0028
prospective_uniform	9	P2_WEEDSGALORE_TRUTH_FREE_PROPOSAL_GRID_20260810_V3_T070_A032:090:0037
prospective_uniform	9	P2_WEEDSGALORE_TRUTH_FREE_PROPOSAL_GRID_20260810_V3_T070_A032:092:0008
prospective_uniform	9	P2_WEEDSGALORE_TRUTH_FREE_PROPOSAL_GRID_20260810_V3_T070_A032:092:0088
prospective_uniform	9	P2_WEEDSGALORE_TRUTH_FREE_PROPOSAL_GRID_20260810_V3_T070_A032:092:0091
prospective_uniform	9	P2_WEEDSGALORE_TRUTH_FREE_PROPOSAL_GRID_20260810_V3_T070_A032:093:0022
prospective_uniform	9	P2_WEEDSGALORE_TRUTH_FREE_PROPOSAL_GRID_20260810_V3_T070_A032:093:0032
prospective_uniform	9	P2_WEEDSGALORE_TRUTH_FREE_PROPOSAL_GRID_20260810_V3_T070_A032:093:0050
prospective_uniform	9	P2_WEEDSGALORE_TRUTH_FREE_PROPOSAL_GRID_20260810_V3_T070_A032:094:0022
prospective_uniform	9	P2_WEEDSGALORE_TRUTH_FREE_PROPOSAL_GRID_20260810_V3_T070_A032:094:0034
prospective_uniform	9	P2_WEEDSGALORE_TRUTH_FREE_PROPOSAL_GRID_20260810_V3_T070_A032:094:0041
prospective_uniform	9	P2_WEEDSGALORE_TRUTH_FREE_PROPOSAL_GRID_20260810_V3_T070_A032:094:0055
prospective_uniform	9	P2_WEEDSGALORE_TRUTH_FREE_PROPOSAL_GRID_20260810_V3_T070_A032:097:0008
prospective_uniform	9	P2_WEEDSGALORE_TRUTH_FREE_PROPOSAL_GRID_20260810_V3_T070_A032:101:0012
prospective_uniform	9	P2_WEEDSGALORE_TRUTH_FREE_PROPOSAL_GRID_20260810_V3_T070_A032:101:0030
prospective_uniform	9	P2_WEEDSGALORE_TRUTH_FREE_PROPOSAL_GRID_20260810_V3_T070_A032:101:0082
prospective_uniform	9	P2_WEEDSGALORE_TRUTH_FREE_PROPOSAL_GRID_20260810_V3_T070_A032:102:0037
prospective_uniform	9	P2_WEEDSGALORE_TRUTH_FREE_PROPOSAL_GRID_20260810_V3_T070_A032:103:0022
prospective_uniform	9	P2_WEEDSGALORE_TRUTH_FREE_PROPOSAL_GRID_20260810_V3_T070_A032:104:0004
prospective_uniform	9	P2_WEEDSGALORE_TRUTH_FREE_PROPOSAL_GRID_20260810_V3_T070_A032:104:0029
prospective_uniform	9	P2_WEEDSGALORE_TRUTH_FREE_PROPOSAL_GRID_20260810_V3_T070_A032:104:0036
prospective_uniform	9	P2_WEEDSGALORE_TRUTH_FREE_PROPOSAL_GRID_20260810_V3_T070_A032:107:0013
prospective_uniform	9	P2_WEEDSGALORE_TRUTH_FREE_PROPOSAL_GRID_20260810_V3_T070_A032:107:0043
prospective_uniform	9	P2_WEEDSGALORE_TRUTH_FREE_PROPOSAL_GRID_20260810_V3_T070_A032:107:0047
prospective_uniform	9	P2_WEEDSGALORE_TRUTH_FREE_PROPOSAL_GRID_20260810_V3_T070_A032:107:0050
prospective_uniform	9	P2_WEEDSGALORE_TRUTH_FREE_PROPOSAL_GRID_20260810_V3_T070_A032:108:0003
prospective_uniform	9	P2_WEEDSGALORE_TRUTH_FREE_PROPOSAL_GRID_20260810_V3_T070_A032:108:0024
prospective_uniform	9	P2_WEEDSGALORE_TRUTH_FREE_PROPOSAL_GRID_20260810_V3_T070_A032:108:0084
prospective_uniform	9	P2_WEEDSGALORE_TRUTH_FREE_PROPOSAL_GRID_20260810_V3_T070_A032:108:0092
prospective_uniform	9	P2_WEEDSGALORE_TRUTH_FREE_PROPOSAL_GRID_20260810_V3_T070_A032:109:0008
prospective_uniform	9	P2_WEEDSGALORE_TRUTH_FREE_PROPOSAL_GRID_20260810_V3_T070_A032:110:0014
prospective_uniform	9	P2_WEEDSGALORE_TRUTH_FREE_PROPOSAL_GRID_20260810_V3_T070_A032:110:0033
prospective_uniform	9	P2_WEEDSGALORE_TRUTH_FREE_PROPOSAL_GRID_20260810_V3_T070_A032:110:0076
prospective_uniform	9	P2_WEEDSGALORE_TRUTH_FREE_PROPOSAL_GRID_20260810_V3_T070_A032:110:0106
prospective_uniform	9	P2_WEEDSGALORE_TRUTH_FREE_PROPOSAL_GRID_20260810_V3_T070_A032:114:0015
prospective_uniform	9	P2_WEEDSGALORE_TRUTH_FREE_PROPOSAL_GRID_20260810_V3_T070_A032:114:0041
prospective_uniform	9	P2_WEEDSGALORE_TRUTH_FREE_PROPOSAL_GRID_20260810_V3_T070_A032:116:0011
prospective_uniform	9	P2_WEEDSGALORE_TRUTH_FREE_PROPOSAL_GRID_20260810_V3_T070_A032:116:0014
prospective_uniform	9	P2_WEEDSGALORE_TRUTH_FREE_PROPOSAL_GRID_20260810_V3_T070_A032:116:0020
prospective_uniform	9	P2_WEEDSGALORE_TRUTH_FREE_PROPOSAL_GRID_20260810_V3_T070_A032:116:0045
prospective_uniform	9	P2_WEEDSGALORE_TRUTH_FREE_PROPOSAL_GRID_20260810_V3_T070_A032:116:0085
prospective_uniform	9	P2_WEEDSGALORE_TRUTH_FREE_PROPOSAL_GRID_20260810_V3_T070_A032:116:0087
prospective_uniform	9	P2_WEEDSGALORE_TRUTH_FREE_PROPOSAL_GRID_20260810_V3_T070_A032:119:0027
prospective_uniform	9	P2_WEEDSGALORE_TRUTH_FREE_PROPOSAL_GRID_20260810_V3_T070_A032:119:0042
prospective_uniform	9	P2_WEEDSGALORE_TRUTH_FREE_PROPOSAL_GRID_20260810_V3_T070_A032:119:0050
prospective_uniform	9	P2_WEEDSGALORE_TRUTH_FREE_PROPOSAL_GRID_20260810_V3_T070_A032:120:0014
prospective_uniform	9	P2_WEEDSGALORE_TRUTH_FREE_PROPOSAL_GRID_20260810_V3_T070_A032:120:0019
prospective_uniform	9	P2_WEEDSGALORE_TRUTH_FREE_PROPOSAL_GRID_20260810_V3_T070_A032:120:0035
prospective_uniform	9	P2_WEEDSGALORE_TRUTH_FREE_PROPOSAL_GRID_20260810_V3_T070_A032:121:0014
prospective_uniform	9	P2_WEEDSGALORE_TRUTH_FREE_PROPOSAL_GRID_20260810_V3_T070_A032:121:0030
prospective_uniform	9	P2_WEEDSGALORE_TRUTH_FREE_PROPOSAL_GRID_20260810_V3_T070_A032:122:0045
prospective_uniform	9	P2_WEEDSGALORE_TRUTH_FREE_PROPOSAL_GRID_20260810_V3_T070_A032:123:0043
prospective_uniform	9	P2_WEEDSGALORE_TRUTH_FREE_PROPOSAL_GRID_20260810_V3_T070_A032:123:0091
prospective_uniform	9	P2_WEEDSGALORE_TRUTH_FREE_PROPOSAL_GRID_20260810_V3_T070_A032:126:0010
prospective_uniform	9	P2_WEEDSGALORE_TRUTH_FREE_PROPOSAL_GRID_20260810_V3_T070_A032:126:0014
prospective_uniform	9	P2_WEEDSGALORE_TRUTH_FREE_PROPOSAL_GRID_20260810_V3_T070_A032:126:0027
prospective_uniform	9	P2_WEEDSGALORE_TRUTH_FREE_PROPOSAL_GRID_20260810_V3_T070_A032:127:0065
prospective_uniform	9	P2_WEEDSGALORE_TRUTH_FREE_PROPOSAL_GRID_20260810_V3_T070_A032:127:0081
prospective_uniform	9	P2_WEEDSGALORE_TRUTH_FREE_PROPOSAL_GRID_20260810_V3_T070_A032:130:0057
prospective_uniform	9	P2_WEEDSGALORE_TRUTH_FREE_PROPOSAL_GRID_20260810_V3_T070_A032:130:0059
prospective_uniform	9	P2_WEEDSGALORE_TRUTH_FREE_PROPOSAL_GRID_20260810_V3_T070_A032:131:0052
prospective_uniform	9	P2_WEEDSGALORE_TRUTH_FREE_PROPOSAL_GRID_20260810_V3_T070_A032:133:0035
prospective_uniform	9	P2_WEEDSGALORE_TRUTH_FREE_PROPOSAL_GRID_20260810_V3_T070_A032:133:0059
prospective_uniform	9	P2_WEEDSGALORE_TRUTH_FREE_PROPOSAL_GRID_20260810_V3_T070_A032:134:0029
prospective_uniform	9	P2_WEEDSGALORE_TRUTH_FREE_PROPOSAL_GRID_20260810_V3_T070_A032:134:0043
prospective_uniform	9	P2_WEEDSGALORE_TRUTH_FREE_PROPOSAL_GRID_20260810_V3_T070_A032:135:0001
prospective_uniform	9	P2_WEEDSGALORE_TRUTH_FREE_PROPOSAL_GRID_20260810_V3_T070_A032:135:0016
prospective_uniform	9	P2_WEEDSGALORE_TRUTH_FREE_PROPOSAL_GRID_20260810_V3_T070_A032:135:0023
prospective_uniform	9	P2_WEEDSGALORE_TRUTH_FREE_PROPOSAL_GRID_20260810_V3_T070_A032:135:0036
prospective_uniform	9	P2_WEEDSGALORE_TRUTH_FREE_PROPOSAL_GRID_20260810_V3_T070_A032:135:0042
prospective_uniform	9	P2_WEEDSGALORE_TRUTH_FREE_PROPOSAL_GRID_20260810_V3_T070_A032:136:0002
prospective_uniform	9	P2_WEEDSGALORE_TRUTH_FREE_PROPOSAL_GRID_20260810_V3_T070_A032:136:0048
prospective_uniform	9	P2_WEEDSGALORE_TRUTH_FREE_PROPOSAL_GRID_20260810_V3_T070_A032:139:0027
prospective_uniform	9	P2_WEEDSGALORE_TRUTH_FREE_PROPOSAL_GRID_20260810_V3_T070_A032:139:0089
prospective_uniform	9	P2_WEEDSGALORE_TRUTH_FREE_PROPOSAL_GRID_20260810_V3_T070_A032:142:0002
prospective_uniform	9	P2_WEEDSGALORE_TRUTH_FREE_PROPOSAL_GRID_20260810_V3_T070_A032:142:0011
prospective_uniform	9	P2_WEEDSGALORE_TRUTH_FREE_PROPOSAL_GRID_20260810_V3_T070_A032:142:0044
prospective_uniform	9	P2_WEEDSGALORE_TRUTH_FREE_PROPOSAL_GRID_20260810_V3_T070_A032:142:0061
prospective_uniform	9	P2_WEEDSGALORE_TRUTH_FREE_PROPOSAL_GRID_20260810_V3_T070_A032:143:0022
prospective_uniform	9	P2_WEEDSGALORE_TRUTH_FREE_PROPOSAL_GRID_20260810_V3_T070_A032:143:0037
prospective_uniform	9	P2_WEEDSGALORE_TRUTH_FREE_PROPOSAL_GRID_20260810_V3_T070_A032:144:0011
prospective_uniform	9	P2_WEEDSGALORE_TRUTH_FREE_PROPOSAL_GRID_20260810_V3_T070_A032:145:0017
prospective_uniform	9	P2_WEEDSGALORE_TRUTH_FREE_PROPOSAL_GRID_20260810_V3_T070_A032:150:0005
prospective_uniform	9	P2_WEEDSGALORE_TRUTH_FREE_PROPOSAL_GRID_20260810_V3_T070_A032:150:0034
prospective_uniform	9	P2_WEEDSGALORE_TRUTH_FREE_PROPOSAL_GRID_20260810_V3_T070_A032:151:0020
prospective_uniform	9	P2_WEEDSGALORE_TRUTH_FREE_PROPOSAL_GRID_20260810_V3_T070_A032:153:0024
prospective_uniform	9	P2_WEEDSGALORE_TRUTH_FREE_PROPOSAL_GRID_20260810_V3_T070_A032:155:0076
prospective_uniform	9	P2_WEEDSGALORE_TRUTH_FREE_PROPOSAL_GRID_20260810_V3_T070_A032:155:0085
prospective_uniform	9	P2_WEEDSGALORE_TRUTH_FREE_PROPOSAL_GRID_20260810_V3_T070_A032:156:0015
prospective_uniform	9	P2_WEEDSGALORE_TRUTH_FREE_PROPOSAL_GRID_20260810_V3_T070_A032:156:0027
prospective_uniform	9	P2_WEEDSGALORE_TRUTH_FREE_PROPOSAL_GRID_20260810_V3_T070_A032:156:0033
prospective_dinov2_coreset	9	P2_WEEDSGALORE_TRUTH_FREE_PROPOSAL_GRID_20260810_V3_T070_A032:003:0014
prospective_dinov2_coreset	9	P2_WEEDSGALORE_TRUTH_FREE_PROPOSAL_GRID_20260810_V3_T070_A032:004:0013
prospective_dinov2_coreset	9	P2_WEEDSGALORE_TRUTH_FREE_PROPOSAL_GRID_20260810_V3_T070_A032:004:0024
prospective_dinov2_coreset	9	P2_WEEDSGALORE_TRUTH_FREE_PROPOSAL_GRID_20260810_V3_T070_A032:004:0058
prospective_dinov2_coreset	9	P2_WEEDSGALORE_TRUTH_FREE_PROPOSAL_GRID_20260810_V3_T070_A032:005:0029
prospective_dinov2_coreset	9	P2_WEEDSGALORE_TRUTH_FREE_PROPOSAL_GRID_20260810_V3_T070_A032:005:0030
prospective_dinov2_coreset	9	P2_WEEDSGALORE_TRUTH_FREE_PROPOSAL_GRID_20260810_V3_T070_A032:005:0039
prospective_dinov2_coreset	9	P2_WEEDSGALORE_TRUTH_FREE_PROPOSAL_GRID_20260810_V3_T070_A032:005:0043
prospective_dinov2_coreset	9	P2_WEEDSGALORE_TRUTH_FREE_PROPOSAL_GRID_20260810_V3_T070_A032:005:0072
prospective_dinov2_coreset	9	P2_WEEDSGALORE_TRUTH_FREE_PROPOSAL_GRID_20260810_V3_T070_A032:005:0078
prospective_dinov2_coreset	9	P2_WEEDSGALORE_TRUTH_FREE_PROPOSAL_GRID_20260810_V3_T070_A032:005:0088
prospective_dinov2_coreset	9	P2_WEEDSGALORE_TRUTH_FREE_PROPOSAL_GRID_20260810_V3_T070_A032:005:0091
prospective_dinov2_coreset	9	P2_WEEDSGALORE_TRUTH_FREE_PROPOSAL_GRID_20260810_V3_T070_A032:005:0140
prospective_dinov2_coreset	9	P2_WEEDSGALORE_TRUTH_FREE_PROPOSAL_GRID_20260810_V3_T070_A032:005:0154
prospective_dinov2_coreset	9	P2_WEEDSGALORE_TRUTH_FREE_PROPOSAL_GRID_20260810_V3_T070_A032:005:0171
prospective_dinov2_coreset	9	P2_WEEDSGALORE_TRUTH_FREE_PROPOSAL_GRID_20260810_V3_T070_A032:006:0030
prospective_dinov2_coreset	9	P2_WEEDSGALORE_TRUTH_FREE_PROPOSAL_GRID_20260810_V3_T070_A032:006:0054
prospective_dinov2_coreset	9	P2_WEEDSGALORE_TRUTH_FREE_PROPOSAL_GRID_20260810_V3_T070_A032:006:0085
prospective_dinov2_coreset	9	P2_WEEDSGALORE_TRUTH_FREE_PROPOSAL_GRID_20260810_V3_T070_A032:006:0118
prospective_dinov2_coreset	9	P2_WEEDSGALORE_TRUTH_FREE_PROPOSAL_GRID_20260810_V3_T070_A032:006:0148
prospective_dinov2_coreset	9	P2_WEEDSGALORE_TRUTH_FREE_PROPOSAL_GRID_20260810_V3_T070_A032:006:0161
prospective_dinov2_coreset	9	P2_WEEDSGALORE_TRUTH_FREE_PROPOSAL_GRID_20260810_V3_T070_A032:006:0173
prospective_dinov2_coreset	9	P2_WEEDSGALORE_TRUTH_FREE_PROPOSAL_GRID_20260810_V3_T070_A032:006:0243
prospective_dinov2_coreset	9	P2_WEEDSGALORE_TRUTH_FREE_PROPOSAL_GRID_20260810_V3_T070_A032:006:0262
prospective_dinov2_coreset	9	P2_WEEDSGALORE_TRUTH_FREE_PROPOSAL_GRID_20260810_V3_T070_A032:009:0025
prospective_dinov2_coreset	9	P2_WEEDSGALORE_TRUTH_FREE_PROPOSAL_GRID_20260810_V3_T070_A032:009:0064
prospective_dinov2_coreset	9	P2_WEEDSGALORE_TRUTH_FREE_PROPOSAL_GRID_20260810_V3_T070_A032:010:0003
prospective_dinov2_coreset	9	P2_WEEDSGALORE_TRUTH_FREE_PROPOSAL_GRID_20260810_V3_T070_A032:010:0063
prospective_dinov2_coreset	9	P2_WEEDSGALORE_TRUTH_FREE_PROPOSAL_GRID_20260810_V3_T070_A032:010:0075
prospective_dinov2_coreset	9	P2_WEEDSGALORE_TRUTH_FREE_PROPOSAL_GRID_20260810_V3_T070_A032:010:0091
prospective_dinov2_coreset	9	P2_WEEDSGALORE_TRUTH_FREE_PROPOSAL_GRID_20260810_V3_T070_A032:010:0116
prospective_dinov2_coreset	9	P2_WEEDSGALORE_TRUTH_FREE_PROPOSAL_GRID_20260810_V3_T070_A032:010:0145
prospective_dinov2_coreset	9	P2_WEEDSGALORE_TRUTH_FREE_PROPOSAL_GRID_20260810_V3_T070_A032:010:0232
prospective_dinov2_coreset	9	P2_WEEDSGALORE_TRUTH_FREE_PROPOSAL_GRID_20260810_V3_T070_A032:011:0020
prospective_dinov2_coreset	9	P2_WEEDSGALORE_TRUTH_FREE_PROPOSAL_GRID_20260810_V3_T070_A032:011:0114
prospective_dinov2_coreset	9	P2_WEEDSGALORE_TRUTH_FREE_PROPOSAL_GRID_20260810_V3_T070_A032:011:0154
prospective_dinov2_coreset	9	P2_WEEDSGALORE_TRUTH_FREE_PROPOSAL_GRID_20260810_V3_T070_A032:012:0004
prospective_dinov2_coreset	9	P2_WEEDSGALORE_TRUTH_FREE_PROPOSAL_GRID_20260810_V3_T070_A032:012:0006
prospective_dinov2_coreset	9	P2_WEEDSGALORE_TRUTH_FREE_PROPOSAL_GRID_20260810_V3_T070_A032:012:0069
prospective_dinov2_coreset	9	P2_WEEDSGALORE_TRUTH_FREE_PROPOSAL_GRID_20260810_V3_T070_A032:012:0078
prospective_dinov2_coreset	9	P2_WEEDSGALORE_TRUTH_FREE_PROPOSAL_GRID_20260810_V3_T070_A032:012:0150
prospective_dinov2_coreset	9	P2_WEEDSGALORE_TRUTH_FREE_PROPOSAL_GRID_20260810_V3_T070_A032:012:0178
prospective_dinov2_coreset	9	P2_WEEDSGALORE_TRUTH_FREE_PROPOSAL_GRID_20260810_V3_T070_A032:013:0001
prospective_dinov2_coreset	9	P2_WEEDSGALORE_TRUTH_FREE_PROPOSAL_GRID_20260810_V3_T070_A032:014:0021
prospective_dinov2_coreset	9	P2_WEEDSGALORE_TRUTH_FREE_PROPOSAL_GRID_20260810_V3_T070_A032:014:0036
prospective_dinov2_coreset	9	P2_WEEDSGALORE_TRUTH_FREE_PROPOSAL_GRID_20260810_V3_T070_A032:018:0007
prospective_dinov2_coreset	9	P2_WEEDSGALORE_TRUTH_FREE_PROPOSAL_GRID_20260810_V3_T070_A032:018:0027
prospective_dinov2_coreset	9	P2_WEEDSGALORE_TRUTH_FREE_PROPOSAL_GRID_20260810_V3_T070_A032:018:0047
prospective_dinov2_coreset	9	P2_WEEDSGALORE_TRUTH_FREE_PROPOSAL_GRID_20260810_V3_T070_A032:018:0090
prospective_dinov2_coreset	9	P2_WEEDSGALORE_TRUTH_FREE_PROPOSAL_GRID_20260810_V3_T070_A032:018:0094
prospective_dinov2_coreset	9	P2_WEEDSGALORE_TRUTH_FREE_PROPOSAL_GRID_20260810_V3_T070_A032:018:0097
prospective_dinov2_coreset	9	P2_WEEDSGALORE_TRUTH_FREE_PROPOSAL_GRID_20260810_V3_T070_A032:018:0109
prospective_dinov2_coreset	9	P2_WEEDSGALORE_TRUTH_FREE_PROPOSAL_GRID_20260810_V3_T070_A032:018:0130
prospective_dinov2_coreset	9	P2_WEEDSGALORE_TRUTH_FREE_PROPOSAL_GRID_20260810_V3_T070_A032:018:0140
prospective_dinov2_coreset	9	P2_WEEDSGALORE_TRUTH_FREE_PROPOSAL_GRID_20260810_V3_T070_A032:019:0015
prospective_dinov2_coreset	9	P2_WEEDSGALORE_TRUTH_FREE_PROPOSAL_GRID_20260810_V3_T070_A032:019:0021
prospective_dinov2_coreset	9	P2_WEEDSGALORE_TRUTH_FREE_PROPOSAL_GRID_20260810_V3_T070_A032:019:0023
prospective_dinov2_coreset	9	P2_WEEDSGALORE_TRUTH_FREE_PROPOSAL_GRID_20260810_V3_T070_A032:020:0001
prospective_dinov2_coreset	9	P2_WEEDSGALORE_TRUTH_FREE_PROPOSAL_GRID_20260810_V3_T070_A032:020:0041
prospective_dinov2_coreset	9	P2_WEEDSGALORE_TRUTH_FREE_PROPOSAL_GRID_20260810_V3_T070_A032:023:0003
prospective_dinov2_coreset	9	P2_WEEDSGALORE_TRUTH_FREE_PROPOSAL_GRID_20260810_V3_T070_A032:023:0044
prospective_dinov2_coreset	9	P2_WEEDSGALORE_TRUTH_FREE_PROPOSAL_GRID_20260810_V3_T070_A032:023:0075
prospective_dinov2_coreset	9	P2_WEEDSGALORE_TRUTH_FREE_PROPOSAL_GRID_20260810_V3_T070_A032:023:0108
prospective_dinov2_coreset	9	P2_WEEDSGALORE_TRUTH_FREE_PROPOSAL_GRID_20260810_V3_T070_A032:024:0085
prospective_dinov2_coreset	9	P2_WEEDSGALORE_TRUTH_FREE_PROPOSAL_GRID_20260810_V3_T070_A032:024:0095
prospective_dinov2_coreset	9	P2_WEEDSGALORE_TRUTH_FREE_PROPOSAL_GRID_20260810_V3_T070_A032:024:0118
prospective_dinov2_coreset	9	P2_WEEDSGALORE_TRUTH_FREE_PROPOSAL_GRID_20260810_V3_T070_A032:024:0125
prospective_dinov2_coreset	9	P2_WEEDSGALORE_TRUTH_FREE_PROPOSAL_GRID_20260810_V3_T070_A032:025:0028
prospective_dinov2_coreset	9	P2_WEEDSGALORE_TRUTH_FREE_PROPOSAL_GRID_20260810_V3_T070_A032:025:0041
prospective_dinov2_coreset	9	P2_WEEDSGALORE_TRUTH_FREE_PROPOSAL_GRID_20260810_V3_T070_A032:026:0008
prospective_dinov2_coreset	9	P2_WEEDSGALORE_TRUTH_FREE_PROPOSAL_GRID_20260810_V3_T070_A032:030:0001
prospective_dinov2_coreset	9	P2_WEEDSGALORE_TRUTH_FREE_PROPOSAL_GRID_20260810_V3_T070_A032:030:0008
prospective_dinov2_coreset	9	P2_WEEDSGALORE_TRUTH_FREE_PROPOSAL_GRID_20260810_V3_T070_A032:030:0048
prospective_dinov2_coreset	9	P2_WEEDSGALORE_TRUTH_FREE_PROPOSAL_GRID_20260810_V3_T070_A032:031:0003
prospective_dinov2_coreset	9	P2_WEEDSGALORE_TRUTH_FREE_PROPOSAL_GRID_20260810_V3_T070_A032:032:0028
prospective_dinov2_coreset	9	P2_WEEDSGALORE_TRUTH_FREE_PROPOSAL_GRID_20260810_V3_T070_A032:032:0047
prospective_dinov2_coreset	9	P2_WEEDSGALORE_TRUTH_FREE_PROPOSAL_GRID_20260810_V3_T070_A032:034:0024
prospective_dinov2_coreset	9	P2_WEEDSGALORE_TRUTH_FREE_PROPOSAL_GRID_20260810_V3_T070_A032:034:0084
prospective_dinov2_coreset	9	P2_WEEDSGALORE_TRUTH_FREE_PROPOSAL_GRID_20260810_V3_T070_A032:034:0086
prospective_dinov2_coreset	9	P2_WEEDSGALORE_TRUTH_FREE_PROPOSAL_GRID_20260810_V3_T070_A032:034:0089
prospective_dinov2_coreset	9	P2_WEEDSGALORE_TRUTH_FREE_PROPOSAL_GRID_20260810_V3_T070_A032:034:0116
prospective_dinov2_coreset	9	P2_WEEDSGALORE_TRUTH_FREE_PROPOSAL_GRID_20260810_V3_T070_A032:034:0130
prospective_dinov2_coreset	9	P2_WEEDSGALORE_TRUTH_FREE_PROPOSAL_GRID_20260810_V3_T070_A032:035:0010
prospective_dinov2_coreset	9	P2_WEEDSGALORE_TRUTH_FREE_PROPOSAL_GRID_20260810_V3_T070_A032:035:0039
prospective_dinov2_coreset	9	P2_WEEDSGALORE_TRUTH_FREE_PROPOSAL_GRID_20260810_V3_T070_A032:035:0064
prospective_dinov2_coreset	9	P2_WEEDSGALORE_TRUTH_FREE_PROPOSAL_GRID_20260810_V3_T070_A032:037:0008
prospective_dinov2_coreset	9	P2_WEEDSGALORE_TRUTH_FREE_PROPOSAL_GRID_20260810_V3_T070_A032:038:0016
prospective_dinov2_coreset	9	P2_WEEDSGALORE_TRUTH_FREE_PROPOSAL_GRID_20260810_V3_T070_A032:039:0012
prospective_dinov2_coreset	9	P2_WEEDSGALORE_TRUTH_FREE_PROPOSAL_GRID_20260810_V3_T070_A032:039:0018
prospective_dinov2_coreset	9	P2_WEEDSGALORE_TRUTH_FREE_PROPOSAL_GRID_20260810_V3_T070_A032:039:0060
prospective_dinov2_coreset	9	P2_WEEDSGALORE_TRUTH_FREE_PROPOSAL_GRID_20260810_V3_T070_A032:040:0010
prospective_dinov2_coreset	9	P2_WEEDSGALORE_TRUTH_FREE_PROPOSAL_GRID_20260810_V3_T070_A032:040:0013
prospective_dinov2_coreset	9	P2_WEEDSGALORE_TRUTH_FREE_PROPOSAL_GRID_20260810_V3_T070_A032:040:0016
prospective_dinov2_coreset	9	P2_WEEDSGALORE_TRUTH_FREE_PROPOSAL_GRID_20260810_V3_T070_A032:043:0039
prospective_dinov2_coreset	9	P2_WEEDSGALORE_TRUTH_FREE_PROPOSAL_GRID_20260810_V3_T070_A032:046:0004
prospective_dinov2_coreset	9	P2_WEEDSGALORE_TRUTH_FREE_PROPOSAL_GRID_20260810_V3_T070_A032:046:0023
prospective_dinov2_coreset	9	P2_WEEDSGALORE_TRUTH_FREE_PROPOSAL_GRID_20260810_V3_T070_A032:051:0085
prospective_dinov2_coreset	9	P2_WEEDSGALORE_TRUTH_FREE_PROPOSAL_GRID_20260810_V3_T070_A032:052:0006
prospective_dinov2_coreset	9	P2_WEEDSGALORE_TRUTH_FREE_PROPOSAL_GRID_20260810_V3_T070_A032:052:0010
prospective_dinov2_coreset	9	P2_WEEDSGALORE_TRUTH_FREE_PROPOSAL_GRID_20260810_V3_T070_A032:052:0015
prospective_dinov2_coreset	9	P2_WEEDSGALORE_TRUTH_FREE_PROPOSAL_GRID_20260810_V3_T070_A032:052:0023
prospective_dinov2_coreset	9	P2_WEEDSGALORE_TRUTH_FREE_PROPOSAL_GRID_20260810_V3_T070_A032:052:0063
prospective_dinov2_coreset	9	P2_WEEDSGALORE_TRUTH_FREE_PROPOSAL_GRID_20260810_V3_T070_A032:052:0158
prospective_dinov2_coreset	9	P2_WEEDSGALORE_TRUTH_FREE_PROPOSAL_GRID_20260810_V3_T070_A032:052:0208
prospective_dinov2_coreset	9	P2_WEEDSGALORE_TRUTH_FREE_PROPOSAL_GRID_20260810_V3_T070_A032:053:0019
prospective_dinov2_coreset	9	P2_WEEDSGALORE_TRUTH_FREE_PROPOSAL_GRID_20260810_V3_T070_A032:053:0132
prospective_dinov2_coreset	9	P2_WEEDSGALORE_TRUTH_FREE_PROPOSAL_GRID_20260810_V3_T070_A032:053:0152
prospective_dinov2_coreset	9	P2_WEEDSGALORE_TRUTH_FREE_PROPOSAL_GRID_20260810_V3_T070_A032:053:0158
prospective_dinov2_coreset	9	P2_WEEDSGALORE_TRUTH_FREE_PROPOSAL_GRID_20260810_V3_T070_A032:053:0177
prospective_dinov2_coreset	9	P2_WEEDSGALORE_TRUTH_FREE_PROPOSAL_GRID_20260810_V3_T070_A032:054:0059
prospective_dinov2_coreset	9	P2_WEEDSGALORE_TRUTH_FREE_PROPOSAL_GRID_20260810_V3_T070_A032:054:0084
prospective_dinov2_coreset	9	P2_WEEDSGALORE_TRUTH_FREE_PROPOSAL_GRID_20260810_V3_T070_A032:054:0118
prospective_dinov2_coreset	9	P2_WEEDSGALORE_TRUTH_FREE_PROPOSAL_GRID_20260810_V3_T070_A032:054:0191
prospective_dinov2_coreset	9	P2_WEEDSGALORE_TRUTH_FREE_PROPOSAL_GRID_20260810_V3_T070_A032:058:0095
prospective_dinov2_coreset	9	P2_WEEDSGALORE_TRUTH_FREE_PROPOSAL_GRID_20260810_V3_T070_A032:058:0127
prospective_dinov2_coreset	9	P2_WEEDSGALORE_TRUTH_FREE_PROPOSAL_GRID_20260810_V3_T070_A032:059:0018
prospective_dinov2_coreset	9	P2_WEEDSGALORE_TRUTH_FREE_PROPOSAL_GRID_20260810_V3_T070_A032:059:0054
prospective_dinov2_coreset	9	P2_WEEDSGALORE_TRUTH_FREE_PROPOSAL_GRID_20260810_V3_T070_A032:059:0074
prospective_dinov2_coreset	9	P2_WEEDSGALORE_TRUTH_FREE_PROPOSAL_GRID_20260810_V3_T070_A032:059:0096
prospective_dinov2_coreset	9	P2_WEEDSGALORE_TRUTH_FREE_PROPOSAL_GRID_20260810_V3_T070_A032:059:0159
prospective_dinov2_coreset	9	P2_WEEDSGALORE_TRUTH_FREE_PROPOSAL_GRID_20260810_V3_T070_A032:060:0001
prospective_dinov2_coreset	9	P2_WEEDSGALORE_TRUTH_FREE_PROPOSAL_GRID_20260810_V3_T070_A032:060:0007
prospective_dinov2_coreset	9	P2_WEEDSGALORE_TRUTH_FREE_PROPOSAL_GRID_20260810_V3_T070_A032:060:0034
prospective_dinov2_coreset	9	P2_WEEDSGALORE_TRUTH_FREE_PROPOSAL_GRID_20260810_V3_T070_A032:060:0037
prospective_dinov2_coreset	9	P2_WEEDSGALORE_TRUTH_FREE_PROPOSAL_GRID_20260810_V3_T070_A032:060:0046
prospective_dinov2_coreset	9	P2_WEEDSGALORE_TRUTH_FREE_PROPOSAL_GRID_20260810_V3_T070_A032:060:0140
prospective_dinov2_coreset	9	P2_WEEDSGALORE_TRUTH_FREE_PROPOSAL_GRID_20260810_V3_T070_A032:060:0185
prospective_dinov2_coreset	9	P2_WEEDSGALORE_TRUTH_FREE_PROPOSAL_GRID_20260810_V3_T070_A032:061:0079
prospective_dinov2_coreset	9	P2_WEEDSGALORE_TRUTH_FREE_PROPOSAL_GRID_20260810_V3_T070_A032:061:0082
prospective_dinov2_coreset	9	P2_WEEDSGALORE_TRUTH_FREE_PROPOSAL_GRID_20260810_V3_T070_A032:061:0132
prospective_dinov2_coreset	9	P2_WEEDSGALORE_TRUTH_FREE_PROPOSAL_GRID_20260810_V3_T070_A032:062:0019
prospective_dinov2_coreset	9	P2_WEEDSGALORE_TRUTH_FREE_PROPOSAL_GRID_20260810_V3_T070_A032:062:0144
prospective_dinov2_coreset	9	P2_WEEDSGALORE_TRUTH_FREE_PROPOSAL_GRID_20260810_V3_T070_A032:063:0042
prospective_dinov2_coreset	9	P2_WEEDSGALORE_TRUTH_FREE_PROPOSAL_GRID_20260810_V3_T070_A032:064:0068
prospective_dinov2_coreset	9	P2_WEEDSGALORE_TRUTH_FREE_PROPOSAL_GRID_20260810_V3_T070_A032:064:0103
prospective_dinov2_coreset	9	P2_WEEDSGALORE_TRUTH_FREE_PROPOSAL_GRID_20260810_V3_T070_A032:064:0106
prospective_dinov2_coreset	9	P2_WEEDSGALORE_TRUTH_FREE_PROPOSAL_GRID_20260810_V3_T070_A032:064:0128
prospective_dinov2_coreset	9	P2_WEEDSGALORE_TRUTH_FREE_PROPOSAL_GRID_20260810_V3_T070_A032:067:0050
prospective_dinov2_coreset	9	P2_WEEDSGALORE_TRUTH_FREE_PROPOSAL_GRID_20260810_V3_T070_A032:067:0062
prospective_dinov2_coreset	9	P2_WEEDSGALORE_TRUTH_FREE_PROPOSAL_GRID_20260810_V3_T070_A032:067:0143
prospective_dinov2_coreset	9	P2_WEEDSGALORE_TRUTH_FREE_PROPOSAL_GRID_20260810_V3_T070_A032:067:0146
prospective_dinov2_coreset	9	P2_WEEDSGALORE_TRUTH_FREE_PROPOSAL_GRID_20260810_V3_T070_A032:067:0151
prospective_dinov2_coreset	9	P2_WEEDSGALORE_TRUTH_FREE_PROPOSAL_GRID_20260810_V3_T070_A032:067:0164
prospective_dinov2_coreset	9	P2_WEEDSGALORE_TRUTH_FREE_PROPOSAL_GRID_20260810_V3_T070_A032:070:0005
prospective_dinov2_coreset	9	P2_WEEDSGALORE_TRUTH_FREE_PROPOSAL_GRID_20260810_V3_T070_A032:070:0019
prospective_dinov2_coreset	9	P2_WEEDSGALORE_TRUTH_FREE_PROPOSAL_GRID_20260810_V3_T070_A032:070:0039
prospective_dinov2_coreset	9	P2_WEEDSGALORE_TRUTH_FREE_PROPOSAL_GRID_20260810_V3_T070_A032:070:0062
prospective_dinov2_coreset	9	P2_WEEDSGALORE_TRUTH_FREE_PROPOSAL_GRID_20260810_V3_T070_A032:070:0096
prospective_dinov2_coreset	9	P2_WEEDSGALORE_TRUTH_FREE_PROPOSAL_GRID_20260810_V3_T070_A032:070:0152
prospective_dinov2_coreset	9	P2_WEEDSGALORE_TRUTH_FREE_PROPOSAL_GRID_20260810_V3_T070_A032:070:0191
prospective_dinov2_coreset	9	P2_WEEDSGALORE_TRUTH_FREE_PROPOSAL_GRID_20260810_V3_T070_A032:070:0196
prospective_dinov2_coreset	9	P2_WEEDSGALORE_TRUTH_FREE_PROPOSAL_GRID_20260810_V3_T070_A032:070:0210
prospective_dinov2_coreset	9	P2_WEEDSGALORE_TRUTH_FREE_PROPOSAL_GRID_20260810_V3_T070_A032:070:0213
prospective_dinov2_coreset	9	P2_WEEDSGALORE_TRUTH_FREE_PROPOSAL_GRID_20260810_V3_T070_A032:071:0134
prospective_dinov2_coreset	9	P2_WEEDSGALORE_TRUTH_FREE_PROPOSAL_GRID_20260810_V3_T070_A032:072:0033
prospective_dinov2_coreset	9	P2_WEEDSGALORE_TRUTH_FREE_PROPOSAL_GRID_20260810_V3_T070_A032:072:0060
prospective_dinov2_coreset	9	P2_WEEDSGALORE_TRUTH_FREE_PROPOSAL_GRID_20260810_V3_T070_A032:072:0082
prospective_dinov2_coreset	9	P2_WEEDSGALORE_TRUTH_FREE_PROPOSAL_GRID_20260810_V3_T070_A032:073:0010
prospective_dinov2_coreset	9	P2_WEEDSGALORE_TRUTH_FREE_PROPOSAL_GRID_20260810_V3_T070_A032:073:0021
prospective_dinov2_coreset	9	P2_WEEDSGALORE_TRUTH_FREE_PROPOSAL_GRID_20260810_V3_T070_A032:073:0030
prospective_dinov2_coreset	9	P2_WEEDSGALORE_TRUTH_FREE_PROPOSAL_GRID_20260810_V3_T070_A032:073:0043
prospective_dinov2_coreset	9	P2_WEEDSGALORE_TRUTH_FREE_PROPOSAL_GRID_20260810_V3_T070_A032:073:0121
prospective_dinov2_coreset	9	P2_WEEDSGALORE_TRUTH_FREE_PROPOSAL_GRID_20260810_V3_T070_A032:074:0004
prospective_dinov2_coreset	9	P2_WEEDSGALORE_TRUTH_FREE_PROPOSAL_GRID_20260810_V3_T070_A032:074:0007
prospective_dinov2_coreset	9	P2_WEEDSGALORE_TRUTH_FREE_PROPOSAL_GRID_20260810_V3_T070_A032:074:0027
prospective_dinov2_coreset	9	P2_WEEDSGALORE_TRUTH_FREE_PROPOSAL_GRID_20260810_V3_T070_A032:074:0035
prospective_dinov2_coreset	9	P2_WEEDSGALORE_TRUTH_FREE_PROPOSAL_GRID_20260810_V3_T070_A032:074:0069
prospective_dinov2_coreset	9	P2_WEEDSGALORE_TRUTH_FREE_PROPOSAL_GRID_20260810_V3_T070_A032:074:0116
prospective_dinov2_coreset	9	P2_WEEDSGALORE_TRUTH_FREE_PROPOSAL_GRID_20260810_V3_T070_A032:074:0150
prospective_dinov2_coreset	9	P2_WEEDSGALORE_TRUTH_FREE_PROPOSAL_GRID_20260810_V3_T070_A032:074:0159
prospective_dinov2_coreset	9	P2_WEEDSGALORE_TRUTH_FREE_PROPOSAL_GRID_20260810_V3_T070_A032:074:0161
prospective_dinov2_coreset	9	P2_WEEDSGALORE_TRUTH_FREE_PROPOSAL_GRID_20260810_V3_T070_A032:077:0072
prospective_dinov2_coreset	9	P2_WEEDSGALORE_TRUTH_FREE_PROPOSAL_GRID_20260810_V3_T070_A032:077:0101
prospective_dinov2_coreset	9	P2_WEEDSGALORE_TRUTH_FREE_PROPOSAL_GRID_20260810_V3_T070_A032:077:0145
prospective_dinov2_coreset	9	P2_WEEDSGALORE_TRUTH_FREE_PROPOSAL_GRID_20260810_V3_T070_A032:078:0017
prospective_dinov2_coreset	9	P2_WEEDSGALORE_TRUTH_FREE_PROPOSAL_GRID_20260810_V3_T070_A032:078:0059
prospective_dinov2_coreset	9	P2_WEEDSGALORE_TRUTH_FREE_PROPOSAL_GRID_20260810_V3_T070_A032:078:0085
prospective_dinov2_coreset	9	P2_WEEDSGALORE_TRUTH_FREE_PROPOSAL_GRID_20260810_V3_T070_A032:078:0087
prospective_dinov2_coreset	9	P2_WEEDSGALORE_TRUTH_FREE_PROPOSAL_GRID_20260810_V3_T070_A032:078:0187
prospective_dinov2_coreset	9	P2_WEEDSGALORE_TRUTH_FREE_PROPOSAL_GRID_20260810_V3_T070_A032:080:0014
prospective_dinov2_coreset	9	P2_WEEDSGALORE_TRUTH_FREE_PROPOSAL_GRID_20260810_V3_T070_A032:080:0092
prospective_dinov2_coreset	9	P2_WEEDSGALORE_TRUTH_FREE_PROPOSAL_GRID_20260810_V3_T070_A032:081:0014
prospective_dinov2_coreset	9	P2_WEEDSGALORE_TRUTH_FREE_PROPOSAL_GRID_20260810_V3_T070_A032:083:0070
prospective_dinov2_coreset	9	P2_WEEDSGALORE_TRUTH_FREE_PROPOSAL_GRID_20260810_V3_T070_A032:083:0090
prospective_dinov2_coreset	9	P2_WEEDSGALORE_TRUTH_FREE_PROPOSAL_GRID_20260810_V3_T070_A032:083:0094
prospective_dinov2_coreset	9	P2_WEEDSGALORE_TRUTH_FREE_PROPOSAL_GRID_20260810_V3_T070_A032:084:0028
prospective_dinov2_coreset	9	P2_WEEDSGALORE_TRUTH_FREE_PROPOSAL_GRID_20260810_V3_T070_A032:084:0033
prospective_dinov2_coreset	9	P2_WEEDSGALORE_TRUTH_FREE_PROPOSAL_GRID_20260810_V3_T070_A032:084:0065
prospective_dinov2_coreset	9	P2_WEEDSGALORE_TRUTH_FREE_PROPOSAL_GRID_20260810_V3_T070_A032:085:0020
prospective_dinov2_coreset	9	P2_WEEDSGALORE_TRUTH_FREE_PROPOSAL_GRID_20260810_V3_T070_A032:089:0001
prospective_dinov2_coreset	9	P2_WEEDSGALORE_TRUTH_FREE_PROPOSAL_GRID_20260810_V3_T070_A032:089:0016
prospective_dinov2_coreset	9	P2_WEEDSGALORE_TRUTH_FREE_PROPOSAL_GRID_20260810_V3_T070_A032:089:0024
prospective_dinov2_coreset	9	P2_WEEDSGALORE_TRUTH_FREE_PROPOSAL_GRID_20260810_V3_T070_A032:090:0017
prospective_dinov2_coreset	9	P2_WEEDSGALORE_TRUTH_FREE_PROPOSAL_GRID_20260810_V3_T070_A032:090:0022
prospective_dinov2_coreset	9	P2_WEEDSGALORE_TRUTH_FREE_PROPOSAL_GRID_20260810_V3_T070_A032:091:0001
prospective_dinov2_coreset	9	P2_WEEDSGALORE_TRUTH_FREE_PROPOSAL_GRID_20260810_V3_T070_A032:091:0017
prospective_dinov2_coreset	9	P2_WEEDSGALORE_TRUTH_FREE_PROPOSAL_GRID_20260810_V3_T070_A032:091:0048
prospective_dinov2_coreset	9	P2_WEEDSGALORE_TRUTH_FREE_PROPOSAL_GRID_20260810_V3_T070_A032:092:0005
prospective_dinov2_coreset	9	P2_WEEDSGALORE_TRUTH_FREE_PROPOSAL_GRID_20260810_V3_T070_A032:092:0024
prospective_dinov2_coreset	9	P2_WEEDSGALORE_TRUTH_FREE_PROPOSAL_GRID_20260810_V3_T070_A032:092:0063
prospective_dinov2_coreset	9	P2_WEEDSGALORE_TRUTH_FREE_PROPOSAL_GRID_20260810_V3_T070_A032:092:0088
prospective_dinov2_coreset	9	P2_WEEDSGALORE_TRUTH_FREE_PROPOSAL_GRID_20260810_V3_T070_A032:093:0020
prospective_dinov2_coreset	9	P2_WEEDSGALORE_TRUTH_FREE_PROPOSAL_GRID_20260810_V3_T070_A032:093:0022
prospective_dinov2_coreset	9	P2_WEEDSGALORE_TRUTH_FREE_PROPOSAL_GRID_20260810_V3_T070_A032:093:0045
prospective_dinov2_coreset	9	P2_WEEDSGALORE_TRUTH_FREE_PROPOSAL_GRID_20260810_V3_T070_A032:093:0056
prospective_dinov2_coreset	9	P2_WEEDSGALORE_TRUTH_FREE_PROPOSAL_GRID_20260810_V3_T070_A032:093:0059
prospective_dinov2_coreset	9	P2_WEEDSGALORE_TRUTH_FREE_PROPOSAL_GRID_20260810_V3_T070_A032:094:0014
prospective_dinov2_coreset	9	P2_WEEDSGALORE_TRUTH_FREE_PROPOSAL_GRID_20260810_V3_T070_A032:094:0027
prospective_dinov2_coreset	9	P2_WEEDSGALORE_TRUTH_FREE_PROPOSAL_GRID_20260810_V3_T070_A032:094:0034
prospective_dinov2_coreset	9	P2_WEEDSGALORE_TRUTH_FREE_PROPOSAL_GRID_20260810_V3_T070_A032:101:0017
prospective_dinov2_coreset	9	P2_WEEDSGALORE_TRUTH_FREE_PROPOSAL_GRID_20260810_V3_T070_A032:101:0052
prospective_dinov2_coreset	9	P2_WEEDSGALORE_TRUTH_FREE_PROPOSAL_GRID_20260810_V3_T070_A032:101:0062
prospective_dinov2_coreset	9	P2_WEEDSGALORE_TRUTH_FREE_PROPOSAL_GRID_20260810_V3_T070_A032:102:0027
prospective_dinov2_coreset	9	P2_WEEDSGALORE_TRUTH_FREE_PROPOSAL_GRID_20260810_V3_T070_A032:103:0027
prospective_dinov2_coreset	9	P2_WEEDSGALORE_TRUTH_FREE_PROPOSAL_GRID_20260810_V3_T070_A032:103:0041
prospective_dinov2_coreset	9	P2_WEEDSGALORE_TRUTH_FREE_PROPOSAL_GRID_20260810_V3_T070_A032:103:0058
prospective_dinov2_coreset	9	P2_WEEDSGALORE_TRUTH_FREE_PROPOSAL_GRID_20260810_V3_T070_A032:103:0072
prospective_dinov2_coreset	9	P2_WEEDSGALORE_TRUTH_FREE_PROPOSAL_GRID_20260810_V3_T070_A032:104:0012
prospective_dinov2_coreset	9	P2_WEEDSGALORE_TRUTH_FREE_PROPOSAL_GRID_20260810_V3_T070_A032:104:0019
prospective_dinov2_coreset	9	P2_WEEDSGALORE_TRUTH_FREE_PROPOSAL_GRID_20260810_V3_T070_A032:104:0027
prospective_dinov2_coreset	9	P2_WEEDSGALORE_TRUTH_FREE_PROPOSAL_GRID_20260810_V3_T070_A032:104:0029
prospective_dinov2_coreset	9	P2_WEEDSGALORE_TRUTH_FREE_PROPOSAL_GRID_20260810_V3_T070_A032:104:0035
prospective_dinov2_coreset	9	P2_WEEDSGALORE_TRUTH_FREE_PROPOSAL_GRID_20260810_V3_T070_A032:107:0047
prospective_dinov2_coreset	9	P2_WEEDSGALORE_TRUTH_FREE_PROPOSAL_GRID_20260810_V3_T070_A032:107:0079
prospective_dinov2_coreset	9	P2_WEEDSGALORE_TRUTH_FREE_PROPOSAL_GRID_20260810_V3_T070_A032:109:0003
prospective_dinov2_coreset	9	P2_WEEDSGALORE_TRUTH_FREE_PROPOSAL_GRID_20260810_V3_T070_A032:109:0032
prospective_dinov2_coreset	9	P2_WEEDSGALORE_TRUTH_FREE_PROPOSAL_GRID_20260810_V3_T070_A032:110:0006
prospective_dinov2_coreset	9	P2_WEEDSGALORE_TRUTH_FREE_PROPOSAL_GRID_20260810_V3_T070_A032:110:0021
prospective_dinov2_coreset	9	P2_WEEDSGALORE_TRUTH_FREE_PROPOSAL_GRID_20260810_V3_T070_A032:110:0032
prospective_dinov2_coreset	9	P2_WEEDSGALORE_TRUTH_FREE_PROPOSAL_GRID_20260810_V3_T070_A032:110:0044
prospective_dinov2_coreset	9	P2_WEEDSGALORE_TRUTH_FREE_PROPOSAL_GRID_20260810_V3_T070_A032:110:0055
prospective_dinov2_coreset	9	P2_WEEDSGALORE_TRUTH_FREE_PROPOSAL_GRID_20260810_V3_T070_A032:110:0061
prospective_dinov2_coreset	9	P2_WEEDSGALORE_TRUTH_FREE_PROPOSAL_GRID_20260810_V3_T070_A032:110:0068
prospective_dinov2_coreset	9	P2_WEEDSGALORE_TRUTH_FREE_PROPOSAL_GRID_20260810_V3_T070_A032:110:0096
prospective_dinov2_coreset	9	P2_WEEDSGALORE_TRUTH_FREE_PROPOSAL_GRID_20260810_V3_T070_A032:111:0019
prospective_dinov2_coreset	9	P2_WEEDSGALORE_TRUTH_FREE_PROPOSAL_GRID_20260810_V3_T070_A032:111:0026
prospective_dinov2_coreset	9	P2_WEEDSGALORE_TRUTH_FREE_PROPOSAL_GRID_20260810_V3_T070_A032:111:0054
prospective_dinov2_coreset	9	P2_WEEDSGALORE_TRUTH_FREE_PROPOSAL_GRID_20260810_V3_T070_A032:115:0018
prospective_dinov2_coreset	9	P2_WEEDSGALORE_TRUTH_FREE_PROPOSAL_GRID_20260810_V3_T070_A032:116:0003
prospective_dinov2_coreset	9	P2_WEEDSGALORE_TRUTH_FREE_PROPOSAL_GRID_20260810_V3_T070_A032:116:0011
prospective_dinov2_coreset	9	P2_WEEDSGALORE_TRUTH_FREE_PROPOSAL_GRID_20260810_V3_T070_A032:116:0053
prospective_dinov2_coreset	9	P2_WEEDSGALORE_TRUTH_FREE_PROPOSAL_GRID_20260810_V3_T070_A032:119:0026
prospective_dinov2_coreset	9	P2_WEEDSGALORE_TRUTH_FREE_PROPOSAL_GRID_20260810_V3_T070_A032:119:0035
prospective_dinov2_coreset	9	P2_WEEDSGALORE_TRUTH_FREE_PROPOSAL_GRID_20260810_V3_T070_A032:120:0020
prospective_dinov2_coreset	9	P2_WEEDSGALORE_TRUTH_FREE_PROPOSAL_GRID_20260810_V3_T070_A032:121:0025
prospective_dinov2_coreset	9	P2_WEEDSGALORE_TRUTH_FREE_PROPOSAL_GRID_20260810_V3_T070_A032:121:0041
prospective_dinov2_coreset	9	P2_WEEDSGALORE_TRUTH_FREE_PROPOSAL_GRID_20260810_V3_T070_A032:122:0036
prospective_dinov2_coreset	9	P2_WEEDSGALORE_TRUTH_FREE_PROPOSAL_GRID_20260810_V3_T070_A032:126:0047
prospective_dinov2_coreset	9	P2_WEEDSGALORE_TRUTH_FREE_PROPOSAL_GRID_20260810_V3_T070_A032:127:0035
prospective_dinov2_coreset	9	P2_WEEDSGALORE_TRUTH_FREE_PROPOSAL_GRID_20260810_V3_T070_A032:127:0038
prospective_dinov2_coreset	9	P2_WEEDSGALORE_TRUTH_FREE_PROPOSAL_GRID_20260810_V3_T070_A032:128:0003
prospective_dinov2_coreset	9	P2_WEEDSGALORE_TRUTH_FREE_PROPOSAL_GRID_20260810_V3_T070_A032:128:0035
prospective_dinov2_coreset	9	P2_WEEDSGALORE_TRUTH_FREE_PROPOSAL_GRID_20260810_V3_T070_A032:128:0081
prospective_dinov2_coreset	9	P2_WEEDSGALORE_TRUTH_FREE_PROPOSAL_GRID_20260810_V3_T070_A032:128:0092
prospective_dinov2_coreset	9	P2_WEEDSGALORE_TRUTH_FREE_PROPOSAL_GRID_20260810_V3_T070_A032:130:0012
prospective_dinov2_coreset	9	P2_WEEDSGALORE_TRUTH_FREE_PROPOSAL_GRID_20260810_V3_T070_A032:130:0051
prospective_dinov2_coreset	9	P2_WEEDSGALORE_TRUTH_FREE_PROPOSAL_GRID_20260810_V3_T070_A032:130:0061
prospective_dinov2_coreset	9	P2_WEEDSGALORE_TRUTH_FREE_PROPOSAL_GRID_20260810_V3_T070_A032:131:0025
prospective_dinov2_coreset	9	P2_WEEDSGALORE_TRUTH_FREE_PROPOSAL_GRID_20260810_V3_T070_A032:133:0016
prospective_dinov2_coreset	9	P2_WEEDSGALORE_TRUTH_FREE_PROPOSAL_GRID_20260810_V3_T070_A032:134:0007
prospective_dinov2_coreset	9	P2_WEEDSGALORE_TRUTH_FREE_PROPOSAL_GRID_20260810_V3_T070_A032:134:0039
prospective_dinov2_coreset	9	P2_WEEDSGALORE_TRUTH_FREE_PROPOSAL_GRID_20260810_V3_T070_A032:134:0069
prospective_dinov2_coreset	9	P2_WEEDSGALORE_TRUTH_FREE_PROPOSAL_GRID_20260810_V3_T070_A032:134:0077
prospective_dinov2_coreset	9	P2_WEEDSGALORE_TRUTH_FREE_PROPOSAL_GRID_20260810_V3_T070_A032:134:0088
prospective_dinov2_coreset	9	P2_WEEDSGALORE_TRUTH_FREE_PROPOSAL_GRID_20260810_V3_T070_A032:135:0031
prospective_dinov2_coreset	9	P2_WEEDSGALORE_TRUTH_FREE_PROPOSAL_GRID_20260810_V3_T070_A032:135:0049
prospective_dinov2_coreset	9	P2_WEEDSGALORE_TRUTH_FREE_PROPOSAL_GRID_20260810_V3_T070_A032:135:0054
prospective_dinov2_coreset	9	P2_WEEDSGALORE_TRUTH_FREE_PROPOSAL_GRID_20260810_V3_T070_A032:136:0020
prospective_dinov2_coreset	9	P2_WEEDSGALORE_TRUTH_FREE_PROPOSAL_GRID_20260810_V3_T070_A032:136:0033
prospective_dinov2_coreset	9	P2_WEEDSGALORE_TRUTH_FREE_PROPOSAL_GRID_20260810_V3_T070_A032:136:0070
prospective_dinov2_coreset	9	P2_WEEDSGALORE_TRUTH_FREE_PROPOSAL_GRID_20260810_V3_T070_A032:139:0002
prospective_dinov2_coreset	9	P2_WEEDSGALORE_TRUTH_FREE_PROPOSAL_GRID_20260810_V3_T070_A032:139:0054
prospective_dinov2_coreset	9	P2_WEEDSGALORE_TRUTH_FREE_PROPOSAL_GRID_20260810_V3_T070_A032:139:0082
prospective_dinov2_coreset	9	P2_WEEDSGALORE_TRUTH_FREE_PROPOSAL_GRID_20260810_V3_T070_A032:142:0069
prospective_dinov2_coreset	9	P2_WEEDSGALORE_TRUTH_FREE_PROPOSAL_GRID_20260810_V3_T070_A032:142:0085
prospective_dinov2_coreset	9	P2_WEEDSGALORE_TRUTH_FREE_PROPOSAL_GRID_20260810_V3_T070_A032:143:0001
prospective_dinov2_coreset	9	P2_WEEDSGALORE_TRUTH_FREE_PROPOSAL_GRID_20260810_V3_T070_A032:143:0007
prospective_dinov2_coreset	9	P2_WEEDSGALORE_TRUTH_FREE_PROPOSAL_GRID_20260810_V3_T070_A032:143:0017
prospective_dinov2_coreset	9	P2_WEEDSGALORE_TRUTH_FREE_PROPOSAL_GRID_20260810_V3_T070_A032:143:0030
prospective_dinov2_coreset	9	P2_WEEDSGALORE_TRUTH_FREE_PROPOSAL_GRID_20260810_V3_T070_A032:143:0035
prospective_dinov2_coreset	9	P2_WEEDSGALORE_TRUTH_FREE_PROPOSAL_GRID_20260810_V3_T070_A032:143:0036
prospective_dinov2_coreset	9	P2_WEEDSGALORE_TRUTH_FREE_PROPOSAL_GRID_20260810_V3_T070_A032:143:0066
prospective_dinov2_coreset	9	P2_WEEDSGALORE_TRUTH_FREE_PROPOSAL_GRID_20260810_V3_T070_A032:144:0014
prospective_dinov2_coreset	9	P2_WEEDSGALORE_TRUTH_FREE_PROPOSAL_GRID_20260810_V3_T070_A032:144:0024
prospective_dinov2_coreset	9	P2_WEEDSGALORE_TRUTH_FREE_PROPOSAL_GRID_20260810_V3_T070_A032:144:0048
prospective_dinov2_coreset	9	P2_WEEDSGALORE_TRUTH_FREE_PROPOSAL_GRID_20260810_V3_T070_A032:146:0005
prospective_dinov2_coreset	9	P2_WEEDSGALORE_TRUTH_FREE_PROPOSAL_GRID_20260810_V3_T070_A032:146:0027
prospective_dinov2_coreset	9	P2_WEEDSGALORE_TRUTH_FREE_PROPOSAL_GRID_20260810_V3_T070_A032:150:0020
prospective_dinov2_coreset	9	P2_WEEDSGALORE_TRUTH_FREE_PROPOSAL_GRID_20260810_V3_T070_A032:150:0033
prospective_dinov2_coreset	9	P2_WEEDSGALORE_TRUTH_FREE_PROPOSAL_GRID_20260810_V3_T070_A032:153:0066
prospective_dinov2_coreset	9	P2_WEEDSGALORE_TRUTH_FREE_PROPOSAL_GRID_20260810_V3_T070_A032:153:0076
prospective_dinov2_coreset	9	P2_WEEDSGALORE_TRUTH_FREE_PROPOSAL_GRID_20260810_V3_T070_A032:153:0090
prospective_dinov2_coreset	9	P2_WEEDSGALORE_TRUTH_FREE_PROPOSAL_GRID_20260810_V3_T070_A032:155:0001
prospective_dinov2_coreset	9	P2_WEEDSGALORE_TRUTH_FREE_PROPOSAL_GRID_20260810_V3_T070_A032:155:0008
prospective_dinov2_coreset	9	P2_WEEDSGALORE_TRUTH_FREE_PROPOSAL_GRID_20260810_V3_T070_A032:155:0052
prospective_dinov2_coreset	9	P2_WEEDSGALORE_TRUTH_FREE_PROPOSAL_GRID_20260810_V3_T070_A032:155:0088
prospective_dinov2_coreset	9	P2_WEEDSGALORE_TRUTH_FREE_PROPOSAL_GRID_20260810_V3_T070_A032:155:0094
prospective_dinov2_coreset	9	P2_WEEDSGALORE_TRUTH_FREE_PROPOSAL_GRID_20260810_V3_T070_A032:156:0019
prospective_dinov2_coreset	9	P2_WEEDSGALORE_TRUTH_FREE_PROPOSAL_GRID_20260810_V3_T070_A032:156:0028
prospective_dinov2_coreset	9	P2_WEEDSGALORE_TRUTH_FREE_PROPOSAL_GRID_20260810_V3_T070_A032:156:0033
retrospective_class_stratified	9	P2_WEEDSGALORE_TRUTH_FREE_PROPOSAL_GRID_20260810_V3_T070_A032:003:0016
retrospective_class_stratified	9	P2_WEEDSGALORE_TRUTH_FREE_PROPOSAL_GRID_20260810_V3_T070_A032:004:0017
retrospective_class_stratified	9	P2_WEEDSGALORE_TRUTH_FREE_PROPOSAL_GRID_20260810_V3_T070_A032:004:0071
retrospective_class_stratified	9	P2_WEEDSGALORE_TRUTH_FREE_PROPOSAL_GRID_20260810_V3_T070_A032:004:0079
retrospective_class_stratified	9	P2_WEEDSGALORE_TRUTH_FREE_PROPOSAL_GRID_20260810_V3_T070_A032:004:0084
retrospective_class_stratified	9	P2_WEEDSGALORE_TRUTH_FREE_PROPOSAL_GRID_20260810_V3_T070_A032:005:0029
retrospective_class_stratified	9	P2_WEEDSGALORE_TRUTH_FREE_PROPOSAL_GRID_20260810_V3_T070_A032:005:0033
retrospective_class_stratified	9	P2_WEEDSGALORE_TRUTH_FREE_PROPOSAL_GRID_20260810_V3_T070_A032:005:0060
retrospective_class_stratified	9	P2_WEEDSGALORE_TRUTH_FREE_PROPOSAL_GRID_20260810_V3_T070_A032:005:0168
retrospective_class_stratified	9	P2_WEEDSGALORE_TRUTH_FREE_PROPOSAL_GRID_20260810_V3_T070_A032:005:0172
retrospective_class_stratified	9	P2_WEEDSGALORE_TRUTH_FREE_PROPOSAL_GRID_20260810_V3_T070_A032:006:0036
retrospective_class_stratified	9	P2_WEEDSGALORE_TRUTH_FREE_PROPOSAL_GRID_20260810_V3_T070_A032:006:0110
retrospective_class_stratified	9	P2_WEEDSGALORE_TRUTH_FREE_PROPOSAL_GRID_20260810_V3_T070_A032:006:0138
retrospective_class_stratified	9	P2_WEEDSGALORE_TRUTH_FREE_PROPOSAL_GRID_20260810_V3_T070_A032:006:0164
retrospective_class_stratified	9	P2_WEEDSGALORE_TRUTH_FREE_PROPOSAL_GRID_20260810_V3_T070_A032:009:0001
retrospective_class_stratified	9	P2_WEEDSGALORE_TRUTH_FREE_PROPOSAL_GRID_20260810_V3_T070_A032:009:0009
retrospective_class_stratified	9	P2_WEEDSGALORE_TRUTH_FREE_PROPOSAL_GRID_20260810_V3_T070_A032:009:0060
retrospective_class_stratified	9	P2_WEEDSGALORE_TRUTH_FREE_PROPOSAL_GRID_20260810_V3_T070_A032:009:0077
retrospective_class_stratified	9	P2_WEEDSGALORE_TRUTH_FREE_PROPOSAL_GRID_20260810_V3_T070_A032:010:0067
retrospective_class_stratified	9	P2_WEEDSGALORE_TRUTH_FREE_PROPOSAL_GRID_20260810_V3_T070_A032:010:0152
retrospective_class_stratified	9	P2_WEEDSGALORE_TRUTH_FREE_PROPOSAL_GRID_20260810_V3_T070_A032:010:0161
retrospective_class_stratified	9	P2_WEEDSGALORE_TRUTH_FREE_PROPOSAL_GRID_20260810_V3_T070_A032:010:0200
retrospective_class_stratified	9	P2_WEEDSGALORE_TRUTH_FREE_PROPOSAL_GRID_20260810_V3_T070_A032:010:0222
retrospective_class_stratified	9	P2_WEEDSGALORE_TRUTH_FREE_PROPOSAL_GRID_20260810_V3_T070_A032:012:0068
retrospective_class_stratified	9	P2_WEEDSGALORE_TRUTH_FREE_PROPOSAL_GRID_20260810_V3_T070_A032:012:0104
retrospective_class_stratified	9	P2_WEEDSGALORE_TRUTH_FREE_PROPOSAL_GRID_20260810_V3_T070_A032:012:0105
retrospective_class_stratified	9	P2_WEEDSGALORE_TRUTH_FREE_PROPOSAL_GRID_20260810_V3_T070_A032:012:0128
retrospective_class_stratified	9	P2_WEEDSGALORE_TRUTH_FREE_PROPOSAL_GRID_20260810_V3_T070_A032:018:0044
retrospective_class_stratified	9	P2_WEEDSGALORE_TRUTH_FREE_PROPOSAL_GRID_20260810_V3_T070_A032:018:0063
retrospective_class_stratified	9	P2_WEEDSGALORE_TRUTH_FREE_PROPOSAL_GRID_20260810_V3_T070_A032:020:0016
retrospective_class_stratified	9	P2_WEEDSGALORE_TRUTH_FREE_PROPOSAL_GRID_20260810_V3_T070_A032:020:0033
retrospective_class_stratified	9	P2_WEEDSGALORE_TRUTH_FREE_PROPOSAL_GRID_20260810_V3_T070_A032:020:0044
retrospective_class_stratified	9	P2_WEEDSGALORE_TRUTH_FREE_PROPOSAL_GRID_20260810_V3_T070_A032:020:0057
retrospective_class_stratified	9	P2_WEEDSGALORE_TRUTH_FREE_PROPOSAL_GRID_20260810_V3_T070_A032:020:0059
retrospective_class_stratified	9	P2_WEEDSGALORE_TRUTH_FREE_PROPOSAL_GRID_20260810_V3_T070_A032:020:0065
retrospective_class_stratified	9	P2_WEEDSGALORE_TRUTH_FREE_PROPOSAL_GRID_20260810_V3_T070_A032:023:0097
retrospective_class_stratified	9	P2_WEEDSGALORE_TRUTH_FREE_PROPOSAL_GRID_20260810_V3_T070_A032:023:0108
retrospective_class_stratified	9	P2_WEEDSGALORE_TRUTH_FREE_PROPOSAL_GRID_20260810_V3_T070_A032:025:0005
retrospective_class_stratified	9	P2_WEEDSGALORE_TRUTH_FREE_PROPOSAL_GRID_20260810_V3_T070_A032:025:0015
retrospective_class_stratified	9	P2_WEEDSGALORE_TRUTH_FREE_PROPOSAL_GRID_20260810_V3_T070_A032:026:0001
retrospective_class_stratified	9	P2_WEEDSGALORE_TRUTH_FREE_PROPOSAL_GRID_20260810_V3_T070_A032:026:0038
retrospective_class_stratified	9	P2_WEEDSGALORE_TRUTH_FREE_PROPOSAL_GRID_20260810_V3_T070_A032:026:0045
retrospective_class_stratified	9	P2_WEEDSGALORE_TRUTH_FREE_PROPOSAL_GRID_20260810_V3_T070_A032:030:0024
retrospective_class_stratified	9	P2_WEEDSGALORE_TRUTH_FREE_PROPOSAL_GRID_20260810_V3_T070_A032:030:0072
retrospective_class_stratified	9	P2_WEEDSGALORE_TRUTH_FREE_PROPOSAL_GRID_20260810_V3_T070_A032:032:0031
retrospective_class_stratified	9	P2_WEEDSGALORE_TRUTH_FREE_PROPOSAL_GRID_20260810_V3_T070_A032:034:0070
retrospective_class_stratified	9	P2_WEEDSGALORE_TRUTH_FREE_PROPOSAL_GRID_20260810_V3_T070_A032:035:0006
retrospective_class_stratified	9	P2_WEEDSGALORE_TRUTH_FREE_PROPOSAL_GRID_20260810_V3_T070_A032:035:0037
retrospective_class_stratified	9	P2_WEEDSGALORE_TRUTH_FREE_PROPOSAL_GRID_20260810_V3_T070_A032:035:0059
retrospective_class_stratified	9	P2_WEEDSGALORE_TRUTH_FREE_PROPOSAL_GRID_20260810_V3_T070_A032:039:0074
retrospective_class_stratified	9	P2_WEEDSGALORE_TRUTH_FREE_PROPOSAL_GRID_20260810_V3_T070_A032:040:0021
retrospective_class_stratified	9	P2_WEEDSGALORE_TRUTH_FREE_PROPOSAL_GRID_20260810_V3_T070_A032:043:0058
retrospective_class_stratified	9	P2_WEEDSGALORE_TRUTH_FREE_PROPOSAL_GRID_20260810_V3_T070_A032:047:0005
retrospective_class_stratified	9	P2_WEEDSGALORE_TRUTH_FREE_PROPOSAL_GRID_20260810_V3_T070_A032:048:0001
retrospective_class_stratified	9	P2_WEEDSGALORE_TRUTH_FREE_PROPOSAL_GRID_20260810_V3_T070_A032:048:0017
retrospective_class_stratified	9	P2_WEEDSGALORE_TRUTH_FREE_PROPOSAL_GRID_20260810_V3_T070_A032:048:0045
retrospective_class_stratified	9	P2_WEEDSGALORE_TRUTH_FREE_PROPOSAL_GRID_20260810_V3_T070_A032:051:0022
retrospective_class_stratified	9	P2_WEEDSGALORE_TRUTH_FREE_PROPOSAL_GRID_20260810_V3_T070_A032:051:0025
retrospective_class_stratified	9	P2_WEEDSGALORE_TRUTH_FREE_PROPOSAL_GRID_20260810_V3_T070_A032:052:0084
retrospective_class_stratified	9	P2_WEEDSGALORE_TRUTH_FREE_PROPOSAL_GRID_20260810_V3_T070_A032:052:0089
retrospective_class_stratified	9	P2_WEEDSGALORE_TRUTH_FREE_PROPOSAL_GRID_20260810_V3_T070_A032:052:0126
retrospective_class_stratified	9	P2_WEEDSGALORE_TRUTH_FREE_PROPOSAL_GRID_20260810_V3_T070_A032:052:0135
retrospective_class_stratified	9	P2_WEEDSGALORE_TRUTH_FREE_PROPOSAL_GRID_20260810_V3_T070_A032:052:0169
retrospective_class_stratified	9	P2_WEEDSGALORE_TRUTH_FREE_PROPOSAL_GRID_20260810_V3_T070_A032:053:0046
retrospective_class_stratified	9	P2_WEEDSGALORE_TRUTH_FREE_PROPOSAL_GRID_20260810_V3_T070_A032:053:0082
retrospective_class_stratified	9	P2_WEEDSGALORE_TRUTH_FREE_PROPOSAL_GRID_20260810_V3_T070_A032:053:0157
retrospective_class_stratified	9	P2_WEEDSGALORE_TRUTH_FREE_PROPOSAL_GRID_20260810_V3_T070_A032:053:0165
retrospective_class_stratified	9	P2_WEEDSGALORE_TRUTH_FREE_PROPOSAL_GRID_20260810_V3_T070_A032:054:0013
retrospective_class_stratified	9	P2_WEEDSGALORE_TRUTH_FREE_PROPOSAL_GRID_20260810_V3_T070_A032:054:0078
retrospective_class_stratified	9	P2_WEEDSGALORE_TRUTH_FREE_PROPOSAL_GRID_20260810_V3_T070_A032:054:0084
retrospective_class_stratified	9	P2_WEEDSGALORE_TRUTH_FREE_PROPOSAL_GRID_20260810_V3_T070_A032:054:0099
retrospective_class_stratified	9	P2_WEEDSGALORE_TRUTH_FREE_PROPOSAL_GRID_20260810_V3_T070_A032:054:0107
retrospective_class_stratified	9	P2_WEEDSGALORE_TRUTH_FREE_PROPOSAL_GRID_20260810_V3_T070_A032:058:0039
retrospective_class_stratified	9	P2_WEEDSGALORE_TRUTH_FREE_PROPOSAL_GRID_20260810_V3_T070_A032:058:0044
retrospective_class_stratified	9	P2_WEEDSGALORE_TRUTH_FREE_PROPOSAL_GRID_20260810_V3_T070_A032:058:0045
retrospective_class_stratified	9	P2_WEEDSGALORE_TRUTH_FREE_PROPOSAL_GRID_20260810_V3_T070_A032:058:0114
retrospective_class_stratified	9	P2_WEEDSGALORE_TRUTH_FREE_PROPOSAL_GRID_20260810_V3_T070_A032:058:0143
retrospective_class_stratified	9	P2_WEEDSGALORE_TRUTH_FREE_PROPOSAL_GRID_20260810_V3_T070_A032:059:0096
retrospective_class_stratified	9	P2_WEEDSGALORE_TRUTH_FREE_PROPOSAL_GRID_20260810_V3_T070_A032:059:0114
retrospective_class_stratified	9	P2_WEEDSGALORE_TRUTH_FREE_PROPOSAL_GRID_20260810_V3_T070_A032:060:0053
retrospective_class_stratified	9	P2_WEEDSGALORE_TRUTH_FREE_PROPOSAL_GRID_20260810_V3_T070_A032:060:0147
retrospective_class_stratified	9	P2_WEEDSGALORE_TRUTH_FREE_PROPOSAL_GRID_20260810_V3_T070_A032:062:0110
retrospective_class_stratified	9	P2_WEEDSGALORE_TRUTH_FREE_PROPOSAL_GRID_20260810_V3_T070_A032:064:0001
retrospective_class_stratified	9	P2_WEEDSGALORE_TRUTH_FREE_PROPOSAL_GRID_20260810_V3_T070_A032:067:0005
retrospective_class_stratified	9	P2_WEEDSGALORE_TRUTH_FREE_PROPOSAL_GRID_20260810_V3_T070_A032:067:0027
retrospective_class_stratified	9	P2_WEEDSGALORE_TRUTH_FREE_PROPOSAL_GRID_20260810_V3_T070_A032:067:0031
retrospective_class_stratified	9	P2_WEEDSGALORE_TRUTH_FREE_PROPOSAL_GRID_20260810_V3_T070_A032:067:0032
retrospective_class_stratified	9	P2_WEEDSGALORE_TRUTH_FREE_PROPOSAL_GRID_20260810_V3_T070_A032:067:0140
retrospective_class_stratified	9	P2_WEEDSGALORE_TRUTH_FREE_PROPOSAL_GRID_20260810_V3_T070_A032:067:0169
retrospective_class_stratified	9	P2_WEEDSGALORE_TRUTH_FREE_PROPOSAL_GRID_20260810_V3_T070_A032:067:0172
retrospective_class_stratified	9	P2_WEEDSGALORE_TRUTH_FREE_PROPOSAL_GRID_20260810_V3_T070_A032:067:0191
retrospective_class_stratified	9	P2_WEEDSGALORE_TRUTH_FREE_PROPOSAL_GRID_20260810_V3_T070_A032:070:0041
retrospective_class_stratified	9	P2_WEEDSGALORE_TRUTH_FREE_PROPOSAL_GRID_20260810_V3_T070_A032:070:0099
retrospective_class_stratified	9	P2_WEEDSGALORE_TRUTH_FREE_PROPOSAL_GRID_20260810_V3_T070_A032:070:0116
retrospective_class_stratified	9	P2_WEEDSGALORE_TRUTH_FREE_PROPOSAL_GRID_20260810_V3_T070_A032:070:0197
retrospective_class_stratified	9	P2_WEEDSGALORE_TRUTH_FREE_PROPOSAL_GRID_20260810_V3_T070_A032:070:0212
retrospective_class_stratified	9	P2_WEEDSGALORE_TRUTH_FREE_PROPOSAL_GRID_20260810_V3_T070_A032:071:0061
retrospective_class_stratified	9	P2_WEEDSGALORE_TRUTH_FREE_PROPOSAL_GRID_20260810_V3_T070_A032:072:0028
retrospective_class_stratified	9	P2_WEEDSGALORE_TRUTH_FREE_PROPOSAL_GRID_20260810_V3_T070_A032:072:0029
retrospective_class_stratified	9	P2_WEEDSGALORE_TRUTH_FREE_PROPOSAL_GRID_20260810_V3_T070_A032:072:0046
retrospective_class_stratified	9	P2_WEEDSGALORE_TRUTH_FREE_PROPOSAL_GRID_20260810_V3_T070_A032:072:0078
retrospective_class_stratified	9	P2_WEEDSGALORE_TRUTH_FREE_PROPOSAL_GRID_20260810_V3_T070_A032:073:0077
retrospective_class_stratified	9	P2_WEEDSGALORE_TRUTH_FREE_PROPOSAL_GRID_20260810_V3_T070_A032:073:0096
retrospective_class_stratified	9	P2_WEEDSGALORE_TRUTH_FREE_PROPOSAL_GRID_20260810_V3_T070_A032:073:0124
retrospective_class_stratified	9	P2_WEEDSGALORE_TRUTH_FREE_PROPOSAL_GRID_20260810_V3_T070_A032:074:0025
retrospective_class_stratified	9	P2_WEEDSGALORE_TRUTH_FREE_PROPOSAL_GRID_20260810_V3_T070_A032:074:0131
retrospective_class_stratified	9	P2_WEEDSGALORE_TRUTH_FREE_PROPOSAL_GRID_20260810_V3_T070_A032:074:0140
retrospective_class_stratified	9	P2_WEEDSGALORE_TRUTH_FREE_PROPOSAL_GRID_20260810_V3_T070_A032:077:0023
retrospective_class_stratified	9	P2_WEEDSGALORE_TRUTH_FREE_PROPOSAL_GRID_20260810_V3_T070_A032:077:0043
retrospective_class_stratified	9	P2_WEEDSGALORE_TRUTH_FREE_PROPOSAL_GRID_20260810_V3_T070_A032:077:0099
retrospective_class_stratified	9	P2_WEEDSGALORE_TRUTH_FREE_PROPOSAL_GRID_20260810_V3_T070_A032:078:0004
retrospective_class_stratified	9	P2_WEEDSGALORE_TRUTH_FREE_PROPOSAL_GRID_20260810_V3_T070_A032:078:0041
retrospective_class_stratified	9	P2_WEEDSGALORE_TRUTH_FREE_PROPOSAL_GRID_20260810_V3_T070_A032:078:0074
retrospective_class_stratified	9	P2_WEEDSGALORE_TRUTH_FREE_PROPOSAL_GRID_20260810_V3_T070_A032:078:0111
retrospective_class_stratified	9	P2_WEEDSGALORE_TRUTH_FREE_PROPOSAL_GRID_20260810_V3_T070_A032:078:0162
retrospective_class_stratified	9	P2_WEEDSGALORE_TRUTH_FREE_PROPOSAL_GRID_20260810_V3_T070_A032:078:0167
retrospective_class_stratified	9	P2_WEEDSGALORE_TRUTH_FREE_PROPOSAL_GRID_20260810_V3_T070_A032:080:0040
retrospective_class_stratified	9	P2_WEEDSGALORE_TRUTH_FREE_PROPOSAL_GRID_20260810_V3_T070_A032:080:0104
retrospective_class_stratified	9	P2_WEEDSGALORE_TRUTH_FREE_PROPOSAL_GRID_20260810_V3_T070_A032:080:0106
retrospective_class_stratified	9	P2_WEEDSGALORE_TRUTH_FREE_PROPOSAL_GRID_20260810_V3_T070_A032:080:0113
retrospective_class_stratified	9	P2_WEEDSGALORE_TRUTH_FREE_PROPOSAL_GRID_20260810_V3_T070_A032:080:0114
retrospective_class_stratified	9	P2_WEEDSGALORE_TRUTH_FREE_PROPOSAL_GRID_20260810_V3_T070_A032:081:0024
retrospective_class_stratified	9	P2_WEEDSGALORE_TRUTH_FREE_PROPOSAL_GRID_20260810_V3_T070_A032:081:0050
retrospective_class_stratified	9	P2_WEEDSGALORE_TRUTH_FREE_PROPOSAL_GRID_20260810_V3_T070_A032:083:0031
retrospective_class_stratified	9	P2_WEEDSGALORE_TRUTH_FREE_PROPOSAL_GRID_20260810_V3_T070_A032:083:0070
retrospective_class_stratified	9	P2_WEEDSGALORE_TRUTH_FREE_PROPOSAL_GRID_20260810_V3_T070_A032:084:0016
retrospective_class_stratified	9	P2_WEEDSGALORE_TRUTH_FREE_PROPOSAL_GRID_20260810_V3_T070_A032:084:0020
retrospective_class_stratified	9	P2_WEEDSGALORE_TRUTH_FREE_PROPOSAL_GRID_20260810_V3_T070_A032:085:0009
retrospective_class_stratified	9	P2_WEEDSGALORE_TRUTH_FREE_PROPOSAL_GRID_20260810_V3_T070_A032:085:0025
retrospective_class_stratified	9	P2_WEEDSGALORE_TRUTH_FREE_PROPOSAL_GRID_20260810_V3_T070_A032:085:0054
retrospective_class_stratified	9	P2_WEEDSGALORE_TRUTH_FREE_PROPOSAL_GRID_20260810_V3_T070_A032:085:0073
retrospective_class_stratified	9	P2_WEEDSGALORE_TRUTH_FREE_PROPOSAL_GRID_20260810_V3_T070_A032:086:0010
retrospective_class_stratified	9	P2_WEEDSGALORE_TRUTH_FREE_PROPOSAL_GRID_20260810_V3_T070_A032:086:0040
retrospective_class_stratified	9	P2_WEEDSGALORE_TRUTH_FREE_PROPOSAL_GRID_20260810_V3_T070_A032:086:0057
retrospective_class_stratified	9	P2_WEEDSGALORE_TRUTH_FREE_PROPOSAL_GRID_20260810_V3_T070_A032:086:0079
retrospective_class_stratified	9	P2_WEEDSGALORE_TRUTH_FREE_PROPOSAL_GRID_20260810_V3_T070_A032:089:0003
retrospective_class_stratified	9	P2_WEEDSGALORE_TRUTH_FREE_PROPOSAL_GRID_20260810_V3_T070_A032:089:0016
retrospective_class_stratified	9	P2_WEEDSGALORE_TRUTH_FREE_PROPOSAL_GRID_20260810_V3_T070_A032:089:0049
retrospective_class_stratified	9	P2_WEEDSGALORE_TRUTH_FREE_PROPOSAL_GRID_20260810_V3_T070_A032:090:0040
retrospective_class_stratified	9	P2_WEEDSGALORE_TRUTH_FREE_PROPOSAL_GRID_20260810_V3_T070_A032:090:0048
retrospective_class_stratified	9	P2_WEEDSGALORE_TRUTH_FREE_PROPOSAL_GRID_20260810_V3_T070_A032:090:0055
retrospective_class_stratified	9	P2_WEEDSGALORE_TRUTH_FREE_PROPOSAL_GRID_20260810_V3_T070_A032:090:0071
retrospective_class_stratified	9	P2_WEEDSGALORE_TRUTH_FREE_PROPOSAL_GRID_20260810_V3_T070_A032:091:0026
retrospective_class_stratified	9	P2_WEEDSGALORE_TRUTH_FREE_PROPOSAL_GRID_20260810_V3_T070_A032:091:0030
retrospective_class_stratified	9	P2_WEEDSGALORE_TRUTH_FREE_PROPOSAL_GRID_20260810_V3_T070_A032:091:0035
retrospective_class_stratified	9	P2_WEEDSGALORE_TRUTH_FREE_PROPOSAL_GRID_20260810_V3_T070_A032:092:0004
retrospective_class_stratified	9	P2_WEEDSGALORE_TRUTH_FREE_PROPOSAL_GRID_20260810_V3_T070_A032:092:0020
retrospective_class_stratified	9	P2_WEEDSGALORE_TRUTH_FREE_PROPOSAL_GRID_20260810_V3_T070_A032:092:0040
retrospective_class_stratified	9	P2_WEEDSGALORE_TRUTH_FREE_PROPOSAL_GRID_20260810_V3_T070_A032:092:0070
retrospective_class_stratified	9	P2_WEEDSGALORE_TRUTH_FREE_PROPOSAL_GRID_20260810_V3_T070_A032:092:0100
retrospective_class_stratified	9	P2_WEEDSGALORE_TRUTH_FREE_PROPOSAL_GRID_20260810_V3_T070_A032:093:0001
retrospective_class_stratified	9	P2_WEEDSGALORE_TRUTH_FREE_PROPOSAL_GRID_20260810_V3_T070_A032:093:0052
retrospective_class_stratified	9	P2_WEEDSGALORE_TRUTH_FREE_PROPOSAL_GRID_20260810_V3_T070_A032:093:0057
retrospective_class_stratified	9	P2_WEEDSGALORE_TRUTH_FREE_PROPOSAL_GRID_20260810_V3_T070_A032:094:0017
retrospective_class_stratified	9	P2_WEEDSGALORE_TRUTH_FREE_PROPOSAL_GRID_20260810_V3_T070_A032:094:0020
retrospective_class_stratified	9	P2_WEEDSGALORE_TRUTH_FREE_PROPOSAL_GRID_20260810_V3_T070_A032:094:0043
retrospective_class_stratified	9	P2_WEEDSGALORE_TRUTH_FREE_PROPOSAL_GRID_20260810_V3_T070_A032:097:0031
retrospective_class_stratified	9	P2_WEEDSGALORE_TRUTH_FREE_PROPOSAL_GRID_20260810_V3_T070_A032:097:0035
retrospective_class_stratified	9	P2_WEEDSGALORE_TRUTH_FREE_PROPOSAL_GRID_20260810_V3_T070_A032:097:0036
retrospective_class_stratified	9	P2_WEEDSGALORE_TRUTH_FREE_PROPOSAL_GRID_20260810_V3_T070_A032:101:0013
retrospective_class_stratified	9	P2_WEEDSGALORE_TRUTH_FREE_PROPOSAL_GRID_20260810_V3_T070_A032:101:0020
retrospective_class_stratified	9	P2_WEEDSGALORE_TRUTH_FREE_PROPOSAL_GRID_20260810_V3_T070_A032:101:0034
retrospective_class_stratified	9	P2_WEEDSGALORE_TRUTH_FREE_PROPOSAL_GRID_20260810_V3_T070_A032:101:0037
retrospective_class_stratified	9	P2_WEEDSGALORE_TRUTH_FREE_PROPOSAL_GRID_20260810_V3_T070_A032:101:0093
retrospective_class_stratified	9	P2_WEEDSGALORE_TRUTH_FREE_PROPOSAL_GRID_20260810_V3_T070_A032:102:0011
retrospective_class_stratified	9	P2_WEEDSGALORE_TRUTH_FREE_PROPOSAL_GRID_20260810_V3_T070_A032:102:0023
retrospective_class_stratified	9	P2_WEEDSGALORE_TRUTH_FREE_PROPOSAL_GRID_20260810_V3_T070_A032:102:0037
retrospective_class_stratified	9	P2_WEEDSGALORE_TRUTH_FREE_PROPOSAL_GRID_20260810_V3_T070_A032:103:0033
retrospective_class_stratified	9	P2_WEEDSGALORE_TRUTH_FREE_PROPOSAL_GRID_20260810_V3_T070_A032:103:0055
retrospective_class_stratified	9	P2_WEEDSGALORE_TRUTH_FREE_PROPOSAL_GRID_20260810_V3_T070_A032:104:0037
retrospective_class_stratified	9	P2_WEEDSGALORE_TRUTH_FREE_PROPOSAL_GRID_20260810_V3_T070_A032:106:0004
retrospective_class_stratified	9	P2_WEEDSGALORE_TRUTH_FREE_PROPOSAL_GRID_20260810_V3_T070_A032:106:0055
retrospective_class_stratified	9	P2_WEEDSGALORE_TRUTH_FREE_PROPOSAL_GRID_20260810_V3_T070_A032:107:0013
retrospective_class_stratified	9	P2_WEEDSGALORE_TRUTH_FREE_PROPOSAL_GRID_20260810_V3_T070_A032:107:0026
retrospective_class_stratified	9	P2_WEEDSGALORE_TRUTH_FREE_PROPOSAL_GRID_20260810_V3_T070_A032:107:0034
retrospective_class_stratified	9	P2_WEEDSGALORE_TRUTH_FREE_PROPOSAL_GRID_20260810_V3_T070_A032:107:0076
retrospective_class_stratified	9	P2_WEEDSGALORE_TRUTH_FREE_PROPOSAL_GRID_20260810_V3_T070_A032:108:0038
retrospective_class_stratified	9	P2_WEEDSGALORE_TRUTH_FREE_PROPOSAL_GRID_20260810_V3_T070_A032:109:0008
retrospective_class_stratified	9	P2_WEEDSGALORE_TRUTH_FREE_PROPOSAL_GRID_20260810_V3_T070_A032:109:0010
retrospective_class_stratified	9	P2_WEEDSGALORE_TRUTH_FREE_PROPOSAL_GRID_20260810_V3_T070_A032:109:0015
retrospective_class_stratified	9	P2_WEEDSGALORE_TRUTH_FREE_PROPOSAL_GRID_20260810_V3_T070_A032:109:0041
retrospective_class_stratified	9	P2_WEEDSGALORE_TRUTH_FREE_PROPOSAL_GRID_20260810_V3_T070_A032:110:0009
retrospective_class_stratified	9	P2_WEEDSGALORE_TRUTH_FREE_PROPOSAL_GRID_20260810_V3_T070_A032:110:0028
retrospective_class_stratified	9	P2_WEEDSGALORE_TRUTH_FREE_PROPOSAL_GRID_20260810_V3_T070_A032:110:0036
retrospective_class_stratified	9	P2_WEEDSGALORE_TRUTH_FREE_PROPOSAL_GRID_20260810_V3_T070_A032:110:0046
retrospective_class_stratified	9	P2_WEEDSGALORE_TRUTH_FREE_PROPOSAL_GRID_20260810_V3_T070_A032:111:0052
retrospective_class_stratified	9	P2_WEEDSGALORE_TRUTH_FREE_PROPOSAL_GRID_20260810_V3_T070_A032:111:0059
retrospective_class_stratified	9	P2_WEEDSGALORE_TRUTH_FREE_PROPOSAL_GRID_20260810_V3_T070_A032:111:0060
retrospective_class_stratified	9	P2_WEEDSGALORE_TRUTH_FREE_PROPOSAL_GRID_20260810_V3_T070_A032:114:0009
retrospective_class_stratified	9	P2_WEEDSGALORE_TRUTH_FREE_PROPOSAL_GRID_20260810_V3_T070_A032:114:0059
retrospective_class_stratified	9	P2_WEEDSGALORE_TRUTH_FREE_PROPOSAL_GRID_20260810_V3_T070_A032:115:0033
retrospective_class_stratified	9	P2_WEEDSGALORE_TRUTH_FREE_PROPOSAL_GRID_20260810_V3_T070_A032:116:0037
retrospective_class_stratified	9	P2_WEEDSGALORE_TRUTH_FREE_PROPOSAL_GRID_20260810_V3_T070_A032:116:0038
retrospective_class_stratified	9	P2_WEEDSGALORE_TRUTH_FREE_PROPOSAL_GRID_20260810_V3_T070_A032:116:0072
retrospective_class_stratified	9	P2_WEEDSGALORE_TRUTH_FREE_PROPOSAL_GRID_20260810_V3_T070_A032:116:0078
retrospective_class_stratified	9	P2_WEEDSGALORE_TRUTH_FREE_PROPOSAL_GRID_20260810_V3_T070_A032:116:0080
retrospective_class_stratified	9	P2_WEEDSGALORE_TRUTH_FREE_PROPOSAL_GRID_20260810_V3_T070_A032:119:0007
retrospective_class_stratified	9	P2_WEEDSGALORE_TRUTH_FREE_PROPOSAL_GRID_20260810_V3_T070_A032:119:0033
retrospective_class_stratified	9	P2_WEEDSGALORE_TRUTH_FREE_PROPOSAL_GRID_20260810_V3_T070_A032:119:0042
retrospective_class_stratified	9	P2_WEEDSGALORE_TRUTH_FREE_PROPOSAL_GRID_20260810_V3_T070_A032:119:0057
retrospective_class_stratified	9	P2_WEEDSGALORE_TRUTH_FREE_PROPOSAL_GRID_20260810_V3_T070_A032:119:0071
retrospective_class_stratified	9	P2_WEEDSGALORE_TRUTH_FREE_PROPOSAL_GRID_20260810_V3_T070_A032:120:0014
retrospective_class_stratified	9	P2_WEEDSGALORE_TRUTH_FREE_PROPOSAL_GRID_20260810_V3_T070_A032:120:0017
retrospective_class_stratified	9	P2_WEEDSGALORE_TRUTH_FREE_PROPOSAL_GRID_20260810_V3_T070_A032:120:0018
retrospective_class_stratified	9	P2_WEEDSGALORE_TRUTH_FREE_PROPOSAL_GRID_20260810_V3_T070_A032:120:0030
retrospective_class_stratified	9	P2_WEEDSGALORE_TRUTH_FREE_PROPOSAL_GRID_20260810_V3_T070_A032:120:0033
retrospective_class_stratified	9	P2_WEEDSGALORE_TRUTH_FREE_PROPOSAL_GRID_20260810_V3_T070_A032:121:0007
retrospective_class_stratified	9	P2_WEEDSGALORE_TRUTH_FREE_PROPOSAL_GRID_20260810_V3_T070_A032:121:0009
retrospective_class_stratified	9	P2_WEEDSGALORE_TRUTH_FREE_PROPOSAL_GRID_20260810_V3_T070_A032:121:0021
retrospective_class_stratified	9	P2_WEEDSGALORE_TRUTH_FREE_PROPOSAL_GRID_20260810_V3_T070_A032:121:0028
retrospective_class_stratified	9	P2_WEEDSGALORE_TRUTH_FREE_PROPOSAL_GRID_20260810_V3_T070_A032:121:0033
retrospective_class_stratified	9	P2_WEEDSGALORE_TRUTH_FREE_PROPOSAL_GRID_20260810_V3_T070_A032:122:0044
retrospective_class_stratified	9	P2_WEEDSGALORE_TRUTH_FREE_PROPOSAL_GRID_20260810_V3_T070_A032:122:0048
retrospective_class_stratified	9	P2_WEEDSGALORE_TRUTH_FREE_PROPOSAL_GRID_20260810_V3_T070_A032:123:0030
retrospective_class_stratified	9	P2_WEEDSGALORE_TRUTH_FREE_PROPOSAL_GRID_20260810_V3_T070_A032:123:0038
retrospective_class_stratified	9	P2_WEEDSGALORE_TRUTH_FREE_PROPOSAL_GRID_20260810_V3_T070_A032:123:0070
retrospective_class_stratified	9	P2_WEEDSGALORE_TRUTH_FREE_PROPOSAL_GRID_20260810_V3_T070_A032:123:0076
retrospective_class_stratified	9	P2_WEEDSGALORE_TRUTH_FREE_PROPOSAL_GRID_20260810_V3_T070_A032:126:0034
retrospective_class_stratified	9	P2_WEEDSGALORE_TRUTH_FREE_PROPOSAL_GRID_20260810_V3_T070_A032:127:0019
retrospective_class_stratified	9	P2_WEEDSGALORE_TRUTH_FREE_PROPOSAL_GRID_20260810_V3_T070_A032:127:0026
retrospective_class_stratified	9	P2_WEEDSGALORE_TRUTH_FREE_PROPOSAL_GRID_20260810_V3_T070_A032:128:0014
retrospective_class_stratified	9	P2_WEEDSGALORE_TRUTH_FREE_PROPOSAL_GRID_20260810_V3_T070_A032:128:0053
retrospective_class_stratified	9	P2_WEEDSGALORE_TRUTH_FREE_PROPOSAL_GRID_20260810_V3_T070_A032:128:0054
retrospective_class_stratified	9	P2_WEEDSGALORE_TRUTH_FREE_PROPOSAL_GRID_20260810_V3_T070_A032:128:0063
retrospective_class_stratified	9	P2_WEEDSGALORE_TRUTH_FREE_PROPOSAL_GRID_20260810_V3_T070_A032:128:0070
retrospective_class_stratified	9	P2_WEEDSGALORE_TRUTH_FREE_PROPOSAL_GRID_20260810_V3_T070_A032:130:0010
retrospective_class_stratified	9	P2_WEEDSGALORE_TRUTH_FREE_PROPOSAL_GRID_20260810_V3_T070_A032:131:0009
retrospective_class_stratified	9	P2_WEEDSGALORE_TRUTH_FREE_PROPOSAL_GRID_20260810_V3_T070_A032:131:0019
retrospective_class_stratified	9	P2_WEEDSGALORE_TRUTH_FREE_PROPOSAL_GRID_20260810_V3_T070_A032:133:0020
retrospective_class_stratified	9	P2_WEEDSGALORE_TRUTH_FREE_PROPOSAL_GRID_20260810_V3_T070_A032:133:0046
retrospective_class_stratified	9	P2_WEEDSGALORE_TRUTH_FREE_PROPOSAL_GRID_20260810_V3_T070_A032:133:0063
retrospective_class_stratified	9	P2_WEEDSGALORE_TRUTH_FREE_PROPOSAL_GRID_20260810_V3_T070_A032:134:0016
retrospective_class_stratified	9	P2_WEEDSGALORE_TRUTH_FREE_PROPOSAL_GRID_20260810_V3_T070_A032:134:0032
retrospective_class_stratified	9	P2_WEEDSGALORE_TRUTH_FREE_PROPOSAL_GRID_20260810_V3_T070_A032:134:0037
retrospective_class_stratified	9	P2_WEEDSGALORE_TRUTH_FREE_PROPOSAL_GRID_20260810_V3_T070_A032:134:0042
retrospective_class_stratified	9	P2_WEEDSGALORE_TRUTH_FREE_PROPOSAL_GRID_20260810_V3_T070_A032:134:0058
retrospective_class_stratified	9	P2_WEEDSGALORE_TRUTH_FREE_PROPOSAL_GRID_20260810_V3_T070_A032:134:0062
retrospective_class_stratified	9	P2_WEEDSGALORE_TRUTH_FREE_PROPOSAL_GRID_20260810_V3_T070_A032:134:0065
retrospective_class_stratified	9	P2_WEEDSGALORE_TRUTH_FREE_PROPOSAL_GRID_20260810_V3_T070_A032:134:0081
retrospective_class_stratified	9	P2_WEEDSGALORE_TRUTH_FREE_PROPOSAL_GRID_20260810_V3_T070_A032:134:0087
retrospective_class_stratified	9	P2_WEEDSGALORE_TRUTH_FREE_PROPOSAL_GRID_20260810_V3_T070_A032:135:0020
retrospective_class_stratified	9	P2_WEEDSGALORE_TRUTH_FREE_PROPOSAL_GRID_20260810_V3_T070_A032:135:0027
retrospective_class_stratified	9	P2_WEEDSGALORE_TRUTH_FREE_PROPOSAL_GRID_20260810_V3_T070_A032:135:0035
retrospective_class_stratified	9	P2_WEEDSGALORE_TRUTH_FREE_PROPOSAL_GRID_20260810_V3_T070_A032:135:0037
retrospective_class_stratified	9	P2_WEEDSGALORE_TRUTH_FREE_PROPOSAL_GRID_20260810_V3_T070_A032:135:0047
retrospective_class_stratified	9	P2_WEEDSGALORE_TRUTH_FREE_PROPOSAL_GRID_20260810_V3_T070_A032:135:0059
retrospective_class_stratified	9	P2_WEEDSGALORE_TRUTH_FREE_PROPOSAL_GRID_20260810_V3_T070_A032:136:0055
retrospective_class_stratified	9	P2_WEEDSGALORE_TRUTH_FREE_PROPOSAL_GRID_20260810_V3_T070_A032:136:0056
retrospective_class_stratified	9	P2_WEEDSGALORE_TRUTH_FREE_PROPOSAL_GRID_20260810_V3_T070_A032:136:0061
retrospective_class_stratified	9	P2_WEEDSGALORE_TRUTH_FREE_PROPOSAL_GRID_20260810_V3_T070_A032:136:0066
retrospective_class_stratified	9	P2_WEEDSGALORE_TRUTH_FREE_PROPOSAL_GRID_20260810_V3_T070_A032:139:0009
retrospective_class_stratified	9	P2_WEEDSGALORE_TRUTH_FREE_PROPOSAL_GRID_20260810_V3_T070_A032:139:0013
retrospective_class_stratified	9	P2_WEEDSGALORE_TRUTH_FREE_PROPOSAL_GRID_20260810_V3_T070_A032:139:0022
retrospective_class_stratified	9	P2_WEEDSGALORE_TRUTH_FREE_PROPOSAL_GRID_20260810_V3_T070_A032:139:0024
retrospective_class_stratified	9	P2_WEEDSGALORE_TRUTH_FREE_PROPOSAL_GRID_20260810_V3_T070_A032:139:0054
retrospective_class_stratified	9	P2_WEEDSGALORE_TRUTH_FREE_PROPOSAL_GRID_20260810_V3_T070_A032:139:0091
retrospective_class_stratified	9	P2_WEEDSGALORE_TRUTH_FREE_PROPOSAL_GRID_20260810_V3_T070_A032:142:0006
retrospective_class_stratified	9	P2_WEEDSGALORE_TRUTH_FREE_PROPOSAL_GRID_20260810_V3_T070_A032:142:0007
retrospective_class_stratified	9	P2_WEEDSGALORE_TRUTH_FREE_PROPOSAL_GRID_20260810_V3_T070_A032:142:0008
retrospective_class_stratified	9	P2_WEEDSGALORE_TRUTH_FREE_PROPOSAL_GRID_20260810_V3_T070_A032:142:0030
retrospective_class_stratified	9	P2_WEEDSGALORE_TRUTH_FREE_PROPOSAL_GRID_20260810_V3_T070_A032:142:0043
retrospective_class_stratified	9	P2_WEEDSGALORE_TRUTH_FREE_PROPOSAL_GRID_20260810_V3_T070_A032:142:0065
retrospective_class_stratified	9	P2_WEEDSGALORE_TRUTH_FREE_PROPOSAL_GRID_20260810_V3_T070_A032:142:0072
retrospective_class_stratified	9	P2_WEEDSGALORE_TRUTH_FREE_PROPOSAL_GRID_20260810_V3_T070_A032:142:0075
retrospective_class_stratified	9	P2_WEEDSGALORE_TRUTH_FREE_PROPOSAL_GRID_20260810_V3_T070_A032:142:0080
retrospective_class_stratified	9	P2_WEEDSGALORE_TRUTH_FREE_PROPOSAL_GRID_20260810_V3_T070_A032:143:0001
retrospective_class_stratified	9	P2_WEEDSGALORE_TRUTH_FREE_PROPOSAL_GRID_20260810_V3_T070_A032:143:0045
retrospective_class_stratified	9	P2_WEEDSGALORE_TRUTH_FREE_PROPOSAL_GRID_20260810_V3_T070_A032:143:0054
retrospective_class_stratified	9	P2_WEEDSGALORE_TRUTH_FREE_PROPOSAL_GRID_20260810_V3_T070_A032:143:0078
retrospective_class_stratified	9	P2_WEEDSGALORE_TRUTH_FREE_PROPOSAL_GRID_20260810_V3_T070_A032:144:0033
retrospective_class_stratified	9	P2_WEEDSGALORE_TRUTH_FREE_PROPOSAL_GRID_20260810_V3_T070_A032:144:0035
retrospective_class_stratified	9	P2_WEEDSGALORE_TRUTH_FREE_PROPOSAL_GRID_20260810_V3_T070_A032:144:0037
retrospective_class_stratified	9	P2_WEEDSGALORE_TRUTH_FREE_PROPOSAL_GRID_20260810_V3_T070_A032:144:0055
retrospective_class_stratified	9	P2_WEEDSGALORE_TRUTH_FREE_PROPOSAL_GRID_20260810_V3_T070_A032:144:0064
retrospective_class_stratified	9	P2_WEEDSGALORE_TRUTH_FREE_PROPOSAL_GRID_20260810_V3_T070_A032:144:0068
retrospective_class_stratified	9	P2_WEEDSGALORE_TRUTH_FREE_PROPOSAL_GRID_20260810_V3_T070_A032:144:0070
retrospective_class_stratified	9	P2_WEEDSGALORE_TRUTH_FREE_PROPOSAL_GRID_20260810_V3_T070_A032:144:0075
retrospective_class_stratified	9	P2_WEEDSGALORE_TRUTH_FREE_PROPOSAL_GRID_20260810_V3_T070_A032:146:0005
retrospective_class_stratified	9	P2_WEEDSGALORE_TRUTH_FREE_PROPOSAL_GRID_20260810_V3_T070_A032:146:0012
retrospective_class_stratified	9	P2_WEEDSGALORE_TRUTH_FREE_PROPOSAL_GRID_20260810_V3_T070_A032:146:0031
retrospective_class_stratified	9	P2_WEEDSGALORE_TRUTH_FREE_PROPOSAL_GRID_20260810_V3_T070_A032:148:0007
retrospective_class_stratified	9	P2_WEEDSGALORE_TRUTH_FREE_PROPOSAL_GRID_20260810_V3_T070_A032:150:0024
retrospective_class_stratified	9	P2_WEEDSGALORE_TRUTH_FREE_PROPOSAL_GRID_20260810_V3_T070_A032:151:0016
retrospective_class_stratified	9	P2_WEEDSGALORE_TRUTH_FREE_PROPOSAL_GRID_20260810_V3_T070_A032:151:0040
retrospective_class_stratified	9	P2_WEEDSGALORE_TRUTH_FREE_PROPOSAL_GRID_20260810_V3_T070_A032:151:0042
retrospective_class_stratified	9	P2_WEEDSGALORE_TRUTH_FREE_PROPOSAL_GRID_20260810_V3_T070_A032:153:0028
retrospective_class_stratified	9	P2_WEEDSGALORE_TRUTH_FREE_PROPOSAL_GRID_20260810_V3_T070_A032:153:0031
retrospective_class_stratified	9	P2_WEEDSGALORE_TRUTH_FREE_PROPOSAL_GRID_20260810_V3_T070_A032:153:0073
retrospective_class_stratified	9	P2_WEEDSGALORE_TRUTH_FREE_PROPOSAL_GRID_20260810_V3_T070_A032:153:0087
retrospective_class_stratified	9	P2_WEEDSGALORE_TRUTH_FREE_PROPOSAL_GRID_20260810_V3_T070_A032:153:0117
retrospective_class_stratified	9	P2_WEEDSGALORE_TRUTH_FREE_PROPOSAL_GRID_20260810_V3_T070_A032:155:0009
retrospective_class_stratified	9	P2_WEEDSGALORE_TRUTH_FREE_PROPOSAL_GRID_20260810_V3_T070_A032:155:0022
retrospective_class_stratified	9	P2_WEEDSGALORE_TRUTH_FREE_PROPOSAL_GRID_20260810_V3_T070_A032:155:0033
retrospective_class_stratified	9	P2_WEEDSGALORE_TRUTH_FREE_PROPOSAL_GRID_20260810_V3_T070_A032:155:0041
retrospective_class_stratified	9	P2_WEEDSGALORE_TRUTH_FREE_PROPOSAL_GRID_20260810_V3_T070_A032:155:0044
retrospective_class_stratified	9	P2_WEEDSGALORE_TRUTH_FREE_PROPOSAL_GRID_20260810_V3_T070_A032:155:0047
retrospective_class_stratified	9	P2_WEEDSGALORE_TRUTH_FREE_PROPOSAL_GRID_20260810_V3_T070_A032:155:0075
retrospective_class_stratified	9	P2_WEEDSGALORE_TRUTH_FREE_PROPOSAL_GRID_20260810_V3_T070_A032:156:0012
retrospective_class_stratified	9	P2_WEEDSGALORE_TRUTH_FREE_PROPOSAL_GRID_20260810_V3_T070_A032:156:0048
retrospective_class_stratified	9	P2_WEEDSGALORE_TRUTH_FREE_PROPOSAL_GRID_20260810_V3_T070_A032:156:0060
